,Sample1157-EO3
LINC01409,0.028259965
NOC2L,0.10899439
PERM1,0.005781703
ENSG00000272512,0.01640601
HES4,0.30490965
ISG15,0.1476852
AGRN,0.35339558
RNF223,0.0015770448
C1orf159,0.014606119
TNFRSF18,0.0081316
TNFRSF4,0.0135082835
SDF4,0.2931856
B3GALT6,0.057859555
UBE2J2,0.19174287
ACAP3,0.07795826
PUSL1,0.045615736
INTS11,0.15259427
CPTP,0.14155664
DVL1,0.10036034
MXRA8,0.02418791
AURKAIP1,1.109985
CCNL2,0.1789556
MRPL20,0.918572
VWA1,0.13419095
ATAD3A,0.038604077
SSU72,0.6118904
SSU72-AS1,0.010784842
FNDC10,0.027180811
ENSG00000272106,0.05307985
MIB2,0.1361502
MMP23B,0.003290117
CDK11B,0.113068976
SLC35E2B,0.033689328
CDK11A,0.030608976
SLC35E2A,0.031545684
NADK,0.10668886
GNB1,0.42026952
GABRD,0.0
PRKCZ,0.07709502
FAAP20,0.4215885
SKI,0.115962505
RER1,0.5835398
PEX10,0.11436449
PANK4,0.05283529
HES5,0.0
ENSG00000272449,0.08145025
TNFRSF14-AS1,0.036893144
TNFRSF14,0.18524961
PRXL2B,0.090151764
MMEL1,0.013584339
PRDM16,0.09776465
ENSG00000272235,0.0
ARHGEF16,0.04902255
MEGF6,0.018982911
TPRG1L,0.1779434
WRAP73,0.055249095
SMIM1,0.22342794
LRRC47,0.09043127
CEP104,0.1226798
DFFB,0.010806623
C1orf174,0.09353891
NPHP4,0.034862973
KCNAB2,0.047407415
RPL22,2.3157682
ICMT,0.18199025
ACOT7,0.1889225
TNFRSF25,0.019724362
PLEKHG5,0.0049832244
NOL9,0.08325599
ZBTB48,0.05226603
KLHL21,0.07744737
PHF13,0.058364127
THAP3,0.09908575
DNAJC11,0.17065482
CAMTA1,0.7232516
VAMP3,0.1845508
PER3,0.10735595
PARK7,1.086036
ERRFI1,0.29814503
RERE,0.3075657
ENO1,1.4007853
GPR157,0.02531914
MIR34AHG,0.0
H6PD,0.06644255
SPSB1,0.037261166
SLC25A33,0.23357897
PIK3CD,0.021952521
CLSTN1,0.34885
CTNNBIP1,0.122646086
LZIC,0.14640261
NMNAT1,0.04059884
RBP7,0.104542926
UBE4B,0.07825978
KIF1B,0.11403742
PGD,0.12581635
CENPS,0.08141596
DFFA,0.13381702
PEX14,0.04977406
CASZ1,0.07433129
TARDBP,0.1882074
SRM,0.16445412
EXOSC10,0.08521558
MTOR,0.07273525
UBIAD1,0.047897585
FBXO2,0.11681166
FBXO44,0.10270785
FBXO6,0.026502118
MAD2L2,0.10285918
AGTRAP,0.17848791
C1orf167,0.010756096
MTHFR,0.0608812
CLCN6,0.025646739
KIAA2013,0.17091574
PLOD1,0.040888198
MFN2,0.17349109
MIIP,0.04432829
TNFRSF1B,0.056193866
VPS13D,0.1479303
DHRS3,0.2926117
PDPN,0.0
PRDM2,0.108052984
KAZN,0.13420708
TMEM51,0.11735179
FHAD1,0.0
EFHD2,0.1435587
CASP9,0.07518399
DNAJC16,0.062252823
DDI2,0.060223326
PLEKHM2,0.10224697
SLC25A34,0.019897075
FBLIM1,0.019414581
SPEN-AS1,0.07196061
SPEN,0.15576662
ZBTB17,0.04117152
SRARP,0.030991627
HSPB7,0.030501287
EPHA2,0.033540837
CPLANE2,0.0039407816
FBXO42,0.05515578
SZRD1,0.24522023
NECAP2,0.11902661
NBPF1,0.0155832525
CROCC,0.020209506
ENSG00000238142,0.10532138
MFAP2,0.0061911317
ATP13A2,0.066835806
SDHB,0.5537106
PADI2,0.068841
PADI4,0.0
RCC2,0.10049261
ARHGEF10L,0.099909745
IGSF21,0.004698587
ALDH4A1,0.46194354
IFFO2,0.011100222
UBR4,0.20811956
EMC1,0.06542746
MRTO4,0.06587886
AKR7A3,0.23531681
AKR7A2,0.5474649
SLC66A1,0.038351934
CAPZB,0.57321274
MICOS10,1.4183186
NBL1,0.098614275
TMCO4,0.0633898
OTUD3,0.03216103
PLA2G5,0.0
CAMK2N1,0.6634597
MUL1,0.10235677
CDA,0.1647742
PINK1,0.4158725
PINK1-AS,0.002811443
DDOST,0.24933612
KIF17,0.007944187
HP1BP3,0.45556867
EIF4G3,0.110299654
ECE1,0.18924105
NBPF3,0.013773672
ALPL,0.05245793
USP48,0.12692457
HSPG2,0.2109927
CDC42,0.8409948
WNT4,0.0013676736
ZBTB40,0.048980165
C1QA,0.03426908
C1QC,0.022649752
C1QB,0.024132587
EPHB2,0.005176657
KDM1A,0.1263646
LUZP1,0.13075984
HNRNPR,0.33357772
ZNF436,0.011633413
TCEA3,0.45003974
ASAP3,0.0412322
ID3,0.44099817
RPL11,2.9824698
ELOA,0.07138589
PITHD1,0.1537723
LYPLA2,0.25174475
GALE,0.08910338
HMGCL,0.34945142
FUCA1,0.20944293
PNRC2,0.3552154
SRSF10,0.30889022
STPG1,0.026826726
NIPAL3,0.04940756
RCAN3,0.037297785
SRRM1,0.48610377
CLIC4,0.28133255
RUNX3,0.022452999
SYF2,0.5946569
RSRP1,0.3904307
TMEM50A,0.3935693
MACO1,0.1290423
LDLRAP1,0.053760245
MAN1C1,0.07689092
ENSG00000233478,0.0
SELENON,0.21994427
MTFR1L,0.2631019
PAQR7,0.16432065
STMN1,0.4041881
PAFAH2,0.060471047
PDIK1L,0.02655702
FAM110D,0.04464081
ZNF593OS,0.0
ZNF593,0.42579368
CEP85,0.021059733
SH3BGRL3,0.795713
UBXN11,0.08926566
CD52,0.1533126
DHDDS,0.091452986
HMGN2,0.8932603
RPS6KA1,0.081801675
ARID1A,0.20259722
PIGV,0.04948499
ZDHHC18,0.022444459
SFN,0.0005154902
GPN2,0.05479574
GPATCH3,0.04463651
NUDC,0.3984014
KDF1,0.053327296
TRNP1,0.105831206
SLC9A1,0.04924061
WDTC1,0.108069964
TMEM222,0.15140067
SYTL1,0.044494737
MAP3K6,0.050053332
FCN3,0.067550346
CD164L2,0.0017162365
WASF2,0.4178716
AHDC1,0.120746054
FGR,0.03306668
IFI6,0.15410435
FAM76A,0.04643854
STX12,0.17287995
PPP1R8,0.05597347
THEMIS2,0.010461982
RPA2,0.15501176
XKR8,0.037720818
EYA3,0.07154575
PTAFR,0.0042756135
DNAJC8,0.4111754
ATP5IF1,1.8109906
ENSG00000270605,0.006755688
MED18,0.026050378
PHACTR4,0.17094003
RCC1,0.010835592
TRNAU1AP,0.10112252
SNHG12,0.06539946
TAF12,0.12931913
RAB42,0.0
GMEB1,0.03670745
YTHDF2,0.22527355
EPB41,0.07992226
TMEM200B,0.00631412
SRSF4,0.21600863
MECR,0.08785962
PTPRU,0.027119605
LAPTM5,0.10290868
SDC3,0.027167168
PUM1,0.25093663
NKAIN1,0.0
SNRNP40,0.14150962
ZCCHC17,0.12923339
FABP3,0.53817636
SERINC2,0.35035247
TINAGL1,0.26857513
PEF1,0.23486333
COL16A1,0.007194323
PTP4A2,0.42487293
KHDRBS1,0.3969426
TMEM39B,0.03421346
KPNA6,0.1500036
TXLNA,0.12540969
CCDC28B,0.040483676
IQCC,0.011309625
TMEM234,0.036850818
EIF3I,0.42997065
FAM167B,0.074816205
LCK,0.050733745
HDAC1,0.2101933
MARCKSL1,0.103735425
FAM229A,0.082553335
BSDC1,0.13762617
ZBTB8A,0.010639292
ZBTB8OS,0.2030791
RBBP4,0.29680562
SYNC,0.036162283
NHSL3,0.21868944
YARS1,0.049109455
S100PBP,0.057141073
TMEM54,0.06756287
RNF19B,0.051732585
AK2,0.47800416
ZNF362,0.07812356
PHC2,0.32868895
SMIM12,0.23815519
GJA4,0.065841384
ENSG00000284773,0.010679695
ZMYM6,0.058343645
ZMYM1,0.042591266
SFPQ,0.46925223
ZMYM4,0.1390544
KIAA0319L,0.1637648
TFAP2E-AS1,0.0018473525
PSMB2,0.3899661
C1orf216,0.009919234
CLSPN,0.0
AGO4,0.03588613
AGO1,0.05250099
AGO3,0.06808913
ADPRS,0.09687665
COL8A2,0.0
TRAPPC3,0.20339148
MAP7D1,0.1218499
THRAP3,0.29254147
SH3D21,0.027986465
EVA1B,0.22726366
STK40,0.0898701
LSM10,0.23305038
OSCP1,0.04384343
MRPS15,0.48374334
CSF3R,0.0028923901
LITATS1,0.032309905
ZC3H12A,0.02249533
MEAF6,0.33783862
SNIP1,0.0467626
DNALI1,0.080010444
GNL2,0.049257718
AIRIM,0.032972936
CDCA8,0.0013686502
YRDC,0.08372347
C1orf122,0.4133864
MTF1,0.028424399
INPP5B,0.026592564
SF3A3,0.13629836
FHL3,0.02757466
UTP11,0.11271397
RRAGC,0.09444348
MYCBP,0.06964573
RHBDL2,0.0
AKIRIN1,0.21848787
NDUFS5,1.3337919
MACF1,0.35446432
PABPC4,0.25423238
HEYL,0.010516488
PPIE,0.14818242
TRIT1,0.03389847
MFSD2A,0.023843316
CAP1,0.3821335
PPT1,0.2038865
RLF,0.06277099
ZMPSTE24-DT,0.059495278
ZMPSTE24,0.1424883
COL9A2,0.05076442
SMAP2,0.14393367
ZNF684,0.066912994
RIMS3,0.0034472567
NFYC,0.13290454
CITED4,0.15942167
CTPS1,0.025150761
SCMH1,0.059684217
HIVEP3,0.025405528
FOXJ3,0.09144947
PPCS,0.46791765
CCDC30,0.03490948
PPIH,0.12691015
YBX1,1.274324
P3H1,0.029262763
C1orf50,0.050699364
SVBP,0.14981872
ERMAP,0.014201632
ZNF691,0.033371955
SLC2A1,0.0793969
CFAP144,0.002450201
EBNA1BP2,0.23415218
TMEM125,0.07080503
C1orf210,0.09623989
TIE1,0.05975586
ELOVL1,0.12731166
MED8,0.117496
SZT2,0.03414883
HYI,0.24032176
PTPRF,0.25047043
KDM4A,0.033546556
ST3GAL3,0.025685344
ARTN,0.01606035
IPO13,0.091688044
DPH2,0.029679175
ATP6V0B,1.0729316
B4GALT2,0.07006927
CCDC24,0.052913614
SLC6A9,0.0048666894
DMAP1,0.17882371
ERI3,0.24183816
RNF220,0.10538792
TMEM53,0.12273125
KIF2C,0.0
RPS8,2.6753068
PLK3,0.011952158
BTBD19,0.0067072064
EIF2B3,0.06068819
HECTD3,0.052512173
UROD,0.19718778
MUTYH,0.036169868
TOE1,0.02872645
PRDX1,1.6042787
AKR1A1,0.780302
NASP,0.23429853
CCDC17,0.007034288
GPBP1L1,0.20523292
TMEM69,0.0967515
IPP,0.038704257
MAST2,0.014992788
PIK3R3,0.056446705
TSPAN1,0.32326618
POMGNT1,0.1222439
LURAP1,0.03785092
LRRC41,0.14483748
UQCRH,1.8091266
NSUN4,0.042173408
FAAH,0.08419073
MKNK1,0.0406017
MOB3C,0.027104283
ATPAF1,0.20891812
EFCAB14,0.3350919
CYP4B1,0.0037866682
TAL1,0.03199794
CMPK1,0.28925374
TRABD2B,0.070103265
SPATA6,0.06239919
ELAVL4,0.0
FAF1,0.110256106
CDKN2C,0.06884966
RNF11,0.21096067
EPS15,0.16345611
OSBPL9,0.37158698
NRDC,0.18344265
TXNDC12,0.16669308
KTI12,0.033916954
BTF3L4,0.2692527
ZFYVE9,0.036231656
CC2D1B,0.04782554
PRPF38A,0.12466965
TUT4,0.2184266
GPX7,0.03343061
SHISAL2A,0.0
COA7,0.036005467
ZYG11B,0.14791474
ECHDC2,0.5268818
SCP2,0.8579102
PODN,0.0
CPT2,0.14509216
CZIB,0.31757268
MAGOH,0.39447623
LRP8,0.0054728705
NDC1,0.034231737
YIPF1,0.04913818
IFT25,0.2981454
LRRC42,0.061045073
TMEM59,1.152254
TCEANC2,0.020684233
CYB5RL,0.021944636
MRPL37,0.22312488
SSBP3,0.196795
ACOT11,0.09102085
TTC4,0.022676846
DHCR24,0.1087073
TMEM61,0.18435225
USP24,0.14436133
PLPP3,0.35841948
OMA1,0.11895916
TACSTD2,0.26226047
MYSM1,0.10009414
JUN,0.58425313
FGGY,0.07048442
NFIA,0.25037992
NFIA-AS2,0.0
TM2D1,0.23887478
PATJ,0.24388675
USP1,0.122495525
DOCK7,0.069032006
ANGPTL3,0.264888
ATG4C,0.033655446
ALG6,0.02330465
ITGB3BP,0.22650442
EFCAB7,0.04325977
PGM1,0.14321902
CACHD1,0.027063511
JAK1,0.36041346
AK4,0.38802463
DNAJC6,0.026417818
LEPROT,0.5028564
LEPR,0.047521133
PDE4B,0.011366652
SGIP1,0.109779924
MIER1,0.23956802
SERBP1,0.69191724
GADD45A,0.7176425
GNG12,0.24568117
WLS,0.36266583
LRRC40,0.06518831
SRSF11,0.4199966
ANKRD13C,0.06779175
ZRANB2,0.31858978
FPGT,0.035173453
FPGT-TNNI3K,0.0024033145
CRYZ,0.27036595
TYW3,0.1444368
ACADM,0.76251936
RABGGTB,0.2944788
ST6GALNAC3,0.009160966
PIGK,0.09518874
ZZZ3,0.110502005
USP33,0.13465783
MIGA1,0.16227774
NEXN,0.028979423
FUBP1,0.19067422
DNAJB4,0.10138357
GIPC2,0.2182737
ENSG00000273338,0.026601387
IFI44L,0.036984585
IFI44,0.046477884
ADGRL4,0.075942785
ADGRL2,0.07950788
TTLL7,0.029567054
PRKACB,0.15416028
RPF1,0.11672047
GNG5,1.2113199
SPATA1,0.015357172
CTBS,0.17785414
SSX2IP,0.099334285
C1orf52,0.08098755
BCL10,0.10932754
DDAH1,0.3101882
CCN1,0.049229447
ZNHIT6,0.055719104
ODF2L,0.13840148
SH3GLB1,0.37757188
SELENOF,0.399493
HS2ST1,0.07427381
LMO4,0.21058275
PKN2,0.25280994
GTF2B,0.13592155
KYAT3,0.10680551
RBMXL1,0.047902655
GBP3,0.07807509
GBP1,0.033982936
GBP2,0.06061038
GBP4,0.10534557
GBP5,0.00676371
LRRC8B,0.02728542
LRRC8C-DT,0.01154942
LRRC8C,0.03781503
LRRC8D,0.069559164
ZNF326,0.11019505
ZNF644,0.1625788
TGFBR3,0.099194735
BTBD8,0.017695233
GLMN,0.015738197
RPAP2,0.06567848
EVI5,0.10579068
RPL5,2.309525
DIPK1A,0.012113423
MTF2,0.07517779
TMED5,0.17312413
CCDC18,0.009258796
DR1,0.14929013
FNBP1L,0.28114858
BCAR3,0.07559336
DNTTIP2,0.1466503
GCLM,0.11296254
ARHGAP29,0.2625248
ABCD3,0.24010162
F3,0.015100382
CNN3,0.66167724
ALG14,0.0919175
TLCD4,0.03060186
PTBP2,0.06399327
DPYD,0.06735478
SNX7,0.100852184
PALMD,0.055250917
AGL,0.18403463
SLC35A3,0.12814249
MFSD14A,0.012107286
TRMT13,0.04958643
DBT,0.21023092
RTCA-AS1,0.023810016
RTCA,0.14943437
CDC14A,0.037032537
VCAM1,0.07221338
EXTL2,0.05262568
SLC30A7,0.07282783
DPH5,0.070536986
DPH5-DT,0.035676
S1PR1,0.07454833
RNPC3,0.15391655
PRMT6,0.06671592
VAV3,0.29636332
SLC25A24,0.08927189
EEIG2,0.012504776
HENMT1,0.008142633
PRPF38B,0.17869617
STXBP3,0.22831008
GPSM2,0.02178794
CLCC1,0.05347311
WDR47,0.03375604
TAF13,0.096463434
TMEM167B,0.113283746
SARS1,0.29351956
CELSR2,0.052406404
PSRC1,0.0
SORT1,0.23236969
PSMA5,0.45686686
CYB561D1,0.017230608
AMIGO1,0.030713214
GNAI3,0.15388912
AMPD2,0.051444475
GSTM4,0.20103486
GSTM1,0.009219272
GSTM5,0.00860054
GSTM3,0.68766314
CSF1,0.022047212
AHCYL1,0.50857633
STRIP1,0.058418516
KCNC4,0.070766926
RBM15,0.022933442
SLC16A4,0.18449245
LAMTOR5,1.2665828
CD53,0.09946834
LRIF1,0.049848314
DRAM2,0.1040402
CEPT1,0.041668117
ENSG00000273221,0.005186222
DENND2D,0.087589726
WDR77,0.047856305
ATP5PB,0.65723133
C1orf162,0.056832246
TMIGD3,0.0049929433
ADORA3,0.008146921
RAP1A,0.32893893
DDX20,0.06575778
CTTNBP2NL,0.07641735
WNT2B,0.006153889
ST7L,0.0674989
CAPZA1,0.19604795
MOV10,0.053731985
RHOC,0.6147443
PPM1J,0.0050353706
SLC16A1,0.03579607
SLC16A1-AS1,0.007815183
LRIG2,0.03334566
MAGI3,0.062618025
PHTF1,0.04518358
RSBN1,0.12693763
PTPN22,0.014965823
AP4B1,0.019836474
DCLRE1B,0.0099436985
HIPK1-AS1,0.0070220064
HIPK1,0.12797713
OLFML3,0.0047930703
TRIM33,0.122425504
BCAS2,0.23980092
DENND2C,0.013519465
NRAS,0.07800612
CSDE1,0.6965205
SIKE1,0.13601317
TSPAN2,0.032662727
NGF,0.0
VANGL1,0.01849428
CASQ2,0.005301424
SLC22A15,0.029147116
ATP1A1,1.6883197
CD58,0.08052337
CD2,0.06438625
PTGFRN,0.03352375
TTF2,0.025141705
TRIM45,0.015701128
VTCN1,0.10496624
MAN1A2,0.18723916
TENT5C,0.07886522
GDAP2,0.05622107
WDR3,0.03918747
WARS2,0.061237548
PHGDH,0.48772433
HMGCS2,0.12589213
NOTCH2,0.051353723
SEC22B,0.21968824
LINC00623,0.075647675
FCGR1BP,0.0
SRGAP2C,0.03866821
LINC02591,0.012935148
LINC02802,0.05778259
NBPF15,0.02518478
SRGAP2B,0.05006065
ENSG00000276216,0.0044427924
GPR89A,0.035294943
PDZK1,0.4729571
CD160,0.007193268
RNF115,0.22485739
POLR3C,0.038117986
NUDT17,0.011109795
PIAS3,0.03008361
ITGA10,0.013365325
PEX11B,0.083057046
RBM8A,0.53751916
LIX1L,0.04461108
POLR3GL,0.19901888
TXNIP,1.3562623
NOTCH2NLA,0.008534559
NBPF12,0.028046152
PRKAB2,0.05516758
ENSG00000237188,0.01518057
FMO5,0.054597855
CHD1L,0.038863488
BCL9,0.043630708
ACP6,0.079916246
GJA5,0.05703033
NBPF11,0.024350604
NBPF14,0.020285252
PDE4DIP,0.26165602
NBPF9,0.019388853
ENSG00000274265,0.12966909
NBPF19,0.037459273
FCGR1A,0.0
H2BC18,0.005082194
H2AC19,0.0
H2AC20,0.11758641
BOLA1,0.12703945
SF3B4,0.1651746
MTMR11,0.023490038
OTUD7B,0.058360197
VPS45,0.070183344
PLEKHO1,0.061336223
ANP32E,0.23644613
APH1A,0.32545817
C1orf54,0.12060921
MRPS21,0.97989595
PRPF3,0.06386234
RPRD2,0.13537937
TARS2,0.039677568
ECM1,0.011514294
ADAMTSL4-AS2,0.0
MCL1,0.288906
ENSA,0.48366672
GOLPH3L,0.0893169
CTSS,0.09900842
CTSK,0.006818939
ARNT,0.057199582
SETDB1,0.042616494
CERS2,0.32839566
ANXA9,0.058138702
MINDY1,0.09003355
C1orf56,0.1400437
CDC42SE1,0.21090898
MLLT11,0.027202282
GABPB2,0.049637463
TNFAIP8L2,0.017220989
SCNM1,0.10507226
LYSMD1,0.023124292
VPS72,0.14502688
PIP5K1A,0.06834286
PSMD4,0.3431077
ZNF687,0.052211896
PI4KB,0.13494498
RFX5,0.045853134
SELENBP1,0.25481385
PSMB4,0.62744415
POGZ,0.16529387
CGN,0.071972266
TUFT1,0.034868617
SNX27,0.19642264
MRPL9,0.18427165
OAZ3,0.005413421
TDRKH,0.0038006161
TDRKH-AS1,0.0034720753
THEM4,0.12320805
S100A10,1.5382293
S100A11,1.1705227
TCHH,0.0
S100A9,0.021339826
S100A12,0.0
S100A8,0.009106781
S100A7,0.0
S100A6,2.3500915
S100A5,0.008500402
S100A4,0.48411238
S100A16,0.27808324
S100A14,0.08617934
S100A13,0.6823545
CHTOP,0.15152967
SNAPIN,0.1765132
ILF2,0.4275097
NPR1,0.07697775
INTS3,0.12398617
SLC27A3,0.043178856
GATAD2B,0.08485358
DENND4B,0.055158775
CRTC2,0.07278176
SLC39A1,0.16082923
CREB3L4,0.037150163
JTB,0.64867777
JTB-DT,0.007138024
RAB13,0.49969837
RPS27,3.2595239
TPM3,0.50291324
C1orf43,0.5357256
UBAP2L,0.12161075
HAX1,0.3164558
ATP8B2,0.03866049
IL6R,0.08135932
SHE,0.039611846
UBE2Q1,0.15822364
ADAR,0.23132798
KCNN3,0.04817067
PMVK,0.42085698
PBXIP1,0.18261419
PYGO2,0.078953326
SHC1,0.09880028
CKS1B,0.14598882
FLAD1,0.08147724
ZBTB7B,0.09314759
ADAM15,0.09062996
EFNA4,0.02247326
EFNA3,0.0
EFNA1,0.11020328
SLC50A1,0.10823427
DPM3,0.67161846
KRTCAP2,0.5447311
MUC1,0.73108536
THBS3,0.027723137
MTX1,0.26150092
GBA1,0.096861094
ENTREP3,0.052592803
SCAMP3,0.11886333
CLK2,0.03969272
FDPS,0.38377607
RUSC1,0.07681191
ASH1L,0.26082078
MSTO1,0.0104182
YY1AP1,0.12121094
DAP3,0.18059781
GON4L,0.10362391
SYT11,0.02961283
RIT1,0.1141219
KHDC4,0.08363699
ARHGEF2,0.069641195
SSR2,0.6369855
UBQLN4,0.032986976
LAMTOR2,0.61382973
RAB25,0.22529837
LMNA,0.46360832
SEMA4A,0.051149063
SLC25A44,0.05892846
PMF1,0.31763947
SMG5,0.08526467
TMEM79,0.012625428
GLMP,0.12288403
CCT3,0.42310107
MEF2D,0.09833597
NAXE,0.42975307
GPATCH4,0.06409251
NES,0.08042355
CRABP2,0.020972569
ISG20L2,0.05418474
METTL25B,0.07800107
MRPL24,0.2688364
HDGF,0.29871428
PRCC,0.122105956
SH2D2A,0.030282222
PEAR1,0.023829462
ARHGEF11,0.045245774
ETV3,0.032270435
CD5L,0.0
KIRREL1,0.01405816
CD1D,0.005375711
CD1C,0.0
MNDA,0.02658079
PYHIN1,0.034913853
IFI16,0.14936583
ACKR1,0.010536157
FCER1A,0.01249445
ENSG00000228560,0.0
APCS,0.0
DUSP23,0.41262203
FCRL6,0.00819995
TAGLN2,0.4689923
PIGM,0.052639112
IGSF8,0.14464132
ATP1A2,0.0069048754
PEA15,0.13169792
DCAF8,0.15776075
PEX19,0.12708545
COPA,0.2579163
NCSTN,0.20483437
SLAMF6,0.013179096
CD84,0.025071904
SLAMF1,0.013998472
CD48,0.11130863
SLAMF7,0.0
LY9,0.0065008397
CD244,0.0
ITLN1,0.056297127
F11R,0.16621488
TSTD1,0.90691715
USF1,0.042710293
ARHGAP30,0.018373773
NECTIN4,0.0075122435
KLHDC9,0.093619704
PFDN2,0.6673908
NIT1,0.17867106
DEDD,0.048475496
UFC1,0.53822654
USP21,0.015190441
PPOX,0.06341212
B4GALT3,0.07874857
ADAMTS4,0.0
NDUFS2,0.62496006
FCER1G,0.072667405
APOA2,0.015240279
TOMM40L,0.02900198
SDHC,0.66315144
FCGR2A,0.01584441
HSPA6,0.0037286365
FCGR3A,0.060038418
FCGR3B,0.0
FCGR2B,0.013841754
FCRLB,0.03235981
DUSP12,0.069869265
ATF6-DT,0.0
ATF6,0.16522926
OLFML2B,0.0018885265
SH2D1B,0.0054406966
UHMK1,0.24479958
UAP1,0.12322104
DDR2,0.017990926
HSD17B7,0.0340741
RGS4,0.0
RGS5,0.0
ENSG00000232995,0.0
PBX1,0.325052
MGST3,1.5891185
ALDH9A1,0.39332712
TMCO1,0.56390655
UCK2,0.03286386
POGK,0.089681014
TADA1,0.017179145
POU2F1,0.077123135
CD247,0.060843226
CREG1,0.22863446
RCSD1,0.055618703
MPZL1,0.09951895
MPC2,0.92484426
DCAF6,0.091046624
GPR161,0.007894759
TIPRL,0.1624324
SFT2D2,0.14177103
XCL2,0.01730245
DPT,0.0041439454
ATP1B1,1.9507145
NME7,0.06556299
BLZF1,0.089480326
SLC19A2,0.06550913
F5,0.007566831
SELP,0.022652533
SELL,0.023023028
METTL18,0.037308663
SCYL3,0.050798036
KIFAP3,0.098417684
GORAB,0.018197963
FMO3,0.0
FMO2,0.015935596
FMO4,0.07615997
PRRC2C,0.3971364
VAMP4,0.08280235
METTL13,0.04633611
DNM3,0.03543705
DNM3OS,0.016361857
PIGC,0.08798795
SUCO,0.108268954
PRDX6-AS1,0.0064420295
PRDX6,1.2352564
KLHL20,0.04829115
CENPL,0.0064599933
DARS2,0.05556153
ZBTB37,0.063616626
RC3H1,0.11096065
RABGAP1L,0.09763203
CACYBP,0.28919652
MRPS14,0.20606731
KIAA0040,0.06398737
COP1,0.06880711
SEC16B,0.01412794
RASAL2,0.088453315
RALGPS2,0.08560338
ANGPTL1,0.13501813
FAM20B,0.109480366
TOR3A,0.06851726
ABL2,0.044277675
SOAT1,0.07836564
TOR1AIP2,0.23266199
TOR1AIP1,0.113972485
ENSG00000260360,0.001938974
CEP350,0.20447534
QSOX1,0.14209035
ACBD6,0.13224463
XPR1,0.07193093
STX6,0.06605679
MR1,0.034083012
IER5,0.05223926
GLUL,0.42531562
RNASEL,0.01806683
RGS16,0.023812965
NPL,0.16604841
DHX9,0.30089435
LAMC1,0.109962605
SMG7,0.13516057
NCF2,0.0148534905
ARPC5,0.3398915
RGL1,0.08242308
TSEN15,0.11966927
C1orf21,0.057714123
EDEM3,0.07482461
NIBAN1,0.017325252
RNF2,0.057108406
TRMT1L,0.10884088
SWT1,0.02915653
IVNS1ABP,0.5174947
ENSG00000273004,0.0016973572
HMCN1,0.012682152
TPR,0.31115663
ODR4,0.09654462
PTGS2,0.0
RGS18,0.016580483
RGS1,0.042779543
RGS13,0.0
RGS2,0.11989164
UCHL5,0.16760236
RO60,0.22548613
GLRX2,0.14730553
CDC73,0.10529633
KCNT2,0.0
CFH,0.024104208
CFHR1,0.0
ZBTB41,0.08582091
DENND1B,0.09528829
NEK7,0.11611162
PTPRC,0.13254093
MIR181A1HG,0.0063964413
NR5A2,0.0
ZNF281,0.0741247
DDX59,0.069806874
CAMSAP2,0.082684234
KIF21B,0.0059250006
TMEM9,0.30080697
PKP1,0.0016818969
PHLDA3,0.045035418
CSRP1,0.3537329
NAV1,0.03233521
IPO9-AS1,0.002716253
IPO9,0.08540398
SHISA4,0.056641567
ENSG00000223774,0.0041926852
LMOD1,0.011865721
TIMM17A,0.18244869
RNPEP,0.14577541
ELF3,0.08965662
ARL8A,0.19013172
PTPN7,0.015898587
LGR6,0.0
UBE2T,0.018228883
PPP1R12B,0.061585758
KDM5B,0.06486042
PCAT6,0.008852807
RABIF,0.07318735
KLHL12,0.054132972
ADIPOR1,0.24814029
CYB5R1,0.16123153
TMEM183A,0.16727771
LINC01353,0.0
BTG2-DT,0.0
BTG2,0.28773174
PRELP,0.009954583
ATP2B4,0.10340764
LAX1,0.0041406755
ZC3H11A,0.004226594
ZBED6,0.0006577853
SNRPE,0.66062623
SOX13,0.04667599
ETNK2,0.31699765
PLEKHA6,0.09769327
PPP1R15B,0.10445879
PIK3C2B,0.022914706
MDM4,0.17195608
NFASC,0.01572371
RBBP5,0.05420623
DSTYK,0.0794325
CDK18,0.06608031
ELK4,0.10792625
SLC45A3,0.016936159
NUCKS1,0.9434262
RAB29,0.16085438
SLC41A1,0.046761982
PM20D1,0.0068879914
RHEX,0.027656322
FAM72A,0.005198133
SRGAP2,0.045472078
RASSF5,0.024560552
EIF2D,0.12269359
MAPKAPK2,0.24749206
IL10,0.0
IL20,0.0
FCMR,0.025752986
PFKFB2,0.102633975
YOD1,0.027678387
CD55,0.090689585
CR1,0.0
CD46,0.5636418
MIR29B2CHG,0.09470372
CD34,0.13809305
PLXNA2,0.06915577
G0S2,0.4658258
TRAF3IP3,0.08278831
IRF6,0.10882354
UTP25,0.035139497
SERTAD4-AS1,0.07082904
HHAT,0.02184279
RCOR3,0.11187075
TRAF5,0.039737638
LINC00467,0.14246923
SLC30A1,0.10664479
NEK2,0.0
LPGAT1,0.10640254
INTS7,0.019356934
PPP2R5A,0.1858242
PACC1,0.019710237
NENF,0.69314784
ENSG00000260805,0.03567864
ATF3,0.117840774
BATF3,0.0065488014
NSL1,0.14085694
TATDN3,0.07733234
FLVCR1,0.023363424
ANGEL2,0.06622948
RPS6KC1,0.030155027
SMYD2,0.050245892
PTPN14,0.113836184
CENPF,0.0
KCTD3,0.13560364
GPATCH2,0.06662401
RRP15,0.112420395
TGFB2,0.0067595006
LYPLAL1,0.41840017
EPRS1,0.19151475
BPNT1,0.07232228
IARS2,0.21850517
RAB3GAP2,0.14409779
MARK1,0.021478646
C1orf115,0.19001314
MTARC2,0.2288501
MTARC1,0.029229783
HLX,0.014932475
DUSP10,0.004402767
TAF1A,0.011529146
MIA3,0.15480742
ENSG00000272750,0.0011498262
AIDA,0.14260033
BROX,0.19504473
DISP1,0.01375277
TLR5,0.035138126
SUSD4,0.11980079
CAPN8,0.0
CAPN2,0.5114705
TP53BP2,0.044163417
FBXO28,0.06258318
DEGS1,0.13118766
NVL,0.03320029
CNIH4,0.30253795
WDR26,0.123200856
DNAH14,0.033968713
LBR,0.10087919
ENAH,0.06882377
SRP9,0.81379414
EPHX1,0.24170196
ENSG00000242861,0.019102395
TMEM63A,0.05089497
PYCR2,0.14926751
SDE2,0.049944814
H3-3A,1.7921133
ACBD3,0.14960141
PARP1,0.2266287
STUM,0.02731597
ITPKB,0.11000435
PSEN2,0.05323026
COQ8A,0.13837382
CDC42BPA,0.18180954
ZNF678,0.031154234
SNAP47,0.12369025
JMJD4,0.049645275
ARF1,0.7890668
C1orf35,0.15778738
MRPL55,0.39270353
GUK1,1.2848064
GJC2,0.004941245
IBA57,0.055215713
OBSCN,0.07352795
TRIM11,0.042637922
H2AC25,0.02569187
RNF187,0.28822687
RHOU,0.055631664
RAB4A,0.25346056
CCSAP,0.009072242
NUP133,0.06769934
ABCB10,0.032830004
TAF5L,0.021453682
URB2,0.01623701
LINC01736,0.00499887
GALNT2,0.068343304
COG2,0.10994339
AGT,0.052409537
C1orf198,0.058297697
TTC13,0.013644827
ARV1,0.12049517
FAM89A,0.016955575
C1orf131,0.091588415
GNPAT,0.1166232
EXOC8,0.025614133
SPRTN,0.04465315
EGLN1,0.18555261
ENSG00000233461,0.07494021
TSNAX,0.18908916
DISC1,0.004398238
SIPA1L2,0.035776813
NTPCR,0.24828136
MAP3K21,0.04828297
COA6,0.30810902
TARBP1,0.065621436
LINC01354,0.0
IRF2BP2,0.37960398
TOMM20,0.87525797
RBM34,0.019019945
ARID4B,0.20074442
GGPS1,0.10825504
ENSG00000285053,0.0
TBCE,0.0
B3GALNT2,0.013544004
LYST,0.07625726
NID1,0.038660187
GPR137B,0.11121485
ERO1B,0.033781584
EDARADD,0.0
LGALS8,0.107360065
ENSG00000273058,0.0
HEATR1,0.0461045
MTR,0.19652429
RYR2,0.0
CHRM3,0.04649564
FH,0.28597397
OPN3,0.05345324
CHML,0.048633885
CEP170,0.05587006
SDCCAG8,0.16311747
AKT3,0.10343059
ZBTB18,0.072563484
ADSS2,0.20289703
DESI2,0.08497855
COX20,0.7309873
HNRNPU,0.7052778
EFCAB2,0.031974
KIF26B,0.0091774305
SMYD3,0.06373167
TFB2M,0.092787735
CNST,0.07274154
SCCPDH,0.20892166
AHCTF1,0.13416904
ZNF670,0.008680984
ZNF669,0.018757934
ZNF124,0.025473513
ENSG00000259865,0.016866527
ZNF496,0.038336918
NLRP3,0.0053709997
OR2M3,0.0
SH3BP5L,0.044183318
ZNF672,0.09029867
ZNF692,0.026850915
PGBD2,0.018352581
FAM110C,0.082596935
SH3YL1,0.5994459
ACP1,0.46769145
TMEM18,0.1899013
PXDN,0.020039776
ENSG00000232057,0.0
EIPR1,0.07903864
TRAPPC12,0.123643175
ADI1,1.1491328
RNASEH1,0.031365868
RNASEH1-DT,0.038143195
RPS7,2.569809
COLEC11,0.051270563
CMPK2,0.010602007
RSAD2,0.009634543
ENSG00000271947,0.0
RNF144A,0.05835646
LINC01871,0.008410559
ID2,0.41294074
KIDINS220,0.2379075
MBOAT2,0.12117673
ASAP2,0.20194173
ITGB1BP1,0.31971845
CPSF3,0.05028745
IAH1,0.27886376
ADAM17,0.082020864
YWHAQ,0.47306123
TAF1B,0.05349886
ENSG00000269973,0.015562498
ENSG00000260077,0.028262217
KLF11,0.07808633
HPCAL1,0.31083697
ODC1,0.271852
NOL10,0.05793228
RN7SL832P,0.0033888489
ATP6V1C2,0.05815396
PDIA6,0.4544653
SLC66A3,0.10767666
ROCK2,0.17654897
E2F6,0.029754128
GREB1,0.0059577744
LPIN1,0.132766
TRIB2,0.09501373
NBAS,0.08598296
DDX1,0.34298936
MYCN,0.005533494
CYRIA,0.009425382
SMC6,0.05628345
GEN1,0.008238519
KCNS3,0.009648023
RDH14,0.12378771
TTC32,0.11625532
WDR35,0.050584085
LAPTM4A,0.88257396
SDC1,0.36205214
PUM2,0.20439263
RHOB,0.615712
GDF7,0.044482853
LDAH,0.04732591
ATAD2B,0.043989368
UBXN2A,0.10772544
WDCP,0.017998584
FKBP1B,0.042242646
SF3B6,0.81213
FAM228B,0.048330776
TP53I3,0.26532215
ITSN2,0.15142848
NCOA1,0.18313588
PTRHD1,0.26060987
ADCY3,0.01873956
DNAJC27,0.031373914
DNAJC27-AS1,0.041180547
POMC,0.031580593
DNMT3A,0.061162964
DTNB,0.032402143
ASXL2,0.09804817
KIF3C,0.008618927
RAB10,0.28173983
HADHA,0.52323174
HADHB,0.79023564
SELENOI,0.07017961
SLC35F6,0.0843457
MAPRE3,0.0841966
TMEM214,0.08959346
AGBL5,0.059836224
OST4,1.6670052
EMILIN1,0.015044972
KHK,0.605587
PREB,0.07742677
ATRAID,0.6088305
MPV17,0.19419906
GTF3C2,0.072557546
GTF3C2-AS2,0.006533619
EIF2B4,0.07231949
SNX17,0.27357587
ZNF513,0.042135075
PPM1G,0.2731259
NRBP1,0.18898773
KRTCAP3,0.046343047
IFT172,0.06517244
FNDC4,0.0068756226
ZNF512,0.038486257
GPN1,0.07540122
SUPT7L,0.06639532
SLC4A1AP,0.062356494
MRPL33,1.0438254
BABAM2,0.18134925
FOSL2,0.2272722
PPP1CB,0.6005212
TRMT61B,0.066441156
WDR43,0.09754031
CLIP4,0.02805132
YPEL5,0.2983044
LBH,0.12376919
LCLAT1,0.06350933
CAPN13,0.007365388
EHD3,0.104450926
MEMO1,0.008053796
DPY30,0.504077
SPAST,0.04890463
SLC30A6,0.04493789
YIPF4,0.21134596
ENSG00000272754,0.0
BIRC6,0.20975313
TTC27,0.03158349
LTBP1,0.06374174
RASGRP3,0.048273426
FAM98A,0.091190815
CRIM1-DT,0.08142792
CRIM1,0.38138923
FEZ2,0.16457054
STRN,0.08441341
HEATR5B,0.067975454
GPATCH11,0.060081776
EIF2AK2,0.1617549
CEBPZOS,0.30078354
CEBPZ,0.28586024
NDUFAF7,0.06509746
PRKD3,0.08581973
QPCT,0.011221426
CDC42EP3,0.07063838
RMDN2,0.032404352
CYP1B1,0.15724668
ATL2,0.103281684
HNRNPLL,0.08302325
GALM,0.20400266
SRSF7,0.45813462
GEMIN6,0.093572505
DHX57,0.04455781
MORN2,0.47923782
SOS1,0.115701735
MAP4K3,0.12908004
MAP4K3-DT,0.12866725
TMEM178A,0.05351092
THUMPD2,0.05199075
SLC8A1,0.063822135
PKDCC,0.017793635
EML4,0.11145055
COX7A2L,0.86669886
MTA3,0.07070839
HAAO,0.09726221
ZFP36L2,0.53013736
THADA,0.06336226
PLEKHH2,0.099275455
DYNC2LI1,0.17934309
LRPPRC,0.32736745
PPM1B,0.14103796
PREPL,0.25166485
CAMKMT,0.04249758
SRBD1,0.05561776
PRKCE,0.07705775
EPAS1,0.31871405
ATP6V1E2,0.03775834
RHOQ,0.19384874
PIGF,0.14884931
CRIPT,0.20717
SOCS5,0.04974074
MCFD2,0.23309782
TTC7A,0.05953578
CALM2,1.3061903
EPCAM,0.8306982
MSH2,0.044152398
KCNK12,0.0
MSH6,0.059303056
FBXO11,0.14519443
FOXN2,0.049787372
PPP1R21-DT,0.011900033
PPP1R21,0.12749109
STON1,0.059228722
CHAC2,0.019573975
ERLEC1,0.15297431
PSME4,0.10256
ACYP2,0.18486679
SPTBN1,0.63027656
RTN4,1.0253599
CLHC1,0.0074863615
RPS27A,3.1013014
MTIF2,0.09280706
CCDC88A,0.06688676
CFAP36,0.26840594
PPP4R3B,0.17647822
PPP4R3B-DT,0.036136597
PNPT1,0.085302025
EFEMP1,0.09112463
CCDC85A,0.005493498
VRK2,0.04613058
FANCL,0.039357662
BCL11A,0.0063258405
PAPOLG,0.030155148
REL,0.12393753
PUS10,0.020039245
PEX13,0.09903486
SANBR,0.019383946
C2orf74,0.25272936
USP34,0.23189056
USP34-DT,0.019331336
XPO1,0.15591387
FAM161A,0.040496998
CCT4,0.4242716
COMMD1,0.2673613
B3GNT2,0.1795955
EHBP1,0.061594505
WDPCP,0.012266156
MDH1,0.86129653
UGP2,0.41876057
VPS54,0.072437264
PELI1,0.0497286
ENSG00000225889,0.046602227
LGALSL,0.06177102
AFTPH-DT,0.008024662
AFTPH,0.23849519
SERTAD2,0.043977097
SLC1A4,0.0055463174
CEP68,0.080057435
RAB1A,0.4466617
ACTR2,0.43847078
SPRED2,0.060021088
MEIS1,0.01594013
ETAA1,0.05927619
C1D,0.33087605
DNAAF10,0.027741687
PNO1,0.08704245
PPP3R1,0.09147876
CNRIP1,0.019045893
PLEK,0.0117211705
FBXO48,0.034431785
ARHGAP25,0.02418817
ANTXR1,0.008528163
GFPT1,0.1365078
NFU1,0.27047303
AAK1,0.47667253
ANXA4,0.47814342
GMCL1,0.099321544
SNRNP27,0.16774894
MXD1,0.03531182
PCBP1,0.70987564
C2orf42,0.025390983
TIA1,0.10714702
PCYOX1,0.35397375
SNRPG,0.8980996
FAM136A,0.16243725
TGFA,0.021186553
TEX261,0.14365515
NAGK,0.11820762
MCEE,0.25075665
MPHOSPH10,0.12755024
PAIP2B,0.09758065
ZNF638,0.21623917
DYSF,0.030432146
CYP26B1,0.032444943
EXOC6B,0.049286425
SPR,0.077466466
SFXN5,0.074629806
RAB11FIP5,0.17724207
SMYD5,0.049897812
PRADC1,0.14453116
CCT7,0.35122308
FBXO41,0.0
ALMS1,0.03593344
TPRKB,0.22340141
DUSP11,0.108044095
STAMBP,0.11622107
ACTG2,0.004777042
DGUOK,0.33258194
DGUOK-AS1,0.0039226655
TET3,0.01211879
BOLA3,0.5409295
MOB1A,0.35351065
MTHFD2,0.021337595
DCTN1,0.18440817
WDR54,0.097713865
RTKN,0.094691366
INO80B,0.03769658
MOGS,0.1277886
MRPL53,0.11047692
CCDC142,0.0069690007
TTC31,0.034193944
LBX2,0.0036006211
PCGF1,0.03253248
AUP1,0.22443947
HTRA2,0.088299304
LOXL3,0.0
DOK1,0.019685943
HK2,0.0
POLE4,0.32582083
MRPL19,0.3211492
GCFC2,0.079225264
ENSG00000270696,0.022132793
SUCLG1,1.2829362
TMSB10,2.0094693
KCMF1,0.16913207
TCF7L1,0.051375084
TGOLN2,0.49528688
RETSAT,0.093388975
ELMOD3,0.03695127
CAPG,0.49588108
MAT2A,0.32571974
GGCX,0.12705176
VAMP8,1.0468521
VAMP5,0.27105558
RNF181,0.52030486
TMEM150A,0.08887925
USP39,0.07137357
C2orf68,0.070721634
GNLY,0.05653618
ATOH8,0.03001264
ST3GAL5,0.029317286
POLR1A,0.02831668
PTCD3,0.14203884
IMMT,0.35083747
MRPL35,0.22539984
REEP1,0.008137663
KDM3A,0.072012864
CHMP3,0.39396703
RNF103,0.053861775
RMND5A,0.11332769
CD8A,0.03080818
CD8B,0.024665358
LINC01943,0.0
CYTOR,0.08880465
KRCC1,0.12286476
FABP1,0.8700489
EIF2AK3,0.02980057
EIF2AK3-DT,0.0082674725
RPIA,0.04955364
IGKC,0.026317006
MAL,1.022939
MRPS5,0.32749334
ZNF514,0.06117031
ZNF2,0.017101888
PROM2,0.27161014
FAHD2A,0.12643977
LINC00342,0.015104062
ANKRD36C,0.0352143
ADRA2B,0.00713618
DUSP2,0.10065223
STARD7,0.3960975
TMEM127,0.19204642
CIAO1,0.1670135
SNRNP200,0.26793933
ITPRIPL1,0.0034164535
NCAPH,0.0032081208
ARID5A,0.03061227
KANSL3,0.09160141
LMAN2L,0.060716916
CNNM4,0.023876816
CNNM3,0.01722323
ANKRD39,0.06137144
SEMA4C,0.038509432
FAM178B,0.0
FAHD2B,0.071881965
ANKRD36,0.03038213
APPAT,0.01130779
ANKRD36B,0.020907003
COX5B,2.2213254
ACTR1B,0.1296922
TMEM131,0.13019362
INPP4A,0.04356241
COA5,0.36011797
UNC50,0.23886088
MGAT4A,0.28550437
LINC02611,0.008959488
CRACDL,0.043936096
LIPT1,0.043950956
MITD1,0.102841355
MRPL30,0.10466744
TXNDC9,0.15432687
EIF5B,0.36712164
REV1,0.124784224
AFF3,0.0061850483
LONRF2,0.043692023
CHST10,0.018889789
PDCL3,0.19312325
RPL31,1.2266693
TBC1D8,0.023852905
CNOT11,0.08813023
RNF149,0.112297684
MAP4K4,0.082223095
LINC01127,0.008259016
IL1R2,0.038465463
IL1R1,0.11626357
IL1RL1,0.014393707
IL18R1,0.020326646
IL18RAP,0.007611139
TMEM182,0.0035062889
MRPS9,0.13859008
TGFBRAP1,0.048445396
C2orf49-DT,0.018084709
C2orf49,0.1220434
FHL2,0.029761517
NCK2,0.09092825
ECRG4,0.06063015
UXS1,0.25253156
ST6GAL2,0.0025208213
SULT1C4,0.015417395
GCC2,0.3624333
LIMS1,0.20956035
RANBP2,0.34250677
CCDC138,0.007216681
SH3RF3,0.009462919
SEPTIN10,0.14407936
SOWAHC,0.07662197
RGPD5,0.00791738
NPHP1,0.06746046
MTLN,0.36512336
MIR4435-2HG,0.04072415
BCL2L11,0.09745574
ENSG00000271590,0.0
ENSG00000270190,0.0
ANAPC1,0.06747121
MERTK,0.06524232
TMEM87B,0.05321693
FBLN7,0.0063395333
ZC3H8,0.09098971
ZC3H6,0.14071651
TTL,0.044127803
POLR1B,0.032366514
CHCHD5,0.45183298
SLC20A1,0.06708383
IL1B,0.0
IL1RN,0.0016585882
PSD4,0.04433855
PAX8,0.2432114
ZNG1B,0.09772984
PGM5P4-AS1,0.0032414247
RABL2A,0.033690844
SLC35F5,0.12101345
ACTR3,0.29838383
DDX18,0.3385541
ENSG00000236255,0.0057922
CCDC93,0.063952684
INSIG2,0.105266996
MARCO,0.004775616
STEAP3,0.010684904
C2orf76,0.09960088
DBI,1.3684493
TMEM37,0.3898809
TMEM177,0.1151407
PTPN4,0.11857933
EPB41L5,0.13205382
TMEM185B,0.036894903
RALB,0.16338852
INHBB,0.0024650632
TFCP2L1,0.49340463
CLASP1,0.15028746
NIFK-AS1,0.029255424
NIFK,0.17392632
TSN,0.15860003
GYPC,0.30402046
BIN1,0.21577328
ERCC3,0.051091332
MAP3K2,0.17407629
PROC,0.059739277
IWS1,0.09574519
ENSG00000272789,0.009702071
LIMS2,0.12853484
WDR33,0.22219624
SFT2D3,0.061473273
POLR2D,0.0544802
AMMECR1L,0.04532184
ENSG00000272667,0.07181012
SAP130,0.034691796
UGGT1,0.08751701
HS6ST1,0.14723927
CCDC74B,0.016172558
SMPD4,0.07760127
MZT2B,1.2253536
CCDC115,0.18434723
IMP4,0.18422791
PTPN18,0.13634345
FAM168B,0.21462405
PLEKHB2,0.4408018
MZT2A,0.46838006
CCDC74A,0.029515125
LYPD1,0.0
MGAT5,0.09267839
TMEM163,0.018701995
CCNT2,0.08076244
RAB3GAP1,0.14934619
ZRANB3,0.0077223023
R3HDM1,0.058463804
UBXN4,0.44325575
MCM6,0.0225012
DARS1,0.28712943
CXCR4,0.23727515
HNMT,0.3955952
SPOPL,0.084335774
KYNU,0.03941177
ARHGAP15,0.032337293
GTDC1,0.025527317
ZEB2,0.06464253
ACVR2A,0.045732524
ORC4,0.16192639
MBD5,0.071472414
EPC2,0.03735101
MMADHC,0.24711174
RND3,0.09491401
RBM43,0.0829963
NMI,0.07474298
TNFAIP6,0.0
RIF1,0.14898801
ARL5A,0.12736423
STAM2,0.14005254
FMNL2,0.07263285
PRPF40A,0.28865597
ARL6IP6,0.05957316
NR4A2,0.057985537
GPD2,0.047048893
CYTIP,0.16430692
ACVR1,0.033722505
PKP4,0.37384978
DAPL1,0.0149159925
TANC1,0.058886994
WDSUB1,0.07617563
BAZ2B,0.1787308
BAZ2B-AS1,0.015300045
MARCHF7,0.13248432
CD302,0.036354635
LY75,0.022701057
PLA2R1,0.016638955
RBMS1,0.24686196
TANK,0.13803926
PSMD14,0.20448901
DPP4,0.115745835
FAP,0.0
IFIH1,0.042485137
GCA,0.12561381
FIGN,0.009853695
COBLL1,0.42430317
SLC38A11,0.033508234
SCN3A,0.0077468324
CSRNP3,0.034670584
TTC21B,0.05132279
SCN9A,0.02238576
SCN7A,0.0042625563
STK39,0.060738057
CERS6,0.04612218
NOSTRIN,0.11465616
BBS5,0.028562
FASTKD1,0.058866486
PPIG,0.35180026
KLHL23,0.054987963
SSB,0.42411786
METTL5,0.26932386
UBR3,0.13361672
GORASP2,0.120005
TLK1,0.17357129
METTL8,0.052506782
DCAF17,0.026230944
CYBRD1,0.07202906
DYNC1I2,0.45505124
SLC25A12,0.08651965
HAT1,0.15110369
ITGA6,0.21440694
PDK1,0.023125831
RAPGEF4,0.031652506
MAP3K20,0.049628403
SP3,0.11915542
OLA1,0.2241753
CIR1,0.29167104
SCRN3,0.05507292
GPR155,0.07456718
WIPF1,0.091038376
CHN1,0.009922332
ATF2,0.12320054
ATP5MC3,1.927252
LNPK,0.057847112
MTX2,0.26776764
HNRNPA3,0.6977202
NFE2L2,0.54832876
ENSG00000222043,0.0
AGPS,0.07223354
IFT70B,0.022752764
IFT70A,0.027353704
RBM45,0.024875842
CHROMR,0.007825416
PRKRA,0.14021723
FKBP7,0.026686227
PLEKHA3,0.15912887
TTN-AS1,0.011152572
CCDC141,0.0
SESTD1,0.096284844
CWC22,0.124191605
UBE2E3,0.34822524
LINC01934,0.0054228697
ITGA4,0.052778594
ITPRID2,0.21025951
PDE1A,0.28051865
DNAJC10,0.14576957
FRZB,0.018568873
NCKAP1,0.31840107
NUP35,0.032336585
ENSG00000283839,0.006943054
LINC01473,0.0069889002
ZC3H15,0.39815682
ITGAV,0.14130645
FAM171B,0.012917099
CALCRL,0.120873876
TFPI,0.16687442
GULP1,0.08646992
COL3A1,0.015304341
COL5A2,0.013133824
WDR75,0.050547246
SLC40A1,0.14021264
ASNSD1,0.18281522
ANKAR,0.02959017
OSGEPL1,0.035659276
ORMDL1,0.24594244
PMS1,0.048155352
C2orf88,0.059577916
HIBCH,0.5569257
INPP1,0.08115831
MFSD6,0.044040628
NEMP2,0.016695928
NAB1,0.047930647
GLS,0.49210745
STAT1,0.10370923
STAT4,0.01309401
MYO1B,0.07789301
NABP1,0.041292544
CAVIN2,0.18030061
SLC39A10,0.15807535
STK17B,0.12050581
ENSG00000272211,0.0
HECW2,0.07350162
HECW2-AS1,0.0
GTF3C3,0.061033584
PGAP1,0.056735348
ANKRD44,0.052002285
SF3B1,0.52221954
COQ10B,0.13643159
HSPD1,0.98899347
HSPE1,1.4939377
MOB4,0.17025217
RFTN2,0.01876684
PLCL1,0.25508735
FTCDNL1,0.026770148
C2orf69,0.055888724
TYW5,0.02713302
MAIP1,0.15180539
SPATS2L,0.2133735
KCTD18,0.038290173
SGO2,0.010619108
BZW1,0.40505424
CLK1,0.27038965
PPIL3,0.046034776
NIF3L1,0.06540069
ORC2,0.045907408
HYCC2,0.12668768
NDUFB3,1.2587585
CFLAR,0.47255382
CASP10,0.02526026
CASP8,0.06783764
TRAK2,0.15113369
STRADB,0.12660648
TMEM237,0.052876
ALS2,0.028170398
FZD7,0.018880505
SUMO1,0.7104037
NOP58,0.14760475
ENSG00000273456,0.010386222
BMPR2,0.21251403
FAM117B,0.04498621
ICA1L,0.008575172
WDR12,0.095988214
CARF,0.042061593
NBEAL1,0.18832117
CYP20A1,0.13052706
ABI2,0.17962016
RAPH1,0.044562206
CD28,0.008237978
ICOS,0.0
PARD3B,0.046129804
NRP2,0.026088035
INO80D,0.08949583
NDUFS1,0.4869343
EEF1B2,1.4711901
ZDBF2,0.045314923
ADAM23,0.010976583
FASTKD2,0.070406
KLF7,0.08746876
CREB1,0.08881371
METTL21A,0.04769919
LINC01857,0.0
CCNYL1,0.042252243
IDH1,0.24055846
PIKFYVE,0.06738957
MAP2,0.015182704
RPE,0.08679487
KANSL1L,0.08467183
LANCL1,0.13426141
CPS1,0.003851662
SPAG16,0.18906526
BARD1,0.024430228
ATIC,0.11185619
FN1,0.07773392
PECR,0.15393099
XRCC5,0.44106215
SMARCAL1,0.021428721
RPL37A,2.5000541
IGFBP2,0.25143218
IGFBP5,0.60220575
TNS1,0.38080835
TNS1-AS1,0.0
ARPC2,0.5950887
GPBAR1,0.006280009
AAMP,0.3098428
PNKD,0.7811679
TMBIM1,0.16410066
SLC11A1,0.06692817
CTDSP1,0.28893217
USP37,0.052582387
CNOT9,0.062468316
BCS1L,0.06110715
RNF25,0.038771298
TTLL4,0.009474592
CYP27A1,0.08045008
WNT6,0.0
CNPPD1,0.27757168
RETREG2,0.27836797
ZFAND2B,0.18493368
ANKZF1,0.08148582
STK16,0.15471198
TUBA4A,0.24305414
DNAJB2,0.21362986
DNPEP,0.1408007
DES,0.0065442286
SPEG,0.03400903
GMPPA,0.09873664
CHPF,0.15687847
OBSL1,0.30770373
STK11IP,0.02112661
EPHA4,0.05001236
FARSB,0.07484619
ACSL3,0.27613
KCNE4,0.014842782
WDFY1,0.06537942
MRPL44,0.21585631
SERPINE2,0.09021494
CUL3,0.237053
DOCK10,0.030671563
IRS1,0.103715844
RHBDD1,0.05175428
MFF,0.30276793
AGFG1,0.15979297
PID1,0.009822675
TRIP12,0.2073363
FBXO36,0.051979978
SLC16A14,0.011124838
SP110,0.09044884
SP140,0.017196856
SP140L,0.046777226
SP100,0.21277651
CAB39,0.21164149
ITM2C,0.3519723
PSMD1,0.19166918
HTR2B,0.0
ARMC9,0.030486522
NCL,0.7209649
PTMA,2.328991
PDE6D,0.055983104
COPS7B,0.06597745
DIS3L2,0.055634245
EIF4E2,0.20555986
EFHD1,0.6551762
GIGYF2,0.19887881
SNORC,0.0077028438
INPP5D,0.015932715
ATG16L1,0.04033417
DGKD,0.034265276
USP40,0.09570712
TRPM8,0.0
ARL4C,0.05716993
SH3BP4,0.18742818
AGAP1,0.11843356
ACKR3,0.024610385
COPS8,0.17328957
COL6A3,0.0
MLPH,0.00510976
RAB17,0.31053683
LRRFIP1,0.47288838
RAMP1,0.017944425
UBE2F,0.10081686
KLHL30,0.0
ILKAP,0.14293134
HES6,0.020148
PER2,0.076750666
TRAF3IP1,0.04538089
ASB1,0.055464692
HDAC4,0.023995405
NDUFA10,0.6288419
COPS9,1.0975981
GPC1,0.068972126
DUSP28,0.049009938
RNPEPL1,0.1428633
CAPN10,0.05774638
GPR35,0.008097448
AGXT,0.16251874
SNED1,0.043259766
MTERF4,0.11288344
PASK,0.0334608
PPP1R7,0.26863304
HDLBP,0.49634588
SEPTIN2,0.586186
FARP2,0.042330965
STK25,0.19925012
BOK,0.09118085
THAP4,0.3639432
ATG4B,0.13754152
DTYMK,0.08492023
ING5,0.10887039
D2HGDH,0.12084878
CNTN4,0.013663985
TRNT1,0.091893345
CRBN,0.2111207
SUMF1,0.095459685
SETMAR,0.047940735
ITPR1,0.13816483
BHLHE40,0.1255405
ARL8B,0.15703347
EDEM1,0.074416354
LMCD1,0.05929415
SSUH2,0.011479996
OXTR,0.001970179
RAD18,0.017993353
THUMPD3-AS1,0.18297298
THUMPD3,0.11222989
SETD5,0.11765232
LHFPL4,0.0
MTMR14,0.07730814
BRPF1,0.03245453
OGG1,0.093755424
CAMK1,0.09482139
TADA3,0.16565613
ARPC4,0.39578626
TTLL3,0.03244475
RPUSD3,0.09561794
JAGN1,0.19228147
IL17RE,0.039771438
IL17RC,0.07599334
CRELD1,0.08849464
PRRT3,0.028040752
EMC3,0.27770498
BRK1,0.63063115
VHL,0.04592936
TATDN2,0.036298454
SEC13,0.17793511
ATG7,0.03503983
VGLL4,0.26627013
TAMM41,0.030360797
TIMP4,0.00819313
PPARG,0.044564784
TSEN2,0.01986638
MKRN2OS,0.0
MKRN2,0.04125492
RAF1,0.160084
TMEM40,0.0
RPL32,3.1454396
IQSEC1,0.14348678
NUP210,0.057375893
HDAC11,0.0792396
FBLN2,0.032183375
CHCHD4,0.081088774
TMEM43,0.06943325
XPC,0.18220918
LSM3,0.7696925
SLC6A6,0.048439458
GRIP2,0.014271304
CCDC174,0.1225175
FGD5,0.04101451
FGD5-AS1,0.31696817
NR2C2,0.044655547
MRPS25,0.30219427
RBSN,0.0402969
CAPN7,0.12141907
SH3BP5,0.1687122
METTL6,0.030665265
EAF1,0.07182802
HACL1,0.10577671
BTD,0.076430574
ANKRD28,0.103584714
GALNT15,0.0043593775
DPH3,0.10145948
OXNAD1,0.09116616
RFTN1,0.024423003
PLCL2,0.055136975
TBC1D5,0.15007782
SATB1,0.09822891
RAB5A,0.20296215
KAT2B,0.05353698
ZNF385D,0.03278881
UBE2E2,0.1465387
UBE2E1,0.115705214
NKIRAS1,0.053185195
RPL15,2.5198364
NR1D2,0.111202344
RARB,0.052709322
TOP2B,0.2442374
NGLY1,0.11001034
OXSM,0.091135204
SLC4A7,0.096057534
LINC02084,0.019596789
EOMES,0.013750046
CMC1,0.44637355
AZI2,0.19438344
RBMS3,0.07236947
TGFBR2,0.35184255
STT3B,0.1651061
GPD1L,0.12992787
CMTM8,0.09657071
CMTM7,0.05087722
CMTM6,0.16955404
DYNC1LI1,0.15385737
CNOT10,0.057231363
GLB1,0.13064845
CRTAP,0.2233258
SUSD5,0.005624878
UBP1,0.08440268
CLASP2,0.10758266
PDCD6IP,0.32037464
TRANK1,0.012529904
EPM2AIP1,0.16024284
MLH1,0.05456022
LRRFIP2,0.11320438
GOLGA4,0.35228932
ITGA9,0.01491229
CTDSPL,0.29814392
PLCD1,0.054059766
ACAA1,0.7939915
MYD88,0.042645577
OXSR1,0.12981768
XYLB,0.029679075
ACVR2B,0.04406405
EXOG,0.028015854
WDR48,0.08914896
GORASP1,0.065169774
CSRNP1,0.13947828
CX3CR1,0.013598508
SLC25A38,0.09731016
RPSA,1.6734642
MYRIP,0.008953568
EIF1B,0.631996
RPL14,2.3955638
ZNF620,0.008075162
ZNF621,0.03823792
CTNNB1,0.32257876
TRAK1,0.102111906
VIPR1,0.020217814
SEC22C,0.10892295
SS18L2,0.2280859
NKTR,0.25731763
HIGD1A,0.509824
ZNF662,0.017903887
POMGNT2,0.058382396
SNRK,0.11294097
ANO10,0.16041285
ABHD5,0.07854087
TCAIM,0.16464967
ZNF445,0.055737134
ZNF852,0.008185328
ZNF660,0.005134634
ZNF197,0.02795599
ZNF35,0.01597234
KIAA1143,0.12931426
KIF15,0.0
TMEM42,0.08930505
ZDHHC3,0.11728102
EXOSC7,0.1946012
CLEC3B,0.073136754
CDCP1,0.013227426
LARS2,0.07121715
LIMD1,0.0301854
SACM1L,0.12282353
LZTFL1,0.08009067
FYCO1,0.04365576
CCR1,0.00474965
CCR2,0.007082536
CCR5,0.0
CCRL2,0.0058728503
LRRC2,0.021938115
ALS2CL,0.018825771
PTH1R,0.9550607
CCDC12,0.25485533
NBEAL2,0.077811204
SETD2,0.18164816
KIF9,0.22206034
KLHL18,0.08152906
PTPN23-DT,0.012563131
PTPN23,0.09349713
SCAP,0.14064038
ELP6,0.1362478
SMARCC1,0.16333686
DHX30,0.24853303
MAP4,0.2620885
CAMP,0.0
ZNF589,0.015300841
NME6,0.072377466
CCDC51,0.070016846
TMA7,2.058214
ATRIP,0.014554194
SHISA5,0.19335024
PFKFB4,0.006259037
UQCRC1,0.7364841
SLC26A6,0.016834876
CELSR3,0.0
NCKIPSD,0.040270444
IP6K2,0.20582022
PRKAR2A,0.13804694
SLC25A20,0.028410517
ARIH2OS,0.011085564
ARIH2,0.14807819
P4HTM,0.20586792
WDR6,0.17133449
DALRD3,0.106526434
NDUFAF3,0.7908722
IMPDH2,0.17242189
QRICH1,0.08113041
QARS1,0.24089947
USP19,0.11332506
LAMB2,0.30059728
KLHDC8B,0.06191592
C3orf62,0.028988495
USP4,0.06478219
RHOA,0.7543341
TCTA,0.14213443
DAG1,0.22970696
APEH,0.21264279
MST1,0.17262316
RNF123,0.05201494
GMPPB,0.060972605
IP6K1,0.116137385
INKA1,0.02132712
UBA7,0.060678545
MON1A,0.022965647
RBM6,0.18133481
RBM5,0.1825552
SEMA3F,0.08115821
GNAI2,0.46341437
SEMA3B,0.16857645
IFRD2,0.1289397
NAA80,0.03470818
HYAL1,0.14442687
HYAL2,0.23826587
TUSC2,0.3168419
RASSF1,0.08768489
NPRL2,0.08562877
CYB561D2,0.0
TMEM115,0.114341326
ENSG00000271858,0.0
CISH,0.23550755
MAPKAPK3,0.15855807
MANF,0.22460383
RBM15B,0.08804252
DCAF1,0.06256717
RAD54L2,0.053032458
TEX264,0.49490938
RRP9,0.034126528
PARP3,0.04610072
PCBP4,0.040518783
ABHD14B,0.38829353
ABHD14A,0.22320765
RPL29,2.674041
DUSP7,0.03851102
POC1A,0.010843778
ALAS1,0.12522458
TWF2,0.14518172
PPM1M,0.028308846
WDR82,0.20496313
GLYCTK,0.093898185
DNAH1,0.013165082
BAP1,0.1155
PHF7,0.020165693
SEMA3G,0.04428635
NISCH,0.17250524
STAB1,0.031465784
NT5DC2,0.15761217
UQCC5,0.6172245
PBRM1,0.13488129
GNL3,0.08666978
GLT8D1,0.11797472
SPCS1,0.9375432
STIMATE,0.023469198
RFT1,0.052392546
PRKCD,0.1079918
TKT,0.39344415
DCP1A,0.083173305
CHDH,0.15236713
ACTR8,0.043753587
SELENOK,0.6630622
CACNA2D3,0.04098446
WNT5A,0.0066383677
CCDC66,0.11418847
TASOR,0.12894449
ARHGEF3,0.06790386
HESX1,0.0034442567
APPL1,0.27359533
PDE12,0.050416883
ARF4,0.37138295
DENND6A,0.08273728
SLMAP,0.116208814
FLNB,0.2807512
DNASE1L3,0.08482
ABHD6,0.048966795
RPP14,0.050993115
PXK,0.08115079
PDHB,0.3680899
KCTD6,0.048393495
ACOX2,0.07884197
FAM107A,0.15305082
CFAP20DC,0.0024005673
FHIT,0.18397738
PTPRG,0.17165226
CEP15,0.10674884
THOC7,0.38342574
PSMD6,0.22223423
PRICKLE2,0.04266548
ADAMTS9,0.03415059
ADAMTS9-AS2,0.03260496
MAGI1,0.10643991
SLC25A26,0.10455113
LRIG1,0.024632527
SUCLG2,0.50220066
SUCLG2-DT,0.01574463
EOGT,0.018942172
EOGT-DT,0.0
TMF1,0.1828753
UBA3,0.103391565
ARL6IP5,0.45684993
LMOD3,0.0
FRMD4B,0.13224538
MITF,0.17540918
FOXP1,0.21350403
ENSG00000277855,0.0
EIF4E3,0.08197909
GPR27,0.03653246
PROK2,0.0
RYBP,0.12906158
SHQ1,0.022769485
GXYLT2,0.0047253123
PPP4R2,0.21016273
PDZRN3,0.026179358
LINC00960,0.0
ZNF717,0.037597578
ROBO1,0.0074438024
GBE1,0.12459822
CADM2,0.0
VGLL3,0.0072194864
CHMP2B,0.24066988
CGGBP1,0.24984252
ZNF654,0.04910528
C3orf38,0.059161734
EPHA3,0.0
PROS1,0.06077894
ARL13B,0.03810936
DHFR2,0.032064065
NSUN3,0.035182927
CRYBG3,0.12682103
RIOX2,0.07718845
CLDND1,0.152689
CPOX,0.025284875
ST3GAL6,0.04988086
DCBLD2,0.065401874
COL8A1,0.030570643
CMSS1,0.10284792
FILIP1L,0.049722232
TBC1D23,0.09174336
NIT2,0.39840674
TOMM70,0.12563625
TMEM45A,0.0
TFG,0.24240564
ABI3BP,0.042594302
SENP7,0.11664027
TRMT10C,0.19364488
PCNP,0.28846693
ZBTB11,0.062482312
RPL24,2.6141798
CEP97,0.046101138
NXPE3,0.0349064
NFKBIZ,0.056275465
ALCAM,0.09595689
CBLB,0.05351147
LINC00882,0.02155762
DUBR,0.010567056
BBX,0.30157745
CD47,0.24660496
IFT57,0.28003672
DZIP3,0.08959391
TRAT1,0.016932415
NECTIN3,0.04022724
CD96,0.017115902
PHLDB2,0.21269067
ABHD10,0.19048777
C3orf52,0.023518939
GCSAM,0.0
TBILA,0.0032424845
CD200,0.005362512
ATG3,0.19055417
SLC35A5,0.0745064
CCDC80,0.020891888
GTPBP8,0.06711907
NEPRO,0.094146535
SPICE1,0.024515154
SIDT1,0.005358919
USF3,0.09894859
NAA50,0.22506215
ATP6V1A,0.4280412
CCDC191,0.055046696
QTRT2,0.039258424
ZBTB20,0.62386173
B4GALT4,0.042860314
ARHGAP31,0.032478515
TMEM39A,0.03172224
POGLUT1,0.040895622
TIMMDC1,0.28887987
ADPRH,0.016000373
POPDC2,0.0094318595
COX17,1.0249801
GSK3B,0.109229565
LRRC58,0.13827367
FSTL1,0.05659383
NDUFB4,1.2896842
HGD,0.19954032
RABL3,0.06777631
GTF2E1,0.019564962
HCLS1,0.064918675
GOLGB1,0.42322218
IQCB1,0.04843352
EAF2,0.12319087
SLC15A2,0.04487955
CD86,0.014354916
CSTA,0.02107473
MIX23,0.1428011
FAM162A,0.7512261
WDR5B,0.021234304
WDR5B-DT,0.022333233
KPNA1,0.0952214
PARP9,0.050527208
DTX3L,0.051950403
PARP15,0.01047562
PARP14,0.1707859
HSPBAP1,0.018107334
SLC49A4,0.03207326
LINC02035,0.010034119
PDIA5,0.049906064
SEC22A,0.036471814
ADCY5,0.06272631
HACD2,0.10517875
MYLK,0.19273591
CCDC14,0.064395964
KALRN,0.018796673
UMPS,0.09659448
ITGB5,0.21652333
HEG1,0.109024905
SLC12A8,0.014881236
ZNF148,0.23332687
SNX4,0.19239478
OSBPL11,0.051324
ALG1L1P,0.011559726
SLC41A3,0.12790073
ALDH1L1,0.4870902
KLF15,0.29200083
ZXDC,0.061098274
CHST13,0.008485776
CHCHD6,0.09494692
PLXNA1,0.02385376
TPRA1,0.093837015
MCM2,0.015419244
PODXL2,0.084591806
ABTB1,0.072988264
MGLL,0.35590816
SEC61A1,0.2829295
RUVBL1,0.14311174
EEFSEC,0.071194746
GATA2,0.08571326
GATA2-AS1,0.023551993
RPN1,0.4162699
RAB7A,0.4529249
ACAD9,0.075874686
EFCC1,0.004794443
ISY1,0.069087066
ENSG00000273437,0.022435153
CNBP,0.68901443
COPG1,0.17234693
HMCES,0.14852445
H1-10,0.38250118
H1-10-AS1,0.011077149
MBD4,0.15885068
IFT122,0.06918726
PLXND1,0.076010495
TMCC1,0.046027683
TMCC1-DT,0.008046245
PIK3R4,0.047559883
ATP2C1,0.21919894
ASTE1,0.022639532
NUDT16,0.31869498
MRPL3,0.3563119
ACP3,0.2500359
DNAJC13,0.08466229
UBA5,0.13901094
NPHP3,0.06496395
CDV3,0.30739972
TOPBP1,0.049562566
TF,0.003806344
SRPRB,0.13471855
RAB6B,0.029265016
SLCO2A1,0.1278258
RYK,0.0957669
AMOTL2,0.12139677
ANAPC13,0.36186293
CEP63,0.065892495
PPP2R3A,0.21673816
MSL2,0.061336126
PCCB,0.17452234
STAG1,0.10762562
SLC35G2,0.012383633
NCK1-DT,0.012106751
NCK1,0.10116642
DBR1,0.0394208
ARMC8,0.10835745
MRAS,0.11093398
CEP70,0.10752031
FAIM,0.10984634
PIK3CB,0.13991679
MRPS22,0.17051558
COPB2,0.23948394
COPB2-DT,0.0055596847
RBP1,0.081527196
NMNAT3,0.03484723
CLSTN2,0.015042877
SLC25A36,0.3385826
ZBTB38,0.27940914
RASA2,0.06683841
RNF7,0.652751
ATP1B3,0.44146124
TFDP2,0.33207083
GK5,0.06541004
XRN1,0.17477128
ATR,0.04769016
PLS1,0.055937067
TRPC1,0.018692965
PCOLCE2,0.011692547
U2SURP,0.31678033
SLC9A9,0.026788425
DIPK2A,0.03776954
PLOD2,0.10480912
PLSCR4,0.06903242
PLSCR1,0.17648542
AGTR1,0.012283824
CPB1,0.0
CPA3,0.0
GYG1,0.080371
HLTF,0.14849119
HPS3,0.069559045
CP,0.0
TM4SF18-AS1,0.0
TM4SF18,0.089724496
TM4SF1,0.15669599
WWTR1,0.2910006
COMMD2,0.1521487
RNF13,0.24483198
PFN2,0.31676808
TSC22D2,0.096186735
SERP1,0.7185062
EIF2A,0.26737404
SELENOT,0.346271
SIAH2,0.0784565
P2RY13,0.01963935
P2RY12,0.0
MBNL1,0.30682397
P2RY1,0.0
RAP2B,0.046884213
ARHGEF26,0.009798465
DHX36,0.22711873
MME,0.20170616
SLC33A1,0.06171067
GMPS,0.09383412
KCNAB1,0.009447393
SSR3,0.5799628
TIPARP-AS1,0.082847826
TIPARP,0.3321434
LEKR1,0.007751455
CCNL1,0.22711317
PTX3,0.0
RSRC1,0.13539106
MLF1-DT,0.024554603
MLF1,0.07494437
GFM1,0.15742083
LXN,0.061236396
RARRES1,0.0015856472
MFSD1,0.1290253
SCHIP1,0.0036161167
IFT80,0.05756545
SMC4,0.0514074
KPNA4,0.18083116
PPM1L,0.09414396
B3GALNT1,0.07291316
NMD3,0.08098708
BCHE,0.0033476236
PDCD10,0.28950778
SERPINI1,0.058334716
GOLIM4,0.22363685
MECOM,0.30746683
MYNN,0.07645762
LRRC34,0.019653028
SEC62,0.9445369
GPR160,0.17950568
PHC3,0.11210186
PRKCI,0.08727703
SKIL,0.10549452
CLDN11,0.0
RPL22L1,0.36138636
EIF5A2,0.01743953
TNIK,0.01783708
PLD1,0.037196364
FNDC3B,0.18242425
TNFSF10,0.29127026
NCEH1,0.064455256
ECT2,0.010654352
TBL1XR1,0.2010648
KCNMB2-AS1,0.0
ZMAT3,0.07991873
PIK3CA,0.100371666
KCNMB3,0.0063826353
ZNF639,0.07853415
MFN1,0.089564584
GNB4,0.060784318
ENSG00000242539,0.0033978017
ACTL6A,0.115357146
MRPL47,0.33025926
NDUFB5,0.82693976
USP13,0.0940806
TTC14,0.17306313
ENSG00000285336,0.0
FXR1,0.398784
DNAJC19,0.82458985
ATP11B,0.098700695
DCUN1D1,0.169083
MCCC1,0.14980686
B3GNT5,0.018320346
KLHL6,0.011690808
KLHL24,0.21786025
YEATS2,0.030910365
PARL,0.20798653
ABCC5,0.1019354
EIF2B5,0.142543
DVL3,0.12422507
AP2M1,0.65433776
ABCF3,0.1020373
ALG3,0.09261483
PSMD2,0.2612697
EIF4G1,0.29183212
FAM131A,0.047498703
POLR2H,0.27220178
CHRD,0.007918301
MAGEF1,0.16142473
VPS8,0.041758228
C3orf70,0.012132507
EHHADH,0.28111765
MAP3K13,0.41242993
TMEM41A,0.069375224
LIPH,0.0639119
SENP2,0.077970594
IGF2BP2,0.04823871
TRA2B,0.23920247
ETV5,0.025442317
DGKG,0.0063202684
TBCCD1,0.026796488
DNAJB11,0.08466205
AHSG,0.003659921
EIF4A2,0.90537137
RFC4,0.02488625
ST6GAL1,0.23803642
RPL39L,0.03698715
MASP1,0.004301887
ENSG00000283175,0.0
BCL6,0.029053582
LPP,0.32427695
TPRG1,0.008559231
P3H2,0.21245958
CLDN1,0.018214436
IL1RAP,0.00961797
CCDC50,0.21874112
FGF12,0.032155026
OPA1,0.16863148
HES1,0.35957628
ATP13A3,0.14108932
TMEM44-AS1,0.03941764
TMEM44,0.023807142
LSG1,0.054019388
FAM43A,0.027170919
XXYLT1,0.027301386
ACAP2,0.21135063
PPP1R2,0.23721991
APOD,0.0
MUC20-OT1,0.1379466
TNK2,0.03112693
TFRC,0.1150942
PCYT1A,0.07871835
DYNLT2B,0.17926921
UBXN7,0.099258155
RNF168,0.0630664
WDR53,0.02670558
FBXO45,0.03286859
NRROS,0.0
PIGX,0.10171006
PAK2,0.2723675
SENP5,0.08160875
NCBP2,0.15838926
NCBP2AS2,0.2664887
PIGZ,0.024005191
MELTF,0.019355059
MELTF-AS1,0.01029406
DLG1,0.124322616
BDH1,0.1270467
RUBCN,0.028257443
FYTTD1,0.17798543
LRCH3,0.063333035
IQCG,0.02722986
RPL35A,2.6446738
LMLN,0.029854145
ZNF595,0.023133682
ZNF718,0.017586319
ZNF141,0.040123723
ZNF721,0.11307205
PIGG,0.061770573
PDE6B,0.0121866325
ATP5ME,2.1976578
SLC49A3,0.04418982
PCGF3,0.08470302
PCGF3-AS1,0.0050865063
CPLX1,0.026026875
GAK,0.20061515
TMEM175,0.08616897
DGKQ,0.02675591
IDUA,0.044380017
FGFRL1,0.06881847
RNF212,0.049999837
SPON2,0.0471976
CTBP1-AS,0.0
CTBP1,0.18839759
CTBP1-DT,0.032553945
MAEA,0.17258134
UVSSA,0.069899835
ENSG00000244459,0.010173855
SLBP,0.19371496
TMEM129,0.15388763
TACC3,0.013975341
LETM1,0.1832509
NSD2,0.045005407
NELFA,0.08061794
NICOL1,0.36399475
HAUS3,0.043736327
MXD4,0.5014245
ZFYVE28,0.03378082
RNF4,0.0935026
FAM193A,0.06864726
TNIP2,0.14278711
SH3BP2,0.082319595
ADD1,0.28593892
MFSD10,0.13240546
NOP14,0.04726109
HTT,0.114201315
RGS12,0.053614885
LRPAP1,0.5185758
ADRA2C,0.043152455
TMEM128,0.15843807
LYAR,0.06013948
ZBTB49,0.009574394
STX18,0.16410044
STX18-AS1,0.0031320674
MSX1,0.002823855
CYTL1,0.0
STK32B,0.071323805
EVC,0.02295513
CRMP1,0.0
WFS1,0.046988282
PPP2R2C,0.0
MAN2B2,0.0747814
MRFAP1,0.6253284
LINC02482,0.08289623
MRFAP1L2,0.04856565
S100P,0.0
MRFAP1L1,0.120579526
BLOC1S4,0.14863944
KIAA0232,0.20065609
TBC1D14,0.17170888
TADA2B,0.06610546
GRPEL1,0.28327578
AFAP1,0.03573308
ABLIM2,0.002143915
SH3TC1,0.0817701
ACOX3,0.023896905
TRMT44,0.017043166
WDR1,0.37773833
ZNF518B,0.03752801
HS3ST1,0.01216471
RAB28,0.08936778
BOD1L1,0.26712596
CPEB2,0.057485785
C1QTNF7,0.0064641577
CC2D2A,0.122676425
FBXL5,0.31895515
FAM200B,0.55057913
BST1,0.011785786
FGFBP2,0.042126935
TAPT1,0.077589944
LDB2,0.08421437
QDPR,0.41844997
LAP3,0.29847345
MED28,0.2091318
FAM184B,0.011337924
DCAF16,0.08038736
LCORL,0.05131482
SLIT2,0.051514894
PACRGL,0.030396473
ADGRA3,0.037782356
DHX15,0.22184646
SOD3,0.22733131
CCDC149,0.019083025
LGI2,0.019591572
SEPSECS,0.06473326
SEPSECS-AS1,0.043416444
PI4K2B,0.019799963
ZCCHC4,0.017634267
ANAPC4,0.059321996
SEL1L3,0.0116645945
SMIM20,0.25280598
RBPJ,0.24788994
STIM2,0.105312265
ARAP2,0.051029652
DTHD1,0.014686786
RELL1,0.016959889
PGM2,0.055633463
TBC1D1,0.36750314
KLF3,0.12806869
TLR10,0.0049180216
TLR1,0.009637614
TLR6,0.0073237573
FAM114A1,0.064284466
TMEM156,0.016918018
KLHL5,0.09021181
WDR19,0.03130229
RFC1,0.24151435
RPL9,2.5589137
LIAS,0.08977385
UGDH,0.087216765
UGDH-AS1,0.0056553623
SMIM14,0.29520062
SMIM14-DT,0.011513818
UBE2K,0.2752995
PDS5A,0.105032206
N4BP2,0.041834265
RHOH,0.024895413
RBM47,0.3816892
APBB2,0.092823476
LIMCH1,0.22140223
TMEM33,0.18643655
SLC30A9,0.22713369
ATP8A1,0.05303088
GUF1,0.078925595
GNPDA2,0.07710585
COMMD8,0.24938604
ATP10D,0.11545537
NFXL1,0.035681967
NIPAL1,0.019106206
CNGA1,0.030086221
TXK,0.022314368
TEC,0.013684736
SLAIN2,0.14477375
FRYL,0.119425446
OCIAD1,0.65792274
OCIAD2,0.8139506
DCUN1D4,0.079531744
SGCB,0.13327621
SPATA18,0.0033767878
USP46,0.088529594
USP46-DT,0.019912949
RASL11B,0.045003768
SCFD2,0.025305333
FIP1L1,0.10977811
LNX1,0.09426487
CHIC2,0.07809466
PDGFRA,0.00722617
KIT,0.017546982
KDR,0.11846468
SRD5A3,0.05550135
TMEM165,0.16199853
CLOCK,0.103278935
EXOC1,0.14000951
CEP135,0.049832072
AASDH,0.08898033
PPAT,0.018267829
PAICS,0.15289691
SRP72,0.1745966
HOPX,0.081053406
REST,0.20484741
NOA1,0.05166873
POLR2B,0.17657574
IGFBP7,1.8110273
ADGRL3,0.028221317
CENPC,0.16197297
UBA6,0.07242187
UBA6-DT,0.032045744
YTHDC1,0.23754838
UGT2B4,0.0
SULT1B1,0.012967142
JCHAIN,0.0065003713
UTP3,0.06705456
RUFY3,0.04727014
GRSF1,0.19572094
MOB1B,0.16349185
DCK,0.057208624
GC,0.0
COX18,0.050132163
ANKRD17,0.1854347
ALB,0.5966069
AFP,0.28253573
CXCL8,0.0
CXCL1,0.0
MTHFD2L,0.21453272
EREG,0.0
AREG,0.039294526
BTC,0.05920496
PARM1,0.04993466
LINC02562,0.037895728
RCHY1,0.13118495
THAP6,0.036925964
G3BP2,0.2934105
USO1,0.23660296
NAAA,0.12825572
SDAD1,0.09807485
NUP54,0.0958407
SCARB2,0.26863632
FAM47E,0.035787936
STBD1,0.005031787
SHROOM3,0.14040612
SEPTIN11,0.14887895
CCNI,1.05425
CCNG2,0.22696234
CXCL13,0.0
CNOT6L,0.23677967
MRPL1,0.27759022
FRAS1,0.055223998
ANXA3,0.092413425
LINC01094,0.0
BMP2K,0.057819918
PAQR3,0.030364895
LINC01088,0.0015110847
ANTXR2,0.035863258
PRDM8,0.007160892
RASGEF1B,0.021325164
ENSG00000273156,0.0063786106
HNRNPD,0.507002
HNRNPDL,0.81701785
ENOPH1,0.116479926
TMEM150C,0.07394688
SCD5,0.28332365
SEC31A,0.31632408
THAP9-AS1,0.04868182
THAP9,0.020841926
LIN54,0.033310167
COPS4,0.15217014
PLAC8,0.044223584
COQ2,0.03280325
HPSE,0.014829072
HELQ,0.05392644
MRPS18C,0.45578274
ABRAXAS1,0.07187069
GPAT3,0.22256847
WDFY3,0.12754358
ARHGAP24,0.5662507
MAPK10,0.06545692
AFF1,0.2268989
KLHL8,0.07734865
HSD17B13,0.0
HSD17B11,0.12924156
NUDT9,0.14961833
SPARCL1,0.1850283
ENSG00000249001,0.0
SPP1,0.8207507
PKD2,0.11999033
ABCG2,0.025952864
PPM1K,0.273587
HERC6,0.014956985
HERC5,0.05189338
PYURF,0.47745317
HERC3,0.06708685
NAP1L5,0.06794115
FAM13A,0.23161685
GPRIN3,0.15020955
SNCA,0.013150188
MMRN1,0.0
CCSER1,0.053139057
SMARCAD1,0.10203145
HPGDS,0.0
PDLIM5,0.17199364
UNC5C,0.0042741783
UNC5C-AS1,0.0
RAP1GDS1,0.057179105
TSPAN5,0.04608544
EIF4E,0.22330508
METAP1,0.099140756
ADH5,0.65950114
ADH4,0.0
ADH6,0.092829525
ADH1A,0.0
ADH1B,0.01059851
ADH1C,0.11209201
TRMT10A,0.053887088
DAPP1,0.011780424
LAMTOR3,0.2644338
DNAJB14,0.18689358
H2AZ1,0.66363573
DDIT4L,0.025362883
EMCN,0.25708666
PPP3CA,0.11874633
ENSG00000254531,0.046450276
BANK1,0.016029775
NFKB1,0.11929233
MANBA,0.055046923
UBE2D3,0.58704597
UBE2D3-AS1,0.010529377
CISD2,0.2507576
SLC9B2,0.0016376926
BDH2,0.75973076
CENPE,0.0
TET2,0.04776517
PPA2,0.29619634
ARHGEF38,0.027687347
INTS12,0.05835808
GSTCD,0.027872065
NPNT,0.051352177
TBCK,0.056544006
AIMP1,0.29625568
PAPSS1,0.10714893
SGMS2,0.10394052
CYP2U1,0.025886286
HADH,0.41189522
LEF1,0.017814409
RPL34,3.246907
OSTC,0.40242854
COL25A1,0.014848138
SEC24B-AS1,0.017189967
SEC24B,0.10183386
MCUB,0.04342524
CASP6,0.076938026
PLA2G12A,0.16654031
CFI,0.15735772
GAR1,0.09103409
ELOVL6,0.03227512
ENPEP,0.14071898
FAM241A,0.054496117
AP1AR,0.09362194
TIFA,0.022819681
ALPK1,0.025960842
LARP7,0.32739362
CAMK2D,0.07758783
NDST4,0.0
SNHG8,0.81072545
METTL14,0.11646289
SEC24D,0.017773978
SYNPO2,0.017738178
USP53,0.31586492
C4orf3,0.8460906
PDE5A,0.016075062
MAD2L1,0.008843338
PRDM5,0.0057719154
ANXA5,0.7177706
EXOSC9,0.074525304
BBS7,0.05541253
BLTP1,0.23700745
BBS12,0.029937893
FGF2,0.08046316
NUDT6,0.117141835
AFG2A,0.028572189
SPRY1,0.15605272
ANKRD50,0.020041004
FAT4,0.037547607
INTU,0.05025298
HSPA4L,0.10094896
PLK4,0.0
MFSD8,0.041409682
ABHD18,0.06531177
LARP1B,0.10333102
PGRMC2,0.23083162
JADE1,0.2485606
SCLT1,0.021477176
C4orf33,0.10362024
PABPC4L,0.0077693644
PCDH18,0.005477981
ELF2,0.14531507
NDUFC1,1.7085975
NAA15,0.05097456
RAB33B-AS1,0.041815523
RAB33B,0.034239512
SETD7,0.07862072
MGST2,0.43164963
MAML3,0.031156478
SCOC,0.42467368
ELMOD2,0.08586976
TBC1D9,0.12032566
RNF150,0.11431464
ZNF330,0.18403803
IL15,0.01947112
INPP4B,0.13720995
USP38,0.075639054
GAB1,0.071064115
SMARCA5,0.24549848
HHIP-AS1,0.0016990673
ANAPC10,0.10555147
ABCE1,0.12319288
OTUD4,0.07893744
SMAD1,0.06464183
ZNF827,0.046914116
LSM6,0.3048618
SLC10A7,0.023404019
EDNRA,0.0051795756
TMEM184C,0.06653042
PRMT9,0.06756904
ARHGAP10,0.03975241
NR3C2,0.1024428
LRBA,0.17676212
RPS3A,2.75614
SH3D19,0.07005204
GATB,0.0578313
FBXW7,0.042704333
TMEM154,0.013329627
ARFIP1,0.11620044
TRIM2,0.33910158
TMEM131L,0.02178156
TLR2,0.013552236
PLRG1,0.13580361
FGB,0.0
FGA,0.0
FGG,0.0
MAP9,0.097298846
GUCY1A1,0.11448931
GUCY1B1,0.04209088
TDO2,0.0
CTSO,0.1273271
PDGFC,0.07916779
GASK1B,0.033136718
GASK1B-AS1,0.0
TMEM144,0.017194461
ETFDH,0.13384028
PPID,0.093934156
FNIP2,0.19736148
RAPGEF2,0.10055442
NAF1,0.036517143
NPY1R,0.080713026
TMA16,0.089409135
MARCHF1,0.018366292
TRIM61,0.0
TMEM192,0.16133043
KLHL2,0.0625597
MSMO1,0.15435624
CPE,0.063829295
DDX60,0.06157479
DDX60L,0.02029812
PALLD,0.097473
CBR4,0.15950489
SH3RF1,0.12273552
NEK1,0.08727984
CLCN3,0.28180563
HPF1,0.15833825
GALNT7,0.04143583
HMGB2,0.38839886
SAP30-DT,0.018626807
SAP30,0.06402725
SCRG1,0.0040643923
HAND2,0.0
HAND2-AS1,0.0
FBXO8,0.14348817
CEP44,0.05540916
GPM6A,0.02563872
SPCS3,0.28772458
VEGFC,0.02334776
AGA,0.08805809
DCTD,0.1654902
WWC2,0.19856095
CDKN2AIP,0.08278769
ING2,0.18440896
RWDD4,0.1461116
TRAPPC11,0.052893654
STOX2,0.026939858
IRF2,0.129672
CASP3,0.03893353
PRIMPOL,0.030702934
ACSL1,0.35893607
SLC25A4,0.7262646
CFAP97,0.23379162
SNX25,0.022805622
ANKRD37,0.061580587
UFSP2,0.24115194
PDLIM3,0.019602232
SORBS2,0.14509836
TLR3,0.036290366
CYP4V2,0.13666984
FAT1,0.1251579
FRG1,0.19726735
CCDC127,0.0810845
SDHA,0.53889745
PDCD6,0.5233156
AHRR,0.0
EXOC3-AS1,0.06566535
EXOC3,0.14394526
SLC9A3,0.46827054
BRD9,0.08778212
TRIP13,0.0
SLC12A7,0.14359534
CLPTM1L,0.21693565
LPCAT1,0.08294461
MRPL36,0.47918594
NDUFS6,1.222405
IRX2,0.18578823
IRX2-DT,0.12221884
ICE1,0.16039169
MED10,0.20024534
NSUN2,0.09030169
SRD5A1,0.04553848
TENT4A,0.05376643
CFAP90,0.016513465
MTRR,0.06184727
FASTKD3,0.0385916
MIR4458HG,0.48027351
SEMA5A,0.02545957
SNHG18,0.20496325
ATPSCKMT,0.04115567
CCT5,0.30324927
CMBL,0.84277123
MARCHF6,0.363865
ROPN1L,0.0
DAP,0.47448626
TRIO,0.061129015
OTULINL,0.049977828
OTULIN,0.058029566
ANKH,0.09093664
FBXL7,0.010722609
ZNF622,0.09233031
RETREG1,0.14162925
MYO10,0.17379776
BASP1,0.027502794
LINC02899,0.0
CDH6,0.060961425
DROSHA,0.055620935
C5orf22,0.036566623
PDZD2,0.030540662
GOLPH3,0.20981544
GOLPH3-DT,0.04376081
MTMR12,0.1326884
ZFR,0.17758231
SUB1,1.1250412
NPR3,0.30805323
TARS1,0.13927816
RAI14-DT,0.0022370736
RAI14,0.09723972
RAD1,0.06831608
BRIX1,0.1139146
DNAJC21,0.24981213
PRLR,0.13580878
SPEF2,0.06438198
IL7R,0.07116691
CAPSL,0.0075366274
LMBRD2,0.056604598
NADK2,0.080929376
RANBP3L,0.09531752
SLC1A3,0.007773594
NIPBL,0.20164609
CPLANE1,0.06119184
NUP155,0.039530564
WDR70,0.07430347
LIFR,0.33064628
OSMR,0.03231974
RICTOR,0.11547755
FYB1,0.07480597
DAB2,0.6073968
TTC33,0.065521985
PTGER4,0.013410713
PRKAA1,0.1398595
RPL37,2.8971574
CARD6,0.018096352
C7,0.015896201
PLCXD3,0.0043122657
OXCT1,0.2752163
RIMOC1,0.071378104
FBXO4,0.03616174
GHR,0.050909728
CCDC152,0.009689645
SELENOP,1.2436045
ANXA2R,0.04147751
ZNF131,0.09597593
HMGCS1,0.10582563
TMEM267,0.047342863
PAIP1,0.21277378
NNT-AS1,0.13179076
NNT,0.2974439
FGF10,0.0
MRPS30,0.14970979
EMB,0.03580312
PARP8,0.053785857
ITGA1,0.12278586
PELO,0.07204701
ITGA2,0.14293025
MOCS2,0.53581834
NDUFS4,0.61153156
ENSG00000272416,0.009084963
ARL15,0.07491176
SNX18,0.114663
GZMK,0.074202456
GZMA,0.10909125
GPX8,0.023408534
DHX29,0.25368872
MTREX,0.15633355
PLPP1,0.28027007
SLC38A9,0.024680607
IL6ST,0.5248794
ANKRD55,0.0
MAP3K1,0.089354366
SETD9,0.06429603
MIER3,0.042372465
GPBP1,0.2912634
RMEL3,0.0
PLK2,0.043787602
GAPT,0.012427673
RAB3C,0.0014667959
PDE4D,0.13515665
ERCC8,0.01821884
NDUFAF2,0.21621434
SMIM15,0.20383167
ZSWIM6,0.0606899
KIF2A,0.088389106
DIMT1,0.04254605
IPO11,0.054786425
RNF180,0.046703007
RGS7BP,0.014114226
SREK1IP1,0.2026367
CWC27,0.06963368
ADAMTS6,0.02840936
PPWD1,0.08100902
TRIM23,0.06397197
TRAPPC13,0.061005305
SHLD3,0.016067741
SGTB,0.02715661
NLN,0.056630295
ERBIN,0.2469332
SREK1,0.17590214
MAST4,0.12064123
CD180,0.0
PIK3R1,0.32099488
SLC30A5,0.112748265
CCNB1,0.021827685
CENPH,0.011688844
KGD4,0.75669366
CDK7,0.041736875
CCDC125,0.02565893
AK6,0.2579932
TAF9,0.15362473
RAD17,0.12525405
MARVELD2,0.109310545
OCLN,0.18759681
GTF2H2C,0.04929978
SMN1,0.024155071
NAIP,0.016675625
GTF2H2,0.16031086
BDP1,0.14946759
MCCC2,0.24169643
MAP1B,0.03930803
MRPS27,0.13267432
PTCD2,0.028944414
ZNF366,0.026979549
TNPO1,0.21101907
FCHO2,0.12248193
BTF3,1.4432338
ANKRA2,0.051843848
UTP15,0.025083983
ARHGEF28,0.14351174
ENC1,0.01365491
HEXB,0.13373382
GFM2,0.093273915
NSA2,0.69046
HMGCR,0.10473326
CERT1,0.1644071
POLK,0.13783923
ANKDD1B,0.01331331
POC5,0.013505629
IQGAP2,0.20334911
F2R,0.037596975
S100Z,0.0
CRHBP,0.145418
AGGF1,0.06748262
ZBED3,0.10305498
ZBED3-AS1,0.022964263
PDE8B,0.028607126
WDR41,0.05305885
TBCA,1.1521605
AP3B1,0.20160142
SCAMP1-AS1,0.05044918
SCAMP1,0.13200468
LHFPL2,0.012064169
ARSB,0.023151621
DMGDH,0.17252709
BHMT,0.5093145
JMY,0.07215708
TENT2,0.08703283
CMYA5,0.08694173
MTX3,0.072673954
SERINC5,0.03593706
ZFYVE16,0.17141351
FAM151B-DT,0.037620224
DHFR,0.07537519
MSH3,0.083286375
RASGRF2,0.024378411
CKMT2-AS1,0.038965486
ZCCHC9,0.10145551
SSBP2,0.08973951
ATG10,0.018773697
RPS23,3.2460515
ATP6AP1L,0.01605741
TMEM167A,0.33143792
XRCC4,0.05415454
VCAN,0.010704332
EDIL3,0.02413178
COX7C,2.7634592
RASA1,0.07490375
CCNH,0.18456355
TMEM161B,0.073137075
TMEM161B-DT,0.14520882
MEF2C,0.23025025
CETN3,0.11104971
POLR3G,0.0
LYSMD3,0.096985705
ARRDC3,0.23016572
NR2F1-AS1,0.03893171
NR2F1,0.17766716
ARB2A,0.1577008
POU5F2,0.0
KIAA0825,0.013387116
SLF1,0.039729226
MCTP1,0.008245144
SKIC3,0.27106598
ARSK,0.049223937
RHOBTB3,0.48756352
GLRX,0.9092255
ELL2,0.09740975
CAST,0.46129084
ERAP1,0.058236483
ENSG00000248734,0.0
ERAP2,0.02876697
LNPEP,0.1687553
RIOK2,0.06046056
CHD1,0.11264043
FAM174A,0.15404122
ST8SIA4,0.017923465
PAM,0.16623458
GIN1,0.055759702
PPIP5K2,0.15448661
MACIR,0.030096423
NUDT12,0.12531863
FBXL17,0.10477949
LINC01023,0.11900568
FER,0.058359563
ENSG00000249476,0.0
PJA2,0.36381015
MAN2A1,0.183534
SLC25A46,0.09943021
TSLP,0.0
WDR36,0.06000782
CAMK4,0.008300374
STARD4,0.024048012
STARD4-AS1,0.0
NREP,0.11214839
EPB41L4A,0.074015096
EPB41L4A-AS1,0.26221988
APC,0.106068455
SRP19,0.21529882
REEP5,0.59021896
DCP2,0.10743601
MCC,0.032351438
YTHDC2,0.0784693
PGGT1B,0.112472855
CCDC112,0.03441309
FEM1C,0.07485843
TMED7,0.2452073
ATG12,0.1391304
AP3S1,0.15297064
COMMD10,0.1529708
SEMA6A,0.07080427
DMXL1,0.17398696
TNFAIP8,0.105464995
HSD17B4,0.3254723
PRR16,0.0
ENSG00000248927,0.0
SRFBP1,0.106721886
SNCAIP,0.0073032165
SNX2,0.27432516
SNX24,0.08091066
PPIC,0.17002094
CEP120,0.050035775
CSNK1G3,0.105058186
ZNF608,0.033524442
GRAMD2B,0.09698566
ALDH7A1,0.34721428
PHAX,0.15818484
LMNB1,0.005993816
MARCHF3,0.01200445
C5orf63,0.032803454
PRRC1,0.11770475
SLC12A2-DT,0.1017076
SLC12A2,0.079043165
ISOC1,0.18280998
HINT1,1.7903523
LYRM7,0.094881974
CDC42SE2,0.22797744
FNIP1,0.063149005
ACSL6,0.043896448
P4HA2,0.05442055
PDLIM4,0.1539107
SLC22A5,0.0699119
ENSG00000283782,0.0032201516
IRF1,0.07210949
RAD50,0.028058585
KIF3A,0.07957931
CCNI2,0.0012863642
SEPTIN8,0.0834655
SHROOM1,0.03292757
UQCRQ,1.823722
LEAP2,0.03251966
AFF4,0.22181915
ZCCHC10,0.12090447
HSPA4,0.22640619
ENSG00000250244,0.008495832
C5orf15,0.15037662
VDAC1,0.82241946
ENSG00000271737,0.030890597
TCF7,0.014913901
SKP1,1.5672703
PPP2CA,0.23650365
CDKL3,0.022539245
UBE2B,0.5740037
ENSG00000248559,0.0
CDKN2AIPNL,0.13933097
JADE2,0.08600085
SAR1B,0.27008963
SEC24A,0.04195383
CAMLG,0.2738522
DDX46,0.2609845
C5orf24,0.30060092
TXNDC15,0.16586837
PCBD2,0.066008046
PITX1,0.0
MACROH2A1,0.31072217
TGFBI,0.020622497
SMAD5-AS1,0.004631806
SMAD5,0.24387284
KLHL3,0.055817682
HNRNPA0,0.32597053
FAM13B,0.08091685
NME5,0.112890564
BRD8,0.14147681
CDC23,0.08745118
FAM53C,0.048811916
KDM3B,0.1099399
REEP2,0.0024124528
EGR1,0.18940333
ETF1,0.17400378
HSPA9,0.5913569
CTNNA1,0.5448569
SIL1,0.26222762
MATR3,0.0
PAIP2,0.56563115
PROB1,0.0064785266
DNAJC18,0.022820272
ECSCR,0.035896923
STING1,0.07337889
UBE2D2,0.47402072
CXXC5,0.31296164
NRG2,0.024096629
MALINC1,0.014778697
PURA,0.348823
IGIP,0.05508046
CYSTM1,1.6338671
PFDN1,0.32330945
HBEGF,0.06859583
ANKHD1,0.035658684
SRA1,0.2389447
EIF4EBP3,0.015342534
APBB3,0.039887365
SLC35A4,0.17076203
CD14,0.054808512
NDUFA2,1.289176
TMCO6,0.011192879
IK,0.3253255
WDR55,0.067921974
HARS1,0.11790638
HARS2,0.04985488
ZMAT2,0.28344396
TAF7,0.29790667
PCDHGA5,0.0
PCDHGA6,0.005148994
PCDHGA8,0.0047653364
PCDHGA10,0.003800712
PCDHGA12,0.0
DIAPH1,0.20611174
HDAC3,0.076632574
RELL2,0.020282408
FCHSD1,0.006454364
ARAP3,0.024588775
PCDH1,0.12866189
DELE1,0.099622086
PCDH12,0.029207867
RNF14,0.13389225
GNPDA1,0.20658866
NDFIP1,0.55107427
SPRY4,0.043552637
ARHGAP26,0.038021334
NR3C1,0.22021668
YIPF5,0.15237676
LARS1,0.2575775
RBM27,0.044478215
TCERG1,0.07876708
DPYSL3,0.011859288
JAKMIP2,0.004864659
FBXO38,0.05142009
ADRB2,0.015086208
AFAP1L1,0.030771233
GRPEL2,0.040655106
PCYOX1L,0.013259266
IL17B,0.0060315994
CARMN,0.014356938
LNPPS,0.0
CSNK1A1,0.3595533
ARHGEF37,0.03193511
PPARGC1B,0.005502351
SLC26A2,0.034106333
TIGD6,0.029348804
HMGXB3,0.08927651
CSF1R,0.024972608
PDGFRB,0.027654104
TCOF1,0.04997119
CD74,0.86254865
RPS14,2.9998145
NDST1,0.038059607
SYNPO,0.082594894
RBM22,0.13470398
DCTN4,0.13809419
SMIM3,0.07832475
ZNF300,0.012586158
GPX3,1.4994159
TNIP1,0.23205568
ANXA6,0.21502803
CCDC69,0.032312736
GM2A,0.058684148
SLC36A1,0.01620616
SPARC,0.2674004
ATOX1,1.2316101
G3BP1,0.31573948
FAM114A2,0.07517568
MFAP3,0.014437985
GALNT10,0.097513735
SAP30L,0.11932206
LARP1,0.3291608
FAXDC2,0.095608905
CNOT8,0.07553643
GEMIN5,0.039489124
MRPL22,0.34947616
HAVCR2,0.053259034
MED7,0.13044578
CYFIP2,0.8251025
ADAM19,0.003324832
THG1L,0.03132987
LSM11,0.015494867
CLINT1,0.40827298
EBF1,0.03419693
RNF145,0.16296332
UBLCP1,0.11325561
TTC1,0.22247137
PWWP2A,0.06261376
C1QTNF2,0.0
FAM200C,0.017792802
SLU7,0.15603408
PTTG1,0.015070297
CCNG1,0.24280544
NUDCD2,0.25546595
MAT2B,0.23871967
WWC1,0.22174864
RARS1,0.13258782
PANK3,0.13561064
SLIT3,0.040587448
SPDL1,0.019533005
DOCK2,0.022410545
LCP2,0.018640881
KCNMB1,0.008250207
RANBP17,0.010470551
NPM1,1.3756936
FBXW11,0.21940807
STK10,0.022322426
UBTD2,0.06768793
SH3PXD2B,0.011963092
NEURL1B,0.0149185695
DUSP1,0.614375
ERGIC1,0.20676981
RPL26L1,0.3151167
ATP6V0E1,1.1582261
CREBRF,0.2960039
BNIP1,0.042508453
STC2,0.0046429923
BOD1,0.14275743
CPEB4,0.37946168
DRD1,0.0
SFXN1,0.20509861
HRH2,0.01639359
THOC3,0.058164623
SIMC1,0.01774608
KIAA1191,0.3965612
ARL10,0.006791447
NOP16,0.078995004
HIGD2A,0.9248225
CLTB,0.5156922
FAF2,0.08135357
RNF44,0.09324886
EIF4E1B,0.0014442212
TSPAN17,0.04347645
HK3,0.005359756
UIMC1,0.047002144
ZNF346,0.04160227
NSD1,0.19363119
MXD3,0.01170432
PRELID1,0.90543294
LMAN2,0.48266825
RGS14,0.07882393
F12,0.0
GRK6,0.056456957
PRR7,0.01231015
DBN1,0.12733233
PDLIM7,0.048738174
DOK3,0.003957894
DDX41,0.11753717
FAM193B,0.04429832
TMED9,0.34254372
B4GALT7,0.0808656
N4BP3,0.008946631
RMND5B,0.087940514
NHP2,0.45989117
HNRNPAB,0.23439215
PHYKPL,0.09739602
CLK4,0.11386171
ZNF354A,0.033205293
ZNF354B,0.026066987
ZNF354C,0.017372768
ADAMTS2,0.0
RUFY1,0.115660444
HNRNPH1,0.6244391
CANX,0.8234765
MAML1,0.05232349
LTC4S,0.09818303
MGAT4B,0.23564644
SQSTM1,0.7415727
MRNIP,0.055484492
MRNIP-DT,0.00804072
TBC1D9B,0.14297387
RNF130,0.21671812
MAPK9,0.08909373
CNOT6,0.06892613
FLT4,0.032234948
MGAT1,0.18933596
LINC00847,0.029594904
ZFP62,0.046397272
BTNL9,0.06408786
TRIM7-AS2,0.051842313
TRIM7,0.009111706
TRIM41,0.058393452
RACK1,2.136734
TRIM52,0.047284048
DUSP22,0.05882454
IRF4,0.0
EXOC2,0.042457968
ENSG00000272463,0.0030043249
FOXC1,0.1171029
GMDS,0.17869036
GMDS-DT,0.03143767
WRNIP1,0.0895332
SERPINB1,0.26516667
SERPINB9,0.024984205
SERPINB6,0.41820952
LINC01011,0.008495892
NQO2,0.6880914
RIPK1,0.06797591
BPHL,0.4061231
TUBB2A,0.26334453
TUBB2B,0.25413397
PSMG4,0.24806325
SLC22A23,0.0536574
PXDC1,0.082968295
FAM50B,0.10213806
PRP4K,0.34386623
ECI2,0.7624037
CDYL,0.060456917
PPP1R3G,0.0
LYRM4,0.076798946
FARS2,0.06094899
NRN1,0.03143885
F13A1,0.04376094
LY86,0.022296958
RREB1,0.14036195
SSR1,0.31310993
RIOK1,0.04384477
DSP,0.27559412
SNRNP48,0.058852267
BLOC1S5,0.12525934
EEF1E1,0.28339177
SLC35B3,0.05606152
TFAP2A,0.04803602
GCNT2,0.11106427
PAK1IP1,0.03878393
TMEM14C,0.68292105
TMEM14B,0.6358184
SYCP2L,0.0
ELOVL2,0.0
SMIM13,0.026081704
NEDD9,0.28778243
TMEM170B,0.038850874
HIVEP1,0.059439883
EDN1,0.039812736
PHACTR1,0.11540996
TBC1D7,0.07820299
GFOD1,0.049071904
SIRT5,0.10216128
NOL7,0.4040462
RANBP9,0.0817712
MCUR1,0.3128465
CD83,0.05336283
JARID2,0.06241942
DTNBP1,0.10026695
MYLIP,0.10708256
GMPR,0.14835155
ATXN1,0.11261008
RBM24,0.006456303
CAP2,0.023946965
FAM8A1,0.09153554
NUP153,0.0560082
NUP153-AS1,0.011031888
KIF13A,0.05050087
TPMT,0.33498517
KDM1B,0.021859929
DEK,0.432071
RNF144B,0.1100389
ID4,0.12375692
E2F3,0.03845875
CDKAL1,0.045927085
SOX4,0.12342693
MRS2,0.12900327
TDP2,0.20912026
ACOT13,0.36266002
ENSG00000272345,0.0032033024
C6orf62,0.30788672
GMNN,0.19244416
RIPOR2,0.040292267
CARMIL1,0.13110323
TRIM38,0.10783086
H1-2,0.32491457
HFE,0.014626634
H4C3,1.3247226
H2BC4,0.024804126
H2AC6,0.12846906
H1-4,0.070248134
H2BC5,0.048085615
ENSG00000282988,0.0074174795
H4C5,0.010456377
H1-3,0.025358178
H4C8,0.016815053
BTN3A2,0.006839776
BTN2A2,0.018338444
BTN3A1,0.021928275
BTN3A3,0.046466507
BTN2A1,0.051894475
HCG11,0.03487836
HMGN4,0.012372154
ABT1,0.106667854
ZNF322,0.095801845
ZNF391,0.0067672813
H4C11,0.012751953
H2BC15,0.0
ZSCAN16-AS1,0.618217
ZKSCAN8,0.032559533
ZSCAN9,0.019089868
ZKSCAN4,0.008749593
ZSCAN26,0.022149669
PGBD1,0.007248532
ZKSCAN3,0.013201083
ZSCAN12,0.009854858
TRIM27,0.08217336
UBD,0.01512696
GABBR1,0.017989023
HLA-F,0.17196396
HLA-A,1.2634593
POLR1H,0.17950465
PPP1R11,0.20221023
TRIM26,0.10856899
HCG18,0.0713781
TRIM39,0.032188475
RPP21,0.06556383
HLA-E,0.75613123
GNL1,0.16017413
PRR3,0.018402088
ABCF1,0.1922435
PPP1R10,0.2559962
MRPS18B,0.34683707
ATAT1,0.013529268
C6orf136,0.12149679
DHX16,0.054923702
PPP1R18,0.044147104
NRM,0.019946666
MDC1,0.0624384
TUBB,0.52540565
FLOT1,0.34647056
IER3,0.4596366
DDR1,0.31643775
VARS2,0.034938283
PSORS1C1,0.0
CCHCR1,0.065658964
TCF19,0.028676968
ENSG00000272501,0.0068592587
HCG27,0.0052684117
HLA-C,1.1544812
HLA-B,1.1411463
MICA,0.052685693
DDX39B,0.040087994
NFKBIL1,0.102814585
TNF,0.009606389
LTB,0.1185484
LST1,0.06836471
NCR3,0.027362281
AIF1,0.07565944
PRRC2A,0.24202342
BAG6,0.26444128
C6orf47,0.083139576
GPANK1,0.11489223
CSNK2B,0.62766325
LY6G5C,0.018851792
ABHD16A,0.020914886
LY6G6C,0.0
DDAH2,0.38388366
CLIC1,0.9690779
VARS1,0.08914305
LSM2,0.24972321
HSPA1A,0.7251787
HSPA1B,0.37988037
SNHG32,0.3265309
NEU1,0.17576966
SLC44A4,0.042564243
EHMT2,0.08191909
C2,0.00995895
NELFE,0.26166296
SKIC2,0.05708368
DXO,0.067686476
STK19,0.09054374
TNXB,0.014371119
ATF6B,0.12288454
FKBPL,0.025823161
PRRT1,0.005216417
PPT2,0.023050519
AGPAT1,0.17913973
RNF5,0.44573677
AGER,0.01609114
PBX2,0.081385635
GPSM3,0.088533156
NOTCH4,0.06618178
HLA-DRA,0.48510647
HLA-DRB5,0.0
HLA-DRB1,0.6101455
HLA-DQA1,0.13057269
HLA-DQB1,0.10847914
HLA-DQA2,0.0
TAP2,0.046326466
PSMB8,0.2688752
PSMB8-AS1,0.059813634
PSMB9,0.21550688
TAP1,0.076891236
HLA-DMB,0.06333679
HLA-DMA,0.22788018
BRD2,0.33384448
HLA-DOA,0.04856491
HLA-DPA1,0.31810167
HLA-DPB1,0.31762606
RXRB,0.090161175
SLC39A7,0.19408955
HSD17B8,0.23775187
RING1,0.13466609
VPS52,0.060848046
RPS18,3.2689352
B3GALT4,0.03681819
WDR46,0.09696861
PFDN6,0.2182803
RGL2,0.10488086
TAPBP,0.24152955
ZBTB22,0.05079549
DAXX,0.0573073
PHF1,0.17134485
CUTA,0.9892614
SYNGAP1,0.017071852
BAK1,0.058583904
UQCC2,0.5328723
LEMD2,0.06591446
HMGA1,0.081027225
SMIM29,0.08445794
NUDT3,0.26581675
RPS10,1.8002882
SPDEF,0.0
ILRUN,0.12783577
ILRUN-AS1,0.15137587
SNRPC,0.3742856
BLTP3A,0.028246865
TAF11,0.16741604
ANKS1A,0.10373968
SCUBE3,0.011208297
ZNF76,0.0880205
DEF6,0.02300738
PPARD,0.049436986
RPL10A,1.964056
TEAD3,0.030146142
FKBP5,0.6608442
SRPK1,0.062187184
MAPK14,0.07073224
MAPK13,0.083677724
BRPF3,0.069906324
ETV7,0.0012906367
KCTD20,0.1051848
STK38,0.06674809
SRSF3,0.6017357
CDKN1A,0.1276813
PPIL1,0.043856405
C6orf89,0.17582119
MTCH1,0.51192695
FGD2,0.0112590175
PIM1,0.058614943
TBC1D22B,0.0339942
RNF8,0.097543575
CMTR1,0.051090304
CCDC167,0.09623726
ZFAND3,0.19781123
BTBD9,0.059897073
GLO1,0.39805862
SAYSD1,0.07262759
KCNK17,0.0
DAAM2,0.008147927
MOCS1,0.046292882
OARD1,0.23854838
NFYA,0.010608202
TREM2,0.0070846523
TREM1,0.0
FOXP4-AS1,0.008834927
FOXP4,0.05278445
TFEB,0.12136766
FRS3,0.020952951
MED20,0.019559335
BYSL,0.022720167
CCND3,0.22476062
TAF8,0.103204384
C6orf132,0.014865002
MRPS10,0.16230853
TRERF1,0.016650286
UBR2,0.12915148
TBCC,0.10352242
BICRAL,0.038070925
RPL7L1,0.2565219
C6orf226,0.16685566
PTCRA,0.0
CNPY3,0.13790092
LINC02976,0.0
GNMT,0.012860386
PPP2R5D,0.0563864
MEA1,0.24145955
KLHDC3,0.22506504
RRP36,0.1351223
CUL7,0.050732106
KLC4,0.06204824
MRPL2,0.3303741
PTK7,0.08810531
SRF,0.052482657
CUL9,0.04462857
DNPH1,0.95083785
ZNF318,0.043643508
ABCC10,0.021025313
TJAP1,0.05868544
POLR1C,0.06917091
YIPF3,0.38605693
XPO5,0.049401186
GTPBP2,0.04713304
MAD2L1BP,0.07884821
MRPS18A,0.18012157
VEGFA,0.2373755
MRPL14,0.40760866
TMEM63B,0.09495376
SLC29A1,0.08182215
HSP90AB1,1.2691804
SLC35B2,0.11890449
NFKBIE,0.019066487
CDC5L,0.17082296
SUPT3H,0.0365093
RUNX2,0.0076393196
CLIC5,0.0079483185
ENPP4,0.073779605
ENPP5,0.05967523
RCAN2,0.13542521
SLC25A27,0.037604176
PLA2G7,0.0
ADGRF5,0.21231145
TNFRSF21,0.11411004
CD2AP,0.22793812
MMUT,0.25516215
CENPQ,0.019585252
MCM3,0.09384872
PAQR8,0.027099565
EFHC1,0.046097513
TRAM2,0.029850388
TRAM2-AS1,0.033009373
TMEM14A,0.2542753
GSTA2,1.0321624
GSTA1,0.8510422
GSTA4,0.1274202
CILK1,0.049701005
FBXO9,0.23151667
ELOVL5,0.069557965
GCLC,0.049696878
LRRC1,0.025236199
HMGCLL1,0.0
BMP5,0.0
COL21A1,0.0
DST,0.3173896
KIAA1586,0.051534988
ZNF451,0.11293637
BAG2,0.027551088
RAB23,0.012574374
PTP4A1,0.18391499
PHF3,0.27655986
ADGRB3,0.0
LMBRD1,0.40557262
FAM135A,0.054198388
SDHAF4,0.08702052
SMAP1,0.115841374
B3GAT2,0.014211528
OGFRL1,0.05542187
LINC00472,0.041995514
CGAS,0.012807271
MTO1,0.08200346
EEF1A1,4.018219
SLC17A5,0.06871447
CD109,0.0850498
COL12A1,0.038661357
COX7A2,1.616187
TMEM30A,0.25406513
FILIP1,0.040715817
SENP6,0.26342207
MYO6,0.40960243
IRAK1BP1,0.036284477
PHIP,0.16984177
HMGN3,0.99289864
LCA5,0.012254298
SH3BGRL2,0.032174308
BCKDHB,0.16255994
TENT5A,0.05736034
IBTK,0.13502932
TPBG,0.009666051
UBE3D,0.014462127
DOP1A,0.05989801
PGM3,0.04395984
RWDD2A,0.04030145
ME1,0.011635681
CYB5R4,0.054513462
CEP162,0.05223116
NT5E,0.041077536
SNX14,0.14329812
SYNCRIP,0.29478666
CGA,0.006645458
ZNF292,0.17858033
SMIM8,0.09163515
SLC35A1,0.052859746
RARS2,0.061437845
ORC3,0.07928019
AKIRIN2,0.0686257
RNGTT,0.031635728
PNRC1,0.7313692
PM20D2,0.048552074
UBE2J1,0.16903938
RRAGD,0.3153676
ANKRD6,0.046219006
LYRM2,0.22400239
MDN1,0.0611606
CASP8AP2,0.054845218
MAP3K7,0.07578399
MANEA,0.06769984
UFL1,0.15201758
FHL5,0.013506522
NDUFAF4,0.2681689
MMS22L,0.019576715
FBXL4,0.10852707
COQ3,0.06222913
PNISR,0.42762575
USP45,0.025917273
CCNC,0.19967872
ASCC3,0.08176126
HACE1,0.040642574
PREP,0.021848677
ATG5,0.10546236
PRDM1,0.071183905
CRYBG1,0.10066154
RTN4IP1,0.038075376
QRSL1,0.07823192
CD24,1.222002
MTRES1,0.19815782
SOBP,0.025166893
SCML4,0.01615287
SEC63,0.17255235
OSTM1,0.066406034
SNX3,0.6635542
AFG1L,0.021946846
FOXO3,0.2572472
ARMC2,0.015064675
SESN1,0.096045315
CEP57L1,0.035927393
CD164,0.45830742
SMPD2,0.022627302
MICAL1,0.016590923
ZBTB24,0.053420212
AK9,0.0344804
FIG4,0.0461449
WASF1,0.01934594
CDC40,0.17541976
CDK19,0.04649699
AMD1,0.34106728
GTF3C6,0.49703676
RPF2,0.1189335
MFSD4B,0.016483197
REV3L,0.09118397
ENSG00000272356,0.007927656
TRAF3IP2-AS1,0.027262067
TRAF3IP2,0.029867522
FYN,0.107579485
TUBE1,0.06270887
FAM229B,0.20604055
LAMA4,0.018746285
MARCKS,0.23554903
MROCKI,0.0
HDAC2,0.17210992
NT5DC1,0.21353339
COL10A1,0.0
TSPYL4,0.08290459
DSE,0.04221992
TSPYL1,0.427356
CALHM6,0.02109352
RWDD1,0.45959377
ZUP1,0.04412213
KPNA5,0.0685341
FAM162B,0.0109218275
DCBLD1,0.01119982
GOPC,0.12489077
NUS1,0.13182472
CEP85L,0.01877193
PLN,0.03355461
MCM9,0.043854054
ASF1A,0.10133741
MAN1A1,0.35067585
GJA1,0.015355839
HSF2,0.03260631
SERINC1,0.47644547
PKIB,0.044022102
SMPDL3A,0.16478688
RNF217,0.029755611
TPD52L1,0.16920547
HDDC2,0.44151327
HEY2,0.028776627
NCOA7,0.31303263
HINT3,0.1199783
TRMT11,0.07768988
CENPW,0.007945486
RSPO3,0.0
RNF146,0.14999089
ECHDC1,0.28817064
THEMIS,0.01925168
PTPRK,0.06525618
LAMA2,0.01406669
ARHGAP18,0.27334464
L3MBTL3,0.037488297
SAMD3,0.023376746
EPB41L2,0.08453753
AKAP7,0.06239935
ARG1,0.0
MED23,0.04991314
CCN2,0.09528816
STX7,0.26109362
VNN1,0.02112986
VNN2,0.009712677
SLC18B1,0.064230986
RPS12,3.1566248
TCF21,0.012477907
TBPL1,0.05606349
SGK1,0.35396942
LINC03002,0.016903026
HBS1L,0.08932456
AHI1,0.10228974
PDE7B,0.033605166
BCLAF1,0.2667473
MAP3K5,0.040593628
PEX7,0.089233294
IFNGR1,0.18540719
WAKMAR2,0.014069303
TNFAIP3,0.053605024
PERP,0.2392755
HEBP2,0.47807357
NHSL1,0.055383638
NHSL1-AS1,0.020372184
CCDC28A,0.27664968
REPS1,0.054300454
ABRACL,0.25469667
HECA,0.06309949
CITED2,0.24113058
ENSG00000234147,0.0
VTA1,0.0902839
ADGRG6,0.02672929
HIVEP2,0.07042687
AIG1,0.38867778
ADAT2,0.014751268
PEX3,0.09214521
FUCA2,0.21083584
PHACTR2,0.12872908
LTV1,0.05372982
PLAGL1,0.06386627
SF3B5,0.68847054
STX11,0.0058101905
UTRN,0.26571858
EPM2A,0.042308815
FBXO30,0.07003775
SHPRH,0.14148243
RAB32,0.122463495
STXBP5,0.03084599
SAMD5,0.035998717
SASH1,0.1147545
TAB2,0.14733577
PPIL4,0.14021665
GINM1,0.40192723
KATNA1,0.091701716
LATS1,0.08341529
ENSG00000278899,0.007884553
NUP43,0.03127029
PCMT1,0.26268724
LRP11,0.054292116
ULBP2,0.0036477481
PLEKHG1,0.026940452
MTHFD1L,0.015996225
AKAP12,0.12525886
ZBTB2,0.01695261
RMND1,0.10235397
ARMT1,0.16074237
ESR1,0.018465918
SYNE1,0.38271195
MYCT1,0.062833875
FBXO5,0.014003692
MTRF1L,0.08676406
IPCEF1,0.034200113
CNKSR3,0.1295599
SCAF8,0.050936494
TIAM2,0.016337331
TFB1M,0.03928076
ARID1B,0.20318231
TMEM242,0.089634
ZDHHC14,0.12397829
SNX9,0.19796717
SYNJ2,0.022389386
SERAC1,0.022669133
GTF2H5,0.6017741
TULP4,0.11492849
TMEM181,0.036019955
DYNLT1,0.8323855
SYTL3,0.03245826
EZR,0.6273179
LINC02901,0.0
TAGAP,0.028472865
SOD2,0.0
WTAP,0.23928447
ACAT2,0.15179168
TCP1,0.36392128
MRPL18,0.3576661
IGF2R,0.2711637
MAP3K4,0.07745226
AGPAT4,0.059012856
CAHM,0.038977478
QKI,0.23759809
PDE10A,0.057193235
SFT2D1,0.3944114
MPC1,1.1427805
RPS6KA2,0.09490492
ENSG00000249141,0.0
RNASET2,0.2088466
CEP43,0.029342234
CCR6,0.0
AFDN,0.25891048
SMOC2,0.002047997
THBS2,0.0
WDR27,0.039426822
C6orf120,0.06755689
PHF10,0.1655673
ERMARD,0.044440817
ENSG00000273100,0.0
DLL1,0.023697142
FAM120B,0.08647483
PSMB1,0.95675
TBP,0.044826604
PDCD2,0.19226554
LINC03014,0.010188471
FAM20C,0.14346153
PDGFA,0.08471362
PRKAR1B,0.1267258
DNAAF5,0.047565874
SUN1,0.16247949
ADAP1,0.07763675
COX19,0.11207971
C7orf50,0.553004
GPR146,0.040561125
ZFAND2A,0.054151494
ZFAND2A-DT,0.024473943
MICALL2,0.018240444
INTS1,0.09662115
MAFK,0.08329732
PSMG3,0.15298796
PSMG3-AS1,0.035857737
MAD1L1,0.06568332
MRM2,0.076863006
NUDT1,0.056473427
SNX8,0.0677498
EIF3B,0.1840412
CHST12,0.06431404
LFNG,0.011071961
BRAT1,0.070837006
IQCE,0.033610407
TTYH3,0.057977747
AMZ1,0.0
GNA12,0.05899123
CARD11,0.011794221
FOXK1,0.11006579
AP5Z1,0.039487083
RADIL,0.0
RBAK-RBAKDN,0.027734628
RBAK,0.036880538
WIPI2,0.21875027
TNRC18,0.19234064
ACTB,2.1154356
FSCN1,0.059380542
RNF216,0.1171086
CCZ1,0.14341149
PMS2,0.05876779
AIMP2,0.13358821
EIF2AK1,0.23742901
USP42,0.053271454
CYTH3,0.06389699
FAM220A,0.030871827
RAC1,0.95797133
DAGLB,0.021707999
KDELR2,0.3512223
ZDHHC4,0.13103443
INTS15,0.054447804
ZNF853,0.006309469
ZNF316,0.053556956
ZNF12,0.07680919
CCZ1B,0.025304914
C1GALT1,0.08033882
MIOS,0.07053313
RPA3,0.5547311
UMAD1,0.084560536
GLCCI1,0.054358218
ICA1,0.09246761
NDUFA4,2.3304946
PHF14,0.15618068
THSD7A,0.155881
TMEM106B,0.25111455
ARL4A,0.1044391
ETV1,0.018098542
MEOX2,0.0026681682
ANKMY2,0.064963385
BZW2,0.116304725
TSPAN13,0.03005214
AGR2,0.060564112
AGR3,0.0054277875
AHR,0.070698105
ENSG00000237773,0.01914486
SNX13,0.14039887
HDAC9,0.029693974
POLR1F,0.10833547
MACC1,0.08246031
SP4,0.038972575
CDCA7L,0.008995489
RAPGEF5,0.06691505
STEAP1B-AS1,0.0
TOMM7,1.6970072
HYCC1,0.016392466
KLHL7,0.05429009
NUP42,0.10452362
GPNMB,0.17475083
MALSU1,0.2714268
TRA2A,0.14587885
CCDC126,0.03654457
GSDME,0.050512567
OSBPL3,0.124813
CYCS,0.9251963
NFE2L3,0.01037405
HNRNPA2B1,1.218358
CBX3,0.45315415
SNX10,0.19405986
SKAP2,0.2254327
HOTAIRM1,0.34980324
HOXA-AS2,0.07320728
HOXA4,0.023296257
HOXA5,0.099871725
HIBADH,0.5496233
TAX1BP1,0.5505187
JAZF1,0.026308414
CREB5,0.012918285
TRIL,0.022549037
CPVL,0.37663817
CHN2,0.0028716088
PRR15,0.09937415
SCRN1,0.12810947
FKBP14,0.025358424
PLEKHA8,0.027569825
MTURN,0.52593184
ZNRF2,0.0831096
NOD1,0.012003842
GGCT,0.21464618
GARS1,0.12521161
INMT,0.021757152
MINDY4,0.019783534
AQP1,0.3996683
PDE1C,0.032714207
LSM5,0.42221007
AVL9,0.07482488
KBTBD2,0.08510727
FKBP9,0.20171915
NT5C3A,0.12703903
RP9,0.07156077
BBS9,0.025084494
BMPER,0.0068098446
DPY19L1,0.032448243
HERPUD2,0.092890546
HERPUD2-AS1,0.040849097
SEPTIN7,0.41483554
EEPD1,0.007914754
AOAH,0.011964732
ELMO1,0.027783128
NME8,0.003658278
STARD3NL,0.07262291
TRGC2,0.0053713704
TRG-AS1,0.0058883377
AMPH,0.01299451
VPS41,0.12511049
YAE1,0.06160699
RALA,0.13529679
CDK13,0.11995455
MPLKIP,0.34820008
SUGCT,0.10967319
INHBA,0.009369975
GLI3,0.022395335
PSMA2,0.5586005
MRPL32,0.38655442
STK17A,0.09581722
COA1,0.19404897
BLVRA,0.15210442
URGCP,0.11480613
UBE2D4,0.09161164
DBNL,0.18749787
PGAM2,0.05147553
POLM,0.046800684
AEBP1,0.03460495
POLD2,0.23462766
YKT6,0.10903949
NUDCD3,0.14829229
DDX56,0.12493404
TMED4,0.47343412
OGDH,0.40481785
ZMIZ2,0.09623211
PPIA,2.2261062
H2AZ2,0.54719484
PURB,0.14495182
MYO1G,0.023522438
SNHG15,0.0680822
CCM2,0.09399462
TBRG4,0.14873044
RAMP3,0.15809175
ADCY1,0.016580986
IGFBP3,0.10331141
TNS3,0.19025724
HUS1,0.06629982
UPP1,0.13177682
IKZF1,0.041175175
FIGNL1,0.011860385
GRB10,0.084674105
VSTM2A,0.0
SEC61G,1.0005157
EGFR,0.07287982
VOPP1,0.118193515
NIPSNAP2,0.3479037
MRPS17,0.11181396
PSPH,0.04417284
CCT6A,0.41029873
SUMF2,0.26938537
PHKG1,0.047823064
CHCHD2,1.864481
ZNF736,0.021550803
ZNF680,0.074366175
ZNF107,0.027185742
ZNF138,0.050220408
ZNF273,0.012597338
ZNF117,0.03442296
ERV3-1,0.022295339
ZNF92,0.035334222
VKORC1L1,0.0898138
GUSB,0.1192357
ASL,0.2854579
CRCP,0.054409523
TPST1,0.072772145
KCTD7,0.021622865
RABGEF1,0.032733962
ENSG00000272831,0.18005829
TMEM248,0.2651484
SBDS,0.45735133
TYW1,0.03309772
AUTS2,0.09451496
POM121,0.11710457
NSUN5,0.08467349
BAZ1B,0.12688844
BCL7B,0.14003086
TBL2,0.06465849
DNAJC30,0.14626092
BUD23,0.28192633
ABHD11,0.14369197
CLDN3,0.1893999
CLDN4,0.19861561
ELN,0.036655422
LIMK1,0.022621676
EIF4H,0.47035477
LAT2,0.010249478
RFC2,0.07209919
GTF2IRD1,0.06265504
GTF2I,0.67026013
NCF1,0.031081649
GTF2IRD2,0.05604787
RCC1L,0.1340967
GTF2IRD2B,0.047077175
TRIM73,0.020057479
POM121C,0.09938253
HIP1,0.23442024
RHBDD2,0.2468777
POR,0.21132697
TMEM120A,0.21060772
STYXL1,0.08347313
MDH2,0.86372375
HSPB1,1.2126306
YWHAG,0.2012055
ZP3,0.0041237045
DTX2,0.019381186
CCDC146,0.111955635
FGL2,0.36691263
GSAP,0.06941633
PTPN12,0.100734845
APTR,0.039151993
RSBN1L,0.16174023
TMEM60,0.13396308
PHTF2,0.029111713
MAGI2,0.058554284
GNAI1,0.1684063
CD36,0.006517072
SEMA3C,0.025697066
HGF,0.0070575587
CACNA2D1,0.023303356
SEMA3D,0.0
ELAPOR2,0.018387683
DMTF1-AS1,0.02138261
DMTF1,0.08134128
TMEM243,0.22061634
TP53TG1,0.28731635
CROT,0.08968504
ABCB1,0.1484483
RUNDC3B,0.014032536
SLC25A40,0.049111247
DBF4,0.027094599
SRI,0.61429214
STEAP4,0.0
STEAP2,0.047875434
CFAP69,0.019970683
GTPBP10,0.08869858
CDK14,0.07309711
FZD1,0.04183229
MTERF1,0.02912223
AKAP9,0.51007104
CYP51A1,0.040376976
KRIT1,0.15796128
ANKIB1,0.14916013
GATAD1,0.1392565
PEX1,0.12157042
RBM48,0.037239004
FAM133B,0.22753412
CDK6,0.085244566
SAMD9,0.061451215
SAMD9L,0.06260535
VPS50,0.07930834
TFPI2,0.04214445
GNG11,0.4704568
BET1,0.13611472
COL1A2,0.008519793
CASD1,0.082543835
SGCE,0.118485175
PPP1R9A,0.06240923
PON3,0.014475927
PON2,0.115559734
PDK4,0.8051317
DYNC1I1,0.0
SLC25A13,0.14276664
SEM1,1.005979
SDHAF3,0.2108265
ASNS,0.026338374
LMTK2,0.056319967
TECPR1,0.029464763
BRI3,1.1817505
TRRAP,0.09016411
SMURF1,0.054950926
ARPC1A,0.4046411
ARPC1B,0.23903167
PDAP1,0.3440756
BUD31,0.45683768
PTCD1,0.015316036
CPSF4,0.0508622
ATP5MF,1.4396646
ZNF394,0.06896614
ZKSCAN5,0.020587616
FAM200A,0.048070084
ZNF655,0.16546066
TMEM225B,0.011742317
ZSCAN25,0.024637947
CYP3A5,0.020343577
CYP3A4,0.020274855
ENSG00000273407,0.0
TRIM4,0.11130774
AZGP1,0.28475046
ZKSCAN1,0.16587698
ZSCAN21,0.038497224
ZNF3,0.042712867
COPS6,0.4477886
MCM7,0.08702584
AP4M1,0.050435856
TAF6,0.09302881
CNPY4,0.036655683
LAMTOR4,1.0669881
TRAPPC14,0.032046724
GAL3ST4,0.005530169
STAG3,0.009592787
PILRB,0.09107641
PILRA,0.08725567
MEPCE,0.13210803
PPP1R35,0.1968492
SPACDR,0.0021179235
TSC22D4,0.25209805
AGFG2,0.03309849
SAP25,0.024643
LRCH4,0.08290661
PCOLCE,0.039755527
MOSPD3,0.085535035
GNB2,0.5992584
GIGYF1,0.08565539
POP7,0.18557198
EPHB4,0.095251836
SLC12A9,0.042027052
TRIP6,0.30798188
SRRT,0.10433831
UFSP1,0.01673474
MUC12,0.0
MUC12-AS1,0.0
TRIM56,0.20784867
SERPINE1,0.01338618
AP1S1,0.3369177
PLOD3,0.05864654
ZNHIT1,0.9390323
CLDN15,0.050867513
FIS1,1.186418
IFT22,0.23722376
CUX1,0.22031114
PRKRIP1,0.092895344
ORAI2,0.075876504
ALKBH4,0.055593636
LRWD1,0.057291873
POLR2J,0.5445632
POLR2J3,0.0
POLR2J3,0.0
RASA4,0.032972172
FAM185A,0.01587477
LRRC17,0.016793339
ARMC10,0.16141036
NAPEPLD,0.05611632
PMPCB,0.31416044
DNAJC2,0.08637715
PSMC2,0.20510572
RELN,0.0
ORC5,0.023736276
KMT2E-AS1,0.13852164
KMT2E,0.249515
SRPK2,0.08911036
PUS7,0.016512455
RINT1,0.037378404
ATXN7L1,0.06103106
SYPL1,0.37818405
NAMPT,0.21140815
NAMPT-AS1,0.0062460206
CCDC71L,0.11582229
PRKAR2B,0.0059818127
HBP1,0.18976481
COG5,0.03964229
DUS4L,0.039450172
BCAP29,0.16038291
CBLL1-AS1,0.024910673
CBLL1,0.07954644
DLD,0.31742647
LAMB1,0.25843138
PNPLA8,0.20316653
THAP5,0.13886021
DNAJB9,0.122255854
IMMP2L,0.2136138
DOCK4,0.04789197
ZNF277,0.101424284
IFRD1,0.08169227
LSMEM1,0.0068872645
TMEM168,0.06936229
SAMTOR,0.02282402
SMIM30,0.27416518
MDFIC,0.104176186
TFEC,0.12457692
TES,0.14606607
CAV2,0.10854841
CAV1,0.09967338
CAPZA2,0.51250696
ST7,0.083126575
CTTNBP2,0.05327645
LSM8,0.31042618
TSPAN12,0.28257185
ING3,0.06423407
CPED1,0.011218564
FAM3C,0.23098297
AASS,0.03498698
CADPS2,0.1135619
NDUFA5,0.9129273
WASL,0.33410054
WASL-DT,0.055033203
POT1,0.04655929
ZNF800,0.07141586
GCC1,0.013470394
ARF5,0.46661568
SND1,0.1733884
SND1-IT1,0.0
RBM28,0.10192696
IMPDH1,0.033577427
HILPDA,0.048239507
METTL2B,0.046690367
LINC03072,0.029017752
CALU,0.15098089
FLNC,0.011041023
ATP6V1F,1.1059189
IRF5,0.01518008
TNPO3,0.06597844
TSPAN33,0.33028853
AHCYL2,0.055507153
ENSG00000273329,0.086103305
NRF1,0.020228546
UBE2H,0.32886615
ZC3HC1,0.038525976
KLHDC10,0.13463996
TMEM209,0.06369746
CEP41,0.036723275
MEST,0.07495248
COPG2,0.03790403
LINC00513,0.0
ENSG00000271204,0.01868966
MKLN1,0.19334061
ENSG00000273489,0.0
PODXL,0.15307318
CHCHD3,0.2095258
EXOC4,0.099019006
SLC35B4,0.08536466
LINC03060,0.0
AKR1B1,0.21219791
BPGM,0.1062481
CALD1,0.23068118
CYREN,0.13803318
TMEM140,0.049309056
ENSG00000272941,0.006736695
WDR91,0.106497616
CNOT4,0.12569278
NUP205,0.05204944
STMP1,0.4502106
FAM180A,0.0
MTPN,0.31735948
PTN,0.034268174
CREB3L2,0.30345905
AKR1D1,0.0
TRIM24,0.0694192
KIAA1549,0.041062146
ZC3HAV1,0.17156516
IFT56,0.02118888
UBN2,0.10789836
FMC1,0.6866978
LUC7L2,0.1862799
HIPK2,0.6197914
TBXAS1,0.033855487
PARP12,0.028828472
KDM7A,0.05210373
SLC37A3,0.04819823
MKRN1,0.2120832
DENND2A,0.061994288
ADCK2,0.051736593
NDUFB2,1.7528878
NDUFB2-AS1,0.0005710605
BRAF,0.11710086
MRPS33,0.45632786
AGK,0.06280843
ENSG00000244701,0.01856574
DENND11,0.075587705
SSBP1,0.6738165
CLEC5A,0.0
PRSS2,0.0
TRBC1,0.07422724
TRBC2,0.09269507
EPHB6,0.03591532
GSTK1,0.73522073
CASP2,0.044150617
FAM131B-AS2,0.014741857
ZYX,0.09318722
EPHA1-AS1,0.01114154
TCAF1,0.11611466
OR2A25,0.0
OR2A1-AS1,0.021979574
TPK1,0.021422455
ENSG00000273314,0.012585626
CUL1,0.085494384
EZH2,0.008113343
PDIA4,0.20157775
ZNF282,0.038222626
ZNF212,0.02707836
ZNF783,0.026944026
ZNF777,0.048083536
ZNF746,0.028977362
ZNF467,0.0752459
ZNF862,0.029823357
ATP6V0E2,0.3119194
RARRES2,0.514829
REPIN1,0.21072195
ENSG00000284691,0.022339074
GIMAP8,0.07426594
GIMAP7,0.16684958
GIMAP4,0.17216143
GIMAP6,0.091565035
GIMAP2,0.036540486
GIMAP1,0.10292814
GIMAP5,0.016973099
TMEM176B,0.79811996
TMEM176A,0.69218504
NOS3,0.013698901
ATG9B,0.0
ABCB8,0.07504455
CDK5,0.07349572
SLC4A2,0.15892626
FASTK,0.24481407
TMUB1,0.23405011
AGAP3,0.074558854
ABCF2,0.0
CHPF2,0.04417652
SMARCD3,0.040703375
NUB1,0.18773365
WDR86,0.00608597
RHEB,0.4628487
PRKAG2,0.13794228
PRKAG2-AS1,0.11213517
GALNT11,0.30126515
ENSG00000229591,0.0
KMT2C,0.2077682
LINC01003,0.069342665
XRCC2,0.0
ACTR3B,0.035810802
PAXIP1-AS2,0.03919904
PAXIP1,0.02474991
PAXIP1-DT,0.07606869
INSIG1,0.04919905
RBM33-DT,0.08302152
RBM33,0.11289202
RNF32-DT,0.06685121
LMBR1,0.05398873
NOM1,0.027688624
UBE3C,0.14362895
DNAJB6,0.43095815
PTPRN2,0.083270974
NCAPG2,0.018771965
ESYT2,0.15642223
DYNC2I1,0.12402949
PLCXD1,0.006176215
GTPBP6,0.2243263
LINC00685,0.013275183
PPP2R3B,0.037630092
CSF2RA,0.009600905
IL3RA,0.031380557
SLC25A6,1.6729413
ASMTL,0.1430505
P2RY8,0.012162889
AKAP17A,0.071536504
DHRSX,0.097498074
ZBED1,0.12689929
CD99,0.42245603
ARSD,0.25906315
MXRA5,0.040864278
PRKX,0.12322464
PUDP,0.027271425
STS,0.008651715
PNPLA4,0.1595413
ANOS1,0.0025958912
TBL1X,0.19964455
WWC3,0.080540955
HCCS,0.10398701
ARHGAP6,0.117584005
MSL3,0.08130948
PRPS2,0.13629444
TLR7,0.0
TLR8,0.0041471524
TMSB4X,1.437891
TCEANC,0.016877351
RAB9A,0.1974548
TRAPPC2,0.07577894
OFD1,0.09936039
GPM6B,0.01870091
GEMIN8,0.056687757
MOSPD2,0.03881646
ASB9,0.10042218
PIGA,0.02556203
PIR,0.030729024
CLTRN,0.18369293
CA5B,0.016083866
ZRSR2,0.04379912
AP1S2,0.13783859
CTPS2,0.012675761
SYAP1,0.30208322
TXLNG,0.04672895
RBBP7,0.27315262
REPS2,0.062340647
NHS,0.058926757
SCML1,0.080195114
RAI2,0.048341203
CDKL5,0.042398483
PHKA2,0.038281973
PDHA1,0.5285471
SH3KBP1,0.071028374
BCLAF3,0.047781523
EIF1AX,0.5649567
RPS6KA3,0.16883242
MBTPS2,0.04538242
SMS,0.58550763
PRDX4,0.21626572
ACOT9,0.0669927
SAT1,1.2907686
APOO,0.21270415
KLHL15,0.03129533
EIF2S3,0.33412904
ZFX,0.078425184
PDK3,0.032275286
POLA1,0.02151257
TASL,0.0059140655
GK,0.2214181
TAB3,0.05991163
DMD,0.0399779
TMEM47,0.14695103
PRRG1,0.053729866
CYBB,0.030271383
DYNLT3,0.259575
SRPX,0.023891702
RPGR,0.04313694
TSPAN7,0.24408555
MID1IP1,0.06369078
BCOR,0.07886936
ATP6AP2,0.51824474
CXorf38,0.05417175
MED14,0.06596595
MED14OS,0.013986719
USP9X,0.21395048
DDX3X,0.3451074
CASK,0.16900603
GPR34,0.008361261
GPR82,0.0067173406
MAOA,0.42083663
FUNDC1,0.11864477
KDM6A,0.033666596
DIPK2B,0.009998101
MIR222HG,0.016694339
KRBOX4,0.028429883
ZNF674-AS1,0.014693831
CHST7,0.009695291
RP2,0.03801743
RGN,0.26674297
NDUFB11,1.1873914
RBM10,0.09937386
UBA1,0.42546737
CDK16,0.21037969
USP11,0.27844116
ZNF41,0.016640782
ARAF,0.14605959
TIMP1,0.18033443
CFP,0.013295938
ELK1,0.06210668
UXT,0.66473526
ZNF182,0.015899546
SLC38A5,0.002595939
FTSJ1,0.038337428
EBP,0.2916557
TBC1D25,0.03165128
RBM3,0.5337676
WDR13,0.34063527
WAS,0.041260228
HDAC6,0.12402507
PCSK1N,0.662674
TIMM17B,0.3420375
PQBP1,0.17042825
SLC35A2,0.07296524
PIM2,0.023586761
OTUD5,0.12373671
GRIPAP1,0.08460005
TFE3,0.043858044
CCDC120,0.016129855
PRAF2,0.053669114
WDR45,0.22808596
GPKOW,0.04537284
MAGIX,0.086929664
PLP2,0.17989036
CCDC22,0.053260338
CLCN5,0.47297475
SHROOM4,0.07073695
GSPT2,0.035911832
MAGED1,0.23463649
TSPYL2,0.052321717
KANTR,0.017467903
KDM5C,0.07298991
IQSEC2,0.052516133
SMC1A,0.13851263
HSD17B10,0.5214845
HUWE1,0.26597783
PHF8,0.04358305
FAM120C,0.031257354
WNK3,0.04446001
TSR2,0.20956554
GNL3L,0.051068034
MAGED2,0.54070395
APEX2,0.04857951
VCF2,0.16873723
MAGEH1,0.105039135
USP51,0.053685337
RRAGB,0.062101416
ENSG00000227486,0.025413714
KLF8,0.014349932
UBQLN2,0.08551112
NBDY,0.47280446
SPIN3,0.009159276
SPIN2B,0.04582474
ENSG00000226310,0.0019510795
ZXDB,0.026581086
SPIN4,0.010372535
ARHGEF9,0.08723898
AMER1,0.006631413
LAS1L,0.079793185
MSN,0.36622986
MIR223HG,0.0073414836
VSIG4,0.016061738
HEPH,0.010381396
AR,0.047466397
OPHN1,0.023346042
YIPF6,0.203545
STARD8,0.17366013
EFNB1,0.108721875
PJA1,0.055020202
EDA,0.010161547
IGBP1,0.34150016
PDZD11,0.17041978
DLG3,0.09436169
SNX12,0.07864766
IL2RG,0.047540642
MED12,0.06425633
ZMYM3,0.07786805
NONO,0.29701486
TAF1,0.07821157
OGT,0.17962237
GCNA,0.0020241304
LINC00891,0.005118816
NHSL2,0.030260744
PIN4,0.4760924
RPS4X,2.5738523
CITED1,0.0
HDAC8,0.050514285
NAP1L2,0.038100146
CHIC1,0.045078732
TSIX,0.0
XIST,0.0
JPX,0.111782074
FTX,0.13135383
SLC16A2,0.050909743
RLIM,0.09968225
ABCB7,0.07295226
UPRT,0.035836186
PBDC1,0.18399036
MAGEE1,0.020940268
ATRX,0.4125894
MAGT1,0.21465035
COX7B,1.9956511
ATP7A,0.04695313
PGK1,0.9719614
TAF9B,0.051353324
CYSLTR1,0.008677715
P2RY10,0.01021986
GPR174,0.020719858
ITM2A,0.14961278
BRWD3,0.024612848
HMGN5,0.114666395
SH3BGRL,0.6407354
APOOL,0.19268358
ZNF711,0.0511886
CHM,0.1289913
KLHL4,0.0075379848
PABPC5,0.0054574898
NAP1L3,0.021741405
DIAPH2,0.046014436
TSPAN6,0.29012313
SYTL4,0.049587965
CSTF2,0.014467418
TIMM8A,0.07792702
BTK,0.011174322
RPL36A,1.3813393
GLA,0.052767966
HNRNPH2,0.24825554
ARMCX4,0.054169007
ARMCX1,0.07562307
ARMCX6,0.13286132
ARMCX3,0.21329601
ARMCX2,0.1571818
ZMAT1,0.086279556
TCEAL2,0.16375919
BEX5,0.24347897
TMSB15A,0.0053398595
ARMCX5,0.05097036
GPRASP1,0.03397983
GPRASP3,0.02173305
LINC00630,0.0
BEX1,0.12617299
BEX4,0.5639875
TCEAL8,0.3952529
BEX2,0.54804516
TCEAL9,0.46569273
BEX3,1.2439555
TCEAL4,0.58532023
TCEAL3,0.2606405
TCEAL1,0.11748139
MORF4L2,0.37025094
PLP1,0.0
RAB9B,0.0
TMSB15B,0.0
SLC25A53,0.034853
FAM199X,0.14427122
TBC1D8B,0.046205144
MORC4,0.037597314
RBM41,0.030206503
PRPS1,0.12616937
TSC22D3,0.8088443
PSMD10,0.056103207
ATG4A,0.06948382
COL4A5,0.03941361
NXT2,0.043740824
ACSL4,0.29144412
TMEM164,0.07099308
AMMECR1,0.046442743
ALG13,0.18611188
AMOT,0.019060967
IL13RA2,0.047551934
LRCH2,0.0076564327
PLS3,0.36260307
WDR44,0.025821349
DOCK11,0.023089344
IL13RA1,0.10749707
PGRMC1,0.55574244
SLC25A43,0.025323687
SLC25A5,1.6281185
STEEP1,0.03573968
UBE2A,0.18090387
NKRF,0.029009935
SEPTIN6,0.18671863
SOWAHD,0.0
RPL39,3.0348535
UPF3B,0.06751238
RNF113A,0.056716513
NDUFA1,1.9809506
NKAP,0.11218186
ZBTB33,0.034199826
TMEM255A,0.0132784
LAMP2,0.3685837
CUL4B,0.08395184
MCTS1,0.21336745
C1GALT1C1,0.08627328
THOC2,0.17683099
XIAP,0.2362811
STAG2,0.27735713
SH2D1A,0.020304171
SMARCA1,0.15575288
OCRL,0.045090202
SASH3,0.014293788
ZDHHC9,0.06554477
UTP14A,0.036271185
ELF4,0.01175545
AIFM1,0.37954286
RAB33A,0.0079356
RBMX2,0.078057535
ENOX2,0.026443835
STK26,0.025664741
RAP2C,0.13124408
MBNL3,0.051381767
GPC4,0.056715764
GPC3,0.18634085
PHF6,0.11735078
HPRT1,0.30478793
MIR503HG,0.085658535
PABIR2,0.06045142
MOSPD1,0.034239635
SMIM10,0.015080131
RTL8B,0.07070169
RTL8C,0.33817482
RTL8A,0.26879644
ZNF75D,0.016754495
ZNF449,0.011570643
SMIM10L2A,0.035688072
INTS6L,0.004594737
MMGT1,0.08183304
SLC9A6,0.02821779
FHL1,0.035608005
MAP7D3,0.029650748
HTATSF1,0.21355487
CD40LG,0.0053695343
ARHGEF6,0.037914254
ENSG00000232611,0.00466069
RBMX,0.3511221
FGF13,0.015068695
ATP11C,0.05973997
LDOC1,0.120309
SLITRK4,0.0722632
FMR1,0.23566696
IDS,0.29123002
EOLA1-DT,0.01051898
EOLA1,0.037179828
TMEM185A,0.06729551
EOLA2,0.045728397
MTM1,0.056700367
MTMR1,0.024738869
CD99L2,0.064162865
HMGB3,0.0769785
VMA21,0.17281999
PRRG3,0.0
GABRE,0.0047423556
CETN2,0.33730513
NSDHL,0.051499806
ZNF185,0.03304764
ZNF275,0.0408993
HAUS7,0.050026827
BGN,0.05788792
CCNQ,0.10257066
PNCK,0.002945313
SLC6A8,0.23921531
BCAP31,0.55823034
ABCD1,0.024506006
IDH3G,0.43300736
SSR4,0.9548443
PDZD4,0.0075159157
ARHGAP4,0.116496645
NAA10,0.32658887
RENBP,0.12897405
HCFC1,0.10892624
TMEM187,0.04859019
IRAK1,0.08764743
MECP2,0.2216431
FLNA,0.27438372
EMD,0.24805897
RPL10,3.3060946
ENSG00000280195,0.0022005416
DNASE1L1,0.050223917
TAFAZZIN,0.0678264
ATP6AP1-DT,0.18090829
ATP6AP1,0.42076024
GDI1,0.16002491
FAM50A,0.24943765
PLXNA3,0.01628659
LAGE3,0.20889632
UBL4A,0.108324446
SLC10A3,0.077667564
FAM3A,0.14102764
G6PD,0.11414085
GAB3,0.011854406
DKC1,0.07522363
MPP1,0.14728956
F8,0.09357552
F8A1,0.0
FUNDC2,0.41615802
CMC4,0.028886849
MTCP1,0.004588663
BRCC3,0.081414446
VBP1,0.20505418
RAB39B,0.0059158956
CLIC2,0.017496929
TMLHE-AS1,0.0
TMLHE,0.05437331
VAMP7,0.08545312
ZNF596,0.010099716
FBXO25,0.146197
TDRP,0.08843374
ERICH1,0.19717696
CLN8,0.16149126
CLN8-AS1,0.36597553
ARHGEF10,0.010619427
MYOM2,0.042704936
MCPH1,0.07161407
ANGPT2,0.01898366
AGPAT5,0.09062735
DEFB1,2.0958352
PRAG1,0.020067677
CLDN23,0.034010757
MFHAS1,0.15667205
ERI1,0.03283123
PPP1R3B,0.0392344
TNKS,0.077997535
MSRA,0.40508804
SOX7,0.028284596
PINX1,0.0
XKR6,0.010041705
MTMR9,0.052191187
BLK,0.006143445
GATA4,0.0
NEIL2,0.03520031
FDFT1,0.17561303
CTSB,0.5564653
LONRF1,0.085818686
DLC1,0.07799003
TUSC3,0.1012056
MSR1,0.01836557
MICU3,0.06375135
ZDHHC2,0.13968332
CNOT7,0.26389295
VPS37A,0.09820734
SLC7A2,0.0482727
PDGFRL,0.0
MTUS1,0.18077962
PCM1,0.32962158
ASAH1,0.5366687
NAT1,0.03766364
PSD3,0.012905635
SH2D4A,0.06300214
CSGALNACT1,0.046991095
INTS10,0.16773391
LPL,0.21797372
ATP6V1B2,0.224257
LZTS1,0.00094776595
GFRA2,0.0
DOK2,0.032625053
XPO7,0.09587952
DMTN,0.15134403
FHIP2B,0.054720502
NUDT18,0.030181248
REEP4,0.026934324
BMP1,0.011511171
POLR3D,0.0314298
SLC39A14,0.07979834
PPP3CC,0.061931238
ENSG00000251034,0.0
SORBS3,0.11428533
PDLIM2,0.15364844
C8orf58,0.014225842
CCAR2,0.09014266
BIN3,0.06782171
EGR3,0.004101224
RHOBTB2,0.02305168
TNFRSF10B,0.04465249
TNFRSF10D,0.023869852
TNFRSF10A,0.013010721
CHMP7,0.057897866
R3HCC1,0.15081479
LOXL2,0.0028667701
ENTPD4,0.068667896
SLC25A37,0.11522637
STC1,0.044032518
ADAM28,0.015873963
DOCK5,0.030955812
KCTD9,0.053238153
PPP2R2A,0.15217704
BNIP3L,0.31364334
PNMA2,0.0063187485
DPYSL2,0.18680346
TRIM35,0.023477647
PTK2B,0.0608475
EPHX2,0.42860982
CLU,0.6874136
CCDC25,0.22774886
ELP3,0.04992917
ZNF395,0.084956974
FZD3,0.036028173
EXTL3,0.053313162
HMBOX1,0.059009697
KIF13B,0.15217833
DUSP4,0.0052348077
SARAF,0.8224988
ENSG00000272256,0.017456857
LEPROTL1,0.18166567
DCTN6-DT,0.06879943
DCTN6,0.2634082
RBPMS,0.3457058
GTF2E2,0.07394644
GSR,0.16805613
UBXN8,0.059465796
PPP2CB,0.32920885
WRN,0.05528068
FUT10,0.015277332
TTI2,0.031564407
MAK16,0.03602527
RNF122,0.0046194526
DUSP26,0.030052079
ZNF703,0.020353435
ERLIN2,0.17524353
PLPBP,0.21563199
ADGRA2,0.02838513
BRF2,0.03845719
RAB11FIP1,0.14570528
EIF4EBP1,0.13553223
ASH2L,0.08426005
LSM1,0.25022113
BAG4,0.08189076
DDHD2,0.091779225
PLPP5,0.22326247
NSD3,0.24751565
LETM2,0.016510505
FGFR1,0.05925517
ENSG00000253361,0.0
TACC1,0.38721108
PLEKHA2,0.10211099
ENSG00000253645,0.0
HTRA4,0.0
TM2D2,0.16941835
ADAM9,0.12979451
TCIM,0.34137362
SIRLNT,0.01339349
SFRP1,0.52116203
GOLGA7,0.21120924
GINS4,0.006708884
GPAT4,0.12190792
ANK1,0.006012107
KAT6A,0.15503752
AP3M2,0.04308667
PLAT,0.1726118
IKBKB,0.05014633
POLB,0.04322536
VDAC3,0.42410266
SLC20A2,0.16233088
SMIM19,0.52931875
THAP1,0.06172411
RNF170,0.08156925
HOOK3,0.16632669
FNTA,0.15697348
HGSNAT,0.14178175
SPIDR,0.08437193
CEBPD,1.1663338
PRKDC,0.27229157
MCM4,0.06744178
UBE2V2,0.22998296
SNAI2,0.026522543
PCMTD1,0.4304184
PCMTD1-DT,0.022367425
RB1CC1,0.17994078
ATP6V1H,0.31977683
TCEA1,0.3895843
LYPLA1,0.30375838
MRPL15,0.36803383
SOX17,0.02024607
TMEM68,0.09531015
TGS1,0.09731492
LYN,0.058309205
RPS20,0.98401767
PLAG1,0.03137988
CHCHD7,0.19707498
SDR16C5,0.0
BPNT2,0.16411005
LINC03018,0.0
FAM110B,0.023786267
UBXN2B,0.10164242
SDCBP,0.46302333
NSMAF,0.035007976
RAB2A,0.5923318
CHD7,0.058472354
ASPH,0.19144334
GGH,0.14315721
YTHDF3,0.121691614
CYP7B1,0.025366195
ARMC1,0.110658936
MTFR1,0.086547576
ENSG00000272155,0.0
PDE7A,0.06696715
DNAJC5B,0.0
RRS1,0.02782783
ADHFE1,0.06598958
MYBL1,0.01723698
VCPIP1,0.0915901
SGK3,0.06941522
COPS5,0.24629503
CSPP1,0.08156245
ARFGEF1,0.17185386
PREX2,0.05314312
SULF1,0.01347676
NCOA2,0.12817043
TRAM1,0.44891196
LACTB2,0.21773545
MSC-AS1,0.004486988
MSC,0.0071188016
TERF1,0.14545609
RPL7,1.6673292
STAU2,0.09574963
UBE2W,0.12813315
ELOC,0.49134633
TMEM70,0.19886962
LY96,0.034170154
JPH1,0.0
GDAP1,0.022219114
PI15,0.0
CRISPLD1,0.007092315
PEX2,0.21937224
ZC2HC1A,0.0655616
IL7,0.0061555733
HEY1,0.048109084
MRPS28,0.23118031
TPD52,0.2965583
ENSG00000251867,0.01248634
ZBTB10,0.1622044
ZNF704,0.18031085
PAG1,0.02793202
FABP5,0.037817463
FABP4,0.017351424
IMPA1,0.07072695
ZFAND1,0.11754373
CHMP4C,0.056439966
SNX16,0.0516533
LRRCC1,0.07380833
E2F5,0.021587333
RBIS,0.59526527
CA13,0.0128999585
CA3,0.0056327074
CA2,0.6910028
WWP1,0.15359104
RMDN1,0.21421233
CPNE3,0.35897282
PARAIL,0.015472322
RIPK2,0.020460043
OSGIN2,0.09569992
NBN,0.13398696
DECR1,0.58418345
TMEM64,0.07002138
NECAB1,0.008222916
PIP4P2,0.114476584
OTUD6B-AS1,0.34406713
OTUD6B,0.04543936
LRRC69,0.006412265
RUNX1T1,0.02578865
TRIQK,0.095007636
CIBAR1,0.13081871
RBM12B,0.06588003
TMEM67,0.029076517
PDP1,0.047462977
GEM,0.01111284
VIRMA,0.07881391
ESRP1,0.055224523
DPY19L4,0.105577715
INTS8,0.032196984
NDUFAF6,0.080234125
TP53INP1,0.09150618
PLEKHF2,0.09677142
UQCRB,2.0957255
MTERF3,0.05800717
PTDSS1,0.08801274
SDC2,0.18022828
CPQ,0.32549292
TSPYL5,0.06019566
MTDH,0.36601895
LAPTM4B,0.26082364
MATN2,0.04102135
RPL30,2.923308
RIDA,0.6999771
NIPAL2,0.018064044
STK3,0.07712687
VPS13B-DT,0.1589774
VPS13B,0.062293377
COX6C,2.0737257
POLR2K,0.51490504
SPAG1,0.02754992
RNF19A,0.24036843
ANKRD46,0.10967975
SNX31,0.0
PABPC1,0.88645035
YWHAZ,0.5941651
ZNNT1,0.01504299
ZNF706,0.4829205
GRHL2,0.034317907
NCALD,0.04388117
RRM2B,0.087732665
UBR5,0.122172736
KLF10,0.15032288
AZIN1,0.16385764
ATP6V1C1,0.15087731
BAALC,0.023053909
FZD6,0.07751166
CTHRC1,0.0
SLC25A32,0.046585336
DCAF13,0.1506624
LRP12,0.017608603
ZFPM2,0.0
OXR1,0.15802425
ANGPT1,0.0307045
EIF3E,0.5961147
EMC2,0.23747614
NUDCD1,0.05426944
ENY2,0.7648541
EBAG9,0.17465517
SYBU,0.028513305
TRPS1,0.09974319
EIF3H,0.68284994
UTP23,0.10511527
RAD21,0.2780658
AARD,0.0
SLC30A8,0.0
MED30,0.12287701
EXT1,0.06748328
ENSG00000225885,0.0
TNFRSF11B,0.05113562
COLEC10,0.0023007141
MAL2,0.3896635
CCN3,0.021545902
ENPP2,0.052265875
TAF2,0.06270219
DEPTOR,0.16776353
ENSG00000254343,0.021790922
COL14A1,0.007724878
MRPL13,0.37537622
SNTB1,0.030711645
ZHX2,0.03912691
DERL1,0.1361969
TBC1D31,0.014889412
C8orf76,0.04400018
ZHX1,0.14561944
ATAD2,0.02278089
NTAQ1,0.03870134
FBXO32,0.045784067
FAM91A1,0.0965545
TMEM65,0.06301229
TRMT12,0.0315632
RNF139,0.05347138
TATDN1,0.23323807
NDUFB9,1.0656246
MTSS1,0.18656412
SQLE,0.06781999
WASHC5,0.087164514
NSMCE2,0.08616057
TRIB1,0.084331565
LINC00861,0.013813499
LRATD2,0.12401648
PCAT1,0.0049697654
MYC,0.041662164
PVT1,0.006473466
CYRIB,0.13574639
ASAP1,0.09186669
EFR3A,0.1444867
KCNQ3,0.004206545
DNAAF11,0.030289927
TMEM71,0.0062848646
PHF20L1,0.16188447
SLA,0.03814675
NDRG1,0.6331432
ST3GAL1,0.16363242
ZFAT,0.027443118
KHDRBS3,0.15437144
LINC02055,0.0
TRAPPC9,0.062181566
CHRAC1,0.11972611
AGO2,0.08142018
PTK2,0.18039046
DENND3,0.030770032
SLC45A4,0.1598248
GPR20,0.0027569165
PTP4A3,0.042996336
ENSG00000271959,0.0
JRK,0.024351187
THEM6,0.11260681
LYNX1,0.07558867
LY6E,0.25605428
GPIHBP1,0.027678771
GLI4,0.087875314
MINCR,0.14861031
TOP1MT,0.02459209
RHPN1,0.0757095
ZC3H3,0.032401886
GSDMD,0.2132945
MROH6,0.016017953
NAPRT,0.34156978
EEF1D,1.6645242
TIGD5,0.05548679
GFUS,0.13858192
ZNF623,0.044478655
FAM83H,0.07137196
SCRIB,0.08613681
PUF60,0.2962563
NRBP2,0.051183477
EPPK1,0.026773095
PLEC,0.20362464
PARP10,0.11849824
GRINA,0.34550175
OPLAH,0.10806911
EXOSC4,0.2047551
GPAA1,0.3887158
CYC1,0.8372204
SHARPIN,0.26119184
MAF1,0.35294044
HGH1,0.028651675
MROH1,0.057071943
BOP1,0.05804994
HSF1,0.26645508
DGAT1,0.13241471
SLC52A2,0.08657707
FBXL6,0.03792307
ADCK5,0.041569658
CPSF1,0.06447941
SLC39A4,0.19445401
VPS28,0.8888256
ZFTRAF1,0.30923814
KIFC2,0.03965345
PPP1R16A,0.48198274
GPT,0.083250955
MFSD3,0.12568787
LRRC14,0.04722421
C8orf82,0.29799995
ZNF251,0.014884251
ZNF34,0.02113078
RPL8,2.8373914
ZNF517,0.0052217385
ZNF7,0.050291557
COMMD5,0.10745913
ZNF250,0.026779616
ZNF16,0.014789675
C8orf33,0.17742506
WASHC1,0.13351306
ZNG1A,0.086824395
DOCK8-AS1,0.098273106
DOCK8,0.04757795
KANK1,0.09096183
SMARCA2,0.24608086
PUM3,0.11548242
RFX3,0.046095956
GLIS3,0.099316634
CDC37L1,0.11492606
AK3,0.43728265
RCL1,0.055551305
JAK2,0.037499126
RLN2,0.0122382585
PLGRKT,0.22470522
PDCD1LG2,0.0
RIC1,0.029619185
ERMP1,0.10393975
BRD10,0.10758207
RANBP6,0.07206971
IL33,0.019990169
UHRF2,0.06852838
KDM4C,0.052304283
DMAC1,0.40394804
LURAP1L,0.0565051
MPDZ,0.10298939
ENSG00000226197,0.0
NFIB,0.3059197
ZDHHC21,0.12558396
TTC39B,0.096293814
SNAPC3,0.060648758
PSIP1,0.2068787
BNC2,0.053639423
CNTLN,0.02504692
ADAMTSL1,0.017954763
RRAGA,0.29809508
HAUS6,0.039107572
PLIN2,0.33427843
DENND4C,0.059279103
ENSG00000273226,0.005729225
RPS6,2.8230743
MLLT3,0.09601695
FOCAD,0.042795535
HACD4,0.041901495
KLHL9,0.13389985
MTAP,0.083061256
CDKN2A,0.0
CDKN2B,0.0029698685
TUSC1,0.19601735
CAAP1,0.118736506
PLAA,0.05419816
IFT74,0.089810096
TEK,0.10912463
MOB3B,0.0911209
C9orf72,0.0419339
ACO1,0.31407857
RIGI,0.027312478
TOPORS,0.093895756
SMIM27,0.25597203
NDUFB6,0.6549378
APTX,0.09446294
DNAJA1,0.53065026
SMU1,0.17293946
B4GALT1,0.2544214
BAG1,0.56610554
CHMP5,0.5736065
NFX1,0.07131808
AQP7,0.07588618
AQP3,0.3516301
NOL6,0.032344554
UBE2R2,0.2530613
UBAP2,0.05751106
DCAF12,0.08305765
UBAP1,0.092372924
NUDT2,0.10941033
FAM219A,0.024135746
ENHO,0.008302742
CNTFR,0.0
RPP25L,0.18318997
DCTN3,0.50365925
SIGMAR1,0.07200814
GALT,0.09764727
IL11RA,0.043396853
ENSG00000187186,0.13816452
CCL19,0.0
CCL21,0.0
VCP,0.3286974
PIGO,0.05282084
STOML2,0.46310815
ATOSB,0.033834904
UNC13B,0.08296127
RUSC2,0.06382719
TESK1,0.08184113
CD72,0.008205233
SIT1,0.020497609
CCDC107,0.3081831
TPM2,0.078788824
TLN1,0.3329873
CREB3,0.1664068
GBA2,0.1930549
RGP1,0.0880162
ENSG00000227388,0.004570344
HINT2,0.89354694
HRCT1,0.018424083
RECK,0.024536839
GLIPR2,0.024233617
CLTA,0.92757666
GNE,0.041072562
RNF38,0.10437053
EBLN3P,0.16004206
ZCCHC7,0.06801149
GRHPR,0.6150427
ZBTB5,0.019570926
POLR1E,0.03215684
FBXO10,0.0046141758
TOMM5,0.26877138
TRMT10B,0.032516632
EXOSC3,0.107967936
DCAF10,0.11553596
SLC25A51,0.04538366
SHB,0.092076585
ALDH1B1,0.14749235
ZNG1F,0.0013852259
CNTNAP3B,0.03735247
ZNG1E,0.075326174
ANKRD20A3P,0.0
ZNG1C,0.027137166
PGM5,0.047370628
PABIR1,0.095322214
FXN,0.06539148
ENTREP1,0.011180941
APBA1,0.008972744
PTAR1,0.16307351
SMC5,0.14391753
KLF9,0.4872433
CEMIP2,0.06738439
ABHD17B,0.034941882
C9orf85,0.06333047
LINC01504,0.0030912303
ZFAND5,0.93162316
ALDH1A1,0.8292293
ANXA1,0.1968309
C9orf40,0.029178195
CARNMT1,0.07957951
NMRK1,0.21005836
OSTF1,0.18075669
PCSK5,0.027553767
RFK,0.15181647
GCNT1,0.0053521353
VPS13A,0.15536655
GNAQ,0.23709038
CEP78,0.069030285
TLE4,0.11096602
TLE1,0.17202356
RASEF,0.048354536
FRMD3,0.08288267
IDNK,0.21491107
UBQLN1,0.20142849
UBQLN1-AS1,0.027787838
GKAP1,0.056963332
KIF27,0.021064045
QNG1,0.06290336
HNRNPK,0.9255254
RMI1,0.0316215
NTRK2,0.27187976
AGTPBP1,0.053451523
NAA35,0.06655551
GOLM1,0.30216077
ISCA1,0.34724328
TUT7,0.059054468
GAS1,0.027693646
DAPK1,0.08749675
CTSL,0.5928535
CDK20,0.020229023
SPIN1,0.19018029
S1PR3,0.0068646506
CKS2,0.05605397
SECISBP2,0.20396826
SEMA4D,0.09138666
GADD45G,0.26206464
SYK,0.06170946
AUH,0.3055239
NFIL3,0.09937505
SPTLC1,0.1742595
IARS1,0.16099891
NOL8,0.072985955
CENPP,0.0022698722
OMD,0.0
ASPN,0.0
ECM2,0.031385142
IPPK,0.022115022
BICD2,0.10008111
ZNF484,0.00909596
FGD3,0.0477539
SUSD3,0.079255596
CARD19,0.13694885
NINJ1,0.4329637
WNK2,0.005439785
FAM120AOS,0.112964116
FAM120A,0.3381333
PHF2,0.07783059
MIRLET7A1HG,0.01613594
ZNF169,0.005796709
MFSD14B,0.063890584
FBP1,0.7693465
AOPEP,0.20026791
PTCH1,0.039562516
ERCC6L2-AS1,0.072740614
ERCC6L2,0.06825766
SLC35D2,0.11877546
HABP4,0.14263764
CDC14B,0.08165672
PRXL2C,0.08605577
ZNF510,0.023232365
ZNF782,0.012765227
MFSD14CP,0.060264453
TDRD7,0.025589366
TMOD1,0.02674021
TSTD2,0.050156757
NCBP1,0.044270154
XPA,0.20684658
TRMO,0.055504087
ANP32B,0.46768507
NANS,0.11224854
TRIM14,0.0644271
CORO2A,0.0086852005
TBC1D2,0.021013366
ANKS6,0.056838624
COL15A1,0.014448237
TGFBR1,0.06708209
ALG2,0.124121755
SEC61B,1.1447146
NR4A3,0.03115937
STX17,0.057628144
ERP44,0.18282185
INVS,0.0285942
TEX10,0.019606777
MSANTD3,0.06198941
BAAT,0.0
MRPL50,0.22713841
ZNF189,0.05995405
ALDOB,1.2373407
PGAP4,0.024186973
RNF20,0.08716871
SMC2,0.10257601
NIPSNAP3A,0.13602364
ABCA1,0.057733037
SLC44A1,0.19246426
FSD1L,0.019296907
FKTN,0.051096495
TMEM38B,0.14593217
ZNF462,0.0424699
RAD23B,0.1709875
KLF4,0.061969955
ELP1,0.056863807
ABITRAM,0.037979107
CTNNAL1,0.28292972
TMEM245,0.29122323
PTPN3,0.13462444
TXN,1.5674335
SVEP1,0.0044943686
ENSG00000232896,0.0
ECPAS,0.13896437
PTGR1,0.5450874
DNAJC25,0.08173964
DNAJC25-GNG10,0.00536645
GNG10,0.032680057
UGCG,0.0964244
SUSD1,0.02307204
PTBP3,0.19406264
HSDL2,0.2547078
KIAA1958,0.088361286
INIP,0.10957342
SNX30,0.092720345
SLC46A2,0.0
SLC31A2,0.050619017
FKBP15,0.059418723
SLC31A1,0.0978441
CDC26,0.29585484
PRPF4,0.06635237
WDR31,0.017794466
BSPRY,0.091997735
HDHD3,0.22580428
ALAD,0.090637386
POLE3,0.13941947
RGS3,0.23194492
ZNF618,0.11951723
AMBP,0.03563381
COL27A1,0.029095124
ORM1,0.0
ORM2,0.0
AKNA,0.032446627
ATP6V1G1,1.1529515
TNFSF8,0.008191686
TNC,0.004705499
PAPPA,0.07288351
TRIM32,0.016777476
TLR4,0.04377698
ENSG00000284977,0.0
CDK5RAP2,0.07310572
MEGF9,0.08256863
FBXW2,0.10017951
PSMD5,0.059172608
PHF19,0.019171875
C5,0.030792862
CNTRL,0.054195862
RAB14,0.42560914
GSN,0.49076772
GSN-AS1,0.0
STOM,0.22527872
DAB2IP,0.14784856
NDUFA8,0.55652773
RBM18,0.10231217
MRRF,0.09641384
PTGS1,0.004648982
PDCL,0.08398087
RC3H2,0.14009911
ZBTB6,0.02322125
ZBTB26,0.016911654
RABGAP1,0.106731944
STRBP,0.11273282
DENND1A,0.08977645
LHX2,0.0
NEK6,0.036210787
PSMB7,0.5520553
NR6A1,0.0077037294
OLFML2A,0.0403604
RPL35,2.6127176
ARPC5L,0.26040518
GOLGA1,0.054910105
SCAI,0.032108236
PPP6C,0.19486265
RABEPK,0.03611638
HSPA5,0.52057034
GAPVD1,0.07406809
MAPKAP1,0.2396829
PBX3,0.042719536
MVB12B,0.018707974
LMX1B-DT,0.0
ZBTB43,0.07167175
ZBTB34,0.029593019
RALGPS1,0.067071095
ANGPTL2,0.0077785826
SLC2A8,0.05239223
RPL12,2.4667797
LRSAM1,0.05570369
NIBAN2,0.120955475
STXBP1,0.06249609
PTRH1,0.1466207
TOR2A,0.03385816
SH2D3C,0.054104604
CDK9,0.1084203
FPGS,0.053363036
ENG,0.251524
AK1,0.09048629
ST6GALNAC6,0.0
ST6GALNAC4,0.049059276
PIP5KL1,0.0074296193
DPM2,0.20336694
EEIG1,0.11241352
SLC25A25,0.097983554
PTGES2,0.273597
LCN2,0.0
BBLN,0.6226655
CIZ1,0.05388459
GOLGA2,0.1791491
SWI5,0.23169573
TRUB2,0.13733661
COQ4,0.32937655
SLC27A4,0.06546122
URM1,0.1683912
CERCAM,0.029016517
ODF2,0.022952948
GLE1,0.062133413
SPTAN1,0.36221248
DYNC2I2,0.20749432
SET,0.76138204
PKN3,0.01987248
ZDHHC12,0.15794717
ZER1,0.119512804
TBC1D13,0.105666414
ENDOG,0.32188082
SPOUT1,0.05282176
LRRC8A,0.09843924
PHYHD1,0.20135817
DOLK,0.03525011
NUP188,0.029525561
SH3GLB2,0.25685722
MIGA2,0.056283075
CRAT,0.1356439
PTPA,0.24662216
IER5L,0.22219218
LINC02975,0.008281215
LINC01503,0.055030745
NTMT1,0.1985788
ASB6,0.07307798
PTGES,0.0079612695
TOR1B,0.031795785
TOR1A,0.08822838
C9orf78,0.32165617
USP20,0.027044633
FNBP1,0.1326314
GPR107,0.13059504
ASS1,0.69992983
FUBP3,0.086036354
EXOSC2,0.023104567
ABL1,0.10025333
FIBCD1,0.0
LAMC3,0.0
AIF1L,0.6544149
NUP214,0.12741607
FAM78A,0.0089802565
PRRC2B,0.0
POMT1,0.07287923
UCK1,0.09524974
RAPGEF1,0.18026035
MED27,0.032248124
NTNG2,0.0008227534
SETX,0.1948064
TTF1,0.06717638
DDX31,0.023287755
GTF3C4,0.055551734
TSC1,0.09796182
GTF3C5,0.06954757
RALGDS,0.0421185
GBGT1,0.016312435
SURF6,0.09780532
MED22,0.055799417
RPL7A,2.7672534
SURF1,0.3998711
SURF2,0.2690244
SURF4,0.3614268
REXO4,0.11495121
ADAMTS13,0.006847793
SLC2A6,0.0055797785
ADAMTSL2,0.024428293
VAV2,0.116424404
BRD3OS,0.037176397
BRD3,0.11587775
WDR5,0.081382155
RXRA,0.18412618
COL5A1,0.0048298608
FCN2,0.0
FCN1,0.027673062
OLFM1,0.007604109
PPP1R26,0.04145882
PIERCE1,0.04753782
MRPS2,0.1994945
CAMSAP1,0.028452517
UBAC1,0.19756633
NACC2,0.090397656
TMEM250,0.083638236
GPSM1,0.012700586
CARD9,0.0
SNAPC4,0.022682875
ENTR1,0.06711613
PMPCA,0.16574259
SEC16A,0.12835006
NOTCH1,0.068464145
LNCEGFL7OS,0.026440974
EGFL7,0.21548823
AGPAT2,0.29989457
DIPK1B,0.07285139
SNHG7,0.44349352
LCN6,0.004656478
TMEM141,0.81467944
CCDC183,0.007930093
RABL6,0.24000841
PHPT1,1.1071047
EDF1,1.6187205
TRAF2,0.022718195
FBXW5,0.28550214
PTGDS,0.073041506
PAXX,0.41284868
CLIC3,0.046023265
ABCA2,0.13117741
NPDC1,0.12890878
UAP1L1,0.025439307
MAN1B1,0.10707774
DPP7,0.40188816
SSNA1,0.4015688
TPRN,0.07512406
TMEM203,0.17437291
RNF208,0.093071334
TUBB4B,0.78365505
NELFB,0.18330061
TOR4A,0.029540306
NRARP,0.004135807
EXD3,0.0536952
NSMF,0.09097448
PNPLA7,0.01999892
MRPL41,1.218577
DPH7,0.044397555
ARRDC1,0.12237901
ARRDC1-AS1,0.047111057
EHMT1,0.06780567
LINC01001,0.02732905
BET1L,0.10432716
RIC8A,0.09780241
SIRT3,0.053406343
PSMD13,0.2553121
PGGHG,0.027509697
IFITM2,0.5522044
IFITM1,0.058883183
IFITM3,0.6622211
PKP3,0.016743585
SIGIRR,0.46654326
ANO9,0.017403964
PTDSS2,0.08517471
RNH1,0.5680745
HRAS,0.27639273
LMNTD2,0.027387572
RASSF7,0.25854003
MIR210HG,0.023604238
PHRF1,0.056361686
IRF7,0.050940447
DEAF1,0.13030617
EPS8L2,0.27853137
TMEM80,0.14374767
TALDO1,0.63742685
GATD1,0.089328766
GATD1-DT,0.06186516
SLC25A22,0.028635463
RPLP2,2.1700497
PNPLA2,0.24758415
CRACR2B,0.06167213
CD151,0.38730904
POLR2L,1.6326084
TSPAN4,0.16980371
CHID1,0.3437907
AP2A2,0.28480968
TOLLIP,0.3408783
MOB2,0.1253443
DUSP8,0.05452778
IFITM10,0.012469552
CTSD,1.2390031
TNNI2,0.004763359
LSP1,0.07890929
MRPL23,0.35929197
IGF2,0.0
ASCL2,0.018642971
TSPAN32,0.006028412
CD81,1.1035477
TSSC4,0.18235001
KCNQ1,0.19701284
KCNQ1OT1,0.06434811
CDKN1C,0.33596113
SLC22A18AS,0.037159648
SLC22A18,0.1515369
PHLDA2,0.06350733
NAP1L4,0.38945803
CARS1,0.047130957
OSBPL5,0.03629768
ZNF195,0.04127846
NUP98,0.076718
PGAP2,0.039649617
RHOG,0.12616464
STIM1,0.04161787
RRM1,0.10745003
TRIM21,0.029271554
TRIM68,0.031542473
HBB,0.0
TRIM5,0.035235774
TRIM22,0.08046857
FHIP1B,0.0527688
CAVIN3,0.1647873
SMPD1,0.16012524
APBB1,0.083118565
TRIM3,0.011982712
ARFIP2,0.12241786
TIMM10B,0.13375622
DNHD1,0.014631962
RRP8,0.08587124
ILK,0.24219944
TAF10,0.55791825
TPP1,0.21767013
DCHS1,0.036396317
MRPL17,0.28307894
OLFML1,0.006011795
PPFIBP2,0.021853369
CYB5R2,0.01061815
EIF3F,0.71430993
RIC3,0.14402972
RPL27A,1.999525
DENND2B,0.0530187
AKIP1,0.078333996
TMEM9B,0.21397917
NRIP3,0.006150637
SCUBE2,0.0
DENND5A,0.08865835
TMEM41B,0.09390902
IPO7,0.23376931
ZNF143,0.037241325
WEE1,0.10535294
SWAP70,0.1328454
SBF2,0.10430698
ADM,0.052298132
AMPD3,0.023179865
RNF141,0.16236603
LYVE1,0.0
IRAG1,0.048599295
CTR9,0.14956038
EIF4G2,0.7218808
ZBED5,0.092631936
ZBED5-AS1,0.14166436
GALNT18,0.14536893
USP47,0.16585673
DKK3,0.0
MICAL2,0.008793256
PARVA,0.13182
TEAD1,0.14000875
BMAL1,0.024869114
BTBD10,0.037472386
FAR1,0.114107005
SPON1,0.013787697
RRAS2,0.08576931
COPB1,0.28337163
PSMA1,0.42979077
PDE3B,0.015090798
SOX6,0.16196862
C11orf58,0.6580299
RPS13,2.775027
PIK3C2A,0.25744915
NUCB2,0.18575145
SERGEF,0.0798024
SAAL1,0.04655389
SAA2,0.0
SAA1,0.0
HPS5,0.04838428
GTF2H1,0.07580572
LDHA,0.6271697
TSG101,0.32018542
UEVLD,0.05306625
MISFA,0.02692884
SPTY2D1,0.14887533
TMEM86A,0.037893374
ZDHHC13,0.050709914
NAV2,0.18265076
NAV2-AS3,0.004458436
HTATIP2,0.1257234
PRMT3,0.037958525
FANCF,0.0696878
SVIP,0.44931504
FIBIN,0.02244295
BBOX1,0.5462675
CCDC34,0.026837403
LGR4,0.26964414
LIN7C,0.21303076
METTL15,0.07647608
ARL14EP,0.13423093
DNAJC24,0.034089696
IMMP1L,0.23870656
ELP4,0.090571545
RCN1,0.083833985
EIF3M,0.44342774
PRRG4,0.10742822
QSER1,0.08758089
TCP11L1,0.020930352
LINC00294,0.024860099
CSTF3,0.09873062
HIPK3,0.27396765
CD59,0.7632356
FBXO3,0.15556571
LMO2,0.17001781
CAPRIN1,0.24184428
NAT10,0.0431273
CAT,0.5548869
EHF,0.053692184
APIP,0.2752006
PDHX,0.10590172
CD44,0.08172819
PAMR1,0.0
FJX1,0.005369642
TRIM44,0.27355343
LDLRAD3,0.0029893373
COMMD9,0.19500335
PRR5L,0.013077393
TRAF6,0.029534886
IFTAP,0.15387382
API5,0.18377504
TTC17,0.15402602
HSD17B12,0.33188665
ALKBH3,0.03355276
C11orf96,0.087095216
ACCS,0.03394428
EXT2,0.057201732
CD82,0.1395397
TSPAN18,0.026119694
TP53I11,0.0774874
PRDM11,0.028071664
CHST1,0.00670377
SLC35C1,0.028061243
CRY2,0.12428338
MAPK8IP1,0.09151214
PEX16,0.16809703
PHF21A,0.06694547
CREB3L1,0.014178646
DGKZ,0.13005704
MDK,0.03881017
AMBRA1,0.028996857
ATG13,0.11816432
ARHGAP1,0.13285734
ZNF408,0.038015813
CKAP5,0.083673924
CSTPP1,0.09942708
ARFGAP2,0.14920203
PACSIN3,0.07239901
DDB2,0.024350038
ACP2,0.100815676
NR1H3,0.03334947
MADD,0.069611885
SPI1,0.046789408
SLC39A13,0.16904444
PSMC3,0.36109486
CELF1,0.2129492
NDUFS3,0.6256213
PTPMT1,0.29048005
KBTBD4,0.04463045
MTCH2,0.42058018
FNBP4,0.13712361
NUP160,0.07530364
PTPRJ,0.09075206
FOLH1,0.0458547
APLNR,0.034384765
TNKS1BP1,0.08046308
SSRP1,0.14614338
SLC43A3,0.009311052
SLC43A1,0.07458463
TIMM10,0.41260418
UBE2L6,0.12658194
SERPING1,0.37466353
ZDHHC5,0.163896
MED19,0.091177545
TMX2,0.23098382
SELENOH,0.72762764
CTNND1,0.2988418
LPXN,0.021083921
ZFP91,0.08567083
GLYATL1,0.3132826
FAM111A-DT,0.0121088475
FAM111A,0.12227007
DTX4,0.01583479
MPEG1,0.013791765
OR4D9,0.0
OSBP,0.22011943
PATL1,0.05865022
STX3,0.12504753
MRPL16,0.3877125
MS4A2,0.0
MS4A6A,0.029394675
MS4A4A,0.014043389
MS4A7,0.03209459
MS4A14,0.0
MS4A1,0.026802734
CCDC86,0.019456197
PRPF19,0.094044134
TMEM109,0.20352644
TMEM132A,0.008619036
SLC15A3,0.031809624
CD6,0.011051138
CD5,0.014705597
VPS37C,0.05070767
DDB1,0.37358943
TKFC,0.19211653
CYB561A3,0.06475827
TMEM138,0.06695876
TMEM216,0.05571239
CPSF7,0.10817706
SDHAF2,0.1423278
SYT7,0.033829782
TMEM258,1.0008178
FEN1,0.033023603
FADS2,0.040139053
FADS1,0.042076312
FADS3,0.048920427
RAB3IL1,0.02871721
BEST1,0.0075518284
FTH1,3.3675027
INCENP,0.0018972385
SCGB1D2,0.06168748
ASRGL1,0.2193753
AHNAK,0.6336076
TUT1,0.052606672
MTA2,0.03588665
EML3,0.05743235
ROM1,0.01181073
B3GAT3,0.17333612
GANAB,0.26547694
INTS5,0.06974901
CSKMT,0.032392766
UQCC3,0.33466414
UBXN1,0.5735171
HNRNPUL2,0.16211867
TTC9C,0.062583625
POLR2G,0.17722745
TAF6L,0.08089685
TMEM223,0.17018133
TMEM179B,0.37508455
NXF1,0.070394225
STX5,0.113416165
STX5-DT,0.003851819
WDR74,0.13527933
SLC3A2,0.57512003
PLAAT4,0.3827766
PLAAT3,0.53551185
ATL3,0.12318767
RTN3,0.39016852
ZFTA,0.053264823
SPINDOC,0.016261626
MARK2,0.10748395
COX8A,2.1934273
OTUB1,0.25615335
MACROD1,0.40377977
STIP1,0.1637212
FERMT3,0.041031726
TRPT1,0.23369099
NUDT22,0.32790598
DNAJC4,0.32006946
VEGFB,0.586965
FKBP2,1.1127856
PPP1R14B,0.5029668
PLCB3,0.022294534
BAD,0.35777172
GPR137,0.10054465
ESRRA,0.32432294
TRMT112,1.0455666
PRDX5,1.5545808
CCDC88B,0.012432616
RPS6KA4,0.037390105
RASGRP2,0.046039827
SF1,0.4442968
MAP4K2,0.03463077
MEN1,0.035771474
EHD1,0.13453977
ATG2A,0.049925867
PPP2R5B,0.027772117
BATF2,0.0020872569
ARL2,0.63106436
SNX15,0.009179688
SAC3D1,0.050071903
NAALADL1,0.014796613
ZFPL1,0.16845796
VPS51,0.31031764
TM7SF2,0.23643388
ZNHIT2,0.079126365
FAU,2.5652318
SYVN1,0.09304394
MRPL49,0.18049493
CAPN1,0.15462933
POLA2,0.010795222
CDC42EP2,0.02269234
DPF2,0.113082394
SLC25A45,0.014830169
FRMD8,0.07091281
NEAT1,0.87242025
MALAT1,3.0450964
SCYL1,0.15005684
LTBP3,0.2879227
ZNRD2,0.25174528
FAM89B,0.16655311
EHBP1L1,0.05835375
MAP3K11,0.110637
PCNX3,0.106798686
SIPA1,0.10104724
RELA,0.10318448
KAT5,0.15792008
RNASEH2C,0.44098893
AP5B1,0.03293486
CFL1,1.4686902
MUS81,0.06938555
EFEMP2,0.08402755
CTSW,0.061577648
FIBP,0.28857464
CCDC85B,0.2402813
C11orf68,0.11391697
DRAP1,0.51160157
SART1,0.120956175
EIF1AD,0.04214214
BANF1,0.56471
CATSPER1,0.0055086315
SF3B2,0.34493822
PACS1,0.10336277
KLC2,0.06896159
RAB1B,0.41374323
YIF1A,0.31223065
RIN1,0.0
BRMS1,0.15665129
B4GAT1,0.09319929
MRPL11,0.3055918
PELI3,0.012178165
DPP3,0.051924758
ZDHHC24,0.10840112
CTSF,0.2918616
CCS,0.31025428
RBM14,0.095832646
RBM4,0.020566985
RBM4B,0.068657026
RCE1,0.07977662
LRFN4,0.0160788
RHOD,0.071999185
KDM2A,0.13955763
GRK2,0.13530669
ANKRD13D,0.07074581
SSH3,0.051976375
RAD9A,0.03292463
POLD4,0.121491395
PPP1CA,0.3639842
TBC1D10C,0.053141057
RPS6KB2,0.105574995
CORO1B,0.23922685
CABP4,0.0
TMEM134,0.33786163
AIP,0.28656942
PITPNM1,0.0638917
CDK2AP2,0.3401972
GSTP1,1.8570901
NDUFV1,0.86455864
NUDT8,0.26374492
UNC93B1,0.07285082
ALDH3B1,0.030249374
NDUFS8,1.0386175
TCIRG1,0.05581631
ENSG00000255031,0.0052911835
CHKA,0.07519756
KMT5B,0.14390856
C11orf24,0.04116524
LRP5,0.110524945
PPP6R3,0.15509614
TESMIN,0.02366477
CPT1A,0.1839326
MRPL21,0.27905086
IGHMBP2,0.015731681
MRGPRF,0.0
TPCN2,0.046790596
MYEOV,0.0
LINC02953,0.0
CCND1,0.49351317
LTO1,0.053188186
ANO1,0.008383599
FADD,0.069340095
PPFIA1,0.11995054
CTTN,0.31338048
SHANK2,0.09751137
DHCR7,0.08518847
DHCR7-DT,0.05468746
NADSYN1,0.06642607
FAM86C1P,0.02087882
RNF121,0.08674081
IL18BP,0.017822312
NUMA1,0.3203715
LRRC51,0.034077615
LAMTOR1,0.70103586
ANAPC15,0.2537537
FOLR1,0.4660878
FOLR2,0.0073470073
INPPL1,0.12914908
CLPB,0.07842028
PDE2A,0.05389439
ARAP1,0.08753823
STARD10,0.38790375
ATG16L2,0.038556527
FCHSD2,0.04433254
ARHGEF17,0.11969484
RELT,0.0053557944
FAM168A,0.07334632
PLEKHB1,0.021474041
RAB6A,0.18388677
MRPL48,0.14844948
COA4,0.41542837
PAAF1,0.079994865
UCP2,0.08211067
C2CD3,0.043459892
PPME1,0.101239495
PGM2L1,0.013817914
KCNE3,0.06245409
ENSG00000254928,0.0063455445
POLD3,0.09107077
RNF169,0.043676376
XRRA1,0.07145196
SPCS2,0.75018746
NEU3,0.017738149
SLCO2B1,0.01702124
ARRB1,0.023025468
RPS3,2.5261965
GDPD5,0.010694507
SERPINH1,0.09180405
MAP6,0.00963982
UVRAG,0.075626835
THAP12,0.1321412
GVQW3,0.01604509
EMSY-DT,0.107208334
EMSY,0.05551315
LRRC32,0.08454698
TSKU,0.08809248
ACER3,0.061734002
CAPN5,0.041563373
MYO7A,0.011511488
PAK1,0.063363306
CLNS1A,0.2747037
RSF1,0.21251188
AAMDC,0.35233015
INTS4,0.02700169
NDUFC2,1.2610838
ALG8,0.084346145
KCTD21,0.012110559
GAB2,0.020003242
FAM181B,0.013424139
PRCP,0.3125504
RAB30-DT,0.12567317
PCF11,0.16199455
PCF11-AS1,0.01091801
ANKRD42,0.040422812
CCDC90B,0.18146579
TMEM126B,0.22034056
TMEM126A,0.17633438
CREBZF,0.10434634
SYTL2,0.054229133
PICALM,0.24791342
EED,0.076479085
HIKESHI,0.14351442
ME3,0.105067775
PRSS23,0.17069721
PRSS23-AS1,0.04551075
FZD4,0.23241504
CTSC,0.6012792
NOX4,0.14132366
NAALAD2,0.0051690196
CHORDC1,0.09702881
SLC36A4,0.073077306
SMCO4,0.24817744
CEP295,0.032299515
TAF1D,0.26102135
C11orf54,0.871584
MED17,0.022354785
MRE11,0.05436983
ANKRD49,0.0971691
FUT4,0.019478988
AMOTL1,0.047604684
CWC15,0.37522638
SRSF8,0.24066669
ENDOD1,0.083079666
SESN3,0.11193909
FAM76B,0.043488726
CEP57,0.15037492
MTMR2,0.05264301
MAML2,0.14841849
CCDC82,0.09704096
JRKL,0.030533293
ARHGAP42,0.03701046
TRPC6,0.006459832
CEP126,0.024729386
YAP1,0.12648472
BIRC3,0.0619187
BIRC2,0.3446775
TMEM123,0.3907504
TMEM123-DT,0.020280762
MMP12,0.0
DCUN1D5,0.11382501
DYNC2H1,0.09661063
PDGFD,0.073310204
CASP4,0.0823484
CASP1,0.037771713
CARD16,0.10053013
MSANTD4,0.054178346
KBTBD3,0.080324486
AASDHPPT,0.18311384
GUCY1A2,0.0
ENSG00000261098,0.014078478
CWF19L2,0.1849888
ALKBH8,0.035522427
CUL5,0.20064723
ACAT1,0.97436583
NPAT,0.07522544
ATM,0.12976936
C11orf65,0.011200076
POGLUT3,0.058044985
DDX10,0.11464382
RDX,0.40233538
ZC3H12C,0.05100573
FDX1,0.5887993
LAYN,0.01475301
SIK2,0.15123606
PPP2R1B,0.07118998
ALG9,0.016120996
FDXACB1,0.01189264
CFAP68,0.3254764
CRYAB,0.9393195
HSPB2,0.030474497
DIXDC1,0.09483561
DLAT,0.12814234
NKAPD1,0.09725344
TIMM8B,0.689578
SDHD,0.8553548
IL18,0.17540675
BCO2,0.0059847147
PTS,0.37278503
LINC02762,0.021992138
ZW10,0.03304074
USP28,0.06185044
ZBTB16,0.116692156
NNMT,0.013601454
C11orf71,0.099387564
RBM7,0.09232513
REXO2,0.40295336
CADM1,0.19120051
LINC00900,0.0
BUD13,0.041798178
ZPR1,0.062481802
APOC3,0.03655129
APOA1,0.010548425
SIK3,0.10164438
PAFAH1B2,0.22862937
SIDT2,0.03325527
TAGLN,0.095191255
PCSK7,0.07930413
RNF214,0.05253398
BACE1,0.10121168
CEP164,0.054762237
FXYD2,1.8143413
FXYD6,0.091805734
IL10RA,0.032915276
JAML,0.021087818
MPZL2,0.046939958
CD3E,0.065084934
CD3D,0.09211956
CD3G,0.0556204
UBE4A,0.11874524
ATP5MG,2.139738
ENSG00000255384,0.0
KMT2A,0.228245
TTC36,0.15403649
TMEM25,0.10032616
IFT46,0.07055964
ARCN1,0.2269799
PHLDB1,0.07016845
ENSG00000255422,0.0
DDX6,0.24294953
ENSG00000278376,0.17293039
BCL9L,0.046541534
CENATAC-DT,0.0023450477
CENATAC,0.06907384
RPS25,2.5696666
TRAPPC4,0.4030619
SLC37A4,0.22342272
HYOU1,0.09721748
VPS11,0.0853129
HMBS,0.039649032
H2AX,0.07586426
DPAGT1,0.05119982
C2CD2L,0.023366049
HINFP,0.028224513
DRC12,0.020983925
CBL,0.051351685
MCAM,0.052470043
RNF26,0.051055733
THY1,0.45570105
NECTIN1,0.022324229
OAF,0.12408734
TLCD5,0.028662661
ARHGEF12,0.2826496
TBCEL,0.026838677
SC5D,0.12459411
SORL1,0.32522666
UBASH3B,0.004002456
CRTAM,0.0
HSPA8,1.0924256
GRAMD1B,0.028337242
OR8D4,0.0
VWA5A,0.053623103
TBRG1,0.1251255
SIAE,0.10885199
SPA17,0.052101657
VSIG2,0.028416814
ESAM,0.21030802
MSANTD2,0.0450164
ROBO4,0.06426519
CCDC15,0.0065911957
SLC37A2,0.0
TMEM218,0.078366436
FEZ1,0.024331857
EI24,0.30139652
STT3A,0.116798215
HYLS1,0.03138071
PUS3,0.027919387
VSIG10L2,0.0
CDON,0.0017007452
RPUSD4,0.0361378
FAM118B,0.01614826
SRPRA,0.20171385
FOXRED1,0.06078006
TIRAP,0.012970139
TIRAP-AS1,0.002253908
DCPS,0.1663163
ST3GAL4,0.21265562
LINC02712,0.0
ETS1,0.22935933
FLI1,0.029782183
KCNJ5,0.018245904
KCNJ5-AS1,0.0044356748
ARHGAP32,0.058185533
TMEM45B,0.12250259
NFRKB,0.047030695
APLP2,1.0361204
ST14,0.20599167
ZBTB44,0.29969546
JAM3,0.05360326
NCAPD3,0.024033928
VPS26B,0.0893293
THYN1,0.20467268
ACAD8,0.15659022
ZMYND11,0.2390127
DIP2C,0.097680755
DIP2C-AS1,0.014841519
LARP4B,0.1456836
GTPBP4,0.09153748
IDI1,0.27802613
WDR37,0.042118512
PFKP,0.20024699
PITRM1,0.093334995
KLF6,0.4047675
LINC00702,0.0
AKR1C1,0.10661444
AKR1C2,0.003587022
AKR1C3,0.31620103
AKR1C4,0.0
NET1,0.07660669
ASB13,0.085588865
TASOR2,0.109149605
GDI2,0.39505678
FBH1,0.10116448
ENSG00000232807,0.0
IL15RA,0.019641876
RBM17,0.2963045
PFKFB3,0.05694889
PRKCQ,0.038093664
SFMBT2,0.026551705
ITIH5,0.051194165
KIN,0.056030728
ATP5F1C,1.2194804
TAF3,0.08258267
GATA3,0.17821491
GATA3-AS1,0.10307078
ENSG00000232638,0.0076448326
CELF2,0.10385397
USP6NL,0.040790036
ECHDC3,0.37108257
UPF2,0.18074572
DHTKD1,0.18395701
NUDT5,0.25657418
CDC123,0.15989138
CAMK1D,0.027383985
CCDC3,0.017604036
OPTN,0.26721558
PHYH,0.4947123
SEPHS1,0.16019173
BEND7,0.11263638
PRPF18,0.0818236
FRMD4A,0.13129877
FAM107B,0.49972653
HSPA14,0.0
SUV39H2,0.010994908
DCLRE1C,0.01759447
RPP38,0.11593269
NMT2,0.053918663
FAM171A1,0.17259349
ITGA8,0.043869983
MINDY3,0.04013906
PTER,0.124254
RSU1,0.10366578
TRDMT1,0.021096637
VIM-AS1,0.0072682486
VIM,0.48642418
HACD1,0.030604113
STAM-DT,0.0077087493
STAM,0.08283005
MRC1,0.014407903
ENSG00000240291,0.012335472
NSUN6,0.07714281
ARL5B,0.055134382
PLXDC2,0.120277196
NEBL,0.13000502
MLLT10,0.07756356
DNAJC1,0.2035283
COMMD3,0.2660662
BMI1,0.099157274
PIP4K2A,0.10577118
MSRB2,0.5445534
OTUD1,0.16225718
KIAA1217,0.15226671
ARHGAP21,0.10463194
PRTFDC1,0.026138077
THNSL1,0.04617471
APBB1IP,0.05996454
PDSS1,0.03370949
ABI1,0.14578873
ANKRD26,0.083319485
YME1L1,0.27595067
MASTL,0.0122802295
ACBD5,0.1638842
RAB18,0.26907954
MPP7,0.09711844
WAC-AS1,0.15313585
WAC,0.27968568
BAMBI,0.05339633
SVIL,0.13124605
JCAD,0.043139238
MTPAP,0.06862285
MAP3K8,0.05484031
ZNF438,0.027629033
ZEB1-AS1,0.024492918
ZEB1,0.074271366
MACORIS,0.0051091905
ARHGAP12,0.09913936
KIF5B,0.34415498
EPC1,0.17206605
CCDC7,0.023025667
ITGB1,0.5640305
NRP1,0.10841378
PARD3,0.07074453
CUL2,0.07971565
CREM,0.32501516
CCNY,0.20679258
FZD8,0.11606273
ANKRD30A,0.002201287
ZNF248,0.03572693
ZNF25,0.037641216
ZNF33A,0.14997244
ZNF37A,0.11345302
PLD5P1,0.0076993755
LINC00839,0.00971509
ZNF33B,0.11082543
BMS1,0.067769654
CSGALNACT2-DT,0.0
CSGALNACT2,0.04565068
HNRNPF,0.4428673
LINC02916,0.016451979
ZNF239,0.006827074
ZNF485,0.005182077
ZNF32,0.19400427
CXCL12,0.47335136
RASSF4,0.13664545
DEPP1,0.17056601
ZNF22,0.16311263
ALOX5,0.014889371
MARCHF8,0.073918276
ZFAND4,0.008947875
WASHC2C,0.097322844
TIMM23,0.09040053
NCOA4,0.32646725
SYT15,0.010619428
PTPN20,0.014651524
AGAP9,0.029091058
MAPK8,0.08074568
ARHGAP22,0.004469093
WDFY4,0.014765021
VSTM4,0.023773396
TMEM273,0.0052827206
ERCC6,0.038885664
PARG,0.04876788
TIMM23B,0.030280696
WASHC2A,0.115731284
SGMS1,0.12349002
A1CF,0.08090387
PRKG1,0.03247305
CSTF2T,0.05792298
ZWINT,0.011794768
IPMK,0.036392353
CISD1,0.65980124
UBE2D1,0.10617332
TFAM,0.25221694
BICC1,0.31158558
LINC00844,0.053142678
FAM13C,0.014988175
SLC16A9,0.20818985
CCDC6,0.20503908
ANK3,0.3643183
CDK1,0.009332838
RHOBTB1,0.05617038
ARID5B,0.40755495
RTKN2,0.012255017
ADO,0.057006564
EGR2,0.0075013065
NRBF2,0.09603673
JMJD1C,0.20693436
REEP3,0.16041195
SIRT1,0.054184254
HERC4,0.08438812
PBLD,0.46660635
HNRNPH3,0.39250174
RUFY2,0.061638895
SLC25A16,0.10219703
TET1,0.011591405
CCAR1,0.19604391
STOX1,0.027952267
DDX50,0.13763179
DDX21,0.26311263
KIFBP,0.10736162
SRGN,0.27607715
VPS26A,0.2132789
SUPV3L1,0.070832275
HK1,0.1266663
TSPAN15,0.058688294
FAM241B,0.037736017
MACROH2A2,0.057717737
AIFM2,0.036030352
TYSND1,0.050747156
SAR1A,0.26459372
PPA1,0.5554941
EIF4EBP2,0.32234368
PALD1,0.026442163
PRF1,0.039849658
SGPL1,0.08464325
PCBD1,0.92981005
UNC5B,0.05393841
VSIR,0.11075566
PSAP,1.0116161
CHST3,0.0760494
SPOCK2,0.033027068
ASCC1,0.056054804
ANAPC16,0.9542482
DDIT4,0.468323
DNAJB12,0.1295117
MICU1,0.22726521
MCU,0.02856773
OIT3,0.0
P4HA1,0.07255488
ECD,0.07250247
FAM149B1,0.0331811
DNAJC9,0.058632035
MRPS16,0.36047858
ANXA7,0.49984777
PPP3CB,0.11392542
USP54,0.019688947
SEC24C,0.0914794
FUT11,0.048902404
CHCHD1,0.536539
ZSWIM8,0.114148796
CAMK2G,0.07442064
PLAU,0.2376643
VCL,0.13649334
AP3M1,0.05270278
ADK,0.15136689
KAT6B,0.14149444
DUSP13B,0.0
SAMD8,0.047764216
VDAC2,0.84770155
COMTD1,0.44392774
ZNF503,0.23381838
ZNF503-AS2,0.060869258
LRMDA,0.14315961
KCNMA1,0.04592239
DLG5,0.044294447
ENSG00000204049,0.0
POLR3A,0.050394714
RPS24,3.0796566
ZMIZ1,0.19137679
PPIF,0.28008395
ZCCHC24,0.039157324
EIF5AL1,0.06803259
NUTM2B-AS1,0.08780962
ENSG00000272447,0.06577583
TMEM254,0.068959795
PLAC9,0.058265552
ANXA11,0.73386806
MAT1A,0.0014488635
PRXL2A,0.61474025
TSPAN14,0.2583173
NRG3,0.0067789117
GHITM,0.8852659
CCSER2,0.16898388
WAPL,0.14603007
LDB3,0.005556155
BMPR1A,0.052330703
MMRN2,0.094071835
SNCG,0.1737052
ADIRF,1.5596066
GLUD1,0.42156714
SHLD2,0.113382146
NUTM2A-AS1,0.059252203
MINPP1,0.04571238
PAPSS2,0.14463542
ATAD1,0.17003457
PTEN,0.24556021
STAMBPL1,0.0048796907
ACTA2,0.07625169
CH25H,0.0055941646
LIPA,0.14109783
IFIT2,0.05460938
IFIT3,0.069711424
IFIT1,0.15361941
IFIT5,0.05270274
KIF20B,0.030138249
HTR7,0.0
RPP30,0.12732257
PCGF5,0.21038161
HECTD2,0.022273619
TNKS2,0.12270382
BTAF1,0.058741264
CPEB3,0.07894343
MARCHF5,0.14243709
IDE,0.035092454
KIF11,0.008437348
HHEX,0.011822888
EXOC6,0.04099147
MYOF,0.087484844
FFAR4,0.0
RBP4,0.04024525
FRA10AC1,0.1199026
SLC35G1,0.010266016
PLCE1,0.02627605
NOC3L,0.073522165
TBC1D12,0.021449713
HELLS,0.06118573
PDLIM1,0.13844305
SORBS1,0.056580964
ALDH18A1,0.050129827
TCTN3,0.10266834
ENTPD1,0.018791819
CC2D2B,0.0
CCNJ,0.0035624073
ZNF518A,0.09314007
BLNK,0.10865486
TM9SF3,0.4211512
PIK3AP1,0.019387515
LCOR,0.122133195
ARHGAP19,0.0112041915
FRAT1,0.02604764
FRAT2,0.055583
RRP12,0.01906967
PGAM1,0.515476
EXOSC1,0.10376418
ZDHHC16,0.056786776
MMS19,0.053012446
UBTD1,0.053630803
MORN4,0.117961526
PI4K2A,0.057101972
MARVELD1,0.010348851
ZFYVE27,0.040975533
GOLGA7B,0.0
CRTAC1,0.0224413
R3HCC1L,0.03963262
PYROXD2,0.0344968
HPS1,0.11272278
GOT1,0.55549526
SLC25A28,0.15098177
CUTC,0.08471182
COX15,0.100462005
DNMBP,0.065983854
ERLIN1,0.06528146
CHUK,0.05575036
CWF19L1,0.024906537
BLOC1S2,0.16438712
PKD2L1,0.0
SCD,0.025849717
NDUFB8,1.2235467
HIF1AN,0.08136862
SLF2,0.07727603
MRPL43,0.544295
TWNK,0.011253921
LZTS2,0.09714526
SFXN3,0.03341082
BTRC,0.04608074
DPCD,0.10942668
POLL,0.058854993
FBXW4,0.109378815
NPM3,0.024849588
OGA,0.26523533
ARMH3,0.05374955
HPS6,0.053990085
LDB1,0.028583487
PPRC1,0.026129017
NOLC1,0.112058766
GBF1,0.0756719
NFKB2,0.049925577
FBXL15,0.2936952
CUEDC2,0.28047034
MFSD13A,0.011240937
ACTR1A,0.17124948
ENSG00000273262,0.0
SUFU,0.042406138
TRIM8,0.34910908
TRIM8-DT,0.013074724
ARL3,0.40620586
SFXN2,0.079829566
WBP1L,0.11036462
BORCS7,0.3057729
CNNM2,0.06326049
NT5C2,0.0818745
PCGF6,0.019498743
TAF5,0.0075135427
ATP5MK,1.9037325
PDCD11,0.04257719
CALHM2,0.025407454
NEURL1,0.014034126
SH3PXD2A,0.031890497
STN1,0.07197884
SLK,0.19655965
SFR1,0.041793287
GSTO1,0.78791535
GSTO2,0.19739334
ITPRIP,0.08376206
XPNPEP1,0.05657364
ADD3,0.44744033
MXI1,0.1663834
SMNDC1,0.13278133
DUSP5,0.027401956
SMC3,0.22126652
PDCD4,0.28949818
BBIP1,0.17313364
SHOC2,0.22329292
ADRA2A,0.0
GPAM,0.026239673
ACSL5,0.012722771
ZDHHC6,0.11865855
VTI1A,0.06251545
TCF7L2,0.122753866
HABP2,0.0055720727
CASP7,0.06606086
DCLRE1A,0.022494074
NHLRC2,0.12949456
CCDC186,0.21415012
AFAP1L2,0.047229998
ABLIM1,0.29283345
FHIP2A,0.07588845
TRUB1,0.09464339
ATRNL1,0.009193631
GFRA1,0.014424025
HSPA12A,0.066936836
SHTN1,0.12540412
PDZD8,0.15762155
RAB11FIP2,0.1403008
FAM204A,0.2574273
CACUL1,0.085277624
NANOS1,0.024307508
EIF3A,0.43479922
DENND10,0.21469761
SFXN4,0.13189414
PRDX3,0.86880684
GRK5,0.017417504
RGS10,0.1051718
TIAL1,0.2222377
BAG3,0.14865355
INPP5F,0.057047896
MCMBP,0.11138341
SEC23IP,0.09247955
WDR11,0.10938996
FGFR2,0.10169781
ATE1,0.1466379
NSMCE4A,0.12110152
TACC2,0.12376689
PLEKHA1,0.18454787
HTRA1,0.068672106
FAM24B,0.09942226
C10orf88,0.015936363
IKZF5,0.050860807
ACADSB,0.3153966
BUB3,0.19325773
CHST15,0.019585053
OAT,0.28711328
LHPP,0.0981887
FAM53B,0.0759651
EEF1AKMT2,0.14735188
ABRAXAS2,0.06332777
ZRANB1,0.07075702
CTBP2,0.21897593
ENSG00000273599,0.0
EDRF1-DT,0.028912656
EDRF1,0.028716028
UROS,0.24935941
BCCIP,0.15513572
DHX32,0.07315695
DOCK1,0.14734477
PTPRE,0.03614654
MKI67,0.0
MGMT,0.34636652
C10orf143,0.04275352
GLRX3,0.19570762
PPP2R2D,0.12813424
BNIP3,0.59264964
ENSG00000277959,0.0073468545
STK32C,0.06566065
LRRC27,0.029650072
PWWP2B,0.06865415
INPP5A,0.047507484
CFAP46,0.008271628
VENTX,0.0
ADAM8,0.008559118
TUBGCP2,0.23826566
ZNF511,0.1521452
FUOM,0.33051255
ECHS1,1.2074498
PAOX,0.039494786
MTG1,0.035326812
SPRN,0.0
CYP2E1,0.005837118
IQSEC3-AS2,0.0
KDM5A,0.17222084
CCDC77,0.009233473
NINJ2,0.0034388944
NINJ2-AS1,0.030383397
WNK1,0.6493491
RAD52,0.004872564
ERC1,0.11191046
ADIPOR2,0.13550219
CACNA2D4,0.0026624238
DCP1B,0.034875963
CACNA1C,0.018318484
FKBP4,0.3381076
ITFG2,0.053380523
NRIP2,0.022389976
RHNO1,0.044324055
TULP3,0.05925387
TEAD4,0.013997667
TSPAN9,0.24192224
CRACR2A,0.0
PARP11,0.023046918
PARP11-AS1,0.0
CCND2,0.017325278
TIGAR,0.01869828
FERRY3,0.025086042
DYRK4,0.08851878
NDUFA9,0.36847547
KCNA5,0.014243792
NTF3,0.0076164673
VWF,0.030999484
CD9,1.0977812
TNFRSF1A,0.1532858
SCNN1A,0.44743776
LTBR,0.095751874
CD27,0.034443468
TAPBPL,0.05142102
VAMP1,0.012906974
MRPL51,0.7915578
NCAPD2,0.031659666
GAPDH,2.4654634
IFFO1,0.031701066
NOP2,0.018309858
CHD4,0.2980174
LPAR5,0.0
ACRBP,0.0022050773
ING4,0.12945655
ZNF384,0.07184619
COPS7A,0.21711032
MLF2,0.5759192
PTMS,0.8700198
CD4,0.0320948
GPR162,0.0028540671
P3H3,0.009409859
CDCA3,0.0
USP5,0.084742814
TPI1,1.4573699
SPSB2,0.060394112
LRRC23,0.070054784
ENO2,0.018821526
ATN1,0.25730646
C12orf57,0.7830602
PTPN6,0.06963492
MIR200CHG,0.059484776
PHB2,0.5391478
EMG1,0.0
LPCAT3,0.0980669
C1S,0.007916102
C1R,0.01457069
C1RL,0.03359522
RBP5,0.73833436
CLSTN3,0.082402274
PEX5,0.054299098
CD163L1,0.0
CD163,0.01491214
SLC2A3,0.034861866
FOXJ2,0.033153906
C3AR1,0.014877655
NECAP1,0.06950461
CLEC4A,0.008983008
FAM66C,0.007992732
CLEC4E,0.0129613
MFAP5,0.0
RIMKLB,0.07198007
LINC02972,0.0
PHC1,0.07567837
M6PR,0.24392991
KLRG1,0.014677673
A2M,0.2846334
LINC00987,0.014827295
KLRB1,0.058070816
CLEC2D,0.03707236
CLECL1P,0.0059562707
CD69,0.09285317
KLRF1,0.0239387
CLEC2B,0.08637706
CLEC12A,0.01398567
CLEC1B,0.0
CLEC1A,0.012045343
CLEC7A,0.018219704
OLR1,0.026532535
TMEM52B,0.4856638
GABARAPL1,0.4997534
KLRD1,0.046353437
KLRK1-AS1,0.0075137853
KLRC1,0.007940004
LINC02446,0.0
MAGOHB,0.11333721
YBX3,0.3497956
PRH1,0.050583225
TAS2R14,0.0030821783
SMIM10L1,0.21221809
ETV6,0.050211366
LRP6,0.14134777
MANSC1,0.043315966
LOH12CR2,0.026985496
BORCS5,0.04534216
DUSP16,0.0658934
CREBL2,0.19524492
CDKN1B,0.16125427
APOLD1,0.073785596
GPRC5A,0.0041515827
GPRC5D-AS1,0.01639874
HEBP1,0.341684
FAM234B,0.035537273
EMP1,0.08594373
ATF7IP,0.16358905
PLBD1,0.0879071
H2AJ,0.52085936
WBP11,0.2390265
SMCO3,0.009650922
ART4,0.010208468
MGP,0.4006353
ARHGDIB,0.3549192
RERG,0.06786651
PTPRO,0.0027799453
EPS8,0.18944791
STRAP,0.34468415
DERA,0.26238534
MGST1,0.6221768
RERGL,0.04081539
PLEKHA5,0.1795777
AEBP2,0.10173905
PDE3A,0.018310081
PYROXD1,0.13935861
RECQL,0.0751086
GOLT1B,0.07272749
LDHB,2.2123368
KCNJ8,0.005516398
ABCC9,0.013614741
CMAS,0.104283564
C2CD5,0.089932084
ETNK1,0.22070268
SOX5,0.019717837
BCAT1,0.004538512
IRAG2,0.0314134
ETFRF1,0.29035023
KRAS,0.19710743
ENSG00000274987,0.0
ENSG00000278743,0.023793746
RASSF8-AS1,0.18772924
RASSF8,0.15752068
BHLHE41,0.03212557
SSPN,0.07256667
ITPR2,0.24558635
INTS13,0.05078905
FGFR1OP2,0.17652683
TM7SF3,0.23961505
MED21,0.14866811
ENSG00000275764,0.030029237
STK38L,0.06362797
PPFIBP1,0.20468317
MRPS35,0.32067707
KLHL42,0.05989494
CCDC91,0.110697106
FAR2,0.018376205
ERGIC2,0.15993133
TMTC1,0.07647625
IPO8,0.107173346
CAPRIN2,0.054374106
SINHCAF,0.1854729
DENND5B,0.054316185
ETFBKMT,0.039827127
AMN1,0.074751034
ENSG00000276900,0.016563429
RESF1,0.18988393
ENSG00000276136,0.00701111
BICD1,0.024585592
FGD4,0.15510485
DNM1L,0.20335838
YARS2,0.045960415
ALG10B,0.026859453
CPNE8,0.11236563
KIF21A,0.09615266
SLC2A13,0.06812302
LRRK2,0.08403308
ENSG00000257239,0.0062625767
GXYLT1,0.07355803
YAF2,0.10101289
PPHLN1,0.120090395
ZCRB1,0.37565547
PRICKLE1,0.010954719
PUS7L,0.09261793
IRAK4,0.04684467
TWF1,0.17522635
ANO6,0.264064
LINC00938,0.08564916
ARID2,0.08029274
SCAF11,0.39505574
SLC38A1,0.2405351
SLC38A2,0.28472427
AMIGO2,0.018940568
PCED1B,0.01482603
RPAP3,0.09832852
RAPGEF3,0.18511395
SLC48A1,0.17351317
HDAC7,0.10047405
VDR,0.067448236
TMEM106C,0.19024007
SENP1,0.033776637
PFKM,0.16758767
ASB8,0.17605636
ZNF641,0.045139585
KANSL2,0.08284227
CCNT1,0.085694745
ADCY6,0.08033581
CACNB3,0.007841842
DDX23,0.11449821
FKBP11,0.056121852
ARF3,0.35926273
PRKAG1,0.120216504
KMT2D,0.04878099
LMBR1L,0.041095983
TUBA1B,0.55934846
TUBA1A,0.18190528
TUBA1C,0.3353485
SPATS2,0.06653789
MCRS1,0.15508963
PRPF40B,0.065744184
FMNL3,0.038134158
TMBIM6,1.5671847
NCKAP5L,0.04658019
BCDIN3D,0.053524457
SMARCD1,0.12352736
COX14,0.906798
ENSG00000272368,0.046337757
CERS5,0.062141698
LIMA1,0.18330024
LARP4,0.23511043
DIP2B,0.041704677
ATF1,0.08439759
TMT1A,0.6459365
SLC11A2,0.13273673
LETMD1,0.18410498
CSRNP2,0.0306931
TFCP2,0.06611494
DAZAP2,0.64186615
SMAGP,0.074516706
BIN2,0.043667506
GALNT6,0.017386569
ACVRL1,0.057933055
ACVR1B,0.26634988
TAMALIN,0.10317124
NR4A1,0.15482707
NR4A1AS,0.0
ATG101,0.19458146
KRT80,0.0041600284
KRT7,0.50627613
KRT1,0.0
KRT8,0.5513162
KRT18,0.71075845
EIF4B,0.7510612
TNS2-AS1,0.061295077
TNS2,0.16711493
SPRYD3,0.06836685
IGFBP6,0.06372728
CSAD,0.07262417
ZNF740,0.04251496
ITGB7,0.037700716
RARG,0.020879596
MFSD5,0.05234944
ESPL1,0.0068845935
PFDN5,1.9709804
MYG1,0.25379014
AAAS,0.086636506
SP1,0.111565635
PRR13,0.9333471
PCBP2,1.159666
MAP3K12,0.064651325
ENSG00000270175,0.011740987
TARBP2,0.0556005
ATF7,0.08143277
ATP5MC2,1.8471708
CALCOCO1,0.13306116
HOXC10,0.1543209
HOXC9,0.052872192
SMUG1,0.10438119
LINC02381,0.19785732
CBX5,0.3505028
HNRNPA1,1.2396199
NFE2,0.0
COPZ1,0.42950824
ZNF385A,0.016097479
ITGA5,0.030240346
GTSF1,0.0
NCKAP1L,0.019693071
PDE1B,0.0
PPP1R1A,0.7073538
TESPA1,0.01616441
ITGA7,0.028469037
BLOC1S1,1.0908157
CD63,1.4846439
CD63-AS1,0.019708056
GDF11,0.010885842
SARNP,0.049944527
ORMDL2,0.16323143
DNAJC14,0.0616056
PYM1,0.11498611
DGKA,0.029599512
CDK2,0.024284268
RAB5B,0.17838684
SUOX,0.088161424
IKZF4,0.020375574
RPS26,1.826737
ERBB3,0.12826258
PA2G4,0.41275114
RPL41,3.8918984
ZC3H10,0.01695634
ESYT1,0.06912015
MYL6B,0.43613103
MYL6,2.1712568
SMARCC2,0.09559562
RNF41,0.07369201
NABP2,0.06883277
ANKRD52,0.055439387
COQ10A,0.088808864
CS,0.1499592
CNPY2-AS1,0.1393202
ENSG00000257740,0.0
CNPY2,0.43698862
PAN2,0.044079456
STAT2,0.08280348
SPRYD4,0.13769309
RBMS2,0.08072352
BAZ2A,0.17967924
ATP5F1B,1.6262722
PTGES3,0.73610103
NACA,2.416865
PRIM1,0.028988572
GPR182,0.006287657
ZBTB39,0.005260582
NEMP1,0.03975123
NAB2,0.046231292
STAT6,0.13451166
LRP1,0.06458039
SHMT2,0.12012191
NDUFA4L2,0.026802374
STAC3,0.0024013014
R3HDM2,0.15905596
ARHGAP9,0.020041646
MARS1,0.059332848
DDIT3,0.19321017
MBD6,0.11988822
DCTN2,0.27261758
PIP4K2C,0.15067393
DTX3,0.0806376
ARHGEF25,0.013419795
SLC26A10P,0.0
OS9,0.32199794
AGAP2-AS1,0.0058193556
TSPAN31,0.14290644
CDK4,0.21136323
MARCHF9,0.11513281
METTL1,0.044633422
TSFM,0.2860769
AVIL,0.01951312
ENSG00000270039,0.0
CTDSP2,0.28739396
GIHCG,0.11825542
ATP23,0.026332501
LRIG3,0.037880477
SLC16A7,0.3525905
USP15,0.17094754
MON2,0.09708622
MIRLET7IHG,0.008385249
PPM1H,0.058288887
AVPR1A,0.049171735
RXYLT1,0.07972027
SRGAP1,0.03181951
KICS2,0.029018637
XPOT,0.07134307
TBK1,0.06813781
RASSF3,0.04923841
GNS,0.34691676
TBC1D30,0.03336469
LEMD3,0.075369775
MSRB3,0.033867806
LLPH,0.18270105
TMBIM4,0.66360587
IRAK3,0.043318186
HELB,0.021571334
CAND1,0.18947864
DYRK2,0.05764182
IFNG-AS1,0.0
MDM1,0.028979054
RAP1B,0.3722614
NUP107,0.059060384
SLC35E3,0.07504714
MDM2,0.0955564
CPM,0.31874683
CPSF6,0.12976526
LYZ,0.06511494
ENSG00000257764,0.0
YEATS4,0.09576347
FRS2,0.08971938
CCT2,0.39383516
RAB3IP,0.2314697
PRANCR,0.1524291
CNOT2,0.17756608
KCNMB4,0.07550704
ENSG00000258168,0.0
PTPRB,0.1935853
ZFC3H1,0.088872455
TMEM19,0.09064929
RAB21,0.3067909
TBC1D15,0.12819321
ATXN7L3B,0.273522
KCNC2,0.0
GLIPR1,0.056701615
KRR1,0.21681589
PHLDA1,0.08745014
NAP1L1,0.6748753
BBS10,0.036054153
OSBPL8,0.25716597
ZDHHC17,0.07744265
CSRP2,0.30079165
NAV3,0.0038162821
SYT1,0.013844493
PAWR,0.17134646
PPP1R12A,0.16613019
LIN7A,0.063684374
ACSS3,0.1285347
CCDC59,0.20911634
METTL25,0.05295175
RASSF9,0.015103893
NTS,0.005534343
RLIG1,0.08140945
CEP290,0.099918075
TMTC3,0.08681355
KITLG,0.067045085
DUSP6,0.24822524
POC1B,0.029730448
POC1B-AS1,0.016600344
ATP2B1,0.17336302
ATP2B1-AS1,0.04963417
LUM,0.0
DCN,0.0
BTG1,0.8594871
BTG1-DT,0.09124562
EEA1,0.15057144
NUDT4,0.54626566
UBE2N,0.35076815
MRPL42,0.27064607
SOCS2,0.19214034
CRADD,0.028089387
PLXNC1,0.010548943
CEP83,0.02604947
TMCC3,0.02214485
NDUFA12,0.8921878
NR2C1,0.060803913
FGD6,0.027609112
VEZT,0.09662952
METAP2,0.36947244
NTN4,0.2851604
SNRPF,0.6396171
LTA4H,0.1891435
ELK3,0.071071945
CDK17,0.049868554
NEDD1,0.05372559
TMPO,0.14347775
SLC25A3,1.5354279
IKBIP,0.034271747
APAF1,0.031690322
BLTP3B,0.06258092
ACTR6,0.12328733
SCYL2,0.10765487
NR1H4,0.08780209
GAS2L3,0.0063246493
UTP20,0.031001857
ARL1,0.39519057
SPIC,0.0
CHPT1,0.35123914
GNPTAB,0.12439244
DRAM1,0.05412001
WASHC3,0.2976091
NUP37,0.088522404
PARPBP,0.0024265342
IGF1,0.01079665
PAH,0.40955696
STAB2,0.0
NT5DC3,0.010973515
HSP90B1,1.0258012
UQCC6,0.0700768
TDG,0.120569445
GLT8D2,0.007035527
HCFC2,0.0583999
NFYB,0.15794331
TXNRD1,0.14042215
EID3,0.011908143
CHST11,0.03122398
NOPCHAP1,0.06936594
ALDH1L2,0.0
WASHC4,0.13788807
APPL2,0.08414497
C12orf75,0.4174597
NUAK1,0.024969744
CKAP4,0.10756809
TCP11L2,0.024196483
POLR3B,0.028736377
RIC8B,0.051794738
TMEM263,0.16366923
MTERF2,0.05890756
CRY1,0.04222498
PWP1,0.18150693
PRDM4,0.07896548
CMKLR1,0.022904022
FICD,0.02192354
SART3,0.06657655
ISCU,1.1451473
TMEM119,0.0
SELPLG,0.029255567
CORO1C,0.025423015
SSH1,0.07890903
USP30,0.04559006
USP30-AS1,0.013170453
ALKBH2,0.0754058
UNG,0.13100418
ACACB,0.1573551
KCTD10,0.07047338
UBE3B,0.09907186
MMAB,0.2523238
MVK,0.07541644
GLTP,0.21618791
TCHP,0.054941624
GIT2,0.080914676
ANKRD13A,0.09870319
C12orf76,0.09480649
IFT81,0.07681289
ATP2A2,0.20458132
ANAPC7,0.06291302
ARPC3,1.0127044
GPN3,0.14926995
VPS29,0.5561262
PPTC7,0.12073809
TCTN1,0.1277936
HVCN1,0.027354017
PPP1CC,0.24252324
PHETA1,0.030780243
SH2B3,0.03996628
ATXN2,0.13133943
BRAP,0.041278403
ACAD10,0.079924926
ALDH2,0.85208815
MAPKAPK5-AS1,0.10402594
MAPKAPK5,0.058526546
TMEM116,0.11692232
ERP29,0.72668463
NAA25,0.04131519
TRAFD1,0.040905695
HECTD4,0.07303821
RPL6,2.5194669
PTPN11,0.17836982
OAS1,0.031986624
OAS3,0.017580811
OAS2,0.02763334
DDX54,0.17116253
RITA1,0.08513436
TPCN1,0.14074853
SLC8B1,0.037384246
PLBD2,0.033964522
SDS,0.0
SDSL,0.22117427
RBM19,0.05266527
TBX3,0.07887703
MED13L,0.15703541
SPRING1,0.13120426
RNFT2,0.0072264215
TESC,0.07823668
FBXO21,0.4459338
RFC5,0.027294664
WSB2,0.13753164
VSIG10,0.07054915
PEBP1,2.3195167
TAOK3,0.22933725
SUDS3,0.16732241
HSPB8,0.051836435
ENSG00000248636,0.0120016225
TMEM233,0.0065323953
PRKAB1,0.19419003
BICDL1,0.2465447
RAB35,0.084365904
GCN1,0.07560188
RPLP0,1.5345275
PXN,0.25720727
SIRT4,0.010684865
COX6A1,1.7296098
TRIAP1,0.09727844
GATC,0.075541906
SRSF9,0.79936117
DYNLL1,1.2658308
NRAV,0.021048367
COQ5,0.13541988
RNF10,0.38701686
POP5,0.30013138
CABP1,0.1482722
MLEC,0.35605022
UNC119B,0.07952485
ACADS,0.2086052
SPPL3,0.1597593
C12orf43,0.038403492
OASL,0.008022907
P2RX7,0.009460263
P2RX4,0.045542527
CAMKK2,0.04596107
ANAPC5,0.27887708
RNF34,0.07913853
KDM2B,0.03875558
ORAI1,0.057359
TMEM120B,0.06859131
RHOF,0.08542813
LINC01089,0.086571984
SETD1B,0.0641798
HPD,0.8010389
PSMD9,0.26189813
CFAP251,0.015992016
BCL7A,0.1334148
MLXIP,0.12621547
VPS33A,0.039865173
CLIP1,0.16020529
ZCCHC8,0.031615585
RSRC2,0.35442424
HCAR2,0.0
DENR,0.2340413
HIP1R,0.18679368
VPS37B,0.20786232
OGFOD2,0.052651007
ARL6IP4,1.0699896
MPHOSPH9,0.07160793
MTRFR,0.112716675
CDK2AP1,0.117303126
SBNO1,0.1750873
SBNO1-AS1,0.038472164
KMT5A,0.070609525
RILPL2,0.15901351
SNRNP35,0.1669984
RILPL1,0.045680877
TMED2,0.27843547
DDX55,0.04186893
EIF2B1,0.08953808
GTF2H3,0.07047304
ATP6V0A2,0.036165692
CCDC92,0.09733828
ZNF664,0.20132661
NCOR2,0.1368291
SCARB1,0.015426401
UBC,1.5968109
BRI3BP,0.08862296
SLC15A4,0.052980956
GLT1D1,0.0
STX2,0.040593836
RAN,0.75839174
SFSWAP,0.08334639
ULK1,0.09143582
PUS1,0.041087463
EP400,0.06492992
DDX51,0.044196017
NOC4L,0.06775346
FBRSL1,0.15919429
ENSG00000277186,0.0
POLE,0.011417419
PXMP2,0.46037236
PGAM5,0.060227707
ANKLE2,0.11128035
GOLGA3,0.0940832
CHFR,0.039983187
ZNF605,0.044342622
ZNF26,0.03180096
ZNF84,0.077479154
ZNF140,0.03875084
ZNF891,0.025464084
ZNF10,0.039071295
ZNF268,0.05903431
MPHOSPH8,0.30153173
PSPC1,0.08921937
ZMYM5,0.049711958
ENSG00000275964,0.03125686
ZMYM2,0.16632304
CRYL1,0.79332316
IFT88,0.123421706
ENSG00000278291,0.0012172575
IL17D,0.0
EEF1AKMT1,0.06649436
XPO4,0.020835401
LATS2,0.08558838
SAP18,1.248818
MRPL57,0.8778559
ZDHHC20,0.06904432
MICU2,0.32092333
SACS,0.020726683
MIPEP,0.07248581
SPATA13,0.14562057
PARP4,0.07976622
RNF17,0.0
CENPJ,0.015679026
MTMR6,0.09272397
NUP58,0.08897438
RNF6,0.07051276
CDK8,0.029429914
WASF3,0.05172109
USP12,0.16610952
RPL21,2.4539814
RASL11A,0.055434547
GTF3A,0.3548536
MTIF3,0.45319456
LNX2,0.016344467
POLR1D,0.43502837
LINC00543,0.0
FLT3,0.0036969008
PAN3,0.089336455
FLT1,0.18293908
POMP,0.9894553
SLC46A3,0.036019865
SLC7A1,0.069099136
UBL3,0.30826217
KATNAL1,0.018728444
LINC00426,0.0
HMGB1,1.4151187
USPL1,0.049022447
ALOX5AP,0.06793862
HSPH1,0.1697632
FRY,0.043545347
N4BP2L1,0.04345782
N4BP2L2,0.577899
PDS5B,0.1373915
STARD13,0.060758483
NBEA,0.043406397
SPART,0.25366735
RFXAP,0.021871245
SMAD9,0.025528181
ALG5,0.21010858
EXOSC8,0.12460051
SUPT20H,0.14032733
POSTN,0.008492674
UFM1,0.3254564
PROSER1,0.06248989
NHLRC3,0.10857061
LHFPL6,0.052924708
COG6,0.06818825
FOXO1,0.14132243
MRPS31,0.18929678
SLC25A15,0.004184283
ELF1,0.20173107
WBP4,0.17445217
KBTBD6,0.04482084
KBTBD6-DT,0.00723726
KBTBD7,0.05982243
MTRF1,0.03500607
NAA16,0.05392154
RGCC,0.14382187
VWA8,0.093051136
DGKH,0.043054298
AKAP11,0.13484068
EPSTI1,0.039897807
DNAJC15,0.5319463
CCDC122,0.046314627
LACC1,0.020851182
TSC22D1,0.6663194
TSC22D1-AS1,0.005254096
NUFIP1,0.048634365
GPALPP1,0.094717026
GTF2F2,0.08184019
TPT1,3.652304
SLC25A30,0.099482395
COG3,0.11786111
ZC3H13,0.21475773
LCP1,0.093608044
RUBCNL,0.0
LRCH1,0.08690915
ESD,0.56537056
SUCLA2,0.27790996
NUDT15,0.08359803
MED4,0.2607479
ITM2B,2.4810748
RB1,0.14676847
LPAR6,0.06439334
RCBTB2,0.054406974
FNDC3A,0.16448316
CAB39L,0.07251854
SETDB2,0.052396987
PHF11,0.10919984
RCBTB1,0.03456584
ARL11,0.004752623
EBPL,0.22488832
KPNA3,0.08447038
SPRYD7,0.13653223
DLEU2,0.017763035
TRIM13,0.13917984
DLEU7,0.011221747
RNASEH2B,0.09974128
FAM124A,0.012369216
INTS6,0.1227739
WDFY2,0.124326885
DHRS12,0.15319249
ALG11,0.011088952
UTP14C,0.08338621
NEK5,0.008331563
NEK3,0.029091856
THSD1,0.003608962
VPS36,0.20948136
CKAP2,0.03362713
HNRNPA1L2,0.03189341
SUGT1-DT,0.014287745
SUGT1,0.2717663
PCDH17,0.02369459
DIAPH3,0.0075287484
TDRD3,0.09102518
PCDH9,0.20393716
DACH1,0.05493971
MZT1,0.136611
BORA,0.0058894907
DIS3,0.104516394
PIBF1,0.06182697
KLF12,0.07975838
TBC1D4,0.25954258
COMMD6,1.3933277
UCHL3,0.18022898
LMO7-AS1,0.04188474
LMO7,0.25862104
KCTD12,0.11071418
CLN5,0.22431324
FBXL3,0.1737219
MYCBP2,0.16569766
EDNRB,0.07593097
OBI1,0.052525226
RBM26,0.14068916
NDFIP2,0.17374119
SPRY2,0.03321368
ENSG00000278177,0.0026937563
GPC6,0.06681313
TGDS,0.038414333
GPR180,0.010126018
DZIP1,0.08786167
DNAJC3,0.2146519
UGGT2,0.063470274
MBNL2,0.25025767
RAP2A,0.058292657
IPO5,0.2232166
FARP1,0.4256441
STK24,0.23331177
DOCK9,0.0734747
UBAC2,0.14973895
GPR18,0.012091487
GPR183,0.031335987
TM9SF2,0.36064184
CLYBL,0.20047809
PCCA-DT,0.072381206
PCCA,0.3107798
GGACT,0.2552734
TMTC4,0.026457056
ITGBL1,0.0
FGF14-AS2,0.052513126
TPP2,0.09402823
TEX30,0.13650367
POGLUT2,0.001197618
BIVM,0.08350922
EFNB2,0.053200323
ENSG00000284966,0.0
ARGLU1,0.4267768
NALF1,0.009833819
LIG4,0.038678274
ABHD13,0.081756815
TNFSF13B,0.017748348
ENSG00000283384,0.0
IRS2,0.11155392
COL4A1,0.144144
COL4A2,0.20113568
RAB20,0.08960018
NAXD,0.089399576
CARS2,0.14538494
ING1,0.07217277
ANKRD10,0.17011943
ARHGEF7,0.10014043
TUBGCP3,0.039613973
ATP11A,0.08182719
MCF2L,0.06314419
MCF2L-AS1,0.033469744
F10,0.016953584
PCID2,0.13556114
CUL4A,0.14095141
LAMP1,0.61130357
GRTP1,0.06546077
DCUN1D2,0.0487189
TMCO3,0.17475638
TFDP1,0.16761032
TMEM255B,0.015784139
GAS6-AS1,0.0
GAS6,0.4139427
RASA3,0.023544304
CDC16,0.107900575
UPF3A,0.21146284
CHAMP1,0.06274677
TTC5,0.062529884
ENSG00000258768,0.0034015526
CCNB1IP1,0.22052275
PARP2,0.051772825
TEP1,0.02140479
OSGEP,0.1175487
APEX1,0.4139562
PIP4P1,0.09457473
PNP,0.3879084
RNASE4,0.024562063
ANG,0.051792897
RNASE6,0.014897518
RNASE1,0.2867584
RNASE2,0.0
METTL17,0.07909788
NDRG2,0.45600516
ARHGEF40,0.038870316
ZNF219,0.06703928
HNRNPC,0.5491931
SUPT16H,0.21012662
CHD8,0.09975157
RAB2B,0.04804384
TOX4,0.20390776
METTL3,0.07904716
TRDC,0.021115536
TRAC,0.10251066
DAD1,1.0563418
ABHD4,0.088692605
OXA1L,0.22044335
SLC7A7,0.33228117
MRPL52,0.7935703
MMP14,0.06361189
LRP10,0.29413733
RBM23,0.21660623
HAUS4,0.052358832
C14orf93,0.025270611
PSMB5,0.48394075
CDH24,0.0060689333
ACIN1,0.17965275
C14orf119,0.29253796
SLC7A8,0.41737738
HOMEZ,0.06734781
PPP1R3E,0.048802957
BCL2L2,0.09515942
PABPN1,0.36954367
SLC22A17,0.07330899
EFS,0.016328778
NGDN,0.0980126
THTPA,0.0963159
AP1G2,0.06845607
AP1G2-AS1,0.012472578
DHRS2,0.011875845
DHRS4-AS1,0.15184876
DHRS4,0.28616402
DHRS4L2,0.60256827
NRL,0.018528797
PCK2,0.29320067
DCAF11,0.1634547
PSME1,0.83553886
EMC9,0.1567369
ENSG00000259321,0.0048352377
PSME2,0.54811305
ENSG00000259529,0.0
IRF9,0.016709594
IPO4,0.038712215
TM9SF1,0.01573114
CHMP4A,0.2762781
MDP1,0.08280315
NEDD8,0.96308583
GMPR2,0.24366447
TINF2,0.0897727
RABGGTA,0.07218767
DHRS1,0.13619167
NOP9,0.041325614
CIDEB,0.037359778
LTB4R,0.026100066
ADCY4,0.034442898
RIPK3,0.021275016
NFATC4,0.009115153
NYNRIN,0.048503328
KHNYN,0.059495445
SDR39U1,0.3075717
GZMH,0.058332413
GZMB,0.06716983
NOVA1,0.0453033
G2E3,0.05564613
SCFD1,0.18053436
COCH,0.0
STRN3,0.106520206
AP4S1,0.036518097
HECTD1,0.25110704
HEATR5A,0.059925858
ENSG00000203546,0.01537182
DTD2,0.024275424
NUBPL,0.060240407
ARHGAP5-AS1,0.02992203
ARHGAP5,0.3540899
EGLN3,0.032680713
SPTSSA,0.19078122
EAPP,0.29789624
SNX6,0.39715546
CFL2,0.16358678
BAZ1A,0.03280245
SRP54,0.1826507
FAM177A1,0.40706095
PPP2R3C,0.09923946
PSMA6,0.05339545
NFKBIA,0.6980088
RALGAPA1,0.12820888
BRMS1L,0.042934604
MBIP,0.13238922
MIPOL1,0.028627437
FOXA1,0.0
CLEC14A,0.061154485
SEC23A,0.06508867
GEMIN2,0.027637422
TRAPPC6B,0.105606616
PNN,0.30070713
MIA2,0.29140913
FBXO33,0.07297438
C14orf28,0.02215208
KLHL28,0.059716564
TOGARAM1,0.06390699
PRPF39,0.051715165
FKBP3,0.36896288
FANCM,0.016410751
MIS18BP1,0.09437523
RPS29,2.8497493
LRR1,0.021407139
RPL36AL,1.6723342
MGAT2,0.05621513
DNAAF2,0.08094842
POLE2,0.0013979089
KLHDC2,0.30459243
NEMF,0.17104068
ENSG00000278002,0.027312301
ARF6,0.29639065
VCPKMT,0.04034161
SOS2,0.21271239
DMAC2L,0.19154261
MAP4K5,0.09619965
SAV1,0.14464267
NIN,0.08654688
PYGL,0.014269631
TMX1,0.11081271
FRMD6,0.0069423746
GNG2,0.044519152
RTRAF,0.522833
NID2,0.018084446
PTGER2,0.017877238
TXNDC16,0.0526009
ERO1A,0.070196964
ENSG00000258757,0.03632243
PSMC6,0.2480204
STYX,0.042092446
GNPNAT1,0.095689885
FERMT2,0.17988038
DDHD1,0.03155053
BMP4,0.021034861
CDKN3,0.0022856833
CNIH1,0.18763131
GMFB,0.12012868
CGRRF1,0.077757545
SAMD4A,0.021035474
SOCS4,0.08443204
MAPK1IP1L,0.28407025
LGALS3,0.6800605
DLGAP5,0.0
FBXO34,0.09129782
ATG14,0.0751451
KTN1,0.82614774
ENSG00000277763,0.006515914
PELI2,0.07078578
TMEM260,0.057479776
EXOC5,0.12636903
AP5M1,0.16582969
NAA30,0.05002894
ARMH4,0.0382863
ACTR10,0.29359284
PSMA3,0.48050937
PSMA3-AS1,0.17106995
ARID4A,0.1092247
TIMM9,0.16940404
KIAA0586,0.058435317
DACT1,0.0063332566
DAAM1,0.171419
GPR135,0.0098292865
L3HYPDH,0.056686856
JKAMP,0.12112534
RTN1,0.0070413817
PCNX4,0.13024195
DHRS7,0.48961228
PPM1A,0.19345684
MNAT1,0.14481628
TRMT5,0.0460117
SLC38A6,0.032593183
PRKCH,0.045438293
PRKCH-AS1,0.0063531836
HIF1A,0.27360165
SNAPC1,0.07187948
RHOJ,0.009825462
PPP2R5E,0.13960737
WDR89,0.03446163
SGPP1,0.11016131
SYNE2,0.66714203
ENSG00000214770,0.0
MTHFD1,0.12700334
ZBTB25,0.055575304
AKAP5,0.0042300695
ZBTB1,0.093338825
HSPA2,0.5126996
CHURC1,0.4643087
RAB15,0.02506399
MAX,0.15809758
FUT8,0.03410024
GPHN,0.08504225
PALS1,0.10587762
ATP6V1D,0.38705286
EIF2S1,0.17217268
TMEM229B,0.0028659438
PIGH,0.1773811
VTI1B,0.50383914
RDH11,0.23801567
ZFYVE26,0.01783361
RAD51B,0.010461243
ZFP36L1,0.5642812
ACTN1,0.063190416
DCAF5,0.10634254
EXD2,0.058580536
GALNT16,0.033160932
ERH,0.8135415
SLC39A9,0.14257659
SUSD6,0.1900321
SRSF5,0.6612487
COX16,0.25486353
SYNJ2BP,0.25153676
MED6,0.083444245
TTC9,0.02408273
PCNX1,0.12531255
SIPA1L1,0.09260621
RGS6,0.016653005
DCAF4,0.02003642
RBM25,0.29731885
PSEN1,0.09303173
NUMB,0.17009208
RIOX1,0.02753432
ACOT1,0.05862837
ACOT4,0.04171048
DNAL1,0.07803448
PNMA1,0.11009647
MIDEAS,0.065282896
PTGR2,0.06363385
ENSG00000258653,0.0010497075
COQ6,0.095370084
ENTPD5,0.13423863
ALDH6A1,0.91707945
LIN52,0.064091645
ABCD4,0.11035224
NPC2,0.6776598
ISCA2,0.31945992
LTBP2,0.04217958
AREL1,0.06563961
FCF1,0.056366876
YLPM1,0.11567295
DLST,0.16691212
RPS6KL1,0.0055339728
PGF,0.010257026
EIF2B2,0.109374575
MLH3,0.091701746
ACYP1,0.1727263
NEK9,0.08337293
TMED10,0.47487545
FOS,0.6093064
JDP2,0.0652205
BATF,0.013823017
FLVCR2,0.0108739
TTLL5,0.031434055
ERG28,0.15975168
IFT43,0.21945979
TGFB3,0.0038091028
GPATCH2L,0.12719303
VASH1,0.028427238
ANGEL1,0.02985374
IRF2BPL,0.15138578
CIPC,0.101480514
GSTZ1,0.17296039
TMED8,0.10279438
VIPAS39,0.038151905
AHSA1,0.2659387
SPTLC2,0.14454123
ALKBH1,0.028744543
SLIRP,0.9437299
SNW1,0.16926463
ENSG00000284959,0.0
GTF2A1,0.09960596
SEL1L,0.1946329
FLRT2,0.0
GALC,0.04516882
GPR65,0.037591998
SPATA7,0.050216585
ZC3H14,0.15932947
TTC8,0.043648716
FOXN3,0.16031818
ENSG00000277801,0.0
FOXN3-AS1,0.032269217
EFCAB11,0.046322666
PSMC1,0.26093367
NRDE2,0.07393666
CALM1,1.5806378
TTC7B,0.061236117
RPS6KA5,0.020620452
DGLUCY,0.14631256
CCDC88C,0.0533903
PPP4R3A,0.18436286
TC2N,0.055697627
FBLN5,0.08555121
TRIP11,0.23075567
ATXN3,0.07540178
NDUFB1,1.7008233
CPSF2,0.10590042
SLC24A4,0.0044242074
RIN3,0.02510471
LGMN,0.25781092
GOLGA5,0.08661431
ITPK1,0.18182355
MOAP1,0.12839974
LYSET,0.22141635
GON7,0.12951787
UBR7,0.0790251
BTBD7,0.12491821
OTUB2,0.0012673656
DDX24,0.5508618
IFI27L1,0.111818016
IFI27,0.29010496
IFI27L2,0.27699077
SERPINA1,0.37154365
DICER1,0.21570817
DICER1-AS1,0.048263136
CLMN,0.24398272
SYNE3,0.019187909
SNHG10,0.09020115
GLRX5,0.81297755
C14orf132,0.06894498
ATG2B,0.0707908
GSKIP,0.07232213
AK7,0.0140020745
PAPOLA,0.4226318
VRK1,0.03607941
BCL11B,0.020398134
SETD3,0.24569483
CCNK,0.09679302
CCDC85C,0.038818877
EML1,0.05151763
EVL,0.12064058
DEGS2,0.06492332
YY1,0.3186166
SLC25A29,0.20515013
WARS1,0.16662131
WDR25,0.033967827
MEG3,0.04966172
MEG8,0.00910257
PPP2R5C,0.28398678
ENSG00000256705,0.0
DYNC1H1,0.42595696
HSP90AA1,1.4405371
WDR20,0.09025439
MOK,0.065570265
ZNF839,0.038963743
CINP,0.1414989
TECPR2,0.041804787
ANKRD9,0.3462461
RCOR1,0.06553851
TRAF3,0.032682758
CDC42BPB,0.21363716
TNFAIP2,0.035014004
EIF5,0.58018863
MARK3,0.16536327
CKB,1.4384481
BAG5,0.17782742
KLC1,0.10130378
COA8,0.25272226
KLC1-AS1,0.0
ZFYVE21,0.25890788
PPP1R13B,0.07150151
ATP5MJ,1.5293587
KIF26A,0.03114855
INF2,0.06164429
ADSS1,0.0406141
SIVA1,0.6055715
AKT1,0.19561876
ZBTB42,0.019882042
PLD4,0.0091750445
AHNAK2,0.0014025957
CDCA4,0.017416362
JAG2,0.041679736
NUDT14,0.27272257
BRF1,0.06538365
BTBD6,0.11789838
PACS2,0.1054183
MTA1,0.14609878
CRIP2,0.45394158
CRIP1,0.16351838
TEDC1,0.012721433
TMEM121,0.01412091
IGHD,0.0
IGHM,0.017636057
NIPA1,0.057228856
NIPA2,0.094097145
CYFIP1,0.16388986
TUBGCP5,0.061161675
NDN,0.053214494
SNRPN,0.76252
SNURF,0.009874742
UBE3A,0.243005
ATP10A,0.0036433826
HERC2,0.13217679
APBA2,0.0062564784
NSMCE3,0.11101501
TJP1,0.1646299
ENSG00000259523,0.0
FAN1,0.09640704
MTMR10,0.14384885
LINC02352,0.008604319
KLF13,0.27604082
LINC02256,0.036870506
ARHGAP11A,0.0019035168
FMN1,0.032807846
AVEN,0.026717696
EMC7,0.34020185
KATNBL1,0.10431653
EMC4,0.29517028
SLC12A6,0.06506055
NOP10,0.6982266
LPCAT4,0.044704083
GOLGA8A,0.099470004
GOLGA8B,0.07395926
AQR,0.10675146
ZNF770,0.16995262
DPH6,0.09131953
CDIN1,0.011376559
MEIS2,0.14955705
ENSG00000259460,0.0
SPRED1,0.05998043
FAM98B,0.09697896
RASGRP1,0.01050491
THBS1,0.08761169
FSIP1,0.008956495
GPR176-DT,0.0
EIF2AK4,0.117855795
SRP14,2.0272748
SRP14-DT,0.09324546
BMF,0.011582802
PLCB2,0.01121679
INAFM2,0.018787434
CCDC9B,0.016503794
PHGR1,0.0
KNSTRN,0.022963066
IVD,0.33545363
BAHD1,0.07264569
CHST14,0.023061067
CCDC32,0.085906155
RPUSD2,0.08120519
RMDN3,0.07712654
GCHFR,0.38184783
DNAJC17,0.065439016
ZFYVE19,0.06339646
SPINT1-AS1,0.36082813
SPINT1,0.26167494
RHOV,0.037849806
VPS18,0.07142657
DLL4,0.01492646
INO80,0.054119766
CHP1,0.36036363
NUSAP1,0.0029606817
NDUFAF1,0.121982306
RTF1,0.35699925
LTK,0.016174264
RPAP1,0.041230656
MGA,0.087101124
MAPKBP1,0.03945668
EHD4,0.12545477
VPS39,0.0865149
TMEM87A,0.15918908
GANC,0.015783414
ZNF106,0.2387216
SNAP23,0.15088856
LRRC57,0.076007314
HAUS2,0.047069848
STARD9,0.013672757
CDAN1,0.015780037
TTBK2,0.04878556
TTBK2-AS1,0.0
UBR1,0.062009055
CCNDBP1,0.20272535
MAPDA,0.10654248
ZSCAN29,0.022720203
TUBGCP4,0.041342556
TP53BP1,0.08156018
MAP1A,0.010639414
PPIP5K1,0.02181688
CKMT1B,0.04112982
CATSPER2,0.010396736
PDIA3,0.6231821
SERF2,2.7107692
HYPK,0.010484404
MFAP1,0.13025044
WDR76,0.006822805
GOLM2,0.18925332
CTDSPL2,0.091446936
EIF3J-DT,0.065266386
EIF3J,0.4041261
SPG11,0.13087134
B2M,2.368914
TRIM69,0.08598791
SORD,0.33414662
SHF,0.012802437
GATM,0.9532688
AFG2B,0.030770166
C15orf48,0.0056762556
SLC30A4,0.022613155
BLOC1S6,0.1347564
SQOR,0.081547864
SEMA6D,0.17425291
MYEF2,0.09935194
DUT,0.52413964
FBN1,0.019186996
EID1,1.0037504
SECISBP2L,0.20160766
COPS2,0.22481011
GALK2,0.11532872
FAM227B,0.036982864
ENSG00000275580,0.0037658717
FGF7,0.012096764
DTWD1,0.10964557
ATP8B4,0.015400377
GABPB1,0.029342989
GABPB1-AS1,0.09248182
USP8,0.25493753
TRPM7,0.18471609
SPPL2A,0.33234274
AP4E1,0.025333215
TNFAIP8L3,0.0
GLDN,0.0
DMXL2,0.056277942
ENSG00000259668,0.0
LYSMD2,0.15973178
TMOD2,0.020084709
TMOD3,0.2273111
LEO1,0.061886784
MAPK6,0.08113051
GNB5,0.14213552
MYO5C,0.07185739
MYO5A,0.06150436
ARPP19,0.4281112
ATOSA,0.1192371
RSL24D1,0.54484046
RAB27A,0.074833825
PIGBOS1,0.1147374
PIGB,0.03581496
CCPG1,0.24405149
DNAAF4,0.04045251
PRTG,0.01024437
NEDD4,0.028299531
RFX7,0.031250205
TEX9,0.043508034
MNS1,0.021868963
ZNF280D,0.09348728
TCF12,0.12462888
POLR2M,0.066930786
AQP9,0.0
ADAM10,0.16073215
MINDY2,0.250697
RNF111,0.044743072
SLTM,0.30302936
MYO1E,0.07805601
FAM81A,0.032322824
GTF2A2,0.46215802
BNIP2,0.1412751
ANXA2,0.4098929
ICE2,0.08736404
RORA,0.18200913
VPS13C,0.25048795
C2CD4B,0.010204406
TLN2,0.19893478
ENSG00000259727,0.0
TPM1,0.4041749
LACTB,0.13107605
RPS27L,1.2467966
RAB8B,0.11240524
APH1B,0.073718496
CA12,1.0143152
USP3,0.13208161
FBXL22,0.055342194
HERC1,0.21004544
DAPK2,0.005205674
CIAO2A,0.36428168
SNX1,0.17859076
PPIB,0.8845183
CSNK1G1,0.039322644
PCLAF,0.013504418
TRIP4,0.075124174
ZNF609,0.049172375
OAZ2,0.20372193
ENSG00000264937,0.0
ENSG00000259635,0.0
RBPMS2,0.036507647
PLEKHO2,0.024212537
SPG21,0.23313491
MTFMT,0.050582297
RASL12,0.008922407
UBAP1L,0.013933131
PDCD7,0.1176101
CLPX,0.17338121
DPP8,0.1304298
HACD3,0.2955247
INTS14,0.08071116
SLC24A1,0.011610279
DENND4A,0.057840187
RAB11A,0.47657242
DIS3L,0.062311012
TIPIN,0.02848871
MAP2K1,0.1299327
ENSG00000261351,0.012540736
SNAPC5,0.18605192
RPL4,1.6019292
ZWILCH,0.027768869
SMAD6,0.061677467
SMAD3,0.11372147
AAGAB,0.08165695
C15orf61,0.26844913
MAP2K5,0.050653085
PIAS1,0.14056446
CLN6,0.0060932757
FEM1B,0.119176924
ANP32A,0.34393677
GLCE,0.058914173
RPLP1,3.5147076
TLE3,0.12219477
UACA,0.18410477
LARP6,0.19806361
LRRC49,0.032539967
THSD4,0.06363845
MYO9A,0.25113165
PKM,0.9133247
PARP6,0.061031353
HEXA,0.32308662
ARIH1,0.12587005
BBS4,0.04498042
ADPGK,0.0653348
NEO1,0.08259019
NPTN,0.3498449
CD276,0.03428154
INSYN1,0.012178786
LOXL1,0.015705721
PML,0.056923438
ISLR,0.004519491
SEMA7A,0.005014874
UBL7,0.11851319
UBL7-DT,0.024224615
CLK3,0.06952245
EDC3,0.04701203
CSK,0.08955605
ULK3,0.1179577
SCAMP2,0.25361115
MPI,0.07917422
FAM219B,0.06935753
COX5A,1.1815346
RPP25,0.014950429
PPCDC,0.04539588
C15orf39,0.023323396
COMMD4,0.30836657
ENSG00000275645,0.034361552
NEIL1,0.035297185
MAN2C1,0.11886709
SIN3A,0.08600212
PTPN9,0.055586625
SNUPN,0.11348147
IMP3,0.44459298
SNX33,0.03520495
CSPG4,0.02136278
UBE2Q2,0.07067083
FBXO22,0.11770134
ETFA,0.47018313
SCAPER,0.08022916
RCN2,0.23443086
PSTPIP1,0.023320857
TSPAN3,0.35568008
PEAK1,0.05203169
HMG20A,0.059484523
LINGO1,0.0059858575
TBC1D2B,0.05485379
CIB2,0.028162021
IDH3A,0.16262993
DNAJA4,0.036072284
SKIC8,0.2336705
CRABP1,0.08710515
IREB2,0.12064662
HYKK,0.061721973
PSMA4,0.3739484
ADAMTS7,0.0
MORF4L1,0.85698885
CTSH,0.5139469
TMED3,0.12884717
MTHFS,0.34367245
ST20,0.09059237
ST20-AS1,0.025702765
BCL2A1,0.024643298
ZFAND6,0.22705647
FAH,0.2317405
MESD,0.22207439
TLNRD1,0.09424388
IL16,0.044080973
STARD5,0.0054737497
MEX3B,0.0
EFL1,0.02672094
GOLGA6L10,0.0034959738
RPS17,0.5608191
SNHG21,0.040908232
WHAMM,0.060941026
HOMER2,0.030050082
RAMAC,0.14792384
C15orf40,0.18517464
BTBD1,0.10233761
TM6SF1,0.012562685
HDGFL3,0.116407424
ADAMTSL3,0.019563926
GOLGA6L4,0.0038456356
ZSCAN2,0.025059134
WDR73,0.082356565
NMB,0.0947813
SEC11A,0.6919102
ENSG00000259654,0.0
ZNF592,0.0535296
ALPK3,0.04222356
PDE8A,0.097037956
AKAP13,0.23218632
LINC00052,0.0
NTRK3,0.024582079
MRPL46,0.20790143
MRPS11,0.24437492
DET1,0.030564386
ISG20,0.10570117
HAPLN3,0.0074798223
MFGE8,0.05627949
ABHD2,0.20146571
POLG,0.056981217
POLG-DT,0.002262714
KIF7,0.0
PEX11A,0.0435654
MESP1,0.03795645
MESP2,0.0016377162
ANPEP,0.29447263
AP3S2,0.062445384
ARPIN,0.074311435
ZNF710,0.023859838
ZNF710-AS1,0.17640784
IDH2,0.80894834
SEMA4B,0.060659975
CIB1,0.82012373
NGRN,0.039040986
IQGAP1,0.30984628
CRTC3,0.05650124
BLM,0.003957035
FURIN,0.12477819
FES,0.030375903
MAN2A2,0.06271238
HDDC3,0.16822138
UNC45A,0.100046776
RCCD1,0.036351886
VPS33B,0.023208503
SLCO3A1,0.062081955
FAM174B,0.031569112
CHD2,0.18555921
RGMA,0.0062871673
MCTP2,0.0039438787
LETR1,0.0045054257
LINC00924,0.0064500384
NR2F2-AS1,0.032214254
NR2F2,0.44891167
LINC02253,0.0
ARRDC4,0.050533794
IGF1R,0.24931154
SYNM,0.03161905
TTC23,0.029926952
LRRC28,0.10397557
MEF2A,0.3179841
LYSMD4,0.02570949
LINS1,0.046695612
ASB7,0.039164808
LRRK1,0.012526668
CHSY1,0.070324615
SELENOS,0.3806551
SNRPA1,0.1806
TM2D3,0.18388571
TARS3,0.08527306
POLR3K,0.14019363
SNRNP25,0.21036689
RHBDF1,0.023460006
MPG,0.19242929
NPRL3,0.10896043
HBA2,0.0
HBA1,0.0
LUC7L,0.13209228
FAM234A,0.18309961
RGS11,0.0
AXIN1,0.03071255
MRPL28,0.37746093
PGAP6,0.22290604
NME4,0.41546556
RAB11FIP3,0.37632653
CAPN15,0.04175361
PIGQ,0.1753492
NHLRC4,0.027574606
RAB40C,0.07404928
METTL26,0.51930404
MCRIP2,0.5207575
RHOT2,0.16532624
STUB1,0.6355049
JMJD8,0.17973363
WDR24,0.037625033
FBXL16,0.03721031
METRN,0.492294
ANTKMT,0.42098486
HAGHL,0.068943344
CIAO3,0.07141468
RPUSD1,0.04384846
LMF1,0.060792938
CACNA1H,0.053309724
TPSB2,0.0025172401
TPSAB1,0.0
UBE2I,0.29672372
TSR3,0.34970587
GNPTG,0.22624792
UNKL,0.02161934
UQCC4,0.09723854
CLCN7,0.14520487
TELO2,0.034527346
TMEM204,0.1512051
CRAMP1,0.034270607
ENSG00000261732,0.003056471
JPT2,0.10821947
MAPK8IP3,0.06260168
NME3,0.63931346
MRPS34,0.5284173
EME2,0.019491231
SPSB3,0.27942106
NUBP2,0.24305199
IGFALS,0.004613652
HAGH,0.5926706
FAHD1,0.24844281
MSRB1,0.3149393
NDUFB10,1.1686594
RPS2,2.0741706
SNHG9,0.543839
TBL3,0.09610467
GFER,0.12842438
ZNF598,0.04802861
NPW,0.0
NHERF2,0.29137588
NTHL1,0.098999955
TSC2,0.13547067
PKD1,0.097857386
RAB26,0.0053750705
SNHG19,0.12537684
TRAF7,0.11694878
MLST8,0.10728397
PGP,0.28063968
E4F1,0.06300278
ECI1,0.66223806
RNPS1,0.30518705
ABCA3,0.031231517
TBC1D24,0.17011343
AMDHD2,0.10894266
PDPK1,0.14042923
KCTD5,0.04391635
SRRM2,0.55984384
ELOB,1.771049
ZG16B,0.0063724658
PRSS22,0.025949491
FLYWCH2,0.2522362
FLYWCH1,0.0825481
TNFRSF12A,0.09602819
HCFC1R1,0.4065169
THOC6,0.05205643
BICDL2,0.0070299385
MMP25,0.0
MMP25-AS1,0.022424616
IL32,0.31312278
ENSG00000262370,0.01009953
ZNF205,0.047545996
ZNF213,0.026359973
ZNF200,0.027569124
LINC00921,0.0049302154
ZNF263,0.047227643
TIGD7,0.016410558
ZNF75A,0.060464077
ZSCAN32,0.024022346
ZNF174,0.028341396
NAA60,0.22309063
CLUAP1,0.091100335
NLRC3,0.003919878
DNASE1,0.37033704
TRAP1,0.1890458
CREBBP,0.15556824
ADCY9,0.06353607
TFAP4,0.035020363
GLIS2,0.10072926
CORO7,0.027099587
VASN,0.079301775
DNAJA3,0.11742165
NMRAL1,0.20214427
HMOX2,0.22248584
CDIP1,0.16751519
UBALD1,0.080075614
MGRN1,0.06218107
NUDT16L1,0.23329937
ANKS3,0.053643957
ZNF500,0.019926367
SMIM22,0.19810422
ROGDI,0.13361366
GLYR1,0.28139427
UBN1,0.081036836
NAGPA,0.051179346
ALG1,0.04984986
EEF2KMT,0.029119635
METTL22,0.02842319
ABAT,0.18972112
PMM2,0.031144068
CARHSP1,0.35856616
USP7,0.19491981
HAPSTR1,0.19890788
ATF7IP2,0.114945956
EMP2,0.102706395
NUBP1,0.10547878
CIITA,0.03496311
DEXI,0.15359138
CLEC16A,0.0506989
SOCS1,0.22390588
LITAF,0.5053234
SNN,0.06924124
TXNDC11,0.11146048
TXNDC11-AS1,0.005914727
ZC3H7A,0.15105687
RSL1D1,0.3825644
GSPT1,0.25123757
SNX29,0.13287762
CPPED1,0.14239506
ERCC4,0.043948524
LINC02185,0.0
MRTFB,0.06549448
PARN,0.07323512
BFAR,0.16229932
NOMO1,0.058659423
NPIPA1,0.052293133
PDXDC1,0.25882846
NTAN1,0.112486474
RRN3,0.06273796
MPV17L,0.076054126
BMERB1,0.087058075
MARF1,0.16287187
NDE1,0.025504092
MYH11,0.04689346
CEP20,0.121552646
XYLT1,0.006488604
RPS15A,2.6566346
ARL6IP1,0.51217043
SMG1,0.1702634
TMC7,0.002957817
COQ7,0.09237924
ITPRIPL2,0.05150102
ENSG00000261759,0.007300719
SYT17,0.012376191
GDE1,0.11545535
CCP110,0.04376429
VPS35L,0.09427879
KNOP1,0.07645813
IQCK,0.08541638
GPRC5B,0.10049195
ACSM2A,0.2957125
ACSM3,0.26557705
THUMPD1,0.21473323
ERI2,0.029432142
DCUN1D3,0.040494014
LYRM1,0.20421122
LDAF1,0.041728355
CRYM,0.26035067
METTL9,0.54313105
IGSF6,0.019240947
OTOA,0.0
ENSG00000274460,0.0
UQCRC2,0.6569518
MOSMO,0.1157437
EEF2K,0.036567908
POLR3E,0.064003505
CDR2,0.045411244
NPIPB5,0.0224411
HS3ST2,0.0
USP31,0.031618405
SCNN1B,0.12944907
COG7,0.09698514
ENSG00000260136,0.030740105
GGA2,0.1576191
UBFD1,0.085581236
NDUFAB1,1.0863928
PALB2,0.036306553
DCTN5,0.10559854
PRKCB,0.0123740295
RBBP6,0.19256021
TNRC6A,0.19949378
ENSG00000261669,0.0
ARHGAP17,0.049252562
LCMT1,0.15032405
ZKSCAN2-DT,0.0050177155
NSMCE1,0.22612575
NSMCE1-DT,0.005225148
IL4R,0.054338075
GTF3C1,0.11976557
XPO6,0.08476837
CLN3,0.0051977676
APOBR,0.0
NUPR1,0.18065585
SGF29,0.07965283
SULT1A1,0.25837886
EIF3C,0.014749204
ATXN2L,0.14354107
TUFM,0.78174037
SH2B1,0.11685826
RABEP2,0.058992438
NFATC2IP,0.09112591
SPNS1,0.073079385
LAT,0.039991472
NPIPB11,0.01709179
BOLA2-SMG1P6,0.03951117
SPN,0.0231961
QPRT,0.39191338
C16orf54,0.01874473
KIF22,0.20970961
MAZ,0.26636574
PRRT2,0.0046348106
PAGR1,0.022258447
MVP,0.20423874
CDIPT,0.27558315
SEZ6L2,0.014281975
KCTD13,0.029629903
TMEM219,0.7194042
TAOK2,0.07215866
HIRIP3,0.0760832
INO80E,0.11445532
ALDOA,0.15767147
PPP4C,0.3440439
TBX6,0.008871023
YPEL3,0.57299834
GDPD3,0.06939096
MAPK3,0.14194302
CORO1A,0.13324997
BOLA2B,0.11433222
SULT1A3,0.010355593
ENSG00000258130,0.0
CD2BP2,0.19156057
TBC1D10B,0.0673422
ZNF48,0.019780742
SEPTIN1,0.14199507
ZNF771,0.05518187
DCTPP1,0.18281269
SEPHS2,0.501854
ITGAL,0.026934387
ZNF768,0.11246968
ZNF747,0.032379773
ZNF747-DT,0.038769398
ZNF764,0.019149154
ZNF688,0.1446316
ZNF785,0.023710527
ZNF689,0.0122136995
PRR14,0.064708814
FBRS,0.078327455
ENSG00000261840,0.035129268
PHKG2,0.11425626
RNF40,0.1786372
ZNF629,0.044935297
BCL7C,0.6277271
MIR762HG,0.045808997
CTF1,0.072408535
FBXL19,0.03784738
ORAI3,0.10521548
SETD1A,0.042418588
HSD3B7,0.051527616
STX4,0.12064502
ZNF668,0.0286072
VKORC1,0.39762536
BCKDK,0.1775689
KAT8,0.14853814
PRSS8,0.23634484
PRSS36,0.0036863023
FUS,0.4691618
PYCARD,0.11141701
ITGAM,0.0052823587
ITGAX,0.0047097765
ENSG00000261474,0.0047474215
ENSG00000260267,0.0076731346
TGFB1I1,0.048226085
RUSF1,0.11934629
KRBOX5,0.072963335
ZNF267,0.029723503
TP53TG3D,0.0
VPS35,0.27443987
C16orf87,0.088757664
GPT2,0.058431294
DNAJA2,0.3202702
NETO2,0.008215623
ITFG1,0.21034536
PHKB,0.17831899
LONP2,0.19876723
SIAH1,0.09570699
N4BP1,0.09480267
CBLN1,0.0
ENSG00000279249,0.0
CNEP1R1,0.03452496
HEATR3,0.023380728
TENT4B,0.08736176
ADCY7,0.015359863
BRD7,0.25919613
NKD1,0.0
CYLD,0.10107369
HNRNPA1L3,0.0651988
CHD9,0.26901883
RBL2,0.2088578
AKTIP,0.12785013
FTO,0.09533694
IRX3,0.045717653
CRNDE,0.09805239
IRX5,0.0330221
MMP2,0.018219654
LPCAT2,0.061728206
ENSG00000261997,0.0
CES1,0.029671896
AMFR,0.2398552
NUDT21,0.2006206
OGFOD1,0.07083914
BBS2,0.12984443
MT2A,1.805873
MT1E,1.4826616
MT1M,0.25316617
MT1A,0.050499957
MT1F,0.72717625
MT1G,1.0446417
MT1H,0.4773586
MT1X,1.1176705
NUP93,0.05148565
HERPUD1,0.8834775
CETP,0.020424603
NLRC5,0.025845345
CPNE2,0.079406515
PSME3IP1,0.21375269
RSPRY1,0.083098456
ARL2BP,0.20472208
PLLP,0.13247298
CX3CL1,0.0790839
CIAPIN1,0.12256627
COQ9,0.3481099
POLR2C,0.21366456
DOK4,0.04102366
CCDC102A,0.01919309
ADGRG1,0.38964736
KATNB1,0.027173202
KIFC3,0.24846081
ZNF319,0.01772978
USB1,0.06302626
CFAP20,0.101772435
CSNK2A2,0.11656625
NDRG4,0.016300103
SETD6,0.04656752
CNOT1,0.22645853
ENSG00000276259,0.008476227
SLC38A7,0.037185606
GOT2,0.25925395
CDH11,0.0066168555
CDH5,0.08699696
LINC00920,0.009401895
TK2,0.14151321
CKLF,0.15191364
CMTM2,0.0
CMTM3,0.03069161
CMTM4,0.2689415
DYNC1LI2,0.2231031
NAE1,0.14152654
PDP2,0.07665392
RRAD,0.054055702
CIAO2B,0.78695613
CES2,0.21114743
CES4A,0.0097072
CBFB,0.061238945
PHAF1,0.033685386
B3GNT9,0.02457945
TRADD,0.122578464
HSF4,0.02339423
NOL3,0.06763934
MATCAP1,0.03638154
EXOC3L1,0.05120073
E2F4,0.1333304
ELMO3,0.10176974
FBXL9P,0.044627286
TMEM208,0.4663646
FHOD1,0.027889159
TPPP3,0.01305749
ZDHHC1,0.078808896
ATP6V0D1,0.4466502
RIPOR1,0.11541578
CTCF,0.124662615
ACD,0.055591688
PARD6A,0.075574785
ENKD1,0.096545495
GFOD2,0.06154439
RANBP10,0.03627413
CENPT,0.07806679
THAP11,0.12159154
NUTF2,0.24473937
PSKH1,0.06284203
PSMB10,0.0835389
LCAT,0.022037793
SLC12A4,0.041698173
DPEP2,0.011251041
DUS2,0.023969261
DDX28,0.043431953
NFATC3,0.1703078
PLA2G15,0.09217541
SLC7A6,0.039380033
SLC7A6OS,0.044355135
PRMT7,0.053769287
ZFP90,0.05415022
CDH1,0.2138204
TANGO6,0.012096896
CHTF8,0.18692447
UTP4,0.08849583
SNTB2,0.096228875
VPS4A,0.1891114
COG8,0.0
NIP7,0.07536535
TERF2,0.088193975
CYB5B,0.2265762
NFAT5,0.18336827
NQO1,0.15466605
NOB1,0.08879157
WWP2,0.13072945
PDPR,0.042632792
EXOSC6,0.1279113
AARS1,0.16351989
DDX19B,0.07287242
DDX19A,0.07842427
ST3GAL2,0.017448148
FCSK,0.032190386
COG4,0.08108649
SF3B3,0.1387229
MTSS2,0.02186389
VAC14,0.059421007
CMTR2,0.056279976
CALB2,0.0
TAT,0.0
MARVELD3,0.046926714
PHLPP2,0.026958289
AP1G1,0.16722474
ATXN1L,0.09657422
IST1,0.29842207
ZNF821,0.0526257
DHODH,0.029228795
TXNL4B,0.03583578
HP,0.0
HPR,0.0
DHX38,0.083526194
ZFHX3,0.18425655
ENSG00000271009,0.0036886865
ENSG00000261227,0.0
PSMD7,0.21846169
GLG1,0.38437817
RFWD3,0.039416097
MLKL,0.030636473
WDR59,0.078204915
ZNRF1,0.050220113
ZFP1,0.021775419
BCAR1,0.17333287
CFDP1,0.6688253
TMEM170A,0.1557091
TMEM231,0.023950554
GABARAPL2,0.8941849
ADAT1,0.03767719
KARS1,0.21598396
TERF2IP,0.35629076
MON1B,0.12173462
SYCE1L,0.08355314
NUDT7,0.13434243
WWOX,0.11076577
MAF,0.29237822
CDYL2,0.02908146
CMC2,0.36895674
CENPN,0.009749584
ATMIN,0.130232
GCSH,0.6707995
GAN,0.0262919
CMIP,0.13646878
PLCG2,0.15422577
MPHOSPH6,0.08573484
CDH13,0.028758956
HSBP1,0.9097657
MLYCD,0.09536026
NECAB2,0.06394044
MBTPS1,0.25781298
HSDL1,0.054003328
TAF1C,0.07249611
WFDC1,0.09082533
MEAK7,0.03564235
COTL1,0.347687
KLHL36,0.13428213
USP10,0.16387227
CRISPLD2,0.017489448
ZDHHC7,0.08114153
GSE1,0.09409603
GINS2,0.006244337
C16orf74,0.011434499
EMC8,0.124228
COX4I1,1.9607575
IRF8,0.02729038
FENDRR,0.0
FOXF1,0.0041477988
MTHFSD,0.024181193
FOXC2,0.009135158
C16orf95,0.011261981
FBXO31,0.04002137
MAP1LC3B,0.54723996
ZCCHC14,0.10849564
KLHDC4,0.058141872
BANP,0.100954965
ZFPM1,0.1940539
ZC3H18,0.067989506
CYBA,0.8075774
MVD,0.09485325
SNAI3-AS1,0.012649331
RNF166,0.05406423
CTU2,0.024530908
PIEZO1,0.1157524
CDT1,0.0
APRT,0.84706485
TRAPPC2L,0.48914474
CBFA2T3,0.0
ACSF3,0.07678933
ZNF778,0.02991431
ANKRD11,0.28774977
ENSG00000268218,0.0031982881
SPG7,0.17150989
RPL13,3.322412
CPNE7,0.011506054
CHMP1A,0.16037364
SPATA33,0.0729483
CDK10,0.106862
VPS9D1,0.07907569
ZNF276,0.038873445
SPIRE2,0.015020626
TCF25,0.40395442
DEF8,0.10058722
DBNDD1,0.023994269
GAS8,0.07841263
DOC2B,0.02418555
RPH3AL,0.040716283
LIAT1,0.07310612
RFLNB,0.08119855
VPS53,0.0655975
TLCD3A,0.009741804
GEMIN4,0.033055574
GLOD4,0.31159112
MRM3,0.058853123
NXN,0.031578425
TIMM22,0.10235923
ABR,0.0805289
YWHAE,1.1368532
CRK,0.20807415
MYO1C,0.30119625
INPP5K,0.09590098
PITPNA-AS1,0.14734259
PITPNA,0.13629065
SLC43A2,0.3286336
SCARF1,0.03224186
RILP,0.096702546
PRPF8,0.32348263
TLCD2,0.0074489857
MIR22HG,0.1252508
WDR81,0.05130749
SERPINF1,0.019264132
SMYD4,0.015801938
RPA1,0.07064695
HIC1,0.0
SMG6,0.08749636
SRR,0.03690432
TSR1,0.03640258
SGSM2,0.08531551
MNT,0.062040586
METTL16,0.07750943
PAFAH1B1,0.30783513
CLUH,0.20094763
RAP1GAP2,0.08562094
OR3A3,0.0
TRPV3,0.0
CTNS,0.027336966
TAX1BP3,0.14157347
EMC6,0.42698538
P2RX5,0.006353936
ITGAE,0.17798342
NCBP3,0.105280064
CAMKK1,0.00435019
P2RX1,0.0
ATP2A3,0.036689926
ZZEF1,0.07040361
CYB5D2,0.15951079
ANKFY1,0.10112902
UBE2G1,0.16971336
SPNS2,0.076997854
MYBBP1A,0.038019747
PELP1,0.09787181
ARRB2,0.083109505
MED11,0.20761624
CXCL16,0.0603252
ZMYND15,0.0058986167
VMO1,0.028163075
PSMB6,0.7986946
PLD2,0.021546325
MINK1,0.0592607
SLC25A11,0.4610299
RNF167,0.20627864
PFN1,1.4044502
SPAG7,0.49491763
CAMTA2,0.07387467
KIF1C,0.1801494
ZNF232,0.033600885
ZNF594,0.024893396
SCIMP,0.027002065
RABEP1,0.12268698
NUP88,0.065458775
RPAIN,0.2789616
ENSG00000263272,0.015303565
C1QBP,0.6969015
DHX33,0.044051368
DERL2,0.18669786
MIS12,0.032717943
NLRP1,0.01452297
WSCD1,0.037910737
KIAA0753,0.028015291
TXNDC17,0.88378114
MED31,0.20868829
XAF1,0.048018105
RNASEK,0.047817003
C17orf49,0.025055965
MIR497HG,0.0018928004
BCL6B,0.015699971
CLEC10A,0.0030884556
ASGR2,0.0031700362
ASGR1,0.0
DLG4,0.007925114
ACADVL,0.7411932
DVL2,0.05042874
PHF23,0.10884552
GABARAP,0.4310081
CTDNEP1,0.26803792
ELP5,0.27302796
CLDN7,0.40244657
SLC2A4,0.023475299
YBX2,0.006862523
EIF5A,0.75698507
GPS2,0.101000875
ACAP1,0.067022316
KCTD11,0.012785479
TMEM256,0.7601067
NLGN2,0.0040506474
TMEM102,0.039727684
CHRNB1,0.027530583
ZBTB4,0.16294557
POLR2A,0.20566472
TNFSF12,0.15189904
SENP3,0.06277017
EIF4A1,0.33376187
CD68,0.062292114
MPDU1-AS1,0.026287047
MPDU1,0.19988403
FXR2,0.06412353
SAT2,0.9133606
ATP1B2,0.12313767
TP53,0.07950958
WRAP53,0.018854527
KDM6B,0.11927666
TMEM88,0.11612014
NAA38,1.0157135
CHD3,0.1531706
KCNAB3,0.004243983
TRAPPC1,0.6026275
GUCY2D,0.0031812012
ALOX15B,0.002317081
PER1,0.27317002
VAMP2,0.6932148
TMEM107,0.108686075
BORCS6,0.06456124
LINC00324,0.013820722
CTC1,0.03944775
PFAS,0.030619843
RANGRF,0.14918178
ARHGEF15,0.013940079
KRBA2,0.010758898
RPL26,2.9943428
NDEL1,0.08672867
MYH10,0.24048656
PIK3R5,0.005184033
STX8,0.22772782
GAS7,0.0071420865
SCO1,0.115032785
ADPRM,0.035818756
TMEM220,0.11138916
TMEM220-AS1,0.00786575
MAP2K4,0.08967902
MYOCD,0.0067737265
ARHGAP44,0.01924737
ELAC2,0.08737135
HS3ST3B1,0.010435344
ENSG00000266378,0.004827494
PMP22,0.051878154
CDRT4,0.002029348
TVP23C,0.008622231
ENSG00000266538,0.0011755519
TRIM16,0.014116888
ZNF286A,0.019247577
ENSG00000276855,0.029749474
ZSWIM7,0.25278598
TTC19,0.18011324
NCOR1,0.29766464
PIGL,0.04523324
CENPV,0.095934
UBB,1.9109625
TRPV2,0.01595585
LRRC75A,0.04202933
ZNF287,0.02420442
ZNF624,0.0011595326
CCDC144A,0.013013335
ENSG00000266302,0.012802048
MPRIP,0.17125997
FLCN,0.013736628
COPS3,0.12113776
NT5M,0.028546676
MED9,0.06603536
RASD1,0.26146796
PEMT,0.12145276
RAI1,0.05697605
SMCR5,0.0030382273
SREBF1,0.1469292
TOM1L2,0.14416948
DRC3,0.011809724
ATPAF2,0.10213847
GID4,0.039734762
DRG2,0.0941839
ALKBH5,0.25877008
LLGL1,0.007991146
FLII,0.15880044
TOP3A,0.03856134
SMCR8,0.058853984
SHMT1,0.47100776
TRIM16L,0.022002542
TVP23B,0.040588792
PRPSAP2,0.106718056
GRAP,0.010892002
ENSG00000263394,0.0
ENSG00000262202,0.02312555
GRAPL,0.0
EPN2,0.09413874
B9D1,0.09815206
MAPK7,0.03517367
MFAP4,0.0
ALDH3A2,0.38833424
ULK2,0.033599157
AKAP10,0.072382785
SPECC1,0.029108377
USP22,0.26883733
DHRS7B,0.10933067
TMEM11,0.13771446
NATD1,0.035547744
MAP2K3,0.2413897
LINC02693,0.018328825
WSB1,0.3842132
KSR1,0.029230414
LGALS9,0.037646726
LYRM9,0.12428577
NLK,0.07187797
TMEM97,0.06949842
IFT20,0.20200203
TNFAIP1,0.10271255
POLDIP2,0.34900782
TMEM199,0.11110912
VTN,0.017860234
SLC46A1,0.02641559
ENSG00000258472,0.04031639
UNC119,0.08311642
PIGS,0.07518714
ALDOC,0.014460199
SPAG5,0.025097847
ENSG00000265287,0.0
RSKR,0.013551021
BLTP2,0.15528807
SDF2,0.23623492
SUPT6H,0.12609798
RAB34,0.20594566
RPL23A,2.1900337
NEK8,0.02095195
TRAF4,0.112368084
FAM222B,0.06274562
ERAL1,0.10177964
FLOT2,0.1538632
PHF12,0.05717902
PIPOX,0.16700567
MYO18A,0.015755434
NUFIP2,0.1557611
TAOK1,0.18791234
ABHD15,0.020391399
TP53I13,0.20019747
GIT1,0.06996452
ANKRD13B,0.0
SSH2,0.13242221
NSRP1,0.24623469
BLMH,0.06870567
CPD,0.18312426
GOSR1,0.1755017
CRLF3,0.032562394
ATAD5,0.005728805
TEFM,0.06808703
ADAP2,0.005359306
RNF135,0.10109778
MIR4733HG,0.0034707668
NF1,0.15510294
EVI2B,0.06128611
EVI2A,0.020151006
RAB11FIP4,0.067907035
COPRS,0.4909155
UTP6,0.09041268
SUZ12,0.13937588
LRRC37B,0.029258534
RHOT1,0.0969565
C17orf75,0.1303016
ZNF207,0.2552503
ENSG00000266385,0.0
PSMD11,0.24519628
MYO1D,0.05543049
ENSG00000266599,0.0
TMEM98,0.057193324
CCL2,0.016893899
CCL7,0.0
CCL8,0.0
ZNF830,0.07195543
LIG3,0.0637434
RFFL,0.04020263
RAD51D,0.02734443
NLE1,0.029424636
UNC45B,0.0
SLFN5,0.09495507
ENSG00000267364,0.0038004213
SLFN11,0.013459163
SLFN12,0.03526054
SLFN13,0.0071049626
SLFN12L,0.00894211
SNHG30,0.12086113
AP2B1,0.40454477
TAF15,0.15995103
MMP28,0.011847113
ENSG00000270871,0.0
CCL5,0.13233274
CCL14,0.009631153
CCL23,0.014865462
CCL18,0.0
CCL3,0.019784665
CCL4,0.09964225
ENSG00000274767,0.0
CCL3L3,0.0
CCL4L2,0.017726146
ZNHIT3,0.20917486
MYO19,0.06503736
GGNBP2,0.19503571
DHRS11,0.10247852
MRM1,0.024729667
AATF,0.11390761
ACACA,0.055414982
TADA2A,0.035157274
DUSP14,0.06721664
SYNRG,0.1874078
DDX52,0.12055265
MRPL45,0.14376268
SOCS7,0.049129624
ARHGAP23,0.025523799
EPOP,0.0027432733
ENSG00000277969,0.029076329
MLLT6,0.27831554
CISD3,0.44151092
PCGF2,0.2406333
PSMB3,0.70518726
PIP4K2B,0.08627216
CWC25,0.11622306
RPL23,1.6701698
LASP1,0.16713342
LASP1NB,0.0
PLXDC1,0.0
RPL19,3.0184526
FBXL20,0.04508037
MED1,0.07884616
CDK12,0.10010988
STARD3,0.09488217
PNMT,0.025993489
PGAP3,0.07242152
ERBB2,0.43186682
MIEN1,0.49835664
IKZF3,0.016900098
ORMDL3,0.09268106
PSMD3,0.17227224
MED24,0.08687439
THRA,0.19733979
NR1D1,0.020290945
MSL1,0.114332154
CASC3,0.16214967
WIPF2,0.15133381
RARA,0.07148287
RARA-AS1,0.02601763
TOP2A,0.0
IGFBP4,0.5058089
CCR7,0.012245084
SMARCE1,0.0930506
KRT222,0.005400955
KRT10,0.7566129
KRT10-AS1,0.10803861
KRT23,0.0
KRT19,0.20776817
EIF1,2.6203938
HAP1,0.0026752604
JUP,0.41130152
P3H4,0.0350881
FKBP10,0.013879007
NT5C3B,0.20651977
KLHL11,0.008519573
ACLY,0.08924012
CNP,0.18884346
DNAJC7,0.3048054
NKIRAS2,0.086224414
DHX58,0.021368735
KAT2A,0.08802288
RAB5C,0.5409948
GHDC,0.06658184
STAT5B,0.12478261
STAT5A,0.11319908
STAT3,0.2829925
CAVIN1,0.16390541
ATP6V0A1,0.14178896
NAGLU,0.14353915
HSD17B1-AS1,0.0331248
COASY,0.17827998
MLX,0.17294604
RETREG3,0.1557042
TUBG1,0.09465499
TUBG2,0.05163898
PLEKHH3,0.041179072
ENSG00000267042,0.020933589
CNTNAP1,0.0
EZH1,0.108942814
RAMP2-AS1,0.0065446584
RAMP2,0.24148574
VPS25,0.28148842
WNK4,0.22330464
COA3,0.8339945
BECN1,0.17437425
PSME3,0.11677548
AOC3,0.014053814
AARSD1,0.03000571
PTGES3L,0.0
RUNDC1,0.047207326
RPL27,2.0610893
IFI35,0.093797505
VAT1,0.16632336
BRCA1,0.005579262
ENSG00000267002,0.033336695
NBR1,0.26118916
TMEM106A,0.028522324
ARL4D,0.28182316
DHX8,0.060050752
DUSP3,0.21079159
TMEM101,0.18779476
LSM12,0.17901503
G6PC3,0.1774393
HDAC5,0.14176077
ASB16-AS1,0.020129243
TMUB2,0.109364
ATXN7L3,0.05547839
UBTF,0.19881022
SLC25A39,0.55995774
GRN,0.42888072
GPATCH8,0.08820099
FZD2,0.0060677417
MEIOC,0.011804637
CCDC43,0.08469029
GJC1,0.0027897977
HIGD1B,0.0032639855
EFTUD2,0.053328663
DCAKD,0.06601572
NMT1,0.27802017
ACBD4,0.05720923
ENSG00000276728,0.0342799
HEXIM1,0.12869568
HEXIM2-AS1,0.011282287
HEXIM2,0.053481415
FMNL1-DT,0.007672373
FMNL1,0.0372029
MAP3K14,0.022624047
ARHGAP27,0.043449808
PLEKHM1,0.052834254
ENSG00000267198,0.005535188
MAPT,0.05479144
KANSL1,0.13680883
KANSL1-AS1,0.10248166
ARL17B,0.005570799
ARL17A,0.011368541
FAM215B,0.0010939707
NSF,0.077661835
GOSR2,0.14938849
CDC27,0.09122368
EFCAB13,0.011163034
NPEPPS,0.20511492
KPNB1,0.2937067
TBKBP1,0.024824236
OSBPL7,0.01980291
MRPL10,0.122406654
SCRN2,0.22322835
SP2,0.0559392
PNPO,0.21393017
CDK5RAP3,0.172812
COPZ2,0.088302456
NFE2L1,0.45680255
CBX1,0.21014714
SNX11,0.045005534
SKAP1,0.13546789
HOXB2,0.29947793
HOXB-AS1,0.067453966
HOXB3,0.08959603
HOXB-AS3,0.27559957
HOXB4,0.049047332
HOXB5,0.09747956
HOXB6,0.21809676
HOXB7,0.25147417
CALCOCO2,0.22528107
ATP5MC1,1.2796499
UBE2Z,0.1713145
SNF8,0.40003374
GNGT2,0.015601868
ABI3,0.16213302
ZNF652,0.12829503
PHB1,0.7953177
NGFR,0.0
SPOP,0.13192153
SLC35B1,0.15582164
FAM117A,0.050938495
KAT7,0.0720601
ITGA3,0.13407914
PDK2,0.2931333
SAMD14,0.0033355667
PPP1R9B,0.05275368
SGCA,0.007512736
COL1A1,0.02099222
XYLT2,0.035896346
MRPL27,0.47489217
LRRC59,0.10414745
RSAD1,0.06903335
SPATA20,0.15502872
ABCC3,0.010132565
ANKRD40,0.12395305
ENSG00000262967,0.035681356
LUC7L3,0.4845584
TOB1,0.40004474
SPAG9,0.31890684
NME1,0.25280344
NME2,0.066534415
MBTD1,0.03727865
UTP18,0.093029164
TOM1L1,0.22586773
COX11,0.24472302
STXBP4,0.09606064
HLF,0.08754185
MMD,0.044500783
PCTP,0.05577735
C17orf67,0.014830754
DGKE,0.050716236
TRIM25,0.062206306
COIL,0.08186286
SCPEP1,0.2968395
AKAP1,0.20270818
ENSG00000263089,0.0
MSI2,0.45380244
MRPS23,0.328346
CUEDC1,0.09391467
VEZF1,0.19912848
ENSG00000264112,0.018547567
SRSF1,0.28464225
DYNLL2,0.35167214
TSPOAP1-AS1,0.009999713
MIR142HG,0.013773212
SUPT4H1,0.3273454
MTMR4,0.055194654
SEPTIN4,0.043311346
RAD51C,0.12989108
TRIM37,0.053347208
SKA2,0.16037285
PRR11,0.0038847355
YPEL2,0.066680074
DHX40,0.18472983
ENSG00000273702,0.03751439
CLTC,0.52374506
PTRH2,0.06018569
VMP1,0.19592153
TUBD1,0.02632826
RPS6KB1,0.079562105
RNFT1,0.034486048
HEATR6,0.018643415
USP32,0.048183106
APPBP2,0.08600845
BCAS3,0.08684604
TBX2-AS1,0.13213272
TBX2,0.13388145
LINC02875,0.004718766
INTS2,0.029272618
MED13,0.16700843
METTL2A,0.036272008
TLK2,0.06668494
ENSG00000277463,0.0
ENSG00000274565,0.0
MRC2,0.0
TANC2,0.06198878
CYB561,0.08108902
ACE,0.050863102
DCAF7,0.1875007
TACO1,0.12514149
MAP3K3,0.12749763
STRADA,0.01383426
LIMD2,0.105337456
CCDC47,0.29632688
DDX42,0.1895642
FTSJ3,0.06510772
PSMC5,0.60901105
SMARCD2,0.08386037
CD79B,0.028089235
SCN4A,0.0
ICAM2,0.09617316
ERN1,0.07141516
SNHG25,0.64837396
TEX2,0.066225074
PECAM1,0.17529526
MILR1,0.0
POLG2,0.027307589
DDX5,0.9834397
CEP95,0.080675535
SMURF2,0.072873056
GNA13,0.1137438
RGS9,0.048342355
AXIN2,0.0077325385
CEP112,0.028425567
APOH,0.031876434
PRKCA,0.13602088
CACNG4,0.0
HELZ,0.14194919
HELZ-AS1,0.013163664
PSMD12,0.21625875
PITPNC1,0.060535654
NOL11,0.111642055
BPTF,0.30662265
C17orf58,0.057303537
KPNA2,0.06432864
ENSG00000278730,0.036990594
ENSG00000274561,0.013210829
AMZ2,0.14379248
ARSG,0.0071905963
SLC16A6,0.008781317
WIPI1,0.082921736
PRKAR1A,0.56882286
FAM20A,0.024161521
ABCA8,0.0032112235
ABCA9,0.006883099
ABCA6,0.008081376
ABCA5,0.14606649
MAP2K6,0.07780364
ENSG00000267653,0.0
KCNJ16,0.64652157
KCNJ2,0.006789887
SLC39A11,0.039663035
SSTR2,0.016486706
COG1,0.038698312
VCF1,0.07794135
MTNAP1,0.042747997
CDC42EP4,0.12124601
SDK2,0.004634112
RPL38,2.3162801
GPRC5C,0.3294211
CD300A,0.021117268
CD300C,0.0037667959
CD300E,0.0
RAB37,0.0047336617
CD300LF,0.00391535
NHERF1,0.26245517
NAT9,0.06420168
TMEM104,0.018579034
FDXR,0.049351245
HID1,0.04764741
CDR2L,0.042105034
MRPL58,0.18301205
KCTD2,0.05601972
ATP5PD,1.3017261
ARMC7,0.052977774
NT5C,0.4029977
JPT1,0.34541923
SUMO2,1.2556425
NUP85,0.041507676
GGA3,0.04945199
MRPS7,0.37209538
MIF4GD,0.08716202
MIF4GD-DT,0.0
SLC25A19,0.031335987
GRB2,0.24686825
TMEM94,0.10002376
CASKIN2,0.15857309
TSEN54,0.065613404
LLGL2,0.27765942
RECQL5,0.058305927
SAP30BP,0.1571667
ITGB4,0.032469235
GALK1,0.28708187
H3-3B,1.4411072
UNK,0.04101133
UNC13D,0.007830932
WBP2,0.37741247
TRIM47,0.06584195
TRIM65,0.024436345
FBF1,0.006282872
ACOX1,0.23237379
TEN1,0.10704302
CDK3,0.016316725
SRP68,0.10675739
EXOC7,0.16515169
RNF157,0.029525423
UBALD2,0.23121808
PRPSAP1,0.1290537
SPHK1,0.0
UBE2O,0.040600542
RHBDF2,0.037298515
CYGB,0.008256765
PRCD,0.0
ENSG00000284526,0.006183006
MXRA7,0.10997802
JMJD6,0.0952513
METTL23,0.21775986
SRSF2,0.49136832
MFSD11,0.038549118
SEC14L1,0.4364626
SEPTIN9,0.26668552
TNRC6C,0.072772756
TMC6,0.05522712
TMC8,0.023053223
SYNGR2,0.28928825
TK1,0.022801569
AFMID,0.14548172
LINC01993,0.0
SOCS3,0.14254284
PGS1,0.035934392
CYTH1,0.11879513
USP36,0.11682049
TIMP2,0.20058209
LGALS3BP,0.46377125
CANT1,0.066729404
C1QTNF1,0.040081464
ENGASE,0.028602427
CBX2,0.0
CBX4,0.038644534
TBC1D16,0.08658611
GAA,0.1332252
EIF4A3,0.20166172
SGSH,0.03890452
SLC26A11,0.032291047
RNF213,0.21384372
RNF213-AS1,0.006489424
ENDOV,0.07213247
RPTOR,0.02394615
CHMP6,0.07502602
BAIAP2-DT,0.048342396
BAIAP2,0.117189586
AATK,0.0060211625
CEP131,0.024042236
TEPSIN,0.037021223
NDUFAF8,0.62320316
SLC38A10,0.17419365
ENSG00000262877,0.014900598
BAHCC1,0.039116997
ACTG1,1.8358185
FAAP100,0.03401359
NPLOC4,0.12676114
OXLD1,0.20114736
CCDC137,0.0687105
ARL16,0.25495657
HGS,0.11734279
ENSG00000262049,0.046385687
MRPL12,0.47885454
SLC25A10,0.17643163
MCRIP1,0.3681535
P4HB,0.473834
ARHGDIA,0.5760825
ENSG00000263731,0.007974784
ALYREF,0.13792518
ANAPC11,0.6925027
NPB,0.0052156597
PCYT2,0.2660133
SIRT7,0.06923926
MAFG,0.074126825
PYCR1,0.0052911583
ASPSCR1,0.13022244
CENPX,0.37109613
LRRC45,0.037026633
RAC3,0.058086127
DCXR,1.3524557
RFNG,0.11466309
GPS1,0.22676115
DUS1L,0.25249806
FASN,0.07354346
CCDC57,0.10191339
SLC16A3,0.063651375
CSNK1D,0.16626991
CD7,0.048459984
SECTM1,0.007765725
OGFOD3,0.09788596
HEXD,0.09950123
CYBC1,0.06943351
NARF,0.060470115
FOXK2,0.09079856
ENSG00000261845,0.0039233216
WDR45B,0.2579451
RAB40B,0.2317494
FN3KRP,0.1238241
FN3K,0.06136228
TBCD,0.09636639
METRNL,0.38154277
USP14,0.15175053
THOC1,0.06360315
COLEC12,0.0
TYMS,0.01765835
ENOSF1,0.21548848
YES1,0.1511282
LINC00470,0.0
METTL4,0.049153168
NDC80,0.012935202
SMCHD1,0.18909918
EMILIN2,0.013632401
LPIN2,0.12195248
MYOM1,0.017517999
ENSG00000272688,0.0160522
MYL12A,1.1612464
MYL12B,1.6926535
TGIF1,0.10750676
GAPLINC,0.0
DLGAP1-AS1,0.18492563
LINC00667,0.13314146
ZBTB14,0.05132627
EPB41L3,0.16948909
L3MBTL4,0.019305127
L3MBTL4-AS1,0.0
PTPRM,0.09661857
RAB12,0.088925265
NDUFV2,1.0556221
ANKRD12,0.32968628
TWSG1,0.12076453
RALBP1,0.40292808
PPP4R1,0.06828649
RAB31,0.032925926
VAPA,0.6719658
APCDD1,0.009222564
NAPG,0.12487399
PIEZO2,0.010453603
GNAL,0.012626881
CHMP1B,0.23792052
MPPE1,0.1294019
IMPA2,0.71881515
TUBB6,0.015689455
AFG3L2,0.3652654
PRELID3A,0.008838052
SPIRE1,0.1252288
PSMG2,0.3016329
CEP76,0.01619216
PTPN2,0.10761108
SEH1L,0.04691769
CEP192,0.049654085
LDLRAD4,0.037123606
FAM210A,0.07250123
RNMT,0.22986086
ZNF519,0.009574261
ROCK1,0.21998924
ESCO1,0.08326507
SNRPD1,0.38345703
ABHD3,0.054641683
MIB1,0.12754884
GATA6,0.016739555
RBBP8,0.1513547
CABLES1,0.040422738
TMEM241,0.00643373
RIOK3,0.23159243
RMC1,0.05986472
NPC1,0.05057939
ANKRD29,0.014168515
LAMA3,0.003513456
TTC39C,0.030155381
OSBPL1A,0.26590163
IMPACT,0.09725713
ZNF521,0.011275195
SS18,0.17373505
KCTD1,0.16728507
CDH2,0.040597904
DSC2,0.037318885
DSG2,0.21105158
TTR,0.0066115586
B4GALT6,0.014179446
TRAPPC8,0.08538717
RNF125,0.023428991
RNF138,0.030182442
ENSG00000263393,0.0
DTNA,0.009854462
MAPRE2,0.0701844
ZNF397,0.06595733
ZSCAN30,0.04155443
ZNF24,0.20517205
ZNF396,0.019717006
INO80C,0.098235846
GALNT1,0.091203295
C18orf21,0.077706896
RPRD1A,0.13158253
SLC39A6,0.14413843
ELP2,0.12837712
COSMOC,0.022837825
MOCOS,0.003936897
TPGS2,0.14094827
KIAA1328,0.032718383
CELF4,0.0
PIK3C3,0.09023425
SETBP1,0.0894586
SLC14A1,0.070672154
EPG5,0.048653834
PSTPIP2,0.026692197
ATP5F1A,1.2681873
HAUS1,0.05832307
ARK2N,0.04059857
ARK2C,0.03375076
PIAS2,0.11986255
KATNAL2,0.05093764
HDHD2,0.0882718
IER3IP1,0.41849452
SMAD2,0.16684316
CTIF,0.078662336
SMAD7,0.097151846
DYM,0.07353646
C18orf32,0.28014752
RPL17-C18orf32,0.0023239541
RPL17,0.6037555
LIPG,0.01677456
ACAA2,0.6230616
SNHG22,0.0
MYO5B,0.08934064
MBD1,0.07656386
CXXC1,0.0893169
MRO,0.08882735
ME2,0.12685114
ELAC1,0.078444086
SMAD4,0.1896574
MEX3C,0.04063419
MBD2,0.23633748
ENSG00000277324,0.0
POLI,0.07214021
C18orf54,0.0
RAB27B,0.0027191902
CCDC68,0.05853854
TCF4,0.1368295
TXNL1,0.3716577
WDR7,0.02943196
FECH,0.24259965
NARS1,0.55972004
ATP8B1-AS1,0.0033909779
ATP8B1,0.077682935
NEDD4L,0.4394972
MALT1,0.07151707
ZNF532,0.03673331
SEC11C,0.44272885
LMAN1,0.4643646
CCBE1,0.008402486
PMAIP1,0.026070274
RNF152,0.45321044
PIGN,0.03685107
RELCH,0.046347152
TNFRSF11A,0.0
ZCCHC2,0.0464217
PHLPP1,0.034258343
BCL2,0.13777138
KDSR,0.1826339
VPS4B,0.17415953
SERPINB2,0.0
ENSG00000283667,0.0
SERPINB8,0.004736909
CDH19,0.0
DSEL,0.014804233
TMX3,0.075166844
CCDC102B,0.018290497
DOK6,0.013162426
CD226,0.0119159
RTTN,0.018256413
SOCS6,0.06156674
TIMM21,0.09423877
CYB5A,2.1780925
CNDP2,0.652029
ZNF407-AS1,0.05323456
ZNF407,0.03001218
PTGR3,0.14610413
TSHZ1,0.10764801
ZNF516,0.046952907
ZNF236,0.042738784
MBP,0.19982523
ATP9B,0.09166304
NFATC1,0.023200372
CTDP1,0.048292104
SLC66A2,0.21538685
HSBP1L1,0.26382217
TXNL4A,0.5480714
RBFA,0.08799085
RBFADN,0.0037976787
ADNP2,0.07145605
PARD6G,0.014919822
C20orf96,0.023740426
ZCCHC3,0.088919304
SOX12,0.05464926
NRSN2,0.056435976
TRIB3,0.017840944
RBCK1,0.28963363
TBC1D20,0.077613555
CSNK2A1,0.27521935
TCF15,0.014941562
FAM110A,0.025404615
PSMF1,0.18761009
TMEM74B,0.0027364076
SDCBP2,0.018899485
FKBP1A,0.56299615
NSFL1C,0.16114289
SIRPB2,0.0
SIRPA,0.035529636
STK35,0.040908527
SNRPB,0.49876648
NOP56,0.12205448
IDH3B,0.22786997
EBF4,0.011236512
PCED1A,0.08609349
VPS16,0.07891373
PTPRA,0.30361468
MRPS26,0.5028268
UBOX5,0.021992406
FASTKD5,0.040890463
LZTS3,0.08555918
DDRGK1,0.29482165
ITPA,0.20868263
DNAAF9,0.08822242
ATRN,0.09824833
SIGLEC1,0.0
HSPA12B,0.019846303
ADISSP,0.086828955
CENPB,0.15861171
CDC25B,0.03056393
AP5S1,0.03175812
MAVS,0.14311332
PANK2-AS1,0.017395867
PANK2,0.09679306
RNF24,0.06519492
SMOX,0.009613065
PRNP,0.22301893
RASSF2,0.008318272
SLC23A2,0.048640616
TMEM230,0.5717801
PCNA,0.2032257
CDS2,0.13989377
GPCPD1,0.08739956
SHLD1,0.037487604
TRMT6,0.06341768
MCM8,0.021273766
CRLS1,0.16949709
BMP2,0.006765773
TMX4,0.24313587
PLCB1,0.11238955
PLCB4,0.0063111414
MKKS,0.10008416
SLX4IP,0.035713185
JAG1,0.16952439
BTBD3,0.07599659
TASP1,0.0280529
ESF1,0.19032879
NDUFAF5,0.069339
FLRT3,0.05510201
KIF16B,0.13945949
SNRPB2,0.45864806
DSTN,1.4505455
RRBP1,0.42624608
SNX5,0.35950437
OVOL2,0.022086687
MGME1,0.11117739
PET117,0.07481721
KAT14,0.045240954
ZNF133,0.032612856
POLR3F,0.03820736
RBBP9,0.06336089
SEC23B,0.1550241
SMIM26,0.74625766
DTD1,0.15211025
SLC24A3,0.0
RIN2,0.15248574
NAA20,0.48263013
CRNKL1,0.13595954
RALGAPA2,0.08220414
KIZ,0.05335761
KIZ-AS1,0.0
XRN2,0.24256721
THBD,0.033283968
CD93,0.08445237
NXT1,0.1165809
GZF1,0.04953887
NAPB,0.03816324
CST3,1.4119451
CST7,0.1004611
APMAP,0.16773759
ACSS1,0.307652
ENTPD6,0.08521314
PYGB,0.1324234
ABHD12,0.18878637
ZNF337,0.037692524
REM1,0.0
HM13,0.24749196
ID1,0.40700507
COX4I2,0.024035238
BCL2L1,0.3127672
FOXS1,0.007978748
PDRG1,0.081201285
CCM2L,0.037560575
HCK,0.016468316
TM9SF4,0.15694028
PLAGL2,0.04024639
POFUT1,0.10678339
KIF3B,0.21283951
ASXL1,0.112848155
NOL4L,0.08614882
ENSG00000277301,0.0
COMMD7,0.25392917
MAPRE1,0.19487186
ENSG00000260257,0.042303775
BPIFB1,0.0
CDK5RAP1,0.055358265
SNTA1,0.14218453
CBFA2T2,0.061500713
NECAB3,0.07953869
PXMP4,0.051699437
ZNF341,0.012678976
CHMP4B,0.20397761
RALY-AS1,0.018965138
RALY,0.2753207
EIF2S2,0.44950688
ASIP,0.00792181
AHCY,0.23862165
ITCH,0.12452669
DYNLRB1,1.101735
MAP1LC3A,0.36098886
NCOA6,0.095024996
TP53INP2,0.11875329
ACSS2,0.12596038
GSS,0.121149905
TRPC4AP,0.1232295
EDEM2,0.09576375
PROCR,0.0232737
MMP24OS,0.82862836
EIF6,0.5647386
UQCC1,0.06483425
CEP250,0.02226172
ERGIC3,0.33455798
CPNE1,0.21711098
RBM12,0.113459945
NFS1,0.13278323
ROMO1,1.0053042
RBM39,0.624548
PHF20,0.1434185
SCAND1,0.96718884
NORAD,0.6275396
EPB41L1,0.19240022
AAR2,0.039251257
DLGAP4,0.0871009
MYL9,0.20478337
TGIF2,0.080187164
RAB5IF,0.25936994
SLA2,0.0050409893
NDRG3,0.0539611
DSN1,0.03471379
MTCL2,0.06564188
SAMHD1,0.06471009
RBL1,0.012503842
RPN2,0.43398896
MANBAL,0.15931392
SRC,0.058953766
BLCAP,0.24909236
CTNNBL1,0.10941247
TTI1,0.04204308
RPRD1B,0.100029774
TGM2,0.05873164
RALGAPB,0.11258885
ACTR5,0.01670873
PPP1R16B,0.08225956
FAM83D,0.0
DHX35,0.0381858
MAFB,0.046762075
TOP1,0.42033276
PLCG1-AS1,0.0
ZHX3,0.19647887
LPIN3,0.038020402
CHD6,0.1271541
PTPRT,0.0
SRSF6,0.21619567
IFT52,0.062093776
TOX2,0.017607082
JPH2,0.011585024
OSER1,0.12298826
OSER1-DT,0.039391186
FITM2,0.023135317
TTPAL,0.023294168
SERINC3,0.29087043
PKIG,0.30927092
ADA,0.01219224
CCN5,0.0
KCNK15,0.0069090845
YWHAB,0.9456041
TOMM34,0.077084444
STK4,0.10627747
SDC4,0.5904923
SYS1,0.15998824
PIGT,0.20841095
WFDC2,0.8208057
DNTTIP1,0.11117115
UBE2C,0.0
SNX21,0.09149142
ACOT8,0.12815467
ZSWIM3,0.023255806
ZSWIM1,0.013480707
CTSA,0.4536045
PLTP,0.028732099
PCIF1,0.10008344
ZNF335,0.04715089
MMP9,0.0
NCOA5,0.054273956
CD40,0.047928043
SLC35C2,0.09224672
ELMO2,0.03823882
TP53RK,0.07641069
SLC2A10,0.0104380455
EYA2,0.010545593
ZMYND8,0.14883384
NCOA3,0.09798015
SULF2,0.058556534
PREX1,0.10096212
ENSG00000278231,0.005124833
ARFGEF2,0.15276471
CSE1L,0.13833803
STAU1,0.3848386
DDX27,0.14988002
ZNFX1,0.05769051
ZFAS1,0.67274624
PTGIS,0.04186307
B4GALT5,0.07740573
SLC9A8,0.05279685
SPATA2,0.029492188
RNF114,0.21187216
SNAI1,0.0034470947
UBE2V1,0.08493475
PEDS1,0.06972371
CEBPB,0.3208157
PELATON,0.023972921
PTPN1,0.095497526
RIPOR3,0.0066889706
PARD6B,0.20328407
BCAS4,0.06639148
ADNP,0.20626831
DPM1,0.17725785
MOCS3,0.020958437
NFATC2,0.023623116
ATP9A,0.062126372
TSHZ2,0.016774355
ZNF217-AS1,0.0
ZNF217,0.12318206
BCAS1,0.0039523114
PFDN4,0.21295552
DOK5,0.039479084
CBLN4,0.0
FAM210B,0.17553471
CSTF1,0.046706956
CASS4,0.0
RTF2,0.37066093
TFAP2C,0.0016979992
RAE1,0.06571453
RBM38,0.091248475
ZBP1,0.0064421603
PMEPA1,0.06547592
RAB22A,0.14959258
VAPB,0.12529656
STX16,0.14616811
NPEPL1,0.099300064
GNAS,1.6690953
NELFCD,0.19539665
CTSZ,0.25901297
ATP5F1E,2.7519088
PRELID3B,0.16696419
FAM217B,0.08242936
PPP1R3D,0.020991683
TAF4,0.037954427
LSM14B,0.050980657
PSMA7,0.9116465
SS18L1,0.042910382
MTG2,0.099479884
OSBPL2,0.10040452
ADRM1,0.33370167
LAMA5,0.19249861
RPS21,2.4936805
CABLES2,0.008507815
GATA5,0.019422654
SLCO4A1,0.01627035
MRGBP,0.068836704
OGFR,0.11891475
TCFL5,0.046751477
DIDO1,0.11744473
GID8,0.16730739
YTHDF1,0.12597914
BIRC7,0.0
ARFGAP1,0.08613392
EEF1A2,0.0
PPDPF,1.5671273
HELZ2,0.01812726
GMEB2,0.01866908
MHENCR,0.07268036
STMN3,0.047502916
ARFRP1,0.14857264
SLC2A4RG,0.53685826
ZBTB46,0.025970044
TPD52L2,0.16606104
DNAJC5,0.14337404
UCKL1,0.119521774
ZNF512B,0.043308757
SAMD10,0.029549008
PRPF6,0.24695408
C20orf204,0.0040397174
SOX18,0.10748461
TCEA2,0.28171074
RGS19,0.0545483
OPRL1,0.0
PCMTD2,0.1582588
PLPP2,0.031013843
MIER2,0.05340931
SHC2,0.014372029
TPGS1,0.2955504
CDC34,0.13104999
GZMM,0.08459129
BSG,1.1962644
POLRMT,0.10361933
FGF22,0.0
RNF126,0.13922799
FSTL3,0.04501302
PALM,0.22557923
MISP,0.017369304
PTBP1,0.2843852
PLPPR3,0.0
CFD,0.033999722
MED16,0.10798967
R3HDM4,0.09114016
ARID3A,0.027336914
WDR18,0.27348274
TMEM259,0.31292453
CNN2,0.16397177
ABCA7,0.033159085
ARHGAP45,0.060771234
POLR2E,0.3232229
GPX4,1.9617906
SBNO2,0.04313528
STK11,0.20860773
ATP5F1D,1.9574748
MIDN,0.31405744
CIRBP,1.3892974
FAM174C,0.27861246
PWWP3A,0.12515365
NDUFS7,0.9610697
GAMT,0.387986
DAZAP1,0.14363645
RPS15,2.8743045
ENSG00000268798,0.0019850703
C19orf25,0.14642975
REEP6,0.08723331
ADAMTSL5,0.005100309
MEX3D,0.040456425
MBD3,0.17815863
UQCR11,1.8702615
TCF3,0.05379427
ATP8B3,0.0
REXO1,0.041488376
KLF16,0.044400655
ENSG00000261526,0.027473314
ABHD17A,0.31942016
SCAMP4,0.19405945
CSNK1G2,0.13752906
BTBD2,0.15447263
MKNK2,0.32962787
MOB3A,0.05694408
AP3D1,0.19767126
DOT1L,0.035933286
PLEKHJ1,0.40211415
SF3A2,0.10280485
OAZ1,1.6624224
LSM7,0.60011446
SPPL2B,0.11879343
TIMM13,0.6904439
LMNB2,0.034742475
GADD45B,0.49723774
GNG7,0.1959493
DIRAS1,0.040430475
SLC39A3,0.13793656
SGTA,0.1670877
THOP1,0.033306427
ZNF555,0.016503906
ZNF77,0.011918662
TLE6,0.010078626
TLE2,0.050292112
TLE5,0.9301977
GNA11,0.3108449
GNA15,0.0057266727
S1PR4,0.044840615
NCLN,0.09091965
NFIC,0.48925155
DOHH,0.08279889
FZR1,0.09074667
MFSD12,0.144084
HMG20B,0.2514155
GIPC3,0.0017523882
TBXA2R,0.03451452
CACTIN,0.022769641
PIP5K1C,0.060551554
TJP3,0.055994865
APBA3,0.030151833
MRPL54,0.6432405
MATK,0.027843818
DAPK3,0.044534404
EEF2,1.3405623
PIAS4,0.09256503
ZBTB7A,0.19626904
MAP2K2,0.45029527
SIRT6,0.05563676
EBI3,0.002702922
YJU2,0.077337995
TMIGD2,0.01846641
STAP2,0.06555277
MPND,0.09635381
SH3GL1,0.0902018
UBXN6,0.39575723
HDGFL2,0.10809006
PLIN5,0.08713845
LRG1,0.0
SEMA6B,0.0053695594
TNFAIP8L1,0.02909555
MYDGF,0.27379984
DPP9,0.068651415
FEM1A,0.06628147
ENSG00000269604,0.003248004
TICAM1,0.030379942
PLIN3,0.0976245
KDM4B,0.058508843
PTPRS,0.019749196
TINCR,0.037136585
SAFB2,0.24968249
SAFB,0.20655452
RPL36,2.9076931
MICOS13,1.017179
HSD11B1L,0.09749823
LONP1,0.17778733
DUS3L,0.034575917
NRTN,0.071902685
NDUFA11,1.1586165
VMAC,0.023869684
ENSG00000267571,0.0
CAPS,0.13169731
RANBP3,0.07831064
RFX2,0.014584642
MLLT1,0.1384133
CLPP,0.37457478
ALKBH7,0.8658282
PSPN,0.009749619
GTF2F1,0.15321037
KHSRP,0.19611274
CRB3,0.14138219
DENND1C,0.013157267
TNFSF9,0.0
TNFSF14,0.0
C3,0.014863387
GPR108,0.20835905
SH2D3A,0.058314715
VAV1,0.006315167
ZNF557,0.025201583
INSR,0.38900405
PEX11G,0.06187636
ZNF358,0.22769305
MCOLN1,0.081613146
PNPLA6,0.10278479
XAB2,0.24735402
PET100,0.87600833
STXBP2,0.21217488
RETN,0.0
MCEMP1,0.0
TRAPPC5,0.04094279
CLEC4G,0.0
CD209,0.0
CLEC4M,0.0
EVI5L,0.026590534
MAP2K7,0.08119328
TGFBR3L,0.026380349
SNAPC2,0.050733823
CTXN1,0.030209899
TIMM44,0.1392525
ELAVL1,0.20675644
CERS4,0.15868129
CD320,0.17399319
NDUFA7,0.4586714
RPS28,3.5206516
KANK3,0.06263073
ANGPTL4,0.0025104715
RAB11B-AS1,0.04346412
RAB11B,0.4015279
MARCHF2,0.18564498
HNRNPM,0.5466681
PRAM1,0.0048171906
ZNF414,0.077886075
MYO1F,0.0113579985
ADAMTS10,0.0062694787
ZNF558,0.020797418
ZNF317,0.036222026
ZNF559,0.022365857
ZNF426,0.07202261
ZNF121,0.03917784
ZNF561,0.052291896
ZNF562,0.05643897
FBXL12,0.044463597
UBL5,1.8970208
PIN1,0.37022957
OLFM2,0.006212057
SHFL,0.11099572
ANGPTL6,0.001556001
PPAN,0.060839105
EIF3G,0.6487548
DNMT1,0.06361599
S1PR2,0.00656294
MRPL4,0.28518054
ICAM1,0.0254795
ZGLP1,0.008359398
ENSG00000167807,0.0058573103
FDX2,0.12927976
RAVER1,0.0168866
ICAM3,0.20011397
TYK2,0.15353636
CDC37,0.39514184
PDE4A,0.022696503
KEAP1,0.09812083
ATG4D,0.0924723
KRI1,0.028004566
CDKN2D,0.071390465
AP1M2,0.40475604
SLC44A2,0.3067256
ILF3-DT,0.22931372
ILF3,0.26802093
QTRT1,0.25988674
DNM2,0.25774166
TMED1,0.18276103
C19orf38,0.009215987
CARM1,0.07127032
YIPF2,0.16077526
TIMM29,0.06293383
SMARCA4,0.19836925
LDLR,0.04946521
KANK2,0.08458118
DOCK6,0.06645906
RAB3D,0.034963764
TMEM205,0.61837554
CCDC159,0.08347979
PLPPR2,0.029886875
EPOR,0.0972606
RGL3,0.108225115
ODAD3,0.054856703
PRKCSH,0.3354206
ECSIT,0.20140381
CNN1,0.018878395
ELOF1,0.17133614
ZNF627,0.025256895
ACP5,0.132882
ZNF823,0.014177554
ZNF441,0.02979288
ZNF439,0.043059077
ZNF69,0.025714926
ZNF700,0.0262817
ZNF763,0.0052167
ZNF844,0.09380207
ZNF788P,0.013839356
ZNF625,0.01671196
ZNF136,0.037195493
ZNF44,0.21924867
ZNF563,0.012827739
ZNF442,0.0075356374
ENSG00000268744,0.0
ZNF799,0.011133344
ZNF564,0.015717747
ZNF791,0.101643875
MAN2B1,0.007741859
WDR83,0.07126376
WDR83OS,0.9638855
DHPS,0.22245221
ENSG00000268945,0.0
FBXW9,0.032521777
TNPO2,0.123213835
TRIR,0.9506195
GET3,0.33489972
HOOK2,0.13056636
JUNB,0.64630747
PRDX2,1.3178873
DNASE2,0.087200254
GCDH,0.12889911
FARSA,0.20144625
CALR,0.88856405
ENSG00000267458,0.0041503347
RAD23A,0.40529802
GADD45GIP1,0.77279645
NFIX,0.053937282
LYL1,0.042836845
TRMT1,0.07500792
NACC1,0.073869646
STX10,0.14984417
IER2,0.5268494
YJU2B,0.12051936
MRI1,0.058695722
C19orf53,0.90545756
ZSWIM4,0.006996816
MIR23AHG,0.041080683
CC2D1A,0.05863633
DCAF15,0.045198463
RFX1,0.08401687
IL27RA,0.024373526
PALM3,0.03093578
MISP3,0.09461864
SAMD1,0.10228254
PRKACA,0.1659064
ASF1B,0.0051472965
ADGRL1-AS1,0.0144179175
ADGRL1,0.032946184
ADGRE5,0.055601723
DDX39A,0.11966186
PKN1,0.17707375
PTGER1,0.20150119
GIPC1,0.2312708
DNAJB1,0.2728343
TECR,0.7115629
NDUFB7,1.499739
ZNF333,0.021881346
ADGRE2,0.005548989
SYDE1,0.032782152
ILVBL,0.24738048
NOTCH3,0.17884344
BRD4,0.28918073
AKAP8,0.0942358
AKAP8L,0.18126264
WIZ,0.08105728
RASAL3,0.017516559
PGLYRP2,0.0
CYP4F12,0.010836456
TPM4,0.2799263
RAB8A,0.17616068
HSH2D,0.020283107
FAM32A,0.19436178
AP1M1,0.0836866
KLF2-DT,0.0
KLF2,0.30302322
EPS15L1,0.06370837
C19orf44,0.017241735
CHERP,0.07937311
SLC35E1,0.1150298
MED26,0.01650997
SMIM7,0.39703855
TMEM38A,0.02087704
SIN3B,0.087030925
F2RL3,0.01649585
CPAMD8,0.085188165
HAUS8,0.01801222
MYO9B,0.06421443
USE1,0.16072434
OCEL1,0.2004387
NR2F6,0.25648984
USHBP1,0.027190624
BABAM1,0.22791484
ABHD8,0.055942144
MRPL34,0.7514268
DDA1,0.1497832
GTPBP3,0.032247066
PLVAP,0.06940512
BST2,0.3060112
BISPR,0.011088425
MVB12A,0.18576811
SLC27A1,0.0718277
PGLS,0.4595451
COLGALT1,0.044413663
MAP1S,0.059117038
FCHO1,0.004397238
JAK3,0.00998259
RPL18A,2.6003735
CCDC124,0.25559533
ARRDC2,0.08739683
IL12RB1,0.0
MAST3,0.038169924
PIK3R2,0.017502801
IFI30,0.014537956
MPV17L2,0.055685323
JUND,1.2195762
LSM4,0.5987146
PGPEP1,0.1639866
GDF15,0.22293092
LRRC25,0.035072926
SSBP4,0.15440571
ISYNA1,0.24631967
ELL,0.07172177
FKBP8,0.69815236
KXD1,0.12534994
UBA52,2.072123
CRLF1,0.0017121948
REX1BD,0.556382
KLHL26,0.034281265
CRTC1,0.07635263
UPF1,0.21847747
COPE,0.80348426
DDX49,0.0791249
HOMER3,0.15353777
SUGP2,0.12926921
ARMC6,0.03579283
SLC25A42,0.0762143
TMEM161A,0.078842185
BORCS8,0.13083817
RFXANK,0.15969886
NR2C2AP,0.05186597
SUGP1,0.06059027
MAU2,0.065255776
GATAD2A,0.130651
NDUFA13,1.5228086
PBX4,0.02929059
GMIP,0.016953077
ATP13A1,0.093810156
ZNF101,0.022076728
ZNF14,0.01851315
ZNF506,0.060258877
ZNF253,0.03837252
ZNF93,0.01075605
ZNF682,0.023341157
ZNF90,0.018374078
ENSG00000267383,0.014501935
ZNF486,0.04275426
ZNF737,0.030465819
ZNF626,0.08655964
ZNF66,0.012720834
ZNF85,0.014481151
ZNF430,0.03991898
ZNF714,0.021762177
ZNF431,0.060563236
ZNF708,0.05050572
ZNF738,0.019557621
ZNF493,0.087409794
LINC00664,0.0
ZNF429,0.058264393
ZNF100,0.027252775
ZNF43,0.063116156
ZNF208,0.011195165
ZNF257,0.007981084
ZNF676,0.014163359
ZNF730,0.0
ZNF91,0.20874062
ZNF675,0.014857967
ZNF254,0.06847411
ENSG00000268362,0.008037763
LINC00662,0.0284592
ENSG00000261770,0.0022809021
LINC02987,0.0109766
UQCRFS1,0.9381091
POP4,0.15492807
PLEKHF1,0.023540134
C19orf12,0.08770652
URI1,0.23678859
TSHZ3,0.0020384672
ZNF507,0.04340203
DPY19L3,0.056296937
PDCD5,0.5559865
ANKRD27,0.035438873
NUDT19-DT,0.011443806
NUDT19,0.07132756
CEP89,0.046491846
RHPN2,0.025563588
GPATCH1,0.033295467
LRP3,0.069429845
CEBPA,0.0211948
CEBPG,0.0942682
PEPD,0.8544731
KCTD15,0.033507645
SUNO1,0.013917096
LSM14A,0.19641413
GARRE1,0.14539097
GPI,0.5452223
PDCD2L,0.024653723
UBA2,0.18704063
WTIP,0.07313322
ZNF302,0.12887336
ZNF181,0.04801503
ZNF599,0.05211211
ZNF30,0.0037142579
ZNF792,0.0036313217
GRAMD1A,0.078214265
SCN1B,0.023057273
HPN,0.42404124
FXYD3,0.08316086
LGI4,0.017178228
FXYD1,0.043116566
FXYD5,0.19834678
LSR,0.14068069
USF2,0.27808282
HAMP,0.0062929406
CD22,0.01348322
FFAR2,0.0
DMKN,0.3822116
TMEM147,0.49730393
HAUS5,0.012020047
RBM42,0.26152548
COX6B1,2.0422423
KMT2B,0.074270435
U2AF1L4,0.07383076
PSENEN,0.33851513
LIN37,0.0033597257
HSPB6,0.019882977
PROSER3,0.009984713
ARHGAP33,0.025454286
APLP1,0.010250813
NFKBID,0.0082929265
HCST,0.17881311
TYROBP,0.12062937
LRFN3,0.033396304
SDHAF1,0.14313032
SYNE4,0.05623185
ALKBH6,0.044590116
CLIP3,0.009893781
POLR2I,0.6897943
TBCB,0.4297659
CAPNS1,0.6702685
COX7A1,0.6650996
ZNF565,0.0042540436
ZNF146,0.09989992
LINC00665,0.10693504
ZFP14,0.083244115
ZFP82,0.018529555
ZNF566,0.02788613
ZNF260,0.068352096
ZNF529,0.027492046
ZNF529-AS1,0.034643758
ZNF382,0.0146476785
ZNF461,0.005125306
ZNF567,0.027707122
ZNF850,0.004977675
ZNF790-AS1,0.018872937
ZNF790,0.03356397
ZNF345,0.02064141
ZNF829,0.008744988
ZNF568,0.0288095
ZNF420,0.022541549
ZNF585A,0.032538913
ZNF383,0.027947938
LINC01535,0.040520348
ZNF875,0.055665813
ENSG00000276846,0.0072675445
ZNF569,0.023175007
ZNF570,0.029586261
ZNF793-AS1,0.019727904
ZNF540,0.024543473
ZNF571,0.012781448
ZFP30,0.019102411
ZNF781,0.0067033465
ZNF573,0.01261554
SIPA1L3,0.08314974
SPINT2,0.8709143
PPP1R14A,0.099399626
C19orf33,0.10238297
YIF1B,0.07807681
KCNK6,0.015050253
PSMD8,0.61260366
SPRED3,0.0
FAM98C,0.078691676
RASGRP4,0.0039321203
RYR1,0.0022709523
MAP4K1,0.0057566715
EIF3K,1.415535
ACTN4,0.6698522
CAPN12,0.025632951
LGALS4,0.01086259
ECH1,0.78170276
HNRNPL,0.16311705
RINL,0.022703227
SIRT2,0.11991307
NFKBIB,0.07535314
SARS2,0.035987403
MRPS12,0.4398769
FBXO17,0.13915037
FBXO27,0.009698618
PAK4,0.13827439
LRFN1,0.0
GMFG,0.2274155
SAMD4B,0.20876849
PAF1,0.12200001
MED29,0.20717815
ZFP36,0.61582315
RPS16,1.8303643
SUPT5H,0.20448214
TIMM50,0.11071371
DLL3,0.0
EID2,0.082429744
DYRK1B,0.08485022
FBL,0.23536767
PSMC4,0.33844796
ZNF546,0.009576914
ZNF780B,0.04236104
ZNF780A,0.05861086
MAP3K10,0.026321916
AKT2,0.16533646
PLD3,0.28552765
PRX,0.034528572
SERTAD1,0.16138645
SERTAD3,0.112005495
BLVRB,0.74836564
SHKBP1,0.077025436
LTBP4,0.07296821
NUMBL,0.008821016
COQ8B,0.059630156
ITPKC,0.057157762
ACTMAP,0.024790952
SNRPA,0.16100962
RAB4B,0.0007066931
EGLN2,0.0065964763
AXL,0.01632078
HNRNPUL1,0.24099092
TGFB1,0.08820897
CCDC97,0.03425614
TMEM91,0.051310662
B9D2,0.044222765
EXOSC5,0.071553074
B3GNT8,0.019339534
DMAC2,0.1095444
PCAT19,0.036524937
LINC01480,0.0
ENSG00000268027,0.022051563
CEACAM21,0.0
RPS19,2.6435802
ARHGEF1,0.10851771
RABAC1,0.76121473
ZNF574,0.043583598
POU2F2,0.015541642
DEDD2,0.11710706
GSK3A,0.12651579
ERF,0.14051278
CIC,0.08984028
PAFAH1B3,0.12938425
MEGF8,0.06567988
CNFN,0.039063588
LIPE-AS1,0.06349879
LIPE,0.012424295
CEACAM1,0.05661688
ETHE1,0.18749204
XRCC1,0.07973339
PINLYP,0.055628818
IRGQ,0.034426693
ZNF576,0.06774808
ZNF428,0.44526833
CADM4,0.03976905
PLAUR,0.016260387
SMG9,0.033024132
ZNF283,0.019253416
ZNF155,0.018461755
ZNF230,0.019912977
ZNF224,0.046713732
ZNF225,0.008404963
ZNF234,0.015876992
ZNF226,0.12041344
ZNF227,0.03441905
ZNF235,0.0060828305
ZNF233,0.0072742864
ZNF112,0.024775231
ZNF180,0.022853564
PVR,0.01711562
BCL3,0.04053427
BCAM,0.8045067
NECTIN2,0.21136867
TOMM40,0.139136
APOE,1.1804621
APOC1,0.037725914
CLPTM1,0.30513257
RELB,0.02862862
CLASRP,0.057510044
ZNF296,0.006053114
GEMIN7,0.060446765
MARK4,0.04138808
PPP1R37,0.04762405
TRAPPC6A,0.48126101
BLOC1S3,0.0141414525
EXOC3L2,0.037425783
ERCC2,0.05072481
PPP1R13L,0.03407516
POLR1G,0.01262973
ERCC1,0.2392675
FOSB,0.12036692
RTN2,0.016882714
PPM1N,0.0
VASP,0.11051353
OPA3,0.0965372
GPR4,0.022177298
EML2,0.102613725
SNRPD2,0.7665872
FBXO46,0.045554966
SIX5,0.041073184
DMPK,0.053068493
DMWD,0.05745173
SYMPK,0.15571253
IRF2BP1,0.104507655
MYPOP,0.032587174
NOVA2,0.027929744
CCDC61,0.029377814
HIF3A,0.023443893
PPP5C,0.14517614
CCDC8,0.08165813
PNMA8B,0.0065989946
CALM3,0.7105647
PTGIR,0.0
DACT3,0.00827904
PRKD2,0.06324355
STRN4,0.0927321
SLC1A5,0.2817947
AP2S1,0.57435673
ARHGAP35,0.19486305
TMEM160,0.59373903
ZC3H4,0.08799457
SAE1,0.061432853
BBC3,0.039589778
CCDC9,0.036690757
INAFM1,0.103059016
C5AR1,0.029302092
C5AR2,0.018806446
DHX34,0.033319443
MEIS3,0.0
KPTN,0.030289073
NAPA,0.47686642
BICRA,0.01811522
EHD2,0.018691963
NOP53,0.8457709
SELENOW,1.0026611
SULT2A1,0.0
PLA2G4C,0.022573523
LIG1,0.032738794
ZSWIM9,0.024262214
CARD8,0.07122559
CARD8-AS1,0.018853558
ZNF114,0.0046789334
EMP3,0.22338288
TMEM143,0.05390941
KDELR1,0.5737566
GRWD1,0.0884056
KCNJ14,0.006987127
CYTH2,0.15242927
LMTK3,0.020184997
SULT2B1,0.0042491653
RPL18,2.4798126
SPHK2,0.04693599
DBP,0.10304683
CA11,0.16432592
RASIP1,0.08622115
FUT1,0.007435147
BCAT2,0.089365944
HSD17B14,0.2631957
PLEKHA4,0.024654616
PPP1R15A,0.122066036
NUCB1,0.5437139
BAX,0.24245931
FTL,3.7549243
GYS1,0.06830645
RUVBL2,0.120426044
SNRNP70,0.3643672
LIN7B,0.053269476
PPFIA3,0.066360965
HRC,0.009028895
TRPM4,0.09338148
CD37,0.13587268
TEAD2,0.038959716
ENSG00000268157,0.0
PIH1D1,0.22244215
ALDH16A1,0.08247788
FLT3LG,0.028183095
RPL13A,1.8080616
RPS11,1.8101767
FCGRT,0.6692488
RCN3,0.015903732
NOSIP,0.2658978
PRRG2,0.068463705
PRR12,0.055496927
RRAS,0.21505007
SCAF1,0.12187303
IRF3,0.13360678
BCL2L12,0.03908756
PRMT1,0.3733096
ADM5,0.0069345757
CPT1C,0.0053789774
AP2A1,0.10950943
FUZ,0.14274207
ENSG00000269194,0.046739552
MED25,0.13647377
PTOV1-AS1,0.0109503865
PTOV1,0.32625294
PNKP,0.11007504
AKT1S1,0.14078663
TBC1D17,0.10013585
IL4I1,0.0025567957
NUP62,0.06852659
ATF5,0.109291665
VRK3,0.12570745
ZNF473,0.0071496665
MYH14,0.068363145
KCNC3,0.021216294
NR1H2,0.19767529
POLD1,0.027026782
EMC10,0.33646598
MYREM,0.0
JOSD2,0.22183046
C19orf81,0.0051713875
CLEC11A,0.23784469
C19orf48P,0.06985633
CTU1,0.062244967
SIGLEC9,0.0037433682
SIGLEC7,0.0
CD33,0.0045318003
ETFB,1.0995021
NKG7,0.095291704
SIGLEC10,0.0035736877
SIGLEC8,0.0
ZNF175,0.025139064
SIGLEC14,0.004023119
SPACA6,0.06628635
FPR1,0.020359423
FPR2,0.0035736877
FPR3,0.0
ZNF577,0.054600947
ZNF649,0.034060534
ZNF350,0.049489837
ZNF615,0.01728824
ZNF614,0.027422521
ZNF432,0.04852639
ZNF841,0.0063919066
ZNF836,0.047475588
PPP2R1A,0.49992272
ZNF766,0.044040535
ZNF480,0.06864652
ZNF528,0.043978475
ZNF808,0.05719632
ZNF701,0.0361445
ZNF83,0.09281678
ZNF611,0.03325408
ZNF600,0.015716458
ZNF28,0.053945556
ZNF468,0.03245296
ZNF816-ZNF321P,0.011746869
ZNF816,0.014295572
ZNF160,0.054452147
ZNF415,0.031263877
ZNF347,0.0397259
ZNF677,0.081261
ZNF845,0.013451244
ZNF765,0.0400802
ZNF761,0.026178272
ZNF813,0.0109822815
ZNF331,0.15267348
NLRP12,0.0
MYADM,0.047181975
CACNG8,0.0
OSCAR,0.007386162
NDUFA3,1.5687038
TFPT,0.073086895
PRPF31,0.19213018
CNOT3,0.08424564
LENG1,0.11803621
TMC4,0.1361163
MBOAT7,0.11367491
TSEN34,0.2510674
RPS9,2.6147304
LILRB3,0.0073833335
LILRA6,0.0
LILRB5,0.0
LILRB2,0.011221412
LILRA5,0.014305454
LILRA4,0.0
LAIR1,0.019366281
TTYH1,0.0
LENG8-AS1,0.008995647
LENG8,0.17019309
LENG9,0.0071175415
CDC42EP5,0.0459727
LILRA2,0.0092977695
LILRA1,0.009284226
LILRB1,0.00863749
LILRB4,0.0055931895
ENSG00000268734,0.0
NCR1,0.0058663813
RDH13,0.06813062
PPP1R12C,0.13279791
TNNT1,0.0
TNNI3,0.0
PPP6R1,0.09939376
HSPBP1,0.13413478
BRSK1,0.0040547885
KMT5C,0.009341892
TMEM238,0.429477
RPL28,2.8805337
UBE2S,0.15298337
ISOC2,0.5180207
ZNF628,0.015999412
NAT14,0.057706997
SSC5D,0.002489121
ZNF579,0.10215249
FIZ1,0.06279744
ZNF524,0.19066016
ZNF865,0.036693744
ZNF580,0.20845284
ZNF581,0.048964255
CCDC106,0.16096602
U2AF2,0.1438266
EPN1,0.4108737
ZNF787,0.092850454
ZNF444,0.08322888
ZSCAN5A,0.014966037
ZNF582,0.012403343
ZNF582-DT,0.059022717
ZNF583,0.022545235
ZNF667-AS1,0.20502102
ZNF471,0.021284185
ZFP28,0.016385296
ZNF470,0.021593133
ZNF71,0.025298174
ZNF835,0.020902108
PEG3,0.04681128
ZNF264,0.06907844
ZNF805,0.017754193
ENSG00000268713,0.014965051
ZNF460,0.016856072
ENSG00000268205,0.08005867
ZNF543,0.0045479136
TRAPPC2B,0.1474849
ZNF548,0.027826395
ZNF772,0.026359195
ZNF419,0.02092502
ZNF773,0.014237922
ZNF550,0.027109133
ZIK1,0.013740506
ZNF134,0.050193623
ZNF211,0.029600412
ZNF551,0.011863176
ZNF154,0.021582602
ZNF776,0.029762186
ZNF552,0.025485696
ZNF587B,0.026456717
ZNF814,0.060469404
ZNF587,0.030690098
ZNF417,0.012733272
ZNF418,0.013682576
ZNF256,0.010344904
ZNF606,0.024088625
ZNF135,0.051411614
ZSCAN18,0.13640352
ZNF329,0.043141495
ZNF274,0.05812954
ZNF544,0.051100526
ZNF8-DT,0.052393943
ZNF8,0.015295845
ERVK3-1,0.048229918
ENSG00000283103,0.16973035
A1BG,0.058976028
ZNF837,0.0108580645
RPS5,1.7922276
ZNF584,0.021554198
ZNF324,0.017161017
ZNF446,0.035896353
SLC27A5,0.10138745
ZBTB45,0.030449405
TRIM28,0.29681903
CHMP2A,0.8148597
UBE2M,0.49592394
MZF1-AS1,0.024264557
MZF1,0.07942833
SEPTIN14P23,0.0
IL17RA,0.06458633
HDHD5,0.0876096
ADA2,0.12624054
ATP6V1E1,0.5883792
BCL2L13,0.14154696
BID,0.05194788
MICAL3,0.08532922
PEX26,0.084249206
USP18,0.021676647
TMEM191B,0.020668935
DGCR2,0.16316539
ESS2,0.038243964
SLC25A1,0.28446636
CLTCL1,0.0044244113
HIRA,0.06938841
C22orf39,0.18159431
MRPL40,0.5033097
UFD1,0.22290239
CDC45,0.0
CLDN5,0.09670048
GNB1L,0.01785083
RTL10,0.035890877
TXNRD2,0.14818892
COMT,0.6351662
ARVCF,0.010202702
TANGO2,0.055278834
DGCR8,0.030552393
TRMT2A,0.052095834
RANBP1,0.44424847
ZDHHC8,0.06862323
DGCR6L,0.45343512
KLHL22,0.061512303
MED15,0.09117247
PI4KA,0.09470022
SNAP29,0.107206665
CRKL,0.07529208
LINC01637,0.026434612
LZTR1,0.04605373
THAP7,0.16970798
THAP7-AS1,0.038976755
HIC2,0.0151124075
TMEM191C,0.029004527
UBE2L3,0.41678134
YDJC,0.107228585
SDF2L1,0.25129884
PPIL2,0.13702397
YPEL1,0.02824297
MAPK1,0.25037268
PPM1F,0.08558289
PPM1F-AS1,0.009943524
ENSG00000274422,0.022533314
BCR,0.13783239
RGL4,0.011317381
VPREB3,0.011420849
CHCHD10,1.827963
MMP11,0.0
SMARCB1,0.17370975
SLC2A11,0.08644947
MIF,1.5246246
MIF-AS1,0.01027552
GSTT2B,0.013823993
DDT,1.29549
CABIN1,0.10895423
SUSD2,0.07551878
GGT5,0.009293679
SPECC1L,0.070411935
UPB1,0.11362843
GUCD1,0.1564669
SNRPD3,0.7152422
GGT1,0.07761521
KIAA1671,0.061404776
ENSG00000279110,0.0034428288
LRP5L,0.015633876
GRK3,0.019401807
HPS4,0.08544173
SRRD,0.07617262
TFIP11,0.060229998
TPST2,0.27407786
CRYBB1,0.0
MIAT,0.0
MIATNB,0.015182375
MN1,0.015204984
PITPNB,0.13180329
TTC28,0.07733122
HSCB,0.106750466
CCDC117,0.061841402
XBP1,0.36395717
ENSG00000226471,0.049958695
ZNRF3,0.07763785
EMID1,0.03816922
RHBDD3,0.037972327
EWSR1,0.2742578
GAS2L1,0.072694115
RASL10A,0.0096281255
AP1B1,0.16096102
THOC5,0.03210412
NIPSNAP1,0.20327795
NF2,0.12680334
ZMAT5,0.09558856
UQCR10,1.6371632
ASCC2,0.07543807
MTMR3,0.085457645
OSM,0.0
CASTOR1,0.080920994
TBC1D10A,0.08022043
SF3A1,0.17430034
RNF215,0.0190056
PES1,0.076710224
TCN2,0.12649888
SLC35E4,0.010318084
DUSP18,0.016914466
MORC2,0.032585893
SMTN,0.05878067
SELENOM,0.8056062
RNF185,0.096592456
LIMK2,0.023817768
PIK3IP1,0.11166785
PATZ1,0.106258556
LINC01521,0.0
DRG1,0.11606104
EIF4ENIF1,0.050194018
SFI1,0.033665713
PISD,0.05597452
PRR14L,0.07541498
DEPDC5,0.028511
YWHAH,0.2761949
RTCB,0.19832806
FBXO7,0.27138376
TIMP3,0.42896613
LARGE1,0.021034773
HMGXB4,0.08411036
TOM1,0.10363225
HMOX1,0.07900833
MCM5,0.057707056
MB,0.0019794418
APOL6,0.077360846
RBFOX2,0.08331164
ENSG00000279927,0.0
APOL3,0.04720249
APOL4,0.007663491
APOL2,0.0707576
APOL1,0.05904419
MYH9,0.3956811
TXN2,0.53154266
FOXRED2,0.014617518
EIF3D,0.40702575
IFT27,0.17879346
PVALB,0.42073196
NCF4,0.0153915575
CSF2RB,0.0
TST,0.62423193
MPST,0.41847947
KCTD17,0.014024178
IL2RB,0.012980947
RAC2,0.08395513
CYTH4,0.007883016
MFNG,0.03050305
CARD10,0.037591286
CDC42EP1,0.069396295
LGALS2,0.611466
GGA1,0.0986703
SH3BP1,0.010668483
PDXP-DT,0.0
LGALS1,0.35286725
NOL12,0.05709256
TRIOBP,0.22381875
H1-0,0.27317178
GCAT,0.1193515
ANKRD54,0.062807105
EIF3L,0.6622654
MICALL1,0.023130905
POLR2F,0.39523405
PICK1,0.085114725
ENSG00000272720,0.0027404425
MAFF,0.042018514
TMEM184B,0.08806484
CSNK1E,0.10622898
DDX17,0.8264077
CBY1,0.13668962
TOMM22,0.36903453
JOSD1,0.11993634
GTPBP1,0.038937062
SUN2,0.1821404
ENSG00000272669,0.0050605787
DNAL4,0.08156357
NPTXR,0.014119727
CBX6,0.21749012
APOBEC3A,0.009052378
APOBEC3C,0.02101169
APOBEC3G,0.042368267
CBX7,0.16709775
PDGFB,0.04660576
RPL3,2.9864037
SYNGR1,0.15885943
TAB1,0.03170375
MIEF1,0.11034883
ATF4,0.36397234
RPS19BP1,0.6125675
GRAP2,0.0077470276
TNRC6B,0.35166886
ADSL,0.07551807
SGSM3,0.04406623
MRTFA,0.048762728
SLC25A17,0.07227769
ST13,1.2847439
XPNPEP3,0.08515094
RBX1,0.93819976
EP300,0.15979594
L3MBTL2,0.042747963
CHADL,0.03258929
RANGAP1,0.081400864
ZC3H7B,0.17367063
TEF,0.09716998
TOB2,0.20495142
PHF5A,0.08207236
ACO2,0.5851462
POLR3H,0.10095488
PMM1,0.3518593
DESI1,0.18422875
XRCC6,0.5419666
SNU13,0.84939945
C22orf46P,0.036307268
MEI1,0.0077119577
CCDC134,0.014079293
SREBF2,0.23280467
NAGA,0.070545234
PHETA2,0.010005878
SMDT1,1.0833024
NDUFA6,0.81881666
TCF20,0.0604244
LINC01315,0.015347458
NFAM1,0.007986921
RRP7A,0.1493015
SERHL2,0.017214907
POLDIP3,0.1030408
ENSG00000270022,0.0046878825
CYB5R3,0.37235734
A4GALT,0.07971555
ARFGAP3,0.17486186
PACSIN2,0.16540127
TTLL1,0.023129787
BIK,0.01501163
MCAT,0.11393348
TSPO,0.7632432
TTLL12,0.03995394
SAMM50,0.2080516
PARVB,0.12355312
PARVG,0.025227688
PRR5,0.09681543
NUP50-DT,0.009699121
NUP50,0.105669454
KIAA0930,0.050498925
FAM118A,0.022532273
FBLN1,0.0073927753
ATXN10,0.26143453
MIRLET7BHG,0.034806043
PPARA,0.23087847
CDPF1,0.024159864
TTC38,0.18849495
TRMU,0.12046977
CELSR1,0.04706865
GRAMD4,0.042136878
CERK,0.10302989
TBC1D22A-DT,0.09181868
TBC1D22A,0.08044082
BRD1,0.10044063
ZBED4,0.026952034
ALG12,0.053417865
CRELD2,0.09070046
PIM3,0.38791573
PANX2,0.08307567
TRABD,0.14422967
SELENOO,0.11563643
TUBGCP6,0.096330345
HDAC10,0.055626225
MAPK12,0.026920388
PLXNB2,0.3217129
DENND6B,0.04625141
PPP6R2,0.24878569
SBF1,0.048569895
LMF2,0.13147552
NCAPH2,0.06462077
TYMP,0.21375
CIMAP1B,0.023918595
ARSA,0.06687542
SHANK3,0.06715733
ENSG00000225929,0.0
RABL2B,0.040195443
ENSG00000275464,0.01388663
ENSG00000275895,0.009362249
ENSG00000280145,0.0
ENSG00000277991,0.0
ENSG00000278932,0.004774109
HSPA13,0.05938962
SAMSN1,0.041319154
NRIP1,0.17586054
USP25,0.13330886
MIR99AHG,0.101794794
CXADR,0.09146207
BTG3,0.1815834
C21orf91,0.021916267
NCAM2,0.0
ENSG00000226771,0.0
MRPL39,0.15876049
JAM2,0.044637896
ATP5PF,1.9020818
GABPA,0.08479002
APP,1.0420817
CYYR1-AS1,0.0
CYYR1,0.077980004
ADAMTS1,0.046930745
ADAMTS5,0.0058538327
ENSG00000232855,0.0
N6AMT1,0.04524416
LTN1,0.12051575
RWDD2B,0.05835666
ENSG00000273254,0.0065574967
USP16,0.21027836
CCT8,0.37888208
MAP3K7CL,0.01463068
BACH1,0.092659175
TIAM1,0.016443191
SOD1,1.6683909
SCAF4,0.07661561
MIS18A,0.035037912
URB1,0.022099601
URB1-AS1,0.09063539
EVA1C,0.057819918
CFAP298,0.18417056
SYNJ1,0.033583142
PAXBP1,0.10032385
EPCIP-AS1,0.004760382
IFNAR2,0.02263996
IL10RB-DT,0.0041741473
IL10RB,0.019222492
IFNAR1,0.21896853
IFNGR2,0.12276309
TMEM50B,0.2756379
DNAJC28,0.016153997
GART,0.10550164
SON,0.8074909
DONSON,0.006722669
CRYZL1,0.1083586
ITSN1,0.05699751
ATP5PO,1.1735306
ENSG00000273102,0.003169472
MRPS6,0.6937574
SLC5A3,0.39285663
KCNE1,0.016732996
RCAN1,0.18242313
RUNX1,0.017149827
SETD4,0.061144806
CBR1,0.6571094
CBR3,0.008473244
DOP1B,0.020513043
MORC3,0.07893294
SIM2,0.07291264
HLCS,0.03353054
PIGP,0.3321035
TTC3,0.43803224
DSCR9,0.0
VPS26C,0.08009655
DYRK1A,0.121733926
ERG,0.048367698
ETS2,0.23283897
PSMG1,0.14413485
BRWD1,0.1904469
HMGN1,0.94485265
GET1,0.12187383
SH3BGR,0.07066954
B3GALT5,0.0
BACE2,0.2544866
FAM3B,0.1849951
MX2,0.016249375
MX1,0.08412371
PRDM15,0.0013661839
C2CD2,0.031336233
ZBTB21,0.0681017
ABCG1,0.07617426
TFF3,0.017788948
TFF1,0.02784138
RSPH1,0.03464996
SLC37A1,0.023540696
PDE9A,0.111779444
WDR4,0.004071963
NDUFV3,0.567249
PKNOX1,0.038944926
SIK1,0.027204277
RRP1B,0.05777143
PDXK,0.49781597
CSTB,0.7793471
RRP1,0.07554078
AGPAT3,0.2415787
TRAPPC10,0.09332151
PWP2,0.007137251
LINC01678,0.0017060288
ICOSLG,0.029811837
PFKL,0.47525746
CFAP410,0.22072493
ENSG00000184441,0.020899866
TRPM2,0.0
UBE2G2,0.17201623
SUMO3,0.28946605
PTTG1IP,0.546239
ITGB2,0.09368942
ITGB2-AS1,0.015652085
SLX9,0.16059557
ADARB1,0.027907742
POFUT2,0.052576143
COL18A1,0.61751926
SLC19A1,0.012333047
COL6A1,0.33061174
COL6A2,0.032359608
FTCD,0.4427646
SPATC1L,0.021889385
LSS,0.051627535
MCM3AP-AS1,0.0047570067
MCM3AP,0.095752284
YBEY,0.12526073
PCNT,0.05073001
DIP2A,0.08574023
PRMT2,0.2509461
MT-ND1,4.487705
MT-ND2,4.6763425
MT-CO1,5.705003
MT-CO2,5.7683673
MT-ATP8,1.364075
MT-ATP6,5.6041203
MT-CO3,5.408599
MT-ND3,5.84778
MT-ND4L,3.3661594
MT-ND4,5.1116724
MT-ND5,3.4203439
MT-ND6,0.5310486
MT-CYB,5.3135004
ENSG00000273748,0.0028912164
ENSG00000278817,0.07352877
ENSG00000271254,0.0058627645
TNMD,0.01264958
FIRRM,0.0032805547
CFTR,0.009814084
AOC1,0.40002075
WNT16,0.0
HECW1,0.029770063
KLHL13,0.10782652
MTMR7,0.0036672894
SARM1,0.032219242
CD38,0.00993917
SLC22A16,0.0
ZMYND10,0.005541298
ABCB5,0.0
ARX,0.0
SLC4A1,0.03640914
CALCR,0.0228335
HOXA11,0.009348905
MEOX1,0.0
REXO5,0.0
TSPOAP1,0.036031496
MPO,0.0
PON1,0.0
ABCB4,0.0
SOX8,0.0
ITGA2B,0.0005327768
ASB4,0.0
KRT33A,0.0
ABCC8,0.0
CACNG3,0.0
TAC1,0.0
CACNA1G,0.0
DLX6,0.0
MAP3K9,0.0130227655
BAIAP2L1,0.046485025
TTC22,0.025080768
CCL26,0.0
USH1C,0.13426939
LGALS14,0.0
COX10,0.07621748
SCIN,0.26542026
MYH13,0.0
UPP2,0.036271032
PRSS21,0.0
PROM1,0.04259712
NOS2,0.0
DNAH9,0.0
SLC13A2,0.10398376
CEACAM7,0.0
TKTL1,0.0044504358
PAX6,0.0
CACNA2D2,0.006182393
BAIAP3,0.0419354
SELE,0.0
NOX1,0.0
E2F2,0.0
SYN1,0.0023817008
CAMK1G,0.0
TFAP2B,0.20407146
TFAP2D,0.0
DLEC1,0.0
ADAM22,0.017814731
PLEKHG6,0.0020879975
PGLYRP1,0.0
MAPK8IP2,0.008023983
TENM1,0.010168179
PAX7,0.0
MASP2,0.0
IYD,0.02817674
POMT2,0.026067412
MLXIPL,0.051318772
HHATL,0.0
GIPR,0.0
SLC6A13,0.20191085
PRSS3,0.021578537
FMO1,0.13654135
NME1-NME2,0.0
SLC6A7,0.0
MKS1,0.028285604
DPF1,0.0
ANLN,0.0
QPCTL,0.0016394664
ZBTB32,0.0
GABRA3,0.0
PRICKLE3,0.006790579
LTF,0.011351163
KDM5D,0.057630375
SLC7A14,0.0
DDX11,0.010663801
MAMLD1,0.008723969
DPEP1,0.51641077
NPC1L1,0.008428594
STMN4,0.0
ISL1,0.0
IL20RA,0.005783867
CLCA1,0.0
CLCA4,0.0
CNTN1,0.05229763
CYP24A1,0.031128684
SYT13,0.1261908
NCDN,0.037517462
ZFP64,0.0068003945
CYP3A43,0.0
SLC7A9,0.10031628
NRXN3,0.006262546
C8B,0.0
GABRA1,0.0
NLRP2,0.0010868278
ABCC2,0.005984021
DEPDC1,0.0
HSD17B6,0.0
RTEL1-TNFRSF6B,0.0
FAS,0.019875906
KCNG1,0.0
INSRR,0.02181995
BMAL2,0.0
IBSP,0.0
MUSK,0.0
IKZF2,0.016432926
LRRC7,0.0
CLXN,0.0
MYOC,0.0
DEPDC1B,0.008526092
STAP1,0.018065203
OTC,0.0
CYP46A1,0.0064412537
SLC18A1,0.0
USP2,0.57261276
CASR,0.20447262
HOXC8,0.022562016
TLL1,0.002020897
EDC4,0.0
DNAH5,0.009203232
C6,0.0
SOX30,0.0
BEST2,0.0
RTN4R,0.006857917
CDH10,0.0
MYO16,0.0
TDP1,0.026757937
SLC19A4P,0.0
USH2A,0.0
ZPBP,0.003179583
TG,0.006885673
BARX2,0.0067747864
ZIC2,0.0
ADRB1,0.014773742
GUCA2B,0.0
MAGEC2,0.0
KATNIP,0.02381931
XK,0.009315131
ANO2,0.0
ROS1,0.0
TNFRSF17,0.0
LMO3,0.011111625
GUCA1A,0.0
UTS2,0.0
TNFRSF9,0.0
EPN3,0.06599478
FOXP3,0.0014152853
PPP1R3F,0.016834395
NEXMIF,0.01917881
ARHGEF5,0.043059822
SLC4A8,0.022421721
PTGER3,0.4500307
TNIP3,0.0
COL23A1,0.004445692
RAD51,0.0
POLQ,0.0
ALX4,0.0
FSTL4,0.010475871
METTL24,0.0
NNAT,0.0
MCF2L2,0.001160195
ENTPD2,0.018978901
PTPRN,0.0
PLEKHH1,0.01744587
SPO11,0.0
CHRDL2,0.011295672
KCNH2,0.0
MCOLN3,0.018238852
ITIH4,0.0035984097
ITIH1,0.0
ZNF280C,0.013219823
NPFFR2,0.0
PHF21B,0.012259589
TRAF1,0.02149382
IL17RB,0.035253845
GYG2,0.0036682903
SERPINB3,0.0
PKP2,0.03978055
MSH4,0.0
F7,0.0
LAMC2,0.0056720353
RASGRF1,0.009209128
CAMK2B,0.027757008
PSD,0.008120426
STYK1,0.0
CREB3L3,0.0
RIMBP2,0.0111934375
COL11A1,0.0
PRDM6,0.004742557
WNT8A,0.0
SPAG4,0.014954982
CDH3,0.04083253
ARSF,0.010440706
DGAT2,0.008201343
MRPS24,0.004882789
SEZ6,0.0
SLC6A16,0.024751045
GSC2,0.0
ADCK1,0.021149406
DLX3,0.0
DMRT3,0.0
ATP2C2,0.0057837777
BORCS8-MEF2B,0.0054091797
LPAR2,0.023399178
POU1F1,0.0
CHI3L2,0.0
NTN1,0.009500341
GLP2R,0.0
MCM10,0.0
ROPN1,0.0
SNAP91,0.0
COL17A1,0.0
SEC61A2,0.023055943
SLC9A7,0.032906443
CTNNA2,0.0
ZMYND12,0.037892446
NGEF,0.013635609
ASPM,0.0
MPPED2,0.046137568
CLDN18,0.0
ACSM2B,0.29068315
DDX3Y,0.12843187
PHKA1,0.012222834
CACNB1,0.0101057645
STOML1,0.023084635
TRO,0.019116793
ZFY,0.03566672
ATP2B3,0.008884728
FGFR3,0.09478908
STON1-GTF2A1L,0.0
PYGM,0.010015248
PAGE1,0.0
TRPC7,0.0
ADAM7,0.0
GAL,0.0
MAOB,0.1999282
DRD4,0.008974995
PLA2G10,0.0
HES2,0.0
GUCY2C,0.0
SCT,0.004137428
SPTB,0.004348456
ST6GALNAC1,0.0
FRMPD1,0.0019147719
CNGB1,0.0
ST6GALNAC2,0.0
CHAT,0.0
TESK2,0.022868196
PTPN21,0.033020936
CAMK2A,0.0
EPHA8,0.0027236962
SLC12A3,0.11540894
TRPM5,0.007683722
MS4A12,0.0
PRLH,0.0
MYO3B,0.058751695
SLC6A15,0.0
SPP2,0.0
RPS6KA6,0.08462316
ASIC4,0.0
TRPC5,0.0
HMMR,0.0
TRHDE,0.05774404
CYP2W1,0.0
MOV10L1,0.0
TP63,0.0
CLCN4,0.022847062
FNDC8,0.0
GSDMB,0.005769283
ADAM11,0.0
ABCB11,0.0
DHRS9,0.0
TBX21,0.011299556
GLI2,0.0043002674
CDHR2,0.030224012
SNCB,0.0
NOX3,0.0
SLC12A1,1.1679693
ANO8,0.026421357
WSCD2,0.0
KCNQ2,0.0
TACR2,0.0
SEMA3A,0.0
GTSE1,0.0037234249
WNT8B,0.0
ADD2,0.0
FGF4,0.0
CACNG5,0.0
ATP12A,0.028906573
WDR62,0.002664513
SEC31B,0.010665257
TUBA3D,0.0
PAX2,0.16259547
CAMSAP3,0.07873341
RAP1GAP,0.2143946
NMRK2,0.005281756
ACTL6B,0.0
PAK3,0.002587555
CAPN6,0.007978465
DCX,0.0
SPAG6,0.0
TYR,0.0
ACTN2,0.009119597
FKBP6,0.0
SMC1B,0.0
LAMP3,0.0
ADCY2,0.0
RBFOX1,0.0043109315
HOXA9,0.11726691
ZCWPW1,0.033412643
ADCYAP1R1,0.0
FGF20,0.0
BRINP1,0.0
PKD2L2,0.00057848066
MYH7B,0.0019013559
BPIFB2,0.0
TP73,0.0
CLUL1,0.032148365
CDH17,0.0
OSBPL6,0.005293169
AFM,0.087346256
SCGN,0.004634754
RIMS1,0.0
MOXD1,0.0029204134
DDX43,0.0026993274
PTPRH,0.0
DCT,0.0
EPHA6,0.0
SCTR,0.031224916
SLC4A4,0.28682187
RDH8,0.0
MID2,0.009125236
DNAAF6,0.0
COL5A3,0.0
SRCAP,0.0035191514
CPB2,0.0
CHRNA3,0.0
KCNN2,0.0035836303
IGSF9B,0.0
CFHR2,0.0
CXCL2,0.03938042
COL4A4,0.09982836
CDH7,0.0
IMPG2,0.0
ARG2,0.33318132
CACNA1S,0.0
LRP2,0.3100284
AACS,0.06300332
SLC13A1,0.15170623
PCDHB4,0.0
PCDHA6,0.0
PCDHGA2,0.0
IL12RB2,0.0
MPP4,0.0
PGR,0.021203712
C1QTNF3,0.011656364
COL19A1,0.0
KCNK2,0.0
SERTAD4,0.015449074
OPRK1,0.0
SEMA5B,0.008749948
TRPM3,0.060826395
ENSG00000083622,0.0
EPYC,0.0
ZNF671,0.02678154
ZNF416,0.0041563152
ZNF586,0.01789681
HAL,0.0
SLCO1A2,0.0
APOB,0.010564887
EFR3B,0.0
GCKR,0.0
CAD,0.03647198
BCORL1,0.019903084
OVGP1,0.0056784204
IGSF9,0.0
WNT11,0.0058340253
TTC39A,0.035204716
ORC1,0.0053888797
RAD54L,0.0
AQP6,0.012554223
EPDR1,0.031230254
HBQ1,0.0
CEACAM6,0.0
FAT2,0.0
HSD17B2,0.003924674
PPEF1,0.0
MYBPC2,0.0
ACHE,0.002955472
TMPRSS11E,0.0
MT3,0.116338156
GNAO1,0.0
L2HGDH,0.07190868
PTHLH,0.0
PHACTR3,0.002537664
AURKA,0.006188554
GP6,0.0
DNMT3B,0.005578335
TPX2,0.0
SLC15A1,0.008973472
DOCK3,0.0034162535
C3orf18,0.036317304
ARHGAP28,0.024259005
DEFB127,0.0
SLC4A11,0.009011253
ZNF343,0.011551
CPXM1,0.00625556
F11,0.031352654
SIRPG,0.0
DZANK1,0.0148508875
CFAP61,0.0019883143
LHX5,0.0
RPH3A,0.0
CHGB,0.15685157
TBX5,0.0
NOS1,0.05107884
CMTM1,0.0
KCNH4,0.0
BIRC5,0.0
LAG3,0.0
ANKRD24,0.0024251267
SI,0.0
FETUB,0.0
THPO,0.007237035
KIF4A,0.0
PLEKHG2,0.004643662
PITPNM2,0.03944875
POU4F3,0.0
NLRC4,0.0051687434
LAMB4,0.013671287
NRCAM,0.059714116
SLC26A4,0.06175562
SLC26A3,0.0
IL5RA,0.0
ABCC6,0.10869007
SMPX,0.0021064274
MYO15A,0.0
PITPNM3,0.011948452
ORC6,0.003272634
ZFHX4,0.0
SLC17A6,0.0
CPA1,0.0066906908
RGS17,0.0
CMA1,0.0
JPH4,0.011244239
MYH7,0.0
CEBPE,0.0
RNF31,0.0
RPGRIP1,0.0
TGM1,0.03306102
DAZL,0.0
TBL1Y,0.0035866194
TYRO3,0.014501294
CAPN3,0.069283515
TBX15,0.0
COL9A3,0.025891699
TEKT2,0.0
VNN3P,0.0
OR1I1,0.0
GABRP,0.0
KRT31,0.0
CDC6,0.0
NXPE1,0.0
EPB41L4B,0.037283693
WHRN,0.018860197
PDE6C,0.0
SEMA4G,0.021326017
TLL2,0.0
CYP26A1,0.00053904264
TDRD1,0.0043951212
IL11,0.0
MYO3A,0.0
TPSD1,0.0
SMIM24,0.59700006
KCNK16,0.0
CRISP3,0.0
PGC,0.0
NCR2,0.0
MLN,0.0
ITPR3,0.065608166
ZNF184,0.031748634
CDC7,0.0
SYDE2,0.028786981
CATSPERG,0.004719729
STX1B,0.0047430797
MAGEB2,0.0
EFNA2,0.0
CBARP,0.02349338
PCDH11Y,0.0047669588
AMELY,0.0
CEP170B,0.05732253
HCN2,0.019050326
CDHR5,0.120826915
IZUMO4,0.027318062
MADCAM1,0.008118945
IGF2-AS,0.0
SERPIND1,0.0
CECR2,0.013932399
P2RX6,0.0
DERL3,0.012534007
SLC7A4,0.0032409648
DDTL,0.0
SEC14L2,0.0148288235
SEC14L3,0.0
PRODH,0.0033308496
TOP3B,0.036439415
CRYBB3,0.01913455
PLA2G3,0.0
SEZ6L,0.0
ENSG00000100101,0.004131524
GGTLC2,0.0
SOX10,0.0
SLC16A8,0.008327288
CENPM,0.008514765
SEPTIN3,0.0
SLC5A1,0.018630927
TPTEP1,0.0
SLC5A4,0.0
KDELR3,0.03538032
CYP2D6,0.0027135424
DMC1,0.009322249
RSPH14,0.02384517
RAB36,0.045139138
C22orf31,0.0
MIOX,0.99918747
NEFH,0.0024053473
CHKB,0.10100904
APOBEC3H,0.0064843893
RASD2,0.0
ACR,0.0014102116
CABP7,0.0
PNPLA5,0.0
PNPLA3,0.0127820335
CACNA1I,0.0
UPK3A,0.0
MLC1,0.0
KCNK10,0.005551053
CTSG,0.0
PRMT5,0.08920049
CDKL1,0.07614514
TRIM9,0.0
CCDC198,0.27207237
PLEK2,0.032259032
LRRC74A,0.0
SAMD15,0.005331982
ISM2,0.002609214
CHGA,0.0
SIX4,0.013459918
ASB2,0.003724971
CEP128,0.01024615
SLC10A1,0.0
SERPINA4,0.07795175
SLC8A3,0.0
TCL1A,0.0
BDKRB1,0.006153977
PAPLN,0.049982324
CPNE6,0.013623359
PRORP,0.005638071
REC8,0.037975032
VSX1,0.0
GINS1,0.0
NINL,0.112056546
SGK2,0.12346901
MYBL2,0.0
R3HDML,0.0
HNF4A,0.12160745
RIMS4,0.0
PABPC1L,0.043884918
SALL4,0.0
BMP7,0.0073137973
TUBB1,0.0
HRH3,0.0
NTSR1,0.0
SLC17A9,0.0
NKAIN4,0.01921659
AVP,0.09262582
COL20A1,0.0
CHRNA4,0.0056836633
PTK6,0.0
SPEF1,0.016565323
ISM1,0.0
SEL1L2,0.0
SLC52A3,0.039940868
ANGPT4,0.0
RSPO4,0.0025059802
PROKR2,0.0
SNPH,0.0
MYLK2,0.0
SIRPB1,0.0
FERMT1,0.006382795
HAO1,0.00443831
PDYN,0.0
TLDC2,0.02145824
PAK5,0.0021927343
MROH8,0.0015432596
OXT,0.133802
E2F1,0.0
BPI,0.003625768
CST9L,0.0
SLC32A1,0.0
CST4,0.0
SPINT3,0.0
EPPIN,0.0
SYNDIG1,0.009853792
PIGU,0.0701292
TNNC2,0.005728511
CDH20,0.0043042637
ST8SIA5,0.0060338536
LAMA1,0.022640234
NOL4,0.0
H2BW2,0.0
VSIG1,0.0
GPR143,0.01630669
MID1,0.041357815
RHOXF1,0.0031325165
GUCY2F,0.0
ATP1B4,0.0
CHRDL1,0.009607803
SUV39H1,0.007606053
PAGE4,0.0
GLRA2,0.0
MCF2,0.006562086
F9,0.0
CACNA1F,0.0
SYP,0.020023484
BMX,0.007035737
LUZP4,0.0
MTMR8,0.0
ZC3H12B,0.00394063
PPP1R2C,0.0
KCND1,0.0
OPN1LW,0.0
SLC25A14,0.04149787
SCML2,0.0
RS1,0.0
RAB40AL,0.0
GATA1,0.0
PHEX,0.0012061433
GPR50,0.0
JADE3,0.01631248
PCYT1B,0.0
BRS3,0.0
VGLL1,0.003941364
PCDH11X,0.0
FGD1,0.01931289
PORCN,0.03642164
ITIH6,0.0
SRPX2,0.0
ZDHHC15,0.014995566
CENPI,0.0
DRP2,0.0
TAF7L,0.0043317974
NALCN,0.0
FGF14,0.002866636
HTR2A,0.0
MLNR,0.0
CDADC1,0.07358563
KLF5,0.04278253
FGF9,0.14740005
SGCG,0.0
ACOD1,0.0
MEDAG,0.0
OLFM4,0.0019680548
MSLN,0.0
MT4,0.0
TSNAXIP1,0.009425299
ZNF423,0.0057925545
CCL22,0.0
CCL17,0.0
MMP15,0.0296069
CFAP263,0.014743611
PRSS54,0.0
HAS3,0.0
SMPD3,0.0
ESRP2,0.039608113
FA2H,0.030937659
SEC14L5,0.004910706
ABCC1,0.040037084
NOMO3,0.004269942
SLC7A5,0.08701692
RHBDL1,0.011745198
ZP2,0.0019356871
MEFV,0.0
PRSS33,0.0
EARS2,0.027842084
AQP8,0.0
CORO7-PAM16,0.0
SALL1,0.1534323
TOX3,0.052100487
RPGRIP1L,0.03818667
IL21R,0.0
TMC5,0.0
SLC6A2,0.0
IQCH,0.008455299
CORO2B,0.007200951
AP3B2,0.0018948439
ACSBG1,0.0
IGDCC4,0.0031113038
CEMIP,0.0
CEP152,0.0262938
OCA2,0.0
TGM5,0.0
ENTREP2,0.006215416
SCG3,0.0
OIP5,0.0016345578
RP1,0.042077895
INTS9,0.012507953
EYA1,0.0
TRPA1,0.0
CALB1,0.22819072
POP1,0.0146731315
DKK4,0.0
CCN4,0.0
STMN2,0.0
GML,0.0
PYCR3,0.04203758
ANXA13,0.0
NEFM,0.0
ADAM2,0.0
FGL1,0.0
KCNN4,0.005236278
TULP2,0.0
DHDH,0.16192494
CGB2,0.0
LHB,0.0
CGB3,0.0
TUBB4A,0.010620165
KCNA7,0.0
CKM,0.002877609
ARHGEF18,0.0
SLC17A7,0.0
RNASEH2A,0.01191604
KLC3,0.011860311
AMH,0.0
DKKL1,0.0
FCER2,0.008722133
RSPH6A,0.0
KIR3DX1,0.0
EPHX3,0.00818214
CASP14,0.0
SLC1A6,0.0
AURKC,0.0018906464
CCNE1,0.0
LGALS13,0.0
CLC,0.0
CCNP,0.0023633929
SHD,0.0
FSD1,0.003604673
OVOL3,0.0
ZFR2,0.0
CEACAM4,0.0
CD79A,0.013118709
LIM2,0.0058665597
ICAM4,0.0
ICAM5,0.0
CEACAM5,0.0
CRX,0.0
ATP1A3,0.0
ZNRF4,0.0
GRIN2D,0.0
SYNGR4,0.0
ODAD1,0.0023962525
SIGLEC6,0.0
SIGLEC5,0.0
CABP5,0.0
HAS1,0.0
FAM83E,0.0
SPMAP2,0.0
FGF21,0.0
CACNG7,0.0
KLF1,0.0
MAST1,0.0
SLC5A5,0.0
KCNN1,0.0
RAB3A,0.05308231
PDE4C,0.0
COMP,0.0
UPK1A,0.0
ETV2,0.023805982
ATP4A,0.0
GAPDHS,0.0
MAG,0.017716335
TMEM59L,0.0
GRIK5,0.040958777
PIK3CG,0.0
ITGB8,0.11917518
DNAH11,0.0025190914
DLX5,0.0
STEAP1B,0.0
PALS2,0.048357543
ATP6V0A4,0.3027723
NPVF,0.0
MET,0.08202622
RNF32,0.011090973
WNT2,0.0
HOXA1,0.003803142
HOXA2,0.003386206
HOXA3,0.036478907
HOXA6,0.011628141
ANKRD7,0.006355198
VIPR2,0.0054021627
HOXA13,0.0
EVX1,0.0
COBL,0.07757871
STX1A,0.012834951
CRHR2,0.0
GHRHR,0.0
CCL24,0.0
NPTX2,0.0
PTPRZ1,0.001735995
HYAL4,0.0
SPAM1,0.0
TFR2,0.0
FSCN3,0.0
PAX4,0.0
FBXO24,0.0
PPP1R17,0.0
MOGAT3,0.0
NOBOX,0.0
MYL10,0.0
SFRP4,0.0
ACTR3C,0.022709958
POU6F2,0.0
MYL7,0.0
GCK,0.0
GALNTL5,0.0
CLIP2,0.05862168
SPATA6L,0.006584711
SLC1A1,0.11158293
CNTNAP3,0.0045290533
PRUNE2,0.06318219
OGN,0.0
LHX6,0.0
DNM1,0.016765159
RLN1,0.0036813505
ELAVL2,0.0014908529
NCS1,0.09214477
KCNT1,0.0
CA9,0.0024764012
TYRP1,0.15806893
LHX3,0.0
PIP5K1B,0.07356769
SH3GL2,0.020080322
DNTT,0.0
CUBN,0.499444
CDH23,0.0077774776
TLX1,0.0
KAZALD1,0.010380271
FGF8,0.0
PITX3,0.005045374
DKK1,0.0
EBF3,0.0
SORCS1,0.0
DNAJC12,0.07078359
LGI1,0.0
CYP2C18,0.0
CRYBA1,0.0
RUNDC3A,0.0
CSF3,0.0
RAPGEFL1,0.0007750506
RNF43,0.063113354
WNT3,0.0047828965
ASPA,0.056628942
KRT37,0.0
ENO3,0.017781662
CHRNE,0.008939941
SLC6A4,0.015318696
ALDH3A1,0.008804707
ASIC2,0.0
CCL1,0.0
PEX12,0.021516182
KRT32,0.0
HSD17B1,0.058572635
DLX4,0.0
PTGES3L-AARSD1,0.0
RND2,0.019910825
ALOX12,0.0
PPY,0.0
MPP2,0.004098499
CACNG1,0.0
EFNB3,0.0
DPH1,0.0024618637
RCVRN,0.0
MYH1,0.0
MYH3,0.0
FOXN1,0.0
PHOX2B,0.0
GABRA4,0.0022941774
GNRHR,0.0
UGT2B10,0.0
CWH43,0.017714383
SULT1E1,0.0
ODAM,0.0037857688
SMR3A,0.0
NMU,0.0
CRACD,0.0
PF4V1,0.0030228947
UCP1,0.0
IL2,0.0
ANXA10,0.0
AADAT,0.019273572
CPZ,0.0
SLC2A9,0.06842449
NEIL3,0.0
TBC1D19,0.054187886
CLNK,0.038804844
NKX3-2,0.0
GLRB,0.019093571
HGFAC,0.0
LRP2BP,0.0033182793
FAM149A,0.059467003
NCAPG,0.0
PPARGC1A,0.2534397
DDX25,0.009749618
DBX1,0.0
TECTA,0.0034054106
JHY,0.021182649
B3GAT1,0.005983809
P2RX3,0.0
NRXN2,0.02132677
CCKBR,0.0
HPX,0.0
FOLR3,0.19498396
PANX1,0.012377159
APOA5,0.0
APOA4,0.0
UPK2,0.0
KIAA1549L,0.00707572
SLC1A2,0.0
SCGB2A2,0.0
NAA40,0.050822057
SLC35F2,0.025901807
C11orf21,0.0061267246
ELMOD1,0.008213076
CALCA,0.010668411
EXPH5,0.03230447
POU2AF1,0.0030119081
PTPN5,0.0
ASIC1,0.0
DAO,0.13600732
TSPAN11,0.0
IL23A,0.014500575
SYT10,0.033678107
CYP27B1,0.024630062
MYF6,0.0
MYF5,0.0
GLI1,0.0
SLC6A12,0.013043065
WNT5B,0.022074318
TRPV4,0.030982684
FOXM1,0.0
PRR4,0.0022181247
PRMT8,0.0
FGF6,0.0
MYL2,0.0
RAD51AP1,0.007664758
CUX2,0.0
AKAP3,0.011427591
KCNA1,0.0
GPRC5D,0.0
GSG1,0.0019587183
RASAL1,0.0355184
ENDOU,0.0
FZD10,0.0
ADGRD1,0.007847764
IL26,0.0
IFNG,0.007131851
TIMELESS,0.017224766
GNB3,0.0047044386
SLCO1B3,0.0
APOBEC1,0.0
NANOG,0.0026532472
GYS2,0.0
ST8SIA1,0.01068304
AICDA,0.0
ENSG00000111780,0.0
RFX4,0.0
FRK,0.10331242
RSPH4A,0.0
MAK,0.0
ADTRP,0.007871753
FAM184A,0.09700475
GABRR2,0.0
UST,0.0140994275
ULBP1,0.0
OPRM1,0.0
FANCE,0.0041699978
TULP1,0.0
SLC26A8,0.0
RHAG,0.0
IL17A,0.0
IL17F,0.0
MDGA1,0.0052894023
GLP1R,0.0
BACH2,0.0073721744
TREML2,0.0
TSPO2,0.0
GPR63,0.0
KHDRBS2,0.0
PRDM13,0.0
SIM1,0.0906069
HDGFL1,0.0
BVES,0.0020774
COL9A1,0.008824323
GPLD1,0.0025401986
ALDH5A1,0.095234156
EYA4,0.025230289
NR2E1,0.0
SLC17A2,0.0
ARFGEF3,0.07158988
SLC16A10,0.050826706
OR12D3,0.0
UNC93A,0.0
SLC22A2,0.24989001
PACRG,0.062918775
C6orf118,0.0
MDFI,0.0027682816
GUCA1B,0.0
PRPH2,0.008471569
IMPG1,0.0
TTK,0.0
CCN6,0.011715889
PRSS16,0.008161951
MEP1A,0.0
TBX18,0.0
PCDHB2,0.004978462
CEP72,0.0013261492
KIF20A,0.0
SLC4A9,0.06401238
LOX,0.0
CDH9,0.004434433
HAND1,0.0
PCDHB3,0.001233884
PCDHB5,0.015436947
PCDHB6,0.0
PCDHB7,0.0
PCDHB15,0.006725937
HAVCR1,0.0038357833
GRM6,0.0
ITK,0.02160067
THBS4,0.010394593
IL12B,0.0
BTNL8,0.0
GABRG2,0.0
SLC27A6,0.0
IRX4,0.0
AGXT2,0.23678991
IL4,0.0
IL5,0.0
FGF1,0.0042828075
C9,0.0
CDX1,0.0
UNC5A,0.0
CNTN3,0.016135396
KNG1,1.0652076
HRG,0.19170725
CLDN16,0.4290565
ARL6,0.031661205
RBP2,0.011439479
GRK7,0.0
SERPINI2,0.0
LRRC31,0.0
COL7A1,0.0033986417
GNAT1,0.0
USP9Y,0.061986268
HHLA2,0.011207721
MORC1,0.0
ROPN1B,0.0
UPK1B,0.007402005
CSPG5,0.0
CFAP92,0.0
NEK11,0.033201966
HEMK1,0.069438376
PEX5L,0.0
AADAC,0.0
ABHD14A-ACY1,0.00103219
PLCH1,0.0037621716
ZBTB47,0.0064143296
TNNC1,0.061758097
CLCN2,0.008599708
NEK4,0.048083328
SLC4A3,0.027646374
IL1A,0.0
CCL20,0.002335707
KCNIP3,0.04149787
ZAP70,0.018548679
OTOF,0.0
CENPA,0.0
SLC30A3,0.0
ITGB6,0.03943735
ASB3,0.017268742
PCSK4,0.017285027
GCG,0.0
APC2,0.0
GRB14,0.12669131
TLX2,0.0
GALNT3,0.06838263
TACR1,0.0
ACADL,0.06391025
EVA1A,0.09478171
REG1A,0.0
DNAH6,0.0035009987
KCNJ13,0.003971812
NEU2,0.0
OTX1,0.0
PLCD4,0.012988909
ZNF142,0.027936101
PRKAG3,0.0
SMYD1,0.0
IL1RL2,0.020897483
SLC9A2,0.026010573
ABCB6,0.0
SLC5A7,0.0049900846
TPO,0.0
DLX2,0.0
LCT,0.0
LINC02566,0.0
KISS1R,0.0
CD207,0.0
GRIN3B,0.0
VAX2,0.0
ATP6V1B1,0.26932195
PRRX1,0.0
TNR,0.0
MORN1,0.024519444
TPSG1,0.0
PAPPA2,0.097947136
NPHS2,0.0
CHD5,0.004491027
ELAPOR1,0.0
OPRD1,0.0
TRIM62,0.007736889
DLGAP3,0.012458696
PRG4,0.0
PDC,0.0
SLC35D1,0.049397204
PLA2G4A,0.0020630185
PRAMEF1,0.0
PRAMEF12,0.0
RPE65,0.0
AMPD1,0.0
CTH,0.05931379
AGMAT,0.33336982
TNNI3K,0.0
CFHR3,0.0
TFAP2E,0.0
HAO2,0.27015108
NT5C1A,0.0
HPCAL4,0.042848133
BMP8B,0.008764469
MYCL,0.0068868455
ZP4,0.0
KMO,0.052100245
KCNQ4,0.0
ST6GALNAC5,0.00656142
ACTL8,0.0
PLA2G2D,0.0
CR2,0.011949639
CDC20,0.0037683041
MPL,0.0
PTCH2,0.0058191055
CCDC181,0.019576669
MROH9,0.0
FASLG,0.0
TNFSF4,0.005939155
HSD11B1,0.0
PLPPR5,0.0
PLPPR4,0.0
SERPINC1,0.0029488967
PROX1,0.03468523
SLC5A9,0.020083182
CHRNB4,0.0
MUC5B,0.0
A4GNT,0.0
TREH,0.030538023
MMP8,0.0
ZNF541,0.0071777464
SLC8A2,0.0
KIF14,0.0
TNNT2,0.009951121
CRYGD,0.0
MREG,0.008005101
TNP1,0.0
CA14,0.0
DNAI7,0.015977692
ATP10B,0.0
USP35,0.0065174405
ELOVL4,0.002890203
CNR1,0.0
SPACA1,0.0
ZC2HC1B,0.0
ADGB,0.0
MYB,0.0
ALDH8A1,0.12299229
PMFBP1,0.0
GHRH,0.0
OLFM3,0.007470479
PPL,0.025064543
HS1BP3,0.08577888
FGF23,0.0
DNAH7,0.030554013
SATB2,0.009704457
TRPM6,0.013604554
GDA,0.077306256
TJP2,0.012154948
TRIM67,0.0
GALNT12,0.02370952
ONECUT2,0.0
PROX2,0.0
VSX2,0.0
BBOF1,0.02833064
ACOT2,0.22685446
PPP4R4,0.0
ZC2HC1C,0.028407652
GPR68,0.00449115
ESRRB,0.068154976
ZNF410,0.0025809426
GPR75,0.0
KLHL29,0.0042467066
TECTB,0.0
ELOVL3,0.0
NKX2-3,0.0
PPP1R3C,0.015602903
CNNM1,0.0034083412
PRLHR,0.0
AVPI1,0.047658306
KCNIP2,0.0027171532
CFAP58,0.0
CPN1,0.0
C10orf95,0.0032958495
SFRP5,0.0
HOXB8,0.15066296
CRHR1,0.0
HOXB1,0.0019869017
MSX2,0.0
EQTN,0.0
INSL6,0.0
INSL4,0.0
MLANA,0.0
CD274,0.009914809
IFNA6,0.0
IFNA8,0.0
GRIA2,0.0
CCDC170,0.00291233
MAGEB4,0.0
PCDHB8,0.0
PCDHB10,0.0
PCDHB14,0.009983476
PCDHB12,0.0
SLC25A2,0.0
TNN,0.0
TNFSF18,0.0
GPR31,0.0
TTLL2,0.0
SNX19,0.09989011
TP53AIP1,0.013033048
TEX11,0.0
ARR3,0.0
LYZL1,0.0
IQSEC3,0.0033555375
ENOX1,0.03342587
TNFSF11,0.0
SPART-AS1,0.0057295347
SOHLH2,0.0
MYOT,0.0
CHRNA2,0.0
ADRA1A,0.0
NPPB,0.0
TNFRSF8,0.0
PRAMEF2,0.0
RDH10,0.20206425
EPX,0.0
TBX4,0.0
TEX14,0.0
LRAT,0.0
MND1,0.0014784845
TRIM6,0.0057850727
ABCC11,0.0
TAS2R8,0.0
TAS2R10,0.0
PRB2,0.0
IAPP,0.0
TAS2R7,0.0
BCL2L14,0.0
TAS2R9,0.0
ZNF549,0.017514445
RGSL1,0.0
LHX4,0.0
DPPA4,0.0
CD80,0.0
KIF18A,0.0
GJA8,0.0
DEPDC7,0.028440662
GJB6,0.0
GJA3,0.0
ADGRB2,0.002468604
HCRTR1,0.0
GHSR,0.0
SLITRK3,0.0
CPXM2,0.06134701
ZSCAN20,0.0062164185
CSMD2,0.0
HPCA,0.0
SV2C,0.0
LINC00544,0.0
XPNPEP2,0.13842595
PAEP,0.0
OBP2A,0.0
TBX22,0.0
FMOD,0.0010678362
MYOG,0.0
PLG,0.27003998
PRM2,0.0
OPN4,0.0
PTGFR,0.026274055
LRRC39,0.0022493037
RWDD3,0.009754675
OCM,0.0
KIAA0087,0.0
WIPF3,0.0073709
NXPH1,0.0
NPY,0.0
HOXA7,0.13342237
TWIST1,0.0034255232
SPINK4,0.0013676736
TAF1L,0.0
PHF24,0.0
DNAI1,0.001827302
NUDT10,0.0
SFTPA1,0.0
NEUROG3,0.0
CIT,0.06977141
ACTRT1,0.0
CCDC70,0.0
ATP7B,0.0123667745
CENPK,0.0007188895
NEUROD4,0.0
MMP19,0.0
HOXC13,0.0
HOXC11,0.0021651688
HOXC12,0.0
EEF1AKMT3,0.020472461
SARDH,0.030212894
DBH,0.0
STIL,0.0
HJURP,0.0
SERPINA7,0.0
H2BW1,0.0
NRK,0.17833023
ESX1,0.0
MAGEA9,0.0
ATXN3L,0.0
ACVR1C,0.008766075
C4BPA,0.0
C4BPB,0.002944968
RAB38,0.025424795
GPR83,0.0
DAW1,0.0016148153
INHA,0.011080894
MOGAT1,0.0
FAM124B,0.0
MC3R,0.0
GCNT7,0.0
CTCFL,0.0
PI3,0.0
FAM209A,0.0
SLPI,0.09691092
WFDC3,0.009378598
KCNS1,0.0
SLC12A5,0.0037676734
ARHGAP40,0.0
SEMG2,0.004647485
MATN4,0.0
PLCG1,0.030610217
GDAP1L1,0.0
GTSF1L,0.0
ZNF831,0.008314088
EDN3,0.0
PEDS1-UBE2V1,0.0
CDH26,0.0
ANKRD60,0.0
RBPJL,0.0
SEMG1,0.0
CIMIP1,0.0
TP53TG5,0.0
PCK1,0.65351564
NEURL2,0.023584807
MAGEA10,0.0
CHST8,0.0
IL9R,0.0
XG,0.0014409416
IL17C,0.0
POF1B,0.0072907847
IRGC,0.0
ZNF45,0.017611763
LYPD3,0.038376268
PSG8,0.0
CEACAM8,0.0
NDP,0.0
CRISP2,0.0031007929
GRM4,0.0
PACSIN1,0.0016545228
BTN1A1,0.0
SLC17A3,0.08959762
SLC17A1,0.05879043
PEX6,0.061668552
ENSG00000124593,0.015696859
UNC5CL,0.007760197
AARS2,0.018180717
H1-1,0.02302407
H2BC11,0.0064481585
OR2B6,0.0
TCP11,0.0
APOBEC2,0.0
DNAH8,0.0020785509
KLHL31,0.0
CPNE5,0.0070407186
RPP40,0.017808342
CRISP1,0.0
OPN5,0.0
GCM2,0.0
ENSG00000124835,0.0
CXCL6,0.0
TRIM51,0.0
MYRF-AS1,0.0
MYRF,0.03700497
SCGB2A1,0.023233963
WNT1,0.0
PIWIL1,0.0
SLC10A2,0.0148759065
ABCC4,0.037842497
SOX21,0.0
HROB,0.0
KIF25,0.0011848647
AMELX,0.0
GRK4,0.009118169
SOX9,0.029926145
TEKT3,0.0
MYH2,0.0
SLC25A35,0.03474784
MIR9-1HG,0.0
BARHL1,0.0
KIR2DL1,0.0
SRMS,0.0
LINC00029,0.0
NPBWR2,0.0
FNDC11,0.0
BHLHE23,0.0
PLGLB2,0.0
IL37,0.0
SLC25A23,0.1903775
GRIA3,0.0
ENSG00000125695,0.0
CD70,0.0
TRIP10,0.07583046
TGM3,0.0
GNRH2,0.0
DEFB126,0.0
FOXA2,0.0
PAX1,0.0
CST8,0.0
NKX2-4,0.0
NKX2-2,0.0
CSTL1,0.0
CST11,0.012347345
PCSK2,0.0
GFRA4,0.0
BFSP1,0.0
LAMP5,0.0
LRRN4,0.002062148
OTOR,0.0
BANF2,0.0015567372
LINC02871,0.0
SIRPD,0.0
DEFB129,0.0
CHURC1-FNTB,0.0
GDF5,0.0
MMP24,0.055345375
C20orf173,0.0
FAM83C,0.0
GRPR,0.0
XRCC3,0.0033669723
PROZ,0.02090625
SLURP1,0.0
IGFLR1,0.006968245
GPR42,0.0
KIRREL2,0.0
FFAR1,0.0
KRT36,0.0
TSKS,0.0
FLRT1,0.013944338
CSN1S1,0.0
STATH,0.0
HTN1,0.0
PRKCG,0.0
DACH2,0.0
SSX1,0.0
SIX1,0.0
PLEKHG3,0.08926566
PZP,0.0
PRDM7,0.0
OMG,0.0
CTAG2,0.0
AVPR2,0.07142938
TMEM35A,0.0
NXF5,0.0
ZC4H2,0.017373849
EDN2,0.006656635
ATP13A4,0.0
PLAAT1,0.005213295
IL22,0.0
TSPAN8,0.24635457
BEST3,0.0
TAS2R3,0.0
TAS2R4,0.0030473638
TAS2R5,0.0
CRYGN,0.0
LRRC61,0.03534187
TRPV5,0.0
AUNIP,0.0
OR7A10,0.0
OR7C2,0.0
OR7C1,0.0
SYNGR3,0.0031261677
PKMYT1,0.0
WFIKKN1,0.010003819
CHTF18,0.019546447
GNG13,0.0
OR1E2,0.0
VIL1,0.03167485
TNFRSF19,0.023645736
GNGT1,0.0005327768
SPINK2,0.0
ADM2,0.014810549
ASPHD2,0.019864982
GAL3ST1,0.081295885
RFPL1,0.0
RFPL2,0.0
GNAZ,0.0077871773
MGAT3,0.0038342369
ADORA2A,0.0
RFPL3,0.0
MCHR1,0.0
BAIAP2L2,0.020143373
GALR3,0.0023674383
APOL5,0.0
IGLL1,0.0
LIF,0.0
C22orf23,0.0
APOBEC3F,0.006059467
RIBC2,0.0
KRT17,0.0017904723
RNF112,0.0
CPA4,0.0
TAS2R16,0.0
CDHR3,0.007848161
VGF,0.015047372
FOXP2,0.014641229
STRIP2,0.012084437
LRRC4,0.007925024
CCDC136,0.0046224087
SMO,0.052091144
FEZF1,0.0
OPN1SW,0.0
HOXD1,0.022670249
HOXD3,0.02347885
PDE11A,0.0
GAD1,0.063992485
HOXD9,0.123837836
HOXD10,0.10762023
HOXD11,0.05812853
HOXD13,0.0
CGNL1,0.4162096
ELL3,0.0
ALDH1A2,0.11145476
CHAC1,0.052158058
CALML4,0.020122832
THAP10,0.017847767
ACKR4,0.0057064854
MYOD1,0.0
KCNC1,0.0
TPH1,0.0015645842
CSRP3,0.0
E2F8,0.0
SOX15,0.0052801953
PIMREG,0.0
USP6,0.011394757
SHBG,0.021190275
AIPL1,0.0
KLK14,0.0
KLK10,0.0
KLK8,0.0
AJUBA,0.018072661
CDO1,0.0058472203
QRICH2,0.0041536037
FOXJ1,0.0064588427
AANAT,0.0
ART1,0.0
CHRNA10,0.0
SGO1,0.0
TTTY1B,0.0
RPS4Y1,1.2872107
TTTY1,0.0
VCY1B,0.0
VCY,0.0
CDY2B,0.0
CDH15,0.0
INS-IGF2,0.0
LBP,0.0
SYT5,0.0
GALNT8,0.0
NXNL2,0.017447703
NALF2,0.00357088
GDPD2,0.0
TSPAN16,0.0
ANGPTL8,0.0
ZSCAN10,0.0
DPP6,0.0
ACE2,0.059697326
GDF1,0.0
NCAN,0.0
KIF1A,0.0
RSPH3,0.053644784
MAS1,0.0
ACSBG2,0.0035147525
FUT5,0.0
BMP15,0.0
STK33,0.0481906
EPO,0.0
CACNG6,0.0
UNC13A,0.0
KLHDC7B,0.0016293114
IQCN,0.01499542
OR11H1,0.0
SULT4A1,0.0
SAG,0.0
TNNT3,0.0
CALY,0.0
HBZ,0.0
MNX1,0.0
RBBP8NL,0.0016254477
PRDM12,0.0
NPAS1,0.0044531673
SESN2,0.036752228
SMPDL3B,0.00759687
CCDC62,0.0036885506
DUSP9,0.4799389
SLC7A10,0.0028127513
PKDREJ,0.0
HSD17B3,0.002753723
NUTM2F,0.0
FBP2,0.0
POLN,0.016508488
TTTY9B,0.008323784
ULBP3,0.0
EPS8L1,0.037838697
TTLL9,0.0
BPIFA2,0.005657792
BPIFA3,0.0
GGT7,0.0396283
DEFB118,0.0
EDA2R,0.0
C1QL1,0.0
GFAP,0.0038063372
PYY,0.0
TEX101,0.0
CCL25,0.0
ENSG00000131152,0.0
SLC34A1,0.07371739
IDO1,0.005535801
GJA9,0.0
CDX4,0.0
ADGRE3,0.0
C3orf20,0.0
NAPSA,0.17388624
LRRC4B,0.0
GFPT2,0.01062557
PSMC3IP,0.006217627
AOC2,0.0
G6PC1,0.09651219
TTTY6,0.0
TTTY6B,0.0
KREMEN2,0.0
BARX1,0.0
CA6,0.0
RHOXF2,0.0
CKMT2,0.054031856
KRT34,0.0
KRT33B,0.0
TNS4,0.0049992735
PPP1R1B,0.04221345
FSHB,0.0
ZNF304,0.02690531
ZNF132,0.0041926666
USP29,0.0
NR0B2,0.079896756
LIN28A,0.0
FAAP24,0.004019108
LRRC9,0.0
ABHD12B,0.0048742746
GCH1,0.035210785
PODNL1,0.0
ZNF20,0.0049922327
BRME1,0.0
RTBDN,0.0
MATN3,0.0
CCT6B,0.022059172
SLC6A11,0.0
FCRLA,0.0
SLX1A,0.0081746355
CNGA4,0.0
HHLA1,0.0
IQCA1,0.020460946
SCLY,0.003585483
POPDC3,0.0
LANCL2,0.043991663
DDC,0.37136382
FTHL17,0.0
ENAM,0.04524363
SLC52A1,0.0
RGS22,0.0
ANKEF1,0.013017081
SCP2D1,0.0
SNAP25,0.0033607567
SSTR4,0.0
RHBG,0.061527994
ATP1A4,0.0
BCAN,0.0
CRP,0.0
HAPLN2,0.011454985
FCRL2,0.0
ACY3,0.19045348
ALDH3B2,0.0
MMACHC,0.017284853
VSTM2L,0.0
BHMT2,0.35271826
KANK4,0.002326998
SYT4,0.0
SLC14A2,0.0
NMUR2,0.0
PDE6A,0.0
ATP8A2,0.008455274
MTUS2,0.0
TPTE2,0.0
GPR12,0.0
MYH8,0.014160294
CHI3L1,0.0033678028
MYBPH,0.0
CHIT1,0.0
TMCC2,0.0017045578
DCLK1,0.004236726
CCNA1,0.0
RXFP2,0.0
TRPC4,0.0
STOML3,0.0
KL,0.28075114
RFC3,0.027330788
IRS4,0.0
RNF128,0.033914212
LGALS12,0.0
PLAAT2,0.07742842
MYO18B,0.0
C1QTNF6,0.013495113
GGT2P,0.0067422087
FAM83F,0.045185722
SEC14L4,0.00055052835
KRBA1,0.03676805
LRRIQ1,0.021633405
SFTPD,0.011541571
DYDC2,0.0
SPINK5,0.012768763
CA1,0.0
TEX15,0.0
GSC,0.0
UNC79,0.0
CATSPERB,0.0
VRTN,0.0
ADAM20,0.0
PEBP4,0.021536056
ADAMDEC1,0.0
IRAK2,0.0068328856
CNTN6,0.0
CHL1,0.12171987
TRPM1,0.0
GNAT2,0.0
REG4,0.0022234009
TSHB,0.0
SYT6,0.0025566078
CHIA,0.0013085781
ADAM30,0.0
CD101,0.0
GRHL1,0.010718347
ANO3,0.0053437585
FST,0.0
CFHR4,0.0
CRB1,0.0
CFHR5,0.0
ERN2,0.0
RAX,0.0
GRP,0.0
IL2RA,0.0066536996
ANKRD16,0.04482777
HRH4,0.0
SLCO1B1,0.0
SPX,0.13365439
PRH2,0.0
LRP4,0.00094908354
MYBPC3,0.0028885705
USP26,0.0
SOX3,0.0
PIWIL4,0.0039013554
MTNR1B,0.0
SPOCD1,0.0
HOOK1,0.19215117
CYP2J2,0.0021565626
DSG3,0.0
DSG1,0.0
DSC3,0.0
DSC1,0.0
FHOD3,0.085590355
DAGLA,0.012587641
CBLIF,0.0
TCN1,0.0
CLDN10,0.5666046
ERCC5,0.010973356
ADAMTS8,0.019511381
ACRV1,0.0
KLB,0.0
PSAT1,0.20217316
CCNJL,0.013083344
MSI1,0.0041715885
HNF1A,0.03350285
HRK,0.0
DTX1,0.025379635
OCM2,0.0
UGT2A3,0.115035124
CSN2,0.0
UGT2B28,0.0
GARIN1B,0.0
KCP,0.024287673
HTR1B,0.0
KHDC1,0.008495585
MRAP2,0.018847484
EPHA7,0.019024119
GJA10,0.0
ELF5,0.049377874
PRPH,0.011468269
AMHR2,0.0
LACRT,0.0
GLS2,0.0073180534
FAM186B,0.0
RDH5,0.014416722
AGAP2,0.0
KRT85,0.0
TROAP,0.0
B4GALNT1,0.0
FAIM2,0.0
MIP,0.0
KCNH3,0.008740863
MAP7,0.15078157
TAAR5,0.0
NMBR,0.0
SEMA4F,0.0055126837
EGR4,0.0
EMX1,0.17940547
BCO1,0.0
CHST5,0.0
KIAA0513,0.009873584
FBXL8,0.020495664
SLC9A5,0.0
ZNF670-ZNF695,0.0
PCNX2,0.028074998
KCNK1,0.09493432
CAPN9,0.0
RGS8,0.0
KIAA1614,0.02917262
GPR55,0.0
CHRND,0.0
PAX3,0.0
SLC19A3,0.014348454
WNT10A,0.0042811376
TSGA10,0.06766415
MFSD9,0.0086181285
EDAR,0.0
GPR45,0.0
ARHGEF4,0.0011693562
USP44,0.011290953
SLC41A2,0.012309229
VILL,0.008310465
PCDH8,0.0
CNMD,0.0
SCEL,0.0
C7orf25,0.0
SPDYE1,0.0
IGF2BP3,0.0
IL6,0.0
DGKB,0.0040859156
NACAD,0.008629482
PKD1L1-AS1,0.0
MMD2,0.0
RNASE2CP,0.0
NKX2-8,0.0
NKX2-1,0.0
ZFHX2,0.0135531
ABHD17C,0.09432277
MYCBPAP,0.0
CHAD,0.004602988
GH2,0.0
CSH1,0.0
BRIP1,0.0
RTP4,0.023877265
SCN2A,0.020206753
TBR1,0.0
ERMN,0.0046999264
GALNT5,0.0
IL36G,0.0
IL36A,0.0
IL36RN,0.0
IL36B,0.0
IL1F10,0.0
CFC1,0.0
GAD2,0.0
OR1J1,0.0
OR13C9,0.0
ZFP37,0.009390544
KIF12,0.3338198
GARNL3,0.012175576
WDR38,0.0
GABBR2,0.0
HEMGN,0.0
NR5A1,0.0
OR1L4,0.0
CTSV,0.03703263
LMX1B,0.0
DSCC1,0.0
IFNA21,0.0
DMRT1,0.0
DNAJB5,0.018189691
SPAG8,0.0093092155
TMEM8B,0.11190332
ARHGEF39,0.0
IGFBPL1,0.0
SLC22A7,0.028623734
CAPN11,0.0
TINAG,0.13731036
HCRTR2,0.0021306158
KIAA0319,0.0
GCM1,0.0
FOXF2,0.0
CLPS,0.0
C6orf52,0.03247573
FGFBP1,0.006693323
FHDC1,0.0184624
MGARP,0.0024089334
TTC29,0.0
RAB30,0.023824276
NARS2,0.06262104
TTPA,0.003467051
SLCO5A1,0.0
NXPE4,0.0
TMPRSS4,0.015066996
MMP7,0.024351962
MMP20,0.0
MMP27,0.0
CFAP300,0.016640848
TRIM29,0.0
BTG4,0.0
POU2F3,0.0055319075
ARHGAP20,0.0
MMP13,0.0
TMPRSS13,0.0
CASP5,0.0
UNC13C,0.0005710605
KIF23,0.0032338141
ITGA11,0.0
KNL1,0.025074588
PAQR5,0.26043355
ITPKA,0.0
TMEM62,0.02019647
PAK6,0.045117334
DUOX1,0.0021130082
SLC28A2,0.0014026655
STRA6,0.036689878
CYP19A1,0.0
BCL2L10,0.05379209
SPTBN5,0.006445876
GCOM1,0.0
BRDT,0.0
SLC44A5,0.0059476336
CLCA2,0.0
DNASE2B,0.0
CGREF1,0.00055650587
LHCGR,0.0
SULT6B1,0.0
SLC5A6,0.017318781
ABCG5,0.0
SLC3A1,0.5411757
SIX3,0.0
CENPO,0.0026376038
TRIM54,0.0
CYP2C9,0.0
CYP2C8,0.006496675
LOXL4,0.0037422734
LBX1,0.0
BTBD16,0.0
CUZD1,0.0
CEP55,0.0
GPR87,0.0
PLA2G12B,0.0152276615
ZNF365,0.0
ADAMTS14,0.0
DNA2,0.0014720781
MYPN,0.0
AOX1,0.09437365
MSTN,0.0037265024
CDK15,0.0
MDH1B,0.013934734
CHRNA1,0.0
GUCA1C,0.0
CCDC54,0.0
CILP,0.0
PARP16,0.017699089
HCN4,0.0
PCDH10,0.0
ZGRF1,0.0018045906
PRKG2,0.0026333916
FGF5,0.0056933486
IL21,0.0
BMPR1B,0.060756695
TRPC3,0.0
CXCL9,0.0
CDKL2,0.03168022
EGF,0.5594056
C4orf17,0.0
SLC39A8,0.062916875
MTTP,0.04035969
FBN2,0.0
TTLL8,0.0
SHISAL1,0.0
B4GALNT3,0.035245426
PDE6H,0.0
ERP27,0.051056016
ALG10,0.013181617
PIK3C2G,0.066591315
PLCZ1,0.0
SLCO1C1,0.0
TMEM117,0.0052241124
PIANP,0.0
SLC38A4,0.0033070722
COL2A1,0.0
PPFIA2,0.038500357
ANP32D,0.0
INHBE,0.0
TPH2,0.0
LGR5,0.0
PTPRQ,0.0
KERA,0.0
AMDHD1,0.03850144
SYCP3,0.0
ASCL1,0.0
TMEM132B,0.0
FAM222A,0.045396917
FOXN4,0.0
PDX1,0.0
CCDC65,0.010140744
SLC39A5,0.11228699
RDH16,0.0
DHH,0.0
GPR84,0.0
NPFF,0.0
CELA1,0.0058252085
BRCA2,0.0033987716
KRT71,0.0
MORN3,0.0053955037
SLAIN1,0.012890018
SRRM4,0.0031459183
METTL21C,0.0
RNF113B,0.0
ZIC5,0.0
TTC6,0.0
SSTR1,0.0054913727
REM2,0.008477169
CBLN3,0.004328614
TSSK4,0.0
FITM1,0.004045018
MDGA2,0.0
SYT16,0.0
ADAM21,0.0
RDH12,0.0071712397
ESR2,0.0
KCNH5,0.0
STON2,0.07621377
FAM181A,0.0
SERPINA10,0.0
CLBA1,0.02588904
SLC25A47,0.0044569178
DUOXA1,0.0
DUOXA2,0.0
DUOX2,0.0050934907
SLC27A2,0.14924115
HDC,0.0
GCNT3,0.0013979089
DISP2,0.0
PIF1,0.0
CYP11A1,0.0073862895
CYP1A1,0.0
ADAMTS17,0.0042039296
GOLGA6D,0.0
PCSK6,0.020910494
CCDC33,0.0
CELF6,0.0
CYP1A2,0.0
LMAN1L,0.0
RHCG,0.100397676
RLBP1,0.0
FANCI,0.0069863666
WDR93,0.0038824012
TICRR,0.0
ST8SIA2,0.0
SH3GL3,0.0
SEPTIN12,0.0
SLC5A2,0.09385478
ARMC5,0.02220679
MYLK3,0.0
ABCC12,0.0
CHST4,0.0
CLEC18B,0.047133073
ADAMTS18,0.0025183575
ADAD2,0.036796987
OSGIN1,0.023837363
RPL3L,0.0
GALNS,0.031969678
CTRL,0.0
DPEP3,0.0
OR4D1,0.0
KIF2B,0.0
SPATA22,0.0
LRRC46,0.0025559557
RHBDL3,0.0
SPACA3,0.0
CHCT1,0.0
TAF4B,0.0145853
ASXL3,0.015076571
ADCYAP1,0.0
MEP1B,0.0
SLC25A52,0.0
GAREM1,0.09011918
GREB1L,0.0
SLC13A5,0.002297622
CCDC40,0.007662911
CARD14,0.0
TTYH2,0.0027347787
CBX8,0.008684056
ZNF750,0.0038390763
MAPK4,0.052152887
FBXO15,0.011725026
CBLN2,0.0
GRB7,0.06812006
ARL5C,0.0
STAC2,0.027195172
CACNA1A,0.007965613
ZIM3,0.0
CIB3,0.0
ENSG00000141979,0.0
DMRTC2,0.0
HUNK,0.041461576
DNMT3L,0.024451358
IL19,0.0
NTN5,0.000655767
CBLC,0.027426787
SLC6A3,0.0
FBN3,0.0040105837
TM4SF5,0.10039603
SLC47A1,0.08964345
GPR32,0.0
ACP4,0.0
KLK3,0.0
GARIN5A,0.036165576
PTH2,0.0
ENSG00000142539,0.0
IGLON5,0.0
SLC2A5,0.05091759
CFAP74,0.0
CELA2A,0.0
PADI3,0.0
PADI1,0.0
ARHGEF19,0.011035425
MYOM3,0.0484786
CNKSR1,0.03826027
IL22RA1,0.0
C1orf94,0.0
DMRTA2,0.0
CELA3A,0.0
AZIN2,0.016145201
BEST4,0.0024537977
DMRTB1,0.0
SYPL2,0.026163189
BARHL2,0.0
SLC44A3,0.16333884
IGSF3,0.099640466
ZNF697,0.02070262
KCNA10,0.0
FNDC7,0.0
PROK1,0.0
GPA33,0.0
RXRG,0.0
TBX19,0.0019654064
XCL1,0.0
MAEL,0.0024982186
ILDR2,0.009686743
ADCY10,0.0
NUF2,0.0039895
NR1I3,0.041158587
F13B,0.0
FCRL5,0.0
CASQ1,0.0
FAM163A,0.0
LHX9,0.0
PRUNE1,0.0646256
RORC,0.11924206
ADAMTSL4,0.0070983726
SEMA6C,0.016582614
HORMAD1,0.0
SYT14,0.0
KCNH1,0.0021622167
DTL,0.0
DYRK3,0.020538557
VASH2,0.0
HHIPL2,0.0
FLG2,0.0
CRNN,0.0
NUP210L,0.0
AQP10,0.0
PKLR,0.083231196
HCN3,0.0044173365
FLG,0.0
ACTA1,0.0
LEFTY2,0.0
CNIH3,0.036826346
WNT9A,0.0
REN,0.024995342
PPFIA4,0.0
SYT2,0.0
OSR1,0.0
ABCG8,0.004144714
REG3G,0.0
ABHD1,0.010569484
TRIM43B,0.0
TRIM43,0.0
ANKRD53,0.0018718407
NAT8,0.6291436
DQX1,0.0
MALL,0.0224438
THNSL2,0.19330592
C1QL2,0.0
NT5DC4,0.0032187514
CNGA3,0.0
LYG1,0.026865417
NXPH2,0.005388917
THSD7B,0.0021059306
GPR17,0.0
GALNT13,0.0
SCN1A,0.0
SLC4A10,0.0
ZNF385B,0.064665966
TMEFF2,0.0
CDCA7,0.0
DLX1,0.0
PHOSPHO2,0.036837783
CCDC150,0.016463073
UNC80,0.0
PTH2R,0.018182728
CPO,0.0
ABCA12,0.0
NYAP2,0.0
ESPNL,0.0
ANKMY1,0.016688857
CPNE9,0.0
FANCD2,0.0034079703
MARCHF4,0.0
GADL1,0.0
OSBPL10,0.05402001
ACKR2,0.007146404
GASK1A,0.0
SLC22A14,0.0
STAC,0.0074936417
CAND2,0.01181313
IL17RD,0.016810091
LRTM1,0.0
ENSG00000144785,0.0
ADGRG7,0.0
MYH15,0.0
TAGLN3,0.10465989
PLA1A,0.022416258
IGSF11,0.007527207
NR1I2,0.0
BOC,0.025980042
TMEM108,0.0
MED12L,0.0036491393
SPATA16,0.0
FAM86B2,0.0
AMT,0.005515112
NICN1,0.0
UCN2,0.0
ENSG00000145063,0.0
ENSG00000145075,0.0
STXBP5L,0.0
ILDR1,0.056605715
TM4SF19,0.0
MUC4,0.0
ECE2,0.0
VWA5B2,0.0
SLC26A1,0.025569115
EPHA5,0.0
CORIN,0.00491211
SLC10A4,0.0
SLC10A6,0.0
CABS1,0.0
ANK2,0.31168154
FABP2,0.0
CCNA2,0.0
SFRP2,0.0
RNF175,0.0
GLRA3,0.0
NKD2,0.008257859
CDH18,0.008343441
ADAMTS16,0.02245433
SKP2,0.010023472
UGT3A1,0.16257781
SHISAL2B,0.0
HAPLN1,0.0
ANKRD31,0.005073404
LIX1,0.0031260527
SPATA9,0.0
MEGF10,0.0
ADAMTS19,0.0
CXCL14,0.7653675
LECT2,0.0
SLC25A48,0.021610983
IL9,0.0
TIMD4,0.0
GABRA6,0.0
GABRB2,0.0052906172
SPINK7,0.0
GLRA1,0.0
CPLX2,0.0
TENM2,0.0
MYLK4,0.015357796
FAM217A,0.03446817
PSD2,0.0
LRRTM2,0.0
GFRA3,0.0
DCDC2,0.18059939
SLC17A4,0.0
H2BC1,0.0
KAAG1,0.0
RASGEF1C,0.0
PRIM2,0.024560103
MLIP,0.0
LGSN,0.003227081
ANO7,0.0063935365
CRIP3,0.019941892
TTBK1,0.0
TCTE1,0.0
CYP39A1,0.020573087
PRSS35,0.036301147
FAXC,0.00525965
GABRR1,0.0
TBC1D32,0.021310467
CLVS2,0.0
GPR6,0.0
TAAR2,0.0
TAAR6,0.0
TAAR8,0.0
TAAR1,0.0
MTFR2,0.0
SLC2A12,0.051972486
PNLDC1,0.0030515303
VIP,0.0078120646
SLC22A3,0.04605834
VWDE,0.0
SDK1,0.01927008
FERD3L,0.0
LINC00525,0.0
CDCA5,0.0
IGFBP1,0.02111464
SSC4D,0.0038350907
POMZP3,0.011581979
TRIM50,0.025273066
ASB15,0.019515947
ZAN,0.0
AGBL3,0.017106613
STRA8,0.0
ZC3HAV1L,0.0045541395
EPHA1,0.018646808
CNPY1,0.0
ASB10,0.0
NLGN4X,0.0061933286
SHROOM2,0.014577184
RAB19,0.005947336
LANCL3,0.0017326954
SYTL5,0.0
SPIN2A,0.00425593
AKAP4,0.0
CCNB3,0.0
ZNF157,0.0
RAB41,0.0
LPAR4,0.0
AWAT2,0.0
ITGB1BP2,0.0
CPXCR1,0.0
NXF3,0.005065655
RIPPLY1,0.0
RADX,0.016308721
FRMPD3,0.0
HTR2C,0.0
IGSF1,0.0
ARHGAP36,0.0
GPR119,0.0
FATE1,0.0
MAGEA4,0.0
CHRNB3,0.0
CHRNA6,0.0
GNRH1,0.0037325427
STAR,0.0
SNTG1,0.0064045833
PXDNL,0.020087603
ST18,0.0
RGS20,0.0
CRH,0.0
TRIM55,0.016058572
PMP2,0.0
PRDM14,0.0
SLC26A7,0.08698515
PSKH2,0.0
ATP6V0D2,0.19886996
DPYS,0.3799133
RSPO2,0.0
FAM83A,0.0
GSDMC,0.0
FAM135B,0.0
TTTY7,0.0
TTTY7B,0.0
ARHGAP39,0.012903952
VLDLR,0.08080525
CER1,0.0
IFNA5,0.0
IFNA16,0.0
IFNK,0.0
SHC3,0.009326405
PLPPR1,0.07852756
OR13C4,0.0
ACTL7B,0.0
CRB2,0.0
OR5C1,0.0
ASTN2,0.013221288
HMCN2,0.007693955
IDI2,0.0
INPP5E,0.041151796
LCN9,0.0
CACNA1B,0.0
PROSER2,0.018104065
SLC39A12,0.0
TMEM236,0.0
ST8SIA6,0.00396061
CDHR1,0.0
LRIT1,0.0
RGR,0.0
ANKRD1,0.0
VAX1,0.0
NPFFR1,0.0
PLEKHS1,0.0
CYP17A1,0.05781218
INA,0.0
NKX6-2,0.0
ADAM12,0.0
GAS2,0.009826646
SLC5A12,0.23898768
LRRC4C,0.0
SAA4,0.0
SCGB1A1,0.0
SYT8,0.0022688985
ZNF214,0.008346886
ZNF215,0.0019199384
GLYAT,0.47744784
OR5F1,0.0
CCDC81,0.0
KLHL35,0.002637487
TENM4,0.024801193
TTC12,0.024916312
NCAM1,0.0
DRD2,0.0
C11orf52,0.001834168
HTR3B,0.0
GLB1L2,0.017526155
P4HA3,0.0
GRIK4,0.0
GGTLC1,0.0
ADAM33,0.0
SLC22A8,0.28688386
TMC2,0.0
ZP1,0.0
OOSP2,0.0
MS4A3,0.0
PLCH2,0.02432003
CHEK1,0.007385251
KIRREL3,0.0
SCN2B,0.0
DUSP15,0.23255567
C20orf144,0.0
KIAA1755,0.0
SPATA25,0.0
OCSTAMP,0.0
CNBD2,0.10904737
SPINT4,0.0
CDH22,0.0
ENSG00000149656,0.0
GPHA2,0.0
SLC22A9,0.0027610427
TLCD3B,0.0
DOC2A,0.003029467
HMGA2,0.0
MMP3,0.0
CNKSR2,0.0
CNTN5,0.0
MKX,0.0
FXYD4,0.43007252
TRIM48,0.0
OR8K1,0.0
OR5M9,0.0
PCDH15,0.011930677
KLHL1,0.0
CDH8,0.0
LYPD6B,0.04725467
WDR17,0.024271723
SPATA4,0.002598723
CNDP1,0.016450537
DLG2,0.015106463
CCDC83,0.0
PPP1R1C,0.010723539
POU2AF2,0.0
PIH1D2,0.025703847
TEX12,0.0
CIMIP5,0.0
FREM2,0.054262944
ABCB9,0.0054277433
DHX37,0.040786825
TKTL2,0.0
PRSS53,0.0
SLC7A11,0.0
NOCT,0.0041894866
ENKUR,0.0016862557
GPR158,0.0
LYZL2,0.0
KCNA6,0.0
THRB,0.11830822
ABTB3,0.04427879
RAD9B,0.0
AKAP6,0.02730526
NPAS3,0.0058327946
ALLC,0.0
KCTD14,0.01722159
THRSP,0.010524275
MSGN1,0.0
ADAMTS12,0.0062104063
ATP6V1G3,0.21391276
SLC25A31,0.0
ANO4,0.002593643
DRD3,0.0
MMAA,0.039085384
POU4F2,0.0
DPYSL4,0.0
ITIH2,0.0
KCNJ1,0.57349527
CENPU,0.0037811422
SERP2,0.031107707
SLC35F4,0.0
GABRA2,0.03884199
CCDC175,0.0
PABPC3,0.0
CCL28,0.027777867
BEND6,0.0
TMEM132D,0.0
RBM46,0.0
MCHR2,0.0
AP1S3,0.030463113
TUBA3E,0.0
ASTN1,0.0048168823
CFC1B,0.0
POU4F1,0.0
CYSLTR2,0.006600709
GRID2,0.00948364
RIT2,0.0
SPC25,0.0
G6PC2,0.0
PTH,0.0
SH2D6,0.0043018516
KCNK13,0.02753977
SPOCK1,0.008928898
FAM151B,0.008125666
HOMER1,0.055346902
BOLL,0.0
ZNF547,0.007282094
OLAH,0.0
ZSCAN1,0.02900916
TRIM36,0.0
GRIA4,0.0
IGSF10,0.003304322
DSPP,0.0
DMP1,0.0
MEPE,0.0
CCNO,0.0111085065
DDX4,0.0
CLEC4F,0.0
CATSPER3,0.0
DYNLT5,0.0051658326
DNAI4,0.046228178
ANKRD22,0.01658872
SLC16A12,0.36128137
PANK1,0.12410469
BMP3,0.0
GRM1,0.025567813
CNTNAP4,0.0
PART1,0.043428678
LMNTD1,0.0
NRSN1,0.0
JAKMIP1,0.0
ZIC1,0.0
TEKT5,0.0
ACMSD,0.22151318
ACOXL,0.0
CLGN,0.0
BMP6,0.013701799
RGPD3,0.0024804994
OR14K1,0.0
PTPRR,0.0
CCDC148,0.067890994
FEZF2,0.0
ADGRF1,0.11266082
ADGRF4,0.0
FRMD1,0.019981993
FAM81B,0.0018663775
PLEKHG4B,0.0055927024
C16orf89,0.29452217
TEX29,0.0
SPACA7,0.0
ADPRHL1,0.002864335
FBXL2,0.0207404
GOLGA8F,0.0
PTPRD,0.03581774
TGIF2LX,0.0
CIBAR2,0.0
SPMIP4,0.00524733
TMPRSS11D,0.0
SPHKAP,0.0
MCOLN2,0.0
ANKFN1,0.0
HS3ST3A1,0.0
GDPD1,0.009690576
ASB17,0.0
SLC5A10,0.029612364
AK5,0.005204697
CABYR,0.0
CHST9,0.01421665
DNAAF1,0.0021695092
JPH3,0.0
ROBO3,0.017926963
PANX3,0.0
NRGN,0.059247084
CDH12,0.0029347336
GPR15,0.0
CERS3,0.0
GAL3ST2,0.0
ABCA10,0.0071387924
ENPP3,0.012518251
C4orf19,0.025417034
UCHL1,0.31272277
FAM167A,0.053143397
WNT3A,0.0
PPP1R3A,0.0
ASZ1,0.0
GPR26,0.0
CFAP210,0.010427485
MMP21,0.0
C10orf90,0.0
MAGED4,0.0
SRSF12,0.006827398
PSMA8,0.0
TMSB4Y,0.028753608
CHODL,0.0023204496
TMPRSS15,0.0
WNT7A,0.0
SKA1,0.0
USP43,0.012867082
EME1,0.0
EPHB1,0.0
ZNF18,0.0050258925
CA10,0.041975778
SEPTIN14,0.0
DKK2,0.0
RSPH10B,0.0
FBXL18,0.008465926
CNTNAP5,0.0
ODF1,0.0
OR4K1,0.0
GPR78,0.0
TRIM74,0.0
MAGEC1,0.0
GRIA1,0.0
LRGUK,0.0
ZKSCAN2,0.013662203
XAGE2,0.0
TTN,0.009986553
KDM8,0.0038644103
PDZD9,0.0
FLACC1,0.0035830168
C2CD6,0.0
SPAG17,0.009242492
FMN2,0.0
CYLC2,0.0
SAXO1,0.0038217374
SLC24A2,0.0
TRIM42,0.0
PXYLP1,0.012485457
ADCY8,0.002213895
RAET1L,0.0
AFF2,0.0
GRIP1,0.007244013
KIF5A,0.0
NAT2,0.0
MAGEA8,0.0
CFAP70,0.046314884
GNA14,0.022323824
FAM161B,0.017673686
WIF1,0.0
GPR61,0.0
MMP16,0.00438655
ADAMTS3,0.0034135233
ALX3,0.0
CFAP418,0.017339416
PPEF2,0.0
CFAP161,0.0
ART3,0.0
SLC28A1,0.060774494
NAA11,0.0
CLDN17,0.0
CLDN8,0.14852244
SORCS3,0.005306961
FUT6,0.059700526
TDRD9,0.008679012
FGF18,0.005463998
SH3RF2,0.0
GDF6,0.0032055997
PPP2R2B,0.062630765
KCNS2,0.0
PABIR3,0.008204976
FBXO43,0.0
HKDC1,0.035154905
LRFN2,0.0
NODAL,0.0
PRG3,0.0
UNC5D,0.008182716
GLYATL2,0.0
IGKV1OR-2,0.0
FRRS1,0.0067748297
SASS6,0.021025658
COX6A2,0.04102493
ITGAD,0.0
ADGRG4,0.0
ZIC3,0.0
B3GNT7,0.0038381247
BUB1B,0.0
SST,0.025716579
GHRL,0.004356077
SHCBP1L,0.0
NMNAT2,0.0
ATP2B2,0.0
LYZL4,0.0
SLC6A1,0.0
TMEM171,0.08767982
KLHL40,0.0
C8A,0.0
SYN2,0.0
NRG1,0.041708726
CDCP2,0.0
HTR5A,0.0
CLDN12,0.06460336
TMED6,0.032696694
CLEC18A,0.01160202
CFAP107,0.0
CLEC18C,0.0
ARMC12,0.0039347834
IL34,0.004063075
CACNA1D,0.020622216
ARSL,0.08107155
HYDIN,0.015191777
ZNF19,0.016149731
CCNB2,0.0
PWWP3B,0.014216299
KCNJ6,0.0076377564
KCNJ15,0.20005943
LCA5L,0.031234004
C9orf43,0.010725505
PALM2AKAP2,0.0
DGKI,0.041462276
TMEM268,0.020788066
SVOPL,0.01228847
SNX22,0.0
SLC34A2,0.06084936
ACAN,0.01421059
GAREM2,0.0
DPYSL5,0.0
DRC1,0.0
CIB4,0.0
MEGF11,0.0
ANKRD61,0.0
EXTL1,0.004085905
SLC30A2,0.0234717
TRIM63,0.0265982
GRHL3,0.0
NLRP14,0.0
PTPDC1,0.017182665
GALNT14,0.11518631
LRRC43,0.01857685
XDH,0.0
DZIP1L,0.011698283
FANCC,0.030383378
ESYT3,0.0063363165
TENT5B,0.054265738
RNF207,0.02278295
GPR153,0.0
SLC13A3,0.17678198
GPRASP2,0.030247776
CDC25C,0.0
RIBC1,0.017076708
CATIP,0.016425326
KCNB1,0.0
CD1A,0.0
CD1B,0.0
DNAH3,0.0
CD1E,0.0
HMHB1,0.0
CPA2,0.0
CPA5,0.0
POM121L2,0.0
PFKFB1,0.0
ALAS2,0.0
PAGE5,0.0
PKD1L1,0.0
SLAMF8,0.0047332216
HTR6,0.0
ITLN2,0.0017634756
PLA2G2F,0.0
SPATA2L,0.047622614
NPM2,0.01786016
FGF17,0.0
VWA5B1,0.0028529202
SLC5A11,0.0056173787
MPZ,0.0060713347
WFDC8,0.0
WNT9B,0.002017358
RAPGEF6,0.02213813
SV2A,0.005101928
LAD1,0.06751585
TNNI1,0.008269426
PRAC1,0.0
HOXB13,0.0
KCNE2,0.0044737766
CIART,0.042432327
CLIC6,0.0062598623
IGF2BP1,0.006326022
GIP,0.0
ENSG00000159239,0.0
GJD2,0.0013285752
ACTC1,0.004707576
CHAF1B,0.010136583
CLDN14,0.051647082
GOLGA6A,0.0
SCUBE1,0.01763766
PLA2G4D,0.0
M1AP,0.0
IRX6,0.010316149
CES5A,0.0
CELF3,0.0
LCE2B,0.0
TGM7,0.0027508468
SPRR2G,0.0
PGLYRP3,0.0
ISL2,0.0
ADGRG5,0.0
DRC7,0.0012579812
SPMIP8,0.010234836
UROC1,0.0
LRRC36,0.004717562
AGRP,0.026578452
CARMIL2,0.0
C16orf86,0.03349082
PIP,0.0
FAM131B,0.0
LYPD5,0.0
ZNF222,0.01601817
NPR2,0.011240214
ZNF221,0.010315935
TNFRSF13C,0.0
ATAD3B,0.03508563
FNDC5,0.009781452
ANKLE1,0.0
CILP2,0.0
TFF2,0.0
TMPRSS3,0.024076285
UBASH3A,0.0058878823
CBS,0.0
U2AF1,0.0073483507
CRYAA,0.0
HSF2BP,0.0
GATD3,0.28982952
AIRE,0.0
LRRC3,0.0
C21orf58,0.006196412
S100B,0.008983897
CLDND2,0.057164904
CACFD1,0.08760818
LCN1,0.0
C19orf47,0.017397117
HIPK4,0.0
CFAP157,0.0022062531
SPTBN4,0.0083351815
COX6B2,0.0
TMEM190,0.0
NLRP4,0.0
PLPP7,0.008021636
MPZL3,0.014893234
TLCD1,0.05043174
S100A1,0.22097246
CXCR5,0.0
NLRX1,0.03136657
CHRNB2,0.0
PAQR6,0.0
MYL3,0.09413036
LRRC71,0.0
FCRL3,0.0
FGFR4,0.032187056
CYP3A7,0.025536254
CYP11B1,0.0
LY6K,0.0100320745
TONSL,0.022712681
RECQL4,0.004542201
COL26A1,0.002708299
FOXH1,0.0
TEKTL1,0.0
SH2B2,0.018494584
FBXL13,0.0048643416
SCGB3A1,0.014810601
CELF5,0.0
USP41P,0.0
CCDC116,0.0
NPHS1,0.009865797
THAP8,0.02332541
LRRC56,0.003437709
GRIN2C,0.0
KLHL10,0.0
KASH5,0.0
HCRT,0.0062649194
DCD,0.0
SIGLEC11,0.011087468
MPP3,0.007856929
CD300LG,0.010276772
IZUMO2,0.0
NAGS,0.031754438
ASB16,0.0
SHANK1,0.0
FAM171A2,0.004407859
DBF4B,0.0036194695
PLCD3,0.014420553
AQP5,0.012013403
RACGAP1,0.0063987025
OR7G1,0.0
KRT84,0.0
KRT82,0.0
SYCE2,0.0
SPC24,0.0
IP6K3,0.024302088
ALOX15,0.0
TREML1,0.0
ZNF653,0.011022444
RNASEK-C17orf49,0.009619472
TNFSF13,0.0043856646
FGF11,0.004539436
CCDC42,0.0
PRR35,0.06207557
WDR90,0.025027085
CCDC78,0.006440617
MSLNL,0.0
SSTR5,0.0
MEIOB,0.0
HS3ST6,0.002541824
TEDC2,0.0
CCNF,0.0045270133
NTN3,0.0
PAQR4,0.0
SAXO4,0.030046538
GNG3,0.0
LBHD1,0.0025264034
ITIH3,0.0
FGF19,0.0
CYP4A22,0.020674583
PDZK1IP1,1.0480782
BEND5,0.08100751
SLC1A7,0.0
FAM151A,0.3325046
PARS2,0.016300078
CIMAP2,0.0
BSND,0.18775913
PRKAA2,0.26892194
ZSWIM5,0.008186043
SLC45A1,0.017531773
RAVER2,0.042459622
CTRC,0.0
KNCN,0.0
TMEM82,0.038070682
DRAXIN,0.0030368858
LRRC38,0.0
MATN1,0.0
TSSK3,0.0
UBXN10,0.01347415
TTLL10,0.0
SCNN1D,0.005766286
CCDC27,0.0
IL23R,0.0
DIRAS3,0.03916055
C1orf87,0.0005219196
LRRIQ3,0.015159959
LRRC53,0.0
LHX8,0.0
B3GALT2,0.0
NTNG1,0.0
AKNAD1,0.0
DNAI3,0.007602399
ATXN7L2,0.0047488464
HFM1,0.0061437096
BRINP3,0.012069885
GFI1,0.0071079615
CADM3,0.0
TRIM58,0.0
SLAMF9,0.0
OR2M5,0.0
KCNJ9,0.0
VANGL2,0.02509121
SLC9C2,0.0
C1orf74,0.009635795
LMX1A,0.0
LRRC52,0.004098463
GARIN4,0.0
AXDND1,0.0
TDRD5,0.013032409
SPATA17,0.02843683
NBPF20,0.002641344
WDR64,0.0
KLHDC8A,0.0
OXER1,0.012698729
IKBKE-AS1,0.0
IL24,0.0
PIGR,0.40571636
FCAMR,0.032740984
OBSCN-AS1,0.0054571046
TRIM17,0.0
LINC01931,0.0
LRRTM1,0.0
KCNF1,0.005957238
LRATD1,0.016543578
KCNJ3,0.06375546
NEUROD1,0.0
DUSP19,0.02725547
ZSWIM2,0.0
VSNL1,0.0005375435
ANKRD30BL,0.0
TEKT4,0.0
EN1,0.0
CFAP221,0.060312167
CCDC140,0.0
SGPP2,0.07542683
XIRP2,0.0
BIRC8,0.0
PDHA2,0.0
STPG2,0.0017214228
NEURL3,0.0048269336
ANKRD23,0.004117081
BNIPL,0.01800589
TMOD4,0.0
LCE3D,0.0
SMCP,0.0
IVL,0.0
SPRR3,0.0
SPRR2D,0.0
BMP10,0.0
PGLYRP4,0.0
TDRD10,0.010058583
FZD5,0.030405553
CRYGC,0.0
CFAP141,0.0
NPPC,0.012320687
ALPP,0.0
GABRG1,0.0
ALPG,0.0
GABRB1,0.0037990676
ALPI,0.0
LENEP,0.0
DCST2,0.0
DCST1,0.0
INAVA,0.059095964
LINC01116,0.15623762
KBTBD8,0.0039612204
TAFA4,0.0
CCKAR,0.0
IGFN1,0.0
TEX55,0.0
PDCL2,0.0
TMEM169,0.0067427624
TRIM46,0.0
CXCR1,0.0
TSACC,0.0
STK36,0.024197657
ADORA1,0.0052506025
NEK10,0.0015366955
FEV,0.0
CRYBA2,0.0
IHH,0.002036646
CIP2A,0.004044846
RETNLB,0.0
FCRL4,0.0
GLB1L,0.031708177
DPPA2,0.0
FCRL1,0.005824173
NUAK2,0.045423385
SPTA1,0.0
AIM2,0.0045666187
EFHB,0.023703013
SLC2A2,0.04653501
CTLA4,0.003738206
CD200R1,0.0
CADPS,0.0
NKX6-1,0.0
CDS1,0.08104979
PTPN13,0.18276726
SYNPR,0.0
C3orf49,0.0
C4orf36,0.0
ATXN7,0.0
ERICH6,0.0
CLRN1,0.0
DCLK3,0.0
FANCD2OS,0.0
CXCL3,0.0005154902
CXCL5,0.0
PPBP,0.0
PF4,0.0
PLSCR2,0.0048665353
CCDC158,0.0
TCF23,0.0
DNAJC5G,0.0
UCN,0.004885179
PLB1,0.00429391
SPDYA,0.0015136324
TGM4,0.0
SLC6A20,0.0
RTP3,0.0
FBXO40,0.0
GRIK3,0.0
CFAP100,0.0
CAMK2N2,0.0
RHO,0.0
IGF2BP2-AS1,0.0
SFMBT1,0.030739829
ZDHHC19,0.0
SLC51A,0.014446402
OTOP1,0.0
EXO5,0.01926541
CLDN19,0.14142033
SLC9B1,0.00595464
CDC25A,0.0
FBXW12,0.0
PLXNB1,0.255866
BSN,0.00358208
CAMKV,0.0
MST1R,0.0013069052
GRM2,0.0
ETNPPL,0.011434532
PITX2,0.00627375
PRSS12,0.0
NDST3,0.0
SMIM43,0.0
ADAD1,0.0
HPGD,0.14516473
ASB5,0.0
SPMIP2,0.0
NPY5R,0.005674762
FHIP1A,0.010238291
HHIP,0.0
SLC45A2,0.0
ELOVL7,0.06032294
ZNF474,0.0
ADGRV1,0.069564864
F2RL2,0.0
ANKRD33B,0.07041694
F2RL1,0.058064733
PRDM9,0.0
SCGB3A2,0.0
SPINK1,0.032081693
HTR4,0.0
ESM1,0.06627691
CDC20B,0.0018057803
SPZ1,0.0
ENPP6,0.035092622
CAGE1,0.0
EGFLAM,0.011805477
TMEM174,0.12699735
CARTPT,0.0
FAM170A,0.0
KLKB1,0.004867604
TERT,0.0
SLC6A18,0.0
FOXQ1,0.06368232
LINC01600,0.0
ADGRF2P,0.0
IL3,0.0
CSF2,0.0
GDF9,0.007564431
GJB7,0.0
GRIK2,0.0061649834
FABP7,0.0
TLX3,0.0
TXLNB,0.0
CALHM4,0.0
TBXT,0.0
TMEM200A,0.015251804
IL22RA2,0.0
DACT2,0.0025205044
PDSS2,0.117776334
SPMIP7,0.0
H2AC1,0.0
IL31RA,0.0
RAET1E,0.0
PI16,0.015469756
TBX20,0.0
MATCAP2,0.039178785
HCN1,0.0
MYOZ3,0.0
NEUROD6,0.0
GPR85,0.0
KCNK5,0.09158653
KIF6,0.00974576
SLC29A4,0.015899198
TEX47,0.0
STEAP1,0.011460945
SP8,0.0
USP49,0.008903556
IQUB,0.014594294
SHH,0.018910147
FNDC1,0.0
SLC13A4,0.0
SLC35G3,0.0
C8orf48,0.0038974225
SUN3,0.0
C7orf57,0.0
HNF4G,0.019006109
SBSPON,0.0632322
EN2,0.0
KCNV1,0.0
CSMD3,0.0015679817
DEFA5,0.0
DEFA4,0.0
DEFA6,0.0
TMEM74,0.0
GPER1,0.021186778
UNCX,0.041407134
TMEM184A,0.018440228
SPAG11B,0.0
SLC7A13,0.013960305
GBX1,0.0
OSR2,0.0
DCSTAMP,0.0
FREM1,0.06773155
SPMIP6,0.10290661
MYORG,0.05128381
CCDC171,0.02275128
DIRAS2,0.0
NIPSNAP3B,0.005447052
PRKACG,0.0
ZMAT4,0.0016721822
NKX6-3,0.0
MAMDC2,0.010973084
PRSS37,0.0
CPA6,0.0
C8orf34,0.0
TMC1,0.0
SSMEM1,0.0
TRPV6,0.01710893
LLCFC1,0.0
CFAP47,0.0
METTL27,0.043105178
SHOC1,0.001157503
CXorf58,0.0
PTCHD1,0.0
RNF183,0.008615181
ASB11,0.0
PCDH19,0.0010274542
VEGFD,0.0
OR1Q1,0.0
OR1K1,0.0
ZNF367,0.021193903
NLGN4Y,0.018599227
HDX,0.016977072
SLITRK5,0.0
MELK,0.0
ARMC3,0.00055052835
FAT3,0.0
DEUP1,0.0043324437
SLC7A3,0.0
GPR101,0.0
CLDN2,0.07502781
LRFN5,0.0
LRRC18,0.0
TSHR,0.0
PHYHIPL,0.07517039
PHOX2A,0.0
MBL2,0.0
GJB2,0.023117483
HEPACAM,0.0
SKA3,0.0
DDIAS,0.0
PKNOX2,0.018095884
RPL10L,0.0
MAGEC3,0.0
ZNF22-AS1,0.0092548765
EML5,0.011755715
TMEM63C,0.0
NGB,0.0
NOXRED1,0.0
CDX2,0.0
AMER2,0.0
AKR1E2,0.0
SSX5,0.0
SSX3,0.0
OTX2,0.0
FAAH2,0.046505995
DRGX,0.0
OXGR1,0.0014980395
UCMA,0.0
SOHLH1,0.0
SLC18A2,0.0
QSOX2,0.0106787775
FRMD7,0.0038165473
AK8,0.010856216
SPACA9,0.048270173
GFI1B,0.0
ZMYND19,0.056642734
RET,0.0
OR4K2,0.0
SLC39A2,0.0
RNASE7,0.0
C12orf50,0.0
PPP1R36,0.005888265
VWA2,0.0015679959
SALL2,0.01599676
PRAP1,0.2504599
ERICH6B,0.0
CYP2C19,0.0
ZFYVE1,0.040632308
SPMIP5,0.00051730784
ANKRD2,0.042919494
E2F7,0.0
OTOGL,0.007928663
LARGE2,0.10288877
RAPSN,0.0
AGBL2,0.004305361
SMCO2,0.0
SERPINA12,0.0
PDZRN4,0.0026415945
SLC6A5,0.0
CCDC38,0.0
NELL1,0.12143879
C1QL3,0.0
CACNB2,0.03054109
ABTB2,0.058074076
LIPC,0.030896898
PASD1,0.0
TMCO5A,0.0
GPR176,0.005138155
IL25,0.0
CMTM5,0.0
GLB1L3,0.0
ADAMTS15,0.007561545
SVOP,0.0
SPATA19,0.0
AMN,0.26325598
PPP1R14D,0.009108228
C16orf78,0.0
DEPDC4,0.009171348
LRTM2,0.0
OPN1MW2,0.0
TRMT61A,0.062989496
ASPG,0.0054780096
SENP8,0.018175855
GABRB3,0.047663085
TBATA,0.0
DNAAF8,0.0
CLMP,0.0
SCN3B,0.0023043219
ZNF202,0.0076452624
MYRFL,0.0041464907
TMEM100,0.007587111
SYNPO2L,0.0
NUDT13,0.020570833
CCDC182,0.0
NETO1,0.0
MSS51,0.0037982236
RAG1,0.004733636
POTED,0.0
WDR88,0.0016380529
OR10A5,0.0
OR2D2,0.0
MOGAT2,0.0057915417
SERPINB7,0.0
TUB,0.026449695
LMO1,0.013617008
WDR72,0.23316278
TRIM66,0.03336072
TMEM130,0.003912486
C16orf46,0.012085283
NDST2,0.011904281
CLEC3A,0.0
CLEC4D,0.0
A2ML1,0.0
BEAN1,0.0
SLC38A8,0.0
CPLX4,0.0
GALR1,0.0015807684
TMEM135,0.036513183
IQCD,0.021971865
CDH16,0.97587675
CFAP52,0.0
MC4R,0.0
SERPINB12,0.0
CHRFAM7A,0.0
MMP10,0.0
TVP23A,0.0
TMPRSS5,0.0
PLEKHA7,0.0757213
ZCCHC18,0.0
HTR3A,0.0
ACSM1,0.0062789903
YPEL4,0.0
LDHC,0.05435474
LDHAL6A,0.0029459135
LDHD,0.2172055
PLIN1,0.0
SCNN1G,0.14310834
ANKDD1A,0.005639584
PLK1,0.0
CACNG2,0.0
TAC3,0.0
MYO1A,0.0
CHP2,0.005494284
OR4D6,0.0
ELFN2,0.0
MIR202HG,0.0
SCG5,0.0
GREM1,0.0
NYAP1,0.0
MS4A6E,0.0
MS4A5,0.0
EPB42,0.0
TGM6,0.0
MS4A8,0.0
CCDC178,0.019190961
MS4A15,0.0
TCP10L2,0.0
NAT16,0.0
TERB2,0.0
NKX3-1,0.0021509393
SGSM1,0.045383558
ENSG00000167046,0.0
B4GALNT2,0.03255316
TTC16,0.007958634
SUN5,0.0
BPIFB6,0.0
TMEM92,0.0
ACSF2,0.153138
ANKRD40CL,0.0
DOLPP1,0.031947788
CCDC103,0.0
TBC1D21,0.0
PRRX2,0.004467427
UGT1A6,0.0039772317
ISLR2,0.0
PRR15L,0.20466791
C16orf92,0.0
GOLGA6C,0.0
NOD2,0.0
SNX20,0.009217152
LOXHD1,0.0
RBFOX3,0.0
ART5,0.0055631176
OR51E2,0.0
MMP26,0.0
OR51B5,0.0
OR51I1,0.0
OR51Q1,0.0
ZNF23,0.0020702472
ZNF646,0.037949447
GNG8,0.0
LPO,0.0
CA4,0.20055541
SMG8,0.014489335
JSRP1,0.0024949799
NIBAN3,0.0
PROCA1,0.015218794
LALBA,0.0
DHRS13,0.011805453
CORO6,0.001302212
RHEBL1,0.0073068445
ZNF610,0.013277655
AQP2,0.43619344
GPD1,0.2890306
CYP2S1,0.0
ANKRD33,0.0
LAIR2,0.016208839
TMEM145,0.0
ZNF526,0.01416782
KIR3DL1,0.0
NLRP7,0.0
DNAAF3,0.0024934455
PSCA,0.0
ATCAY,0.0
LY6D,0.0
CHAF1A,0.016344873
PLIN4,0.014750377
SERPINF2,0.093889765
GGT6,0.19654013
KLK1,0.04464898
KLK4,0.0
KLK2,0.0
KLK5,0.0
KLK6,0.0059987255
KLK11,0.0
KLK13,0.0
ACER1,0.0
RCOR2,0.0
ENSG00000167774,0.0
SOAT2,0.003924654
CABP2,0.0
TBX10,0.0
OR8J3,0.0
OR5I1,0.0
TEKT1,0.0
EVPL,0.027828516
MGAT5B,0.0
CYP7A1,0.0
TOX-DT,0.0316002
GSDMA,0.0
KRT24,0.0
SOST,0.097752236
DNASE1L2,0.0
CASKIN1,0.0
ZNF597,0.004252232
VWCE,0.0
BSCL2,0.012633969
PLAAT5,0.0066408645
TTC21A,0.02062837
ENTPD3,0.0036896963
ULK4,0.015637496
SLC22A11,0.048041165
MAJIN,0.011317736
SCARA3,0.010573635
PBK,0.0
SCARA5,0.0
PNOC,0.0
OR1F1,0.0
OR2B2,0.0
KCNJ4,0.0
FAM83B,0.017980874
H3-4,0.0
OR2C1,0.0
PTGDR,0.005889372
GNG4,0.0
KCNV2,0.0
PTF1A,0.0
FOXI1,0.035731044
KIF5C,0.016841501
MOBP,0.0
PPDPFL,0.0
XIRP1,0.003909153
INSM2,0.0
SCN11A,0.0027497266
LINC00917,0.0
BDKRB2,0.050170854
MTNR1A,0.0
KCNG4,0.0
HR,0.0022436606
TXNDC2,0.0
LGI3,0.0006283334
SFTPC,0.0
PHYHIP,0.0
CCDC110,0.00932618
MTCL1,0.02663536
GBX2,0.0
HJV,0.0
SCGB1D1,0.0
MYL1,0.0
CHRM1,0.0030043249
CRYGA,0.0
DYNLRB2,0.06483833
ADAM29,0.0
ADAM18,0.0
GDNF,0.0
MUCL3,0.0
WFDC13,0.0
VWA3B,0.0
UGT3A2,0.0
KCTD19,0.0
LRP1B,0.018960303
WFDC12,0.0
LINC01620,0.0
CA7,0.0
TSPY2,0.0
CXXC4,0.003540673
TCTN2,0.057615552
SHOX2,0.0
LCMT2,0.017022282
IL12A,0.0
NSG1,0.0059578605
OR13J1,0.0
HTR1E,0.0
FSTL5,0.0
SOX14,0.0
SFTPB,0.0033520418
BTNL3,0.0
PLA2G4F,0.052627277
CTRB1,0.0
CTRB2,0.0
TRIM49,0.0
SPRY3,0.0033211045
STXBP6,0.02127893
TM4SF20,0.0
GRM5,0.0
JMJD7-PLA2G4B,0.0
NTSR2,0.0
COL4A3,0.11723489
KLK7,0.0
VCX3A,0.0
ZBBX,0.0023316366
ACTBL2,0.0
ROR2,0.019977735
VXN,0.010385885
ODAD2,0.003155777
GOT1L1,0.0
PCSK9,0.0
GSG1L,0.0
IL13,0.0
NPIPB12,0.0
OR10G3,0.0
RAB3B,0.0032649043
OR6F1,0.0
RSPO1,0.0
GCSAML,0.0
RAB24,0.03296276
CXCL10,0.0007843931
NPIPB3,0.0
SH3TC2,0.0
CXCL11,0.0
GPRIN1,0.0
HSPB3,0.0
NR0B1,0.0
STK32A,0.02108927
IL1RAPL1,0.0
C22orf15,0.0
OR5AU1,0.0
MINAR1,0.0032824704
PDILT,0.0
UMOD,1.8206159
GP2,0.15310797
ELSPBP1,0.0
RNASE3,0.0
RSPH10B2,0.0
KCNK9,0.0
RASSF6,0.06663473
COL22A1,0.011855595
SPRR1B,0.0
SPRR1A,0.0
OR4K14,0.0
OR4K15,0.0
CRCT1,0.0
ZNF280A,0.0
MUC15,0.27098638
CT55,0.0
GJB1,0.05674286
DTWD2,0.039855335
VPREB1,0.0
BNC1,0.0
GKN1,0.0
CKAP2L,0.0
PROKR1,0.0
APLF,0.012378373
RGPD8,0.0067271334
DRD5,0.0
BUB1,0.0
CHRNA5,0.0
MT1B,0.0
GP9,0.0
ACTRT2,0.0
NRG4,0.009479093
TMEM266,0.005233639
NLGN1,0.0076832576
TAS2R1,0.0
RBMY1F,0.0
TACR3,0.0
GSX1,0.0
PCDH7,0.016403483
ONECUT1,0.0
CTNND2,0.0
MUC17,0.0
AHSP,0.0
WNT10B,0.0
CALML6,0.0
MUC3A,0.0031725278
PYDC1,0.0
TM4SF4,0.0
S100G,0.0
OTUD7A,0.011336521
FRMPD4,0.0
HSFY2,0.0
TAS1R3,0.0
TIGD4,0.010424148
MYO7B,0.029458612
CNTROB,0.036374766
ZPLD1,0.0023500489
SERPINA9,0.0
FAM153A,0.0013676736
GPR37L1,0.0
NSG2,0.0
SPDYE5,0.0
SERPINA6,0.049560655
FOXD4,0.0
GPR25,0.0
FAM88B,0.026592871
VGLL2,0.0
HOXD4,0.03622054
HOXD12,0.0
GYPA,0.004438103
SLC16A5,0.062281527
NANP,0.0212567
ANKK1,0.0
ADRA1B,0.0
FABP6,0.0
USP50,0.0
MRGPRX1,0.0
MRAP,0.0
C7orf33,0.0
CNGB3,0.0
SLN,0.0
LGALS9B,0.0
FRMPD2,0.0
PRDM10,0.015629569
CST5,0.0
CST2,0.0
EMX2,0.395231
CST1,0.0
SP7,0.0
TCAF2,0.0038870613
SEMA3E,0.004240119
LRRN2,0.011531156
DCLK2,0.034384154
ZNF804A,0.0
KRT78,0.0
ADORA2B,0.0
SDR9C7,0.0
TMT1B,0.040256444
KRT86,0.0
KRT75,0.0
KRT6C,0.0
SPATA24,0.036868107
MZB1,0.0
KRT4,0.0
SLC23A1,0.05201951
KRT74,0.0
NPAS2,0.008844443
KRT72,0.0
KISS1,0.0038389473
COX7B2,0.0
KRT83,0.0
IRX1,0.09845055
SIX2,0.0
DLGAP1,0.0
OR9K2,0.0
FOXA3,0.006783249
GARIN3,0.0
SLC26A5,0.0
SGCD,0.0
RASA4B,0.0015402976
CAVIN4,0.0
OR10A3,0.0
HOXB9,0.11588827
TTLL6,0.006955944
POLH,0.017407725
SYT9,0.003711174
RBMXL2,0.0
GPR37,0.0031787087
TPD52L3,0.0
OR10A4,0.0
DYDC1,0.0
OR10A2,0.0
HTRA3,0.010773754
LMOD2,0.0
BFSP2,0.0029180585
FSHR,0.0
CEL,0.12786667
PPM1D,0.029873256
PSG6,0.0
PLA2G1B,0.0
TRH,0.0
TPT1-AS1,0.0
OR7G3,0.0
OR7G2,0.0
TEX13B,0.0
PKHD1,0.16731143
OR1M1,0.0
NCBP2L,0.0
MBD3L1,0.0
PGK2,0.0
OR8B12,0.0
CEACAM3,0.0
DCDC1,0.005526889
HAS2,0.0
PLAC1,0.0
DDI1,0.0
LINC00208,0.0
HS6ST2,0.13781822
OR4D5,0.0
PYGO1,0.0031525788
LRRC8E,0.0061739837
PKIA,0.042575248
TSNARE1,0.00980356
PATE1,0.0
OR13H1,0.0
C8orf74,0.0
ALK,0.0
KYAT1,0.017481467
OBP2B,0.0
HSFX1,0.0
FUT3,0.0048594866
KCNG3,0.0
OR2K2,0.0
RLN3,0.0
NAIF1,0.021764895
RBKS,0.1616791
OR2M4,0.0
GRIK1,0.0
MUC7,0.0
OPRPN,0.0
SMR3B,0.0
CSN3,0.0
CLDN20,0.0
CDC42BPG,0.013361138
UGT2B7,0.7663553
SHCBP1,0.011200132
SOSTDC1,0.10025318
NPTX1,0.0055817068
ZNF440,0.013703645
KCNK3,0.0
ESCO2,0.0
KRT15,0.0
KRT38,0.0
TPPP,0.019984998
KCND3,0.0100191785
APLN,0.0030889702
KRTAP4-4,0.0
KRT13,0.0
XAGE3,0.0009370234
KRT9,0.0
XAGE5,0.0
KRT20,0.0
GLOD5,0.03055485
KSR2,0.029312639
KRT27,0.0
CDK5R2,0.0
OR1L6,0.0
DLK2,0.0
SPACA5B,0.0
OR1L3,0.0
NLRP5,0.0
SPACA5,0.0
MROH2B,0.0
OR1L8,0.0
OR1N2,0.0
COL24A1,0.0
OR1N1,0.0
RXFP1,0.025730744
LPAR3,0.0
NEUROD2,0.0
OTP,0.0
ECEL1,0.0
OR2AT4,0.0
RAB4B-EGLN2,0.0
DSCAM,0.0
DNAI2,0.0
NMUR1,0.008645645
P2RY6,0.008011223
SHANK2-AS3,0.0
LKAAEAR1,0.0
DEFB4A,0.0
ANO5,0.019025045
SPATA46,0.0
VAT1L,0.0072324458
SYCE1,0.0
NXNL1,0.0
NHLH1,0.0
SLFNL1,0.0
UTF1,0.0
KNDC1,0.0022399125
WDR87,0.0
PCDHB1,0.006845305
ANGPTL7,0.0
FBXL14,0.0066617858
FAM90A1,0.0
RRM2,0.015893089
IFNB1,0.0
PRND,0.0
KLF17,0.0
ADRA1D,0.0
FRMD5,0.0
AQP4,0.0246549
CYP4F11,0.028526006
LGALS9C,0.0
FBXW10,0.0
OR10H3,0.0
OR10H2,0.0
OR52A5,0.0
SCG2,0.0
CYP4F22,0.0
FOXB1,0.0
ZNF57,0.014346388
C11orf40,0.0
LDHAL6B,0.0
ZNF556,0.005167445
ZNF554,0.010685233
ANKRD20A4P,0.0048377444
REG3A,0.0
GAP43,0.0
REG1B,0.0
EPHX4,0.0031084125
SERF1A,0.0
LRRC15,0.0
SPMIP9,0.0
SLC9C1,0.0
OR1A1,0.0
OR1A2,0.0
OR8I2,0.0
LCE1D,0.0
CCL11,0.0
MTBP,0.0023158083
PRL,0.0
OR4C11,0.0
MBOAT1,0.003285841
OR8U1,0.0
OR4X2,0.0
GPR22,0.0
CXCR6,0.0072515192
AZU1,0.0
ATOH1,0.0
C5orf34,0.00515776
C1QTNF4,0.021041924
NEGR1,0.0032503305
MACROD2,0.03254116
CDY1,0.0
OR10V1,0.0
SPTLC3,0.042276904
B3GALT1,0.0
OR5A1,0.0
OR5A2,0.0
CSDC2,0.081014074
ABCG4,0.0
CDY1B,0.0
CFAP53,0.023815827
OR5B12,0.0
OR5B2,0.0
NHERF4,0.028976917
OR9I1,0.0
ARNT2,0.10161371
PRSS27,0.0
MYOZ2,0.0
DNAJB7,0.0
CLP1,0.025013432
INSL5,0.0
EFCAB3,0.0
RSPH9,0.0040013194
OR9G4,0.0
OR5AR1,0.0
FUT9,0.0
OR5AP2,0.0
HSFY1,0.0
RAB40A,0.0
MAB21L4,0.05048732
OR8J1,0.0
OR5T3,0.0
ACOT12,0.013876152
CARNS1,0.0
OR10H5,0.0
FAM170B,0.0
NIPAL4,0.0
MUCL1,0.0
SNTG2,0.0
FNDC9,0.0
RND1,0.0
OR10AD1,0.0
AGAP5,0.025083473
MOS,0.0
MS4A10,0.0011871484
GARIN2,0.0028376
LRRC20,0.0035125772
PURG,0.0
TMEM217,0.0
COL6A5,0.0
OR5B3,0.0
EFCAB12,0.0016249436
OR10W1,0.0
RAB43,0.0
FADS6,0.0
HOXC5,0.010529894
SNX32,0.0
OVOL1,0.01940543
CES3,0.018521056
KRT2,0.0
METAP1D,0.013269208
LVRN,0.0
MRGPRD,0.0
SLC22A13,0.0023331384
XKR3,0.0
FRG2C,0.0
HPSE2,0.0
ARPP21,0.0030507578
CFAP184,0.0021476296
EVC2,0.018027445
DELEC1,0.0
RXFP4,0.0
CCDC63,0.0
LRRN3,0.0
ACSM6,0.0
ADAMTS20,0.0
ABCD2,0.0
AHSA2P,0.0
ABLIM3,0.01944082
MAB21L3,0.003365446
TUBB8B,0.0
SYT12,0.0
C11orf86,0.0
LIPM,0.0
GPR151,0.0
DMRT2,0.024818167
ZNF483,0.018803101
PLAC8L1,0.0
SLC2A14,0.0
OR10K1,0.0
GPR148,0.0
CST9,0.0
KCNK7,0.0
ENSG00000173366,0.0
NDNF,0.004896675
IQCF1,0.0
GLIPR1L1,0.0
INSM1,0.0
DAB1,0.000481565
IHO1,0.0
RNASE8,0.0
THAP2,0.0426973
TMEM196,0.0
RNASE11,0.0
TNFRSF10C,0.0050571254
CIMIP2C,0.00080655783
ADGRF3,0.007265805
NLRP13,0.0
XCR1,0.0
CCR9,0.003294573
PC,0.081766054
UGT2A1,0.0
GPRC6A,0.031114182
TRAPPC3L,0.0037471475
APOBEC4,0.0
TAS1R1,0.0
HES3,0.0
SPDYE2B,0.0
OR1L1,0.0
ADGRG2,0.0
SPATA3,0.0
MUC13,0.04217467
WFIKKN2,0.0
TOP6BL,0.07285738
FAUP4,0.0
SPMIP3,0.0
TOPAZ1,0.0
TDRD12,0.0
CCDC13-AS1,0.0
TIGD3,0.0041307015
KCNH6,0.017176196
MARCHF10,0.02312973
ENSG00000173862,0.0
PHOSPHO1,0.0
SPTBN2,0.12031786
KRT28,0.0
SWSAP1,0.06675288
SLCO4C1,0.10751856
CIMAP3,0.038262244
RAX2,0.0
LRRC63,0.0
TCAP,0.010054275
CEP19,0.021568775
CBY2,0.0
TENT5D,0.0
SPATA31G1,0.0
RGMB,0.018639844
FAM53A,0.0
NWD2,0.0
GSTA3,0.0
ENSG00000174171,0.0066149184
ARL13A,0.0
REP15,0.004726553
ZNF80,0.0
EVX2,0.0
TNK1,0.020287605
DIRC1,0.0
SLC16A11,0.038640298
SLC16A13,0.008056027
GLIS1,0.00455003
OR2Y1,0.0
CHRNA9,0.0
SLC6A19,0.16445962
EXO1,0.0
CRMA,0.0
MIR1-1HG,0.0
TRHR,0.0
ABRA,0.0
STARD6,0.0
GOLGA6L2,0.0
VWC2L,0.0
ZCCHC12,0.0
CNTNAP2,0.0
GALNTL6,0.0
LINGO2,0.0
BBS1,0.009316121
IGDCC3,0.0
SLC26A9,0.014086346
MFSD4A,0.40555555
TTC9B,0.0
MYO1H,0.0
TMEM81,0.0047784187
KLK15,0.0
IL20RB,0.0
GOLT1A,0.05430068
NPAS4,0.0
ZNF497,0.0061114696
TRAM1L1,0.014452094
UGT8,0.16785145
KY,0.0026642599
ZNF266,0.03169005
OR7D4,0.0
SLC29A2,0.04310144
BRSK2,0.0045866766
GRIK1-AS1,0.0
LEP,0.0
FGFBP3,0.018085731
WDR49,0.0
PCP2,0.03597493
ODAPH,0.0
CD248,0.00873092
ADGRE1,0.0
DNAH12,0.0
CNIH2,0.005462976
AMY1B,0.0
NLRP6,0.0
CATSPERD,0.0
SLC66A1LP,0.008487288
OR9G1,0.0
C3orf33,0.020518146
OR5M3,0.0
ASPHD1,0.0065957326
P2RY14,0.0075808177
GPR171,0.023763124
GPR149,0.0
OR5J2,0.0
ZIC4,0.0
OR10AG1,0.0
OR4S2,0.0
FBXW8,0.02009834
CA5A,0.0
ZG16,0.0
SLC22A1,0.0
TEX36,0.0
CHST2,0.030964926
DSG4,0.0
RTP1,0.0
SPSB4,0.0027688178
RAG2,0.0
WFDC5,0.0
OR2T1,0.0
TMEM51-AS1,0.005663581
ABO,0.085031085
FAM182B,0.0
PPM1E,0.023206554
INHBC,0.0
HIGD2B,0.0
NPPA,0.0
GAL3ST3,0.015965601
C1orf127,0.0
VWA3A,0.0
CCNE2,0.0
ANKS4B,0.04806347
CST6,0.0018936761
GRAMD2A,0.007894646
PROP1,0.0
ISX,0.0
APOF,0.0
CHRNA7,0.0
OR10P1,0.0
PCSK1,0.0
RFESD,0.019709432
OR52W1,0.0
DPP10,0.0
CLCF1,0.014582313
TSGA10IP,0.0
GPR152,0.0
UBQLNL,0.002184233
UBQLN3,0.0
PNLIP,0.0
LIPT2,0.026499892
LONRF3,0.0042726966
UCP3,0.002117642
P2RY2,0.0
FOSL1,0.0
ENSG00000175604,0.0
OR4B1,0.0
RMI2,0.027546989
PRM1,0.0
TEX26,0.0
GPR156,0.0025705118
CCDC197,0.0
B3GNTL1,0.011907336
RBMXL3,0.0
LINC02873,0.0
LINC02915,0.0
TTLL11,0.0038974085
LINC01106,0.034468643
ZBTB44-DT,0.008908388
LINC02694,0.0
PRIMA1,0.0
CBLL2,0.0
CCDC168,0.0
ETV4,0.023258504
CALCB,0.0
CREG2,0.0
TMEM270,0.0
HOXD8,0.41051647
TSPEAR,0.0
DOK7,0.0
LRRN1,0.0
KLHL38,0.0
LINC02880,0.0
PLEKHD1,0.0
ASCL3,0.0
AMIGO3,0.0
ZNF613,0.012174725
C11orf16,0.0
TMPRSS7,0.0
MBLAC2,0.023240075
KCNE5,0.0
ZNF683,0.0
CRYBG2,0.0
DLEU1,0.0
MC5R,0.0
GPX2,0.0
HSF5,0.0
FOXG1,0.0
ENTHD1,0.0
CIDEA,0.0
OR11H4,0.0
OR4D11,0.0
LRRTM4,0.0
OR11H6,0.0
ZNF404,0.0023710243
OR4K17,0.0
OR10H4,0.0
RPP38-DT,0.0
OR51B6,0.0
ACBD7,0.0
OR4L1,0.0
ANAPC2,0.03567553
OR4K13,0.0
HMGB4,0.0
OR4F21,0.0
OR4K5,0.0
OR4N2,0.0
OR4M1,0.0
FOXR1,0.0
ENSG00000176320,0.0
ENSG00000176349,0.0
TAC4,0.0
PRR18,0.0
B3GNT4,0.0080208145
HSD11B2,0.59537286
DMRTA1,0.049757928
EID2B,0.028845238
GJC3,0.0039462526
RIMS2,0.004318571
VPS37D,0.05181436
ZNF575,0.009762013
OR5AN1,0.0
ENSG00000176515,0.0
PHLDB3,0.050668538
OR4C5,0.0
OR4C3,0.0
OR4S1,0.0
CNTD1,0.011517508
DCAF4L2,0.0
OR4X1,0.0
CNBD1,0.0
KBTBD11,0.1530195
MAP3K19,0.0
LINC02914,0.0
HORMAD2,0.0
FOXL1,0.0
TGIF2LY,0.0
LRRC37A,0.0
OR4F17,0.0
BDNF,0.0
CCDC121,0.036631115
ZNF843,0.004197359
TTTY14,0.07915954
PFN4,0.0051710033
OR51V1,0.0
MAGEB6,0.0
CDK5R1,0.009662471
LINC00303,0.0
TCERG1L,0.0
NCKAP5,0.0371598
MAGEB18,0.0
DEFB104A,0.0
OR52E2,0.0
DEFB103A,0.0
OR51L1,0.0
LRRC37A3,0.00937154
MIR7-3HG,0.0
ENSG00000176868,0.0013913361
GRIN1,0.0
SOX11,0.0
OR51G2,0.0
OR51A7,0.0
OR51T1,0.0
OR51H1,0.0
MAMSTR,0.004263065
C8G,0.0020358518
FUT2,0.001625639
OR51S1,0.0
OR51F2,0.0
EFCAB5,0.002805915
GCNT4,0.032407273
MUC20,0.029398866
LY6H,0.015867023
TRIM60,0.0
ENSG00000176984,0.0
FMR1NB,0.0
DEFB104B,0.0
C19orf18,0.0110967485
IFNW1,0.0
ACER2,0.0
SCN4B,0.0
DSCAML1,0.019079393
ZDHHC22,0.0
IRAG1-AS1,0.003186927
PRDM16-DT,0.30074573
FAM9B,0.0
CETN1,0.0
NUDT4B,0.0062610214
OR2T35,0.0
OR14C36,0.0
RIMKLA,0.0060705417
CLVS1,0.0
OR2M7,0.0
OR2T12,0.0
SPACA4,0.0
OR2T33,0.0
LINC01561,0.0
TRIM72,0.0
DEFB103B,0.0
DEFB4B,0.0
KCNA3,0.0
OR2AJ1,0.0
GJD4,0.0
FBXO39,0.0
CLDN22,0.0
KCNA2,0.0
BEND2,0.0
LINC00469,0.0
FLJ13224,0.002021155
CCDC71,0.04259209
C10orf71,0.0
ENSG00000177359,0.0
LRRN4CL,0.0
UMODL1,0.0
UBE2U,0.0
MIEF2,0.04338229
NIM1K,0.0
CD19,0.0
ERICH5,0.01074349
OR2T8,0.0
OLIG3,0.0
OR2G3,0.0
RBM44,0.0
OR2G2,0.0
ZBED2,0.0
VCX2,0.0
ST8SIA3,0.0
RPRM,0.018888475
OR2B11,0.0
NHLH2,0.0
C1orf167-AS1,0.0
FAM187B,0.0
SAMD12,0.055623427
PIDD1,0.022401143
ENSG00000177596,0.0
ZNF491,0.0
HASPIN,0.0
PGBD5,0.017777374
C12orf54,0.0
CASC2,0.02450486
MBOAT4,0.0
TEX44,0.0
SRRM3,0.0
DEFB114,0.0
SUMO4,0.003903863
MAGEB10,0.0
OR4F4,0.0
NAALADL2,0.07473975
ENSG00000177699,0.0
SLC35G5,0.0
YIPF7,0.0
FAM87B,0.0
RAB4A-AS1,0.0
MYOZ1,0.0121489875
TMEM78,0.0
KCNJ10,0.13162453
TENM3-AS1,0.0
PCDHB9,0.002861487
ZNF619,0.0070553636
CCDC184,0.0
CAPZA3,0.0029192257
MAMDC4,0.023603862
CENPBD1P,0.024068221
CIMAP1A,0.0
LCN15,0.0
DPY19L2,0.03205286
SPATA31E1,0.0
ZNRF3-AS1,0.0
CIMIP6,0.011485685
GPR150,0.0047085113
TSPYL6,0.0
LRRC75B,0.022257041
CALHM5,0.007344764
PRSS42P,0.0
GRAMD1C,0.12303062
HTR3C,0.0
TSSK6,0.0
ENSG00000178107,0.0
GOLGA8Q,0.0
PPP1R42,0.008449576
FAM27E5,0.0
AMER3,0.0
SPINK6,0.0
ZNF454,0.0052102758
ZC3H12D,0.006649409
VN1R1,0.004215485
SH2D4B,0.0
TMEM151B,0.0
SLITRK1,0.0
LINC02907,0.0
FAM230I,0.0
PRM3,0.0
TNP2,0.0
SPAG11A,0.0
TMPRSS9,0.0
AQP11,0.03228609
KCNG2,0.0
SHISA3,0.07826516
OR2D3,0.0
CALML3,0.15870874
CALML5,0.0
PLEKHM3,0.029791646
ZNF223,0.018465865
HTR1A,0.0
CCDC185,0.0
DNAJC22,0.020854548
NEUROG2,0.0
CEP295NL,0.0
BEND3,0.0044927164
CTDP1-DT,0.0
TIMM23B-AGAP6,0.0
GLDC,0.12283903
LINC00314,0.004433207
MCMDC2,0.0066646393
TUBAL3,0.005222012
UCN3,0.0034635873
AMBN,0.0
CA8,0.0596658
ERBB4,0.26297736
OR6B3,0.0
DEFB125,0.0
PSAPL1,0.0
OTOS,0.0
C10orf53,0.0
ZNF713,0.0
DYNAP,0.0
GP5,0.0
LMO7DN,0.0
STX19,0.0
ERFE,0.0
CPN2,0.024287203
C5orf46,0.0
CD300LB,0.0
GDPD4,0.0
RIIAD1,0.009586763
ADORA2A-AS1,0.022485
H1-8,0.0
TMEM52,0.01917794
TMEM139,0.10153649
RNF186,0.19067943
RFLNA,0.0
FOXE1,0.0
TPRX1,0.0
LGALS7B,0.0049806666
ERICH3,0.0
EXD1,0.0
AURKB,0.0
TAS1R2,0.0
C14orf39,0.0
KLHDC7A,0.089304864
ENSG00000179028,0.0
TRIML2,0.0
OR13D1,0.0
IGSF22,0.029148996
C9orf50,0.02082865
ZFP42,0.0
ENSG00000179066,0.0
CCDC89,0.0
FAM133A,0.0
C12orf42,0.0
HTR1F,0.0
TMTC2,0.02996027
HES7,0.0
C10orf67,0.018572558
LINC00670,0.0
MTUS2-AS1,0.0
CYP11B2,0.0
ALOXE3,0.0
PXT1,0.0
GGN,0.0022456655
HNRNPCL1,0.0
SIGLECL1,0.0
LINC00311,0.0
CDH4,0.0
ENSG00000179253,0.0
PCARE,0.0
DAND5,0.0
TMEM151A,0.0
NSUN7,0.022727571
RTL3,0.0
FAM156B,0.0
RAB39A,0.0
ARID3B,0.015123209
TMEM31,0.004228861
CATSPERE,0.0064823343
GPC5,0.1503557
LINC00174,0.0
DNAJB8,0.0
HNRNPCL4,0.0
IL6-AS1,0.0
SLC24A3-AS1,0.0
LINC01699,0.0
MKRN3,0.0
OR9A2,0.0
ALOX12B,0.0
SLC17A8,0.0
HTR1D,0.0
LSMEM2,0.0
RNF151,0.0
PLD6,0.01825506
GPHB5,0.0
GRM8,0.0
OR2AP1,0.0
OR6C4,0.0
TPPP2,0.0041511483
RPRML,0.00843469
ARL14,0.0
LINC00305,0.0
OR6C2,0.0
WDR97,0.0042063743
NLRP8,0.0
APOBEC3B,0.0
SYCN,0.0
ENSG00000179755,0.0
ATOH7,0.0005449023
LRRC3B,0.0
FAM216B,0.0
MRGPRX4,0.0
MRGPRX3,0.0
PIK3CD-AS1,0.0
NKPD1,0.0
RNF227,0.011848768
ABCA13,0.0016168453
NLRP11,0.0
CFAP276,0.0
B3GNT3,0.0
NRXN1,0.0
OR10A7,0.0
ZNF784,0.02040221
ZNF648,0.0
CCR8,0.0
LINC00652,0.0
GOLGA8J,0.0
PSTK,0.02508156
OR1E1,0.0
OR1R1P,0.0
GARIN5B,0.0
C3orf80,0.0
NKX2-6,0.0
TMEM150B,0.0
LINC02870,0.0
ANKRD18A,0.010637456
WFDC11,0.0
TMEM86B,0.008148583
OR3A1,0.0
TDRD6,0.00914928
REDIC1,0.0
CSNK1A1L,0.0
ACTA2-AS1,0.0
TH,0.0
WFDC9,0.0
MYL11,0.012508658
F2,0.0
GARIN6,0.0
RRH,0.0
SLC9A4,0.09143214
PRNT,0.0
ADGRD2,0.0
GPR139,0.0
TMEM277P,0.0
PLD5,0.0
WFDC10A,0.0
PNPLA1,0.0059180036
ALX1,0.0
KCTD4,0.0
TIGD2,0.010930501
ITPRID1,0.0
DEFB124,0.0
KRTAP9-7,0.0
ATP5F1EP2,0.0
LINC00304,0.0
HARBI1,0.004874481
DEFB123,0.0
CYP8B1,0.015787257
OR6K6,0.0
TPRXL,0.0
SERTM1,0.0
ENSG00000180458,0.0
OR10Q1,0.0
GLIPR1L2,0.018167613
DEFB119,0.0
ZSCAN4,0.0
BHLHA15,0.0
RNF182,0.0
LINC02908,0.0
FUT7,0.0
EIF2S3B,0.0
SKIDA1,0.013476185
MB21D2,0.00871242
GSX2,0.0
SLC47A2,0.030538728
OR2A4,0.0
MAB21L1,0.0
C3orf22,0.0
OR10K2,0.0
LINC02363,0.0
CHRM4,0.0
SHISA2,0.004629712
S1PR5,0.0072336583
CLRN3,0.049026717
AGTR2,0.0
ANKRD30B,0.0
OR51E1,0.006597711
ZFP3,0.022566374
ARSJ,0.022445865
MAP3K15,0.030681819
BHLHE22,0.0
MAP6D1,0.0
CSNK1G2-AS1,0.0
ZNF443,0.009623883
LINC01559,0.0
LINC01555,0.002738789
CXCR2,0.0
DEFB112,0.0
GREM2,0.0
C11orf42,0.0
CAPS2,0.018257651
TTTY11,0.0
OR56B4,0.0
GPR62,0.0032170997
OR56A1,0.0
ZNF572,0.0047822134
OR52E4,0.0
OR52N2,0.0
GPR137C,0.0
C1orf105,0.0
OR52N1,0.0
OR52N5,0.0
OR56B1,0.0
AEN,0.009405691
FKRP,0.047518946
CHRM2,0.0
OR52N4,0.0
MAPK15,0.003686647
ADIPOQ,0.0
LINC02878,0.0
ENSG00000181123,0.0
ZNF707,0.007887377
MUC16,0.0
FER1L6-AS1,0.0
PENK,0.0
C4orf50,0.0
TMEM132C,0.009058154
SLC25A41,0.0014529146
OR5AK2,0.0
TMEM132E,0.0027485644
NME9,0.0
SPEM1,0.0
HEPHL1,0.0
OFCC1,0.0
OR5M8,0.0
CCL13,0.0
CFAP65,0.0
UTS2R,0.0
DDN,0.0
SAGE1,0.0
SOX2,0.0
OR6T1,0.0
MAB21L2,0.0
FANCB,0.003745174
EDDM3B,0.0
EDDM3A,0.0021812893
LINC03040,0.013028993
TMIE,0.0031736745
OR52D1,0.0
OR52H1,0.0
FDCSP,0.0
SLX1B,0.0
ANKRD62,0.0011358093
TNFSF15,0.0033466902
ZFP41,0.018918164
GPR88,0.0
OR8H1,0.0
OR5T1,0.0
OR5T2,0.0
OR2Z1,0.0
OR8K5,0.0
OR8H3,0.0
OR8H2,0.0
GPR3,0.006655327
TMEM252,0.0
CIMAP1D,0.0
OR5AS1,0.0
ACTL9,0.0
ADGRB1,0.0
LINC00471,0.0
CELF2-AS1,0.0
OR6S1,0.0
TIGIT,0.019502228
FTMT,0.0
OR4C6,0.0
LINC02724,0.0
OR4P4,0.0
GINS3,0.0036898558
OR4C15,0.0
OR4A15,0.0
OR4A16,0.0
OR52K2,0.0
NEUROG1,0.0
LINC00301,0.0
PNMA8A,0.042022817
ENSG00000182021,0.0
ADIG,0.0
USH1G,0.0
MGAT4C,0.0
TRIM49B,0.0
OGFRP1,0.0
OR52A1,0.0
PTCHD3,0.0
OR6B2,0.0
TMEM30B,0.09899075
ZNF716,0.0
KCNIP1,0.0074734725
ENPP7,0.009809057
MRGPRG,0.0
ASB18,0.0
CRYGB,0.0
HHIPL1,0.0
ZAR1,0.0
CYB5D1,0.06374271
KCNA4,0.0
GABRG3,0.0
PRR34,0.006076156
NLRP10,0.0
IZUMO1,0.0
TMIGD1,0.0075945337
B4GALNT4,0.0
DCAF4L1,0.0055319206
MBD3L3,0.0
ZSCAN22,0.0066180415
GLTPD2,0.09800113
KIAA2012,0.0
PRAMEF8,0.0
LIPF,0.0
OR5P3,0.0
DAOA,0.0
ZNF804B,0.0
CD300LD-AS1,0.0
FAM87A,0.0
PIEZO1-AS1,0.0
NXPH4,0.003243919
CACNB4,0.027056541
IFNL1,0.0
PGBD4,0.014942424
CDY2A,0.0
OTOL1,0.0
KCNK4,0.0
TEX19,0.0
XKRX,0.0
LHFPL1,0.0
TBPL2,0.0
CAV3,0.0
RNASE10,0.0
SPNS3,0.046036683
NXPH3,0.0
EPHB3,0.0074909725
VCX,0.0
EPGN,0.0
LINC00334,0.0
KRTAP11-1,0.0
HS3ST4,0.0
TSPAN10,0.014481606
OR2V2,0.0
RXFP3,0.0
OR10G7,0.0
CCDC172,0.0
OR4Q3,0.0
NTM,0.0
KCNB2,0.0
PPP1R27,0.0013880151
BRICD5,0.01682781
GALR2,0.0021172366
RESP18,0.0
SLC35D3,0.0
MAFA,0.0
GRID1,0.0
ENSG00000182776,0.0
OR2T29,0.0
CCDC87,0.0015764951
GSTA5,0.0
C1orf116,0.035247985
MAGEB17,0.0
KRTAP13-2,0.0
FAM230E,0.0
OR4F15,0.0
GALNT9,0.05765093
PRKCZ-AS1,0.0
ADGRG3,0.0
GLUD2,0.0054610744
TMEM95,0.0
TCHHL1,0.0
RGS7,0.003621758
SLC25A18,0.0023633929
TCEAL7,0.029188337
WFDC10B,0.0
OTOP3,0.0
CIMAP1C,0.0
SOX1,0.0
OR4M2B,0.0
ZNF320,0.0025485775
C12orf60,0.0152371265
OR1G1,0.0
SLC25A21,0.012635863
OTOP2,0.0
CYLC1,0.0
PCP4,0.20512326
RGPD6,0.0
WBP2NL,0.008743973
IGSF5,0.00485463
NKX2-5,0.0
FREM3,0.0
NEB,0.051767178
BEGAIN,0.0
FAM43B,0.0035507174
CSMD1,0.0042621484
CALHM3,0.0
PTGDR2,0.0
RIPPLY3,0.0
PRORY,0.0
ANKRD20A2P,0.0
GPR19,0.0
GJD3,0.0
ENSG00000183154,0.0
CALN1,0.0035762417
GABRR3,0.0
C2CD4C,0.0
CHST6,0.0
POTEC,0.0
GDPGP1,0.016330598
CTNNA3,0.0044475747
WT1-AS,0.0
RIMBP3C,0.0
PRR36,0.027598333
LINC01547,0.009295991
OR51B4,0.0
ABHD16B,0.0
OR52E8,0.0
CCDC60,0.0
PLGLB1,0.009032742
PRSS40A,0.0
OR5P2,0.0
FAM9A,0.0
MAGEA2B,0.0
TMEM121B,0.0
ENSG00000183308,0.0
OR2T34,0.0
OR52L1,0.0
EPHA10,0.0
SPDYE4,0.0
REC114,0.0
BOLA2,0.0
CABCOCO1,0.01244738
GBP6,0.0
OVCH2,0.009327623
SYNDIG1L,0.0
TTTY8,0.0
OR56A4,0.0
PMCH,0.0
TMEM89,0.0
TEKTIP1,0.0
RIPK4,0.07874344
LRIT3,0.004011641
TFDP3,0.0
GRIN2A,0.0021595247
URAD,0.0
FLJ40288,0.0
SH2D7,0.0
TREX2,0.0
GPR132,0.005603569
COL18A1-AS1,0.012899586
KLRC4,0.0060460297
ACSM5,0.027524337
C10orf120,0.0
IZUMO1R,0.0
ENSG00000183562,0.0
PCBP3,0.0021843296
PGPEP1L,0.004195608
H3C13,0.0
GKN2,0.0
CCR3,0.0
DGCR6,0.034600038
GOLGA8G,0.0
PRR32,0.0
TP53TG3,0.0
RP1L1,0.0
KRTAP8-1,0.0
C15orf32,0.0
HOATZ,0.0
ZNF530,0.0048452057
MARCHF11,0.0
KLHL25,0.008039283
TAFA1,0.0037622722
PSG9,0.0
CMKLR2,0.0
LINC00518,0.0
BMP8A,0.0
EFHC2,0.004487423
NOG,0.0
MRGPRX2,0.0
OR4N4,0.0
IFNL2,0.0
OPCML,0.022394817
FIGLA,0.0
BPY2,0.0
ACP7,0.0
KREMEN1,0.07002805
TRAIP,0.0
CHEK2,0.0058013834
FOXL2,0.0
AIFM3,0.028061701
KCTD16,0.012263647
SLC35F3,0.013279454
KCTD8,0.0036822995
TUBA8,0.0
NPIPA5,0.0021459144
BPY2B,0.0
EMILIN3,0.0
CCR4,0.0
LIN9,0.00722545
NCF4-AS1,0.0
ANKRD45,0.0034936434
CFAP91,0.030911064
PNMA3,0.01155936
GPR39,0.011122808
IQGAP3,0.0
CNGA2,0.0
SCN5A,0.0
ARSI,0.0
UTY,0.058644593
NPIPA6,0.002024871
LRRC55,0.0
DNAH2,0.0
SDR42E2,0.0017448325
TRBV21OR9-2,0.0
KCNH8,0.0
PP2D1,0.0
TMPRSS2,0.13349481
OR2T10,0.01254312
DSCR4,0.0
KRTAP20-2,0.0
CTAG1B,0.0
DIABLO,0.0
TBX1,0.0
SREBF2-AS1,0.009193995
TRIML1,0.0
ENSG00000184115,0.0
OR4F6,0.0
CNTN2,0.0
SPRR4,0.0
OR10J5,0.0
C1QTNF12,0.020333424
OR1D2,0.0
KCNJ12,0.010861538
GPR173,0.0
DGAT2L6,0.0
OLIG1,0.10670426
NDUFV1-DT,0.0
ALDH1A3,0.012209386
H2AC21,0.002289109
POU6F1,0.014681451
LINC00315,0.0
DEFB108B,0.0
SIX6,0.0
PRKD1,0.09414943
ZDHHC23,0.027581848
MROH7,0.026046228
OR51J1,0.0
S100A7A,0.0
SRPK3,0.0
GDF3,0.0
IQCF2,0.0
EFNA5,0.091154635
MRGPRE,0.0
KRTAP19-1,0.0
H1-5,0.0
SPATA32,0.0
MAP7D2,0.013245771
ACTRT3,0.004409513
PLA2G6,0.0423636
PABPC1L2B,0.0
A3GALT2,0.0
OR4N5,0.0
KCND2,0.0
LRRC19,0.050078876
KNTC1,0.010356383
CCR10,0.012451931
NCMAP,0.004254808
BPIFC,0.0
C1QTNF8,0.0
OR56A3,0.0
FOXO4,0.040877257
POU3F2,0.0
FOXD4L1,0.0
GAST,0.0
NUTM1,0.0
CEND1,0.010267891
C6orf58,0.0
DHRS7C,0.0
SPEM2,0.0
SLITRK6,0.0
ENSG00000184566,0.0
PIWIL3,0.0
TAFA3,0.0
C14orf180,0.0083039
FAM167A-AS1,0.0041613895
KCNH7,0.0
NELL2,0.006353466
PRSS55,0.0
ODF4,0.0
FOXD4L4,0.0
CDCA2,0.0
RALYL,0.21457668
H2BC21,0.035593376
CLDN6,0.0
OR51M1,0.0
SEPTIN5,0.0
LRRC26,0.0049872026
SERINC4,0.0
RNLS,0.111811996
KRTAP6-1,0.0
DDX53,0.0
PRSS40B,0.0
DYNLT2,0.033437885
SATL1,0.0033922885
OSBP2,0.0273542
B3GALT5-AS1,0.0
TRARG1,0.0
PRR23B,0.0
ZBTB7C,0.0
LINC00308,0.0
TMEM186,0.061909646
SDR42E1,0.02168924
SRY,0.0
ENSG00000184906,0.0
CLCNKB,0.7001653
DMRTC1B,0.0
NUTM2A,0.005199776
LCN12,0.06170191
OR6A2,0.0
WT1,0.008986254
AQP12A,0.0
FAM227A,0.0018953346
OR6C70,0.0
MUC6,0.03446994
CHRM5,0.0
SORCS2,0.028647877
TTTY13,0.0
IFNE,0.0
SLC22A10,0.0
RFX6,0.0
ROBO2,0.006302896
NT5C1B,0.0
LRRC14B,0.0
MROH2A,0.0
SPDYE16,0.0
ANKS1B,0.0063391877
SGCZ,0.0
EFCAB10,0.0
C5orf47,0.0
UFD1-AS1,0.0029009692
KRT76,0.0
MANEAL,0.011465412
MYADML2,0.0
H2BC13,0.0
INPP5J,0.1154586
NPY2R,0.0
MIXL1,0.0
MFSD6L,0.012271217
NOMO2,0.0
LINC00482,0.0065807183
AQP12B,0.0
ZNF479,0.0
LINC00313,0.0
PRSS57,0.0
WASIR1,0.0
MC2R,0.0
GP1BA,0.0
MAGEA11,0.0
PPIL6,0.038918044
ZNF74,0.01639626
CIMIP4,0.0
CDNF,0.01602054
NOTUM,0.0
KLHL33,0.0
RBM11,0.01160679
GALNT17,0.008951893
NUPR2,0.24786861
SPPL2C,0.0
SFTPA2,0.0
RGPD2,0.005712084
C12orf56,0.013277385
SCN10A,0.0
TMEM105,0.0
PRKN,0.06294394
HS6ST3,0.0
OR2V1,0.0
OR7A17,0.0
MAPK11,0.021545969
LINC00158,0.0
IFNLR1,0.019543143
FAM47A,0.0
KPNA7,0.0
KRT6B,0.0
ROR1,0.00815555
L3MBTL1,0.016501227
SV2B,0.0
FAM131C,0.064876996
SPATA45,0.0
PDE6G,0.009202925
DLK1,0.005082547
LSAMP,0.00521981
SPATA8,0.0
DBX2,0.0
PDIA2,0.0
SHC4,0.0014139493
KRT79,0.0
SMIM23,0.0
PMEL,0.010535384
SYN3,0.0
POU3F1,0.0
SNAI3,0.0067924894
ZBTB3,0.016469803
LYG2,0.0
MORN5,0.009090008
EP400P1,0.0
PRAME,0.0
TEX56P,0.0
TTTY8B,0.0
ZNF696,0.009391737
ADARB2,0.0034720872
SRL,0.0038822182
C11orf87,0.0
CLDN24,0.0
KCNQ5,0.0
KCNIP4,0.026088737
SPATA31A6,0.0
NLRP9,0.0
NAT8L,0.092936024
OR6C76,0.0
NPAP1,0.0
HDHD5-AS1,0.028450333
LINC01405,0.0
CCDC190,0.0
TMEM210,0.0
NPIPB4,0.0021050686
TMPRSS11B,0.0
ATP6V0C,0.009656219
PRSS38,0.0
BPY2C,0.0
FFAR3,0.0
TAS2R60,0.0
POMK,0.001990225
KLHL34,0.0
RTN4RL1,0.0024901212
OR4C46,0.0
CALHM1,0.0
KRTAP5-5,0.0
NKAIN3,0.0
FAM186A,0.0
SHOX,0.0
LCE3A,0.0
LCE3E,0.0
CCIN,0.0
GRK1,0.0
DEFB128,0.0
SLITRK2,0.0
PLK5,0.0
LEMD1,0.0
ATP4B,0.0130923055
ZNF225-AS1,0.008024681
ZNF284,0.011582935
HTR3E,0.0
KRT73,0.0
TAL2,0.0074076923
MATN1-AS1,0.00851708
ZPBP2,0.0
KRT5,0.0
NBPF6,0.0
HTR3D,0.0
OR4F5,0.0
AGBL4,0.008656379
ARGFX,0.0
CYP2R1,0.01849302
LRRC70,0.0
OR5D14,0.0
CYP4F2,0.046618793
TEX38,0.0
OR5D18,0.0
TAS2R42,0.0
PRR30,0.0
DEFB131A,0.0
UBL4B,0.0
CYP4Z1,0.0
KIF18B,0.0
BPIFB3,0.0
BPIFB4,0.0
SAPCD2,0.0028810133
SLC51B,0.05833113
LCE5A,0.0
SOWAHB,0.0
LCE1E,0.0
ZNF749,0.011105514
KLHL32,0.007335231
BTLA,0.004924359
ZNF17,0.014509688
KDM4D,0.0044932226
GPAT2,0.007878848
PABPC1L2A,0.0
GABRA5,0.0
OR10T2,0.0
PRELID2,0.008213285
RGS9BP,0.0
TMEM212,0.0
SLC36A3,0.0
SLC36A2,0.08247877
MINAR2,0.0
SERTAD4BP,0.0
CYP4X1,0.021567706
KRT26,0.0
GOLGA8R,0.0
FCAR,0.0
TRDN,0.0
OR6P1,0.0
KRT3,0.0
ZNF501,0.009079629
SPATA12,0.0
TMPRSS12,0.0
FAM228A,0.0
DEFB132,0.0
AKAP14,0.0
PCLO,0.08296668
KLK12,0.0
MYT1L,0.0
OR9Q1,0.0
CLCNKA,0.318043
OR9Q2,0.0
FAM86B1,0.006854848
CYP4F8,0.0
CYP4F3,0.08016775
DEFB105A,0.0
FOXD2,0.0072807935
CEACAM19,0.0052524894
DEFB107A,0.0
DEFB106A,0.0
SPATC1,0.0
DEFB105B,0.0
HPDL,0.0
KTN1-AS1,0.005950813
FSD2,0.0
KIF24,0.0016202308
CARMIL3,0.00333585
PRG2,0.0
MAGEE2,0.0
CYP27C1,0.0
CFAP73,0.0032158555
CCDC73,0.0
OR10H1,0.0
MPPED1,0.0
FSCN2,0.0006982163
FOXI2,0.0
ZNF732,0.0
SPATA31D3,0.0
FOXE3,0.0
HYAL3,0.0076673413
KCNK18,0.0
IFNA10,0.0
VSIG10L,0.0
CXCR3,0.012115374
CDRT15P3,0.0
KRT16,0.0
SELENOV,0.0
LCE1A,0.0
KRT14,0.0
TRABD2A,0.0033211429
KRTAP17-1,0.0
PDZD7,0.0032081455
QRFPR,0.0
ERCC6L,0.0
OR13F1,0.0
OR5D3P,0.0
TMEM17,0.024469566
FGF3,0.0
C1QL4,0.0
RTN4RL2,0.02204185
SERPINA11,0.0
P2RY4,0.0
ZACN,0.0
KRTAP22-1,0.0
KRTAP19-6,0.0
KRTAP6-2,0.0
OR13C8,0.0
TMEM232,0.007739953
LINC01551,0.0
KRTAP19-2,0.0
KRTAP19-4,0.0
KRTAP15-1,0.0
KRTAP13-4,0.0
EFCAB6,0.0111329025
KRTAP19-5,0.0
KRTAP23-1,0.0
ACTL7A,0.0
KRTAP21-1,0.0
RHD,0.0
LINC00207,0.0
ESPN,0.1393234
PNLIPRP1,0.0
KRTAP21-2,0.0
SAMD7,0.0
GPR141,0.0
TMPRSS6,0.0
CYP4A11,0.14836773
TMPRSS11A,0.0
TMEM262,0.0
OR2AK2,0.0
DEFB106B,0.0
CCK,0.0
HEATR4,0.0
SLIT1,0.0
LYPD6,0.021558914
VSTM2B,0.0
FOXD3,0.0
SPATA21,0.0
ANGPTL5,0.0
H1-7,0.0
LCE4A,0.0
LCE2A,0.0
KRTAP12-1,0.0
LCE2C,0.0
ENSG00000187185,0.0
DAZ3,0.0
LCE2D,0.0
ENSG00000187229,0.0
LCE3B,0.0
KRT12,0.0
MAGED4B,0.0
NPSR1,0.0
FAM9C,0.0
KRTAP9-8,0.0
CIDEC,0.0
DCC,0.0
PCDHB13,0.002765524
LUZP2,0.0
LHFPL3,0.0
H1-6,0.0
KCNJ11,0.005502268
CDHR4,0.0
PLEKHG7,0.010348226
H2AP,0.0
ATP13A5,0.0
PRR27,0.0
IFT140,0.027117036
POTEG,0.0
PRAMEF10,0.0
AGMO,0.008310204
SBK2,0.0
CYP26C1,0.0
NANOS3,0.006488886
FOXD4L3,0.0
NHLRC1,0.0
DPPA3,0.0
COX8C,0.0
PLEKHN1,0.0
ZNF385C,0.005678174
LINC02583,0.0
OR5W2,0.0
MYMK,0.0
RGPD1,0.0
SAMD11,0.02486038
C5orf52,0.0
HAPLN4,0.0
ERC2,0.0
B3GLCT,0.037030924
ERAS,0.00094776595
AMTN,0.0
EZHIP,0.0
OR2T27,0.0
SLC18A3,0.0
KBTBD12,0.0057581053
DNAJB13,0.0
AMY1C,0.0
NHEJ1,0.0031540638
FANCA,0.0
OR52B6,0.0
C9orf153,0.0
SSX7,0.0
KRTAP10-8,0.0
LIN28B,0.0
DIPK1C,0.0
DNAH17,0.0
TMEM72,0.2804766
SPATA31F3,0.0
ZNF70,0.009836053
ZFP69B,0.0
TMEM202,0.0
ZFP69,0.0061495393
HELT,0.009351568
RTL4,0.0
C2orf78,0.0
PLSCR3,0.0054866415
P2RX2,0.0
ASCL4,0.004344015
OR6C75,0.0
CCDC157,0.0097697815
TTC24,0.0
GFRAL,0.0
FYB2,0.021032605
SHISA7,0.0
LRRC74B,0.0
DMBT1,0.0
CLEC17A,0.0
OR51I2,0.0
LCN10,0.0
LDLRAD2,0.0
C2orf66,0.0
OVCH1,0.0
ENSG00000187951,0.0
DNER,0.05247496
CPSF4L,0.0
KLHL17,0.014245166
ZCCHC13,0.0
FAM230D,0.0
PLA2G2C,0.0
ZSCAN23,0.0
C17orf99,0.0
OR7D2,0.0
SNHG28,0.0
RTP5,0.0
S100A3,0.0025342535
C19orf67,0.0
ZNF490,0.005514983
CLCN1,0.0
NRN1L,0.0
NWD1,0.012517215
RNF133,0.0
TMEM221,0.0
TREML4,0.0
WNT7B,0.0
SCGB1C1,0.0
PRSS45P,0.0
PLA2G4E,0.0
GPR89B,0.035388835
FAM25A,0.0
EYS,0.0
DAZ1,0.0
OR2AG2,0.0
TMEM215,0.0
NUTM2G,0.0
KRTAP10-6,0.0
OTOG,0.0
CIMIP2A,0.0
TMPPE,0.0024465134
HEPACAM2,0.05187081
SMTNL2,0.06563162
LINC00265,0.0030628198
NUTM2B,0.0
NCR3LG1,0.0009869856
POTEE,0.0
ENSG00000188223,0.0
ZNF793,0.02711019
AGAP4,0.018887384
SLC9A3-OT1,0.0
PLA2G2A,0.0
IL17REL,0.0
OR7A5,0.0
C15orf62,0.0
FAM230G,0.0
RUFY4,0.0
IGFL1,0.0
PEAK3,0.0
LRRIQ4,0.0
ENO4,0.0012316334
SBK1,0.009503993
OR6C6,0.0
BSPH1,0.0
SLC38A3,0.012376345
OR6N2,0.0
ENSG00000188365,0.0
PRR19,0.0016744913
GPR15LG,0.0
H3-5,0.0
IFNA2,0.0
JAKMIP3,0.0
PPP3R2,0.0
PDCD1,0.014670359
CLEC2A,0.0
GPR21,0.0
DYNLT4,0.004858186
IGHV1OR15-9,0.0
MAGEB5,0.0
NANOS2,0.0
CERKL,0.052160066
SLC24A5,0.0
INSC,0.0026433691
SERPINA5,0.47441104
LCTL,0.0
NCCRP1,0.039568726
KRTDAP,0.0
MIR3667HG,0.0045637325
FAM83G,0.0059051663
CFAP77,0.0
OR2G6,0.0
NDOR1,0.014469627
FBLL1,0.0
NKAIN2,0.0
KRTAP1-1,0.0
PAQR9,0.0
CLEC20A,0.0
CFAP54,0.0032524038
FAM72B,0.0
ASAH2,0.0031113976
HMX3,0.0
IGFL3,0.0
GOLGA8M,0.0
ZNF177,0.0
RTL6,0.037075024
RNASE9,0.0
SAXO2,0.012433935
LINC00319,0.0
RHCE,0.0
C2orf80,0.0
IDO2,0.0
SLC4A5,0.0063756565
OR56A5,0.0
CYP51A1-AS1,0.0021310498
KRTAP24-1,0.0
ZBED10P,0.013628588
QRFP,0.0
DUSP29,0.0
OSTN,0.0
VWC2,0.0012400235
FAM221A,0.041610353
FSIP2,0.0
NOXA1,0.031480856
TMEM198,0.007356395
BCL2L15,0.0
FZD9,0.0
OPTC,0.0
PLET1,0.0
ADRB3,0.0
SKOR1,0.003037607
CATSPER4,0.0
PLA2G2E,0.0
TMCO2,0.0
SHISA6,0.0020612641
TMEM201,0.050509173
HMX2,0.03377683
SNTN,0.0
ZDHHC11,0.00726408
CNR2,0.0
LINC00910,0.0027639084
SLX4,0.012139481
GLRA4,0.0
ENTPD8,0.003587608
BEND4,0.0
FAM78B,0.0045620417
TMC3,0.0
KLRG2,0.0
ASTL,0.0
ENSG00000188897,0.0
BSX,0.0
GJB3,0.0
INSYN2A,0.0
TRMT2B,0.023063067
CFAP126,0.0
NYX,0.0
UTS2B,0.0
C9orf152,0.0
MSANTD1,0.0
AADACL3,0.0
SLC15A5,0.0
LIPI,0.0
LRRC66,0.0
HUS1B,0.0
SBSN,0.0
KIR2DL4,0.0
MAGEB16,0.0
VHLL,0.0
DUSP21,0.0
RNF222,0.0
CGB5,0.0
FAM111B,0.0
GAGE2A,0.0
VSTM1,0.0
FAM25G,0.0
PRSS48,0.0
IL1RAPL2,0.0
SP6,0.0
ANKRD34B,0.0
FAM47B,0.0
NKAPL,0.021858685
FSCB,0.0
ABCA15P,0.0
ZNF527,0.024997536
ZAR1L,0.0
KRTAP10-12,0.0
OR14I1,0.0
KRT77,0.0
DCAF8L2,0.0
LINC00994,0.0
ENSG00000189229,0.0
NUGGC,0.0
LINC00943,0.0
SPANXN3,0.0
TRIM64B,0.0
DRICH1,0.0034796656
LINC01164,0.0
GJB5,0.0
ALKAL2,0.057552624
FOXR2,0.0
ENSG00000189316,0.0008941293
BNIP5,0.0
SPANXN4,0.0
TOGARAM2,0.0069764964
SPATA31D4,0.0
KIAA0408,0.0
TBC1D28,0.0
CXCL17,0.0
OTUD6A,0.0
SH2D5,0.0
SPATA41,0.00306564
ZFP92,0.0032276274
RASSF10,0.03998294
GJB4,0.0
OR2L13,0.0
SYCP2,0.06255549
ZNF724,0.0
MYBPC1,0.0
PAX5,0.0
SPAG16-DT,0.0
OR5K4,0.0
OR6M1,0.0
SPOCK3,0.0
ZNF699,0.015898913
CFAP119,0.020386934
OR8A1,0.0
VN1R2,0.0
MYT1,0.0
SERPINA3,0.0
ZNF79,0.0054985182
PLEKHG4,0.004841208
KRTAP4-3,0.0
LINC03042,0.0
COLCA1,0.1824662
KIF19,0.0
OR6K2,0.0
ZNF681,0.010535766
OR10J1,0.0
CTSE,0.0
SRGAP3,0.056416675
KRTAP5-3,0.0
SULT1C3,0.0
OR2T2,0.00334308
OR2C3,0.0
LINC00615,0.0
OR10S1,0.0
SFTA2,0.028787043
OR10J3,0.0
LINC00523,0.0
GRM7,0.0
BECN2,0.0
ATP2A1,0.0037485084
STK31,0.0
CGB7,0.0
NLGN3,0.0
OR8D1,0.0
ADH7,0.0
ZKSCAN7,0.005344357
ZNF729,0.0
CPNE4,0.0
ELAVL3,0.0
C9orf163,0.004413815
NUDT11,0.0
SLC35F1,0.0052276403
INCA1,0.0067283907
ZNF774,0.011531463
SPANXD,0.0
THEM5,0.0
NOXO1,0.008217388
PRTN3,0.0
NBPF4,0.0
CRYBA4,0.0
ASMT,0.0
NPIPB15,0.0
ZNF775,0.02661844
RFX8,0.0
FGF16,0.0
GK2,0.0
ESRRG,0.24693574
ARL9,0.0035650183
OR2T3,0.0
SPTSSB,0.0
CCDC196,0.0
HBG2,0.0
ENSG00000196566,0.0
PFN3,0.0
OR5AC2,0.0
AJAP1,0.082523614
MBD3L2B,0.0
SLC22A25,0.0
POTEF,0.0
ZNF846,0.027525313
MMP1,0.002201424
UGT2B15,0.0
LUADT1,0.0
HRH1,0.007522064
ZNF502,0.016657818
SLC30A10,0.0
FAM180B,0.0
TRPV1,0.015207246
ALKAL1,0.0
LCE1B,0.0
LINC01560,0.0079494305
H2AC13,0.0
CLPSL2,0.0
S100A2,0.47826442
LINC02991,0.0
POU3F4,0.008977928
OR14A16,0.0
OR52K1,0.0
H2AC11,0.0068930923
SPINK14,0.0
SPRR2B,0.0
CHRNG,0.0
ZSCAN16,0.025510782
ENSG00000196826,0.0
OR11G2,0.0
POTEI,0.0
PATE2,0.0
KRT39,0.0
TOMM20L,0.0
RGPD4,0.0
H2AC7,0.0
SCN8A,0.0
LAMB3,0.006426252
H2BC26,0.0
ENSG00000196893,0.0
SPMIP10,0.0
HCAR1,0.0
TMEM26,0.008548452
OR2T4,0.0
ZNF705A,0.0
SCOC-AS1,0.0130031975
SMIM10L2B,0.012859002
GPRACR,0.0
FAM163B,0.0
NPIPB9,0.0
ZNF398,0.016802438
SIGLEC15,0.0
KRT35,0.0
LCE1C,0.0
HRG-AS1,0.091738015
SLC6A17,0.022009742
IFNL3,0.0
ZGPAT,0.0
ZNF679,0.0
OR8B8,0.0
ADAM32,0.0
H3C12,0.0
SULT1A2,0.040551763
MAGEA6,0.0
LINC02291,0.0
ADGRA1,0.0026349504
PIWIL2,0.0
CYSRT1,0.004247946
SLC22A4,0.011614797
ENSG00000197210,0.0
ZSCAN5B,0.0
OR1J2,0.0
SLC2A7,0.0
LINC00336,0.003332798
C6orf141,0.0
IL27,0.0
GUCA2A,0.0
RAD54B,0.005457586
ZNF165,0.018493827
HMGA2-AS1,0.0072542853
OR10D3,0.0
TMEM132E-DT,0.0
ZNF833P,0.001154893
LYPD2,0.0054446477
ZNF98,0.010480058
ZNF786,0.007497818
S100A7L2,0.0
ENSG00000197376,0.0
ZNF860,0.0
OR6N1,0.0
DIO3,0.0
CYP2B6,0.018054325
H3C4,0.0
DCHS2,0.0
VEPH1,0.15337886
FABP12,0.0
SHPK,0.025709953
OR51D1,0.0
OPALIN,0.0
OR13G1,0.0
OGDHL,0.5603011
CYP2F1,0.0
OR2L5,0.0
ENSG00000197462,0.0
GYPE,0.0025508327
COL13A1,0.004695207
ZNF695,0.0
PCDHB11,0.00549305
GALP,0.0
ZNF665,0.010339381
LINC00477,0.0
SLC28A3,0.0
FAM177B,0.0
OR6Y1,0.0
CARINH,0.0
SSPOP,0.005107089
ELANE,0.0
COL4A6,0.016712986
ANKRD13C-DT,0.071126714
KCNMB2,0.010456398
ENSG00000197585,0.0
DMBX1,0.0
OR11L1,0.0
ENPP1,0.034231316
ATP11AUN,0.0
CCDC154,0.0023350082
MYH6,0.0
SERPINB13,0.0
ENSG00000197644,0.0
ZNF433,0.03920886
CCER1,0.0
DNAH10,0.0
SLC22A24,0.0
GRAPL-AS1,0.0
KRTAP26-1,0.0
KLHL14,0.036345035
OR6C74,0.0
CR1L,0.0073860097
C14orf178,0.0
SCGB1D4,0.0
CFAP43,0.014386291
LHFPL5,0.0
HOXC6,0.048175003
TXNRD3,0.023115052
STPG3,0.0
MAP1LC3C,0.0
KLHDC1,0.022841254
ZNF81,0.014278742
OR5B17,0.0
OR52M1,0.0
IGKV7-3,0.0
ENSG00000197813,0.0009768481
ENSG00000197815,0.0
CCDC180,0.030034965
CFAP299,0.0
H4C16,0.013011791
CYP2A13,0.0
OR8G1,0.0
INKA2,0.0
PRB3,0.0
MDS2,0.0047283513
OR1S2,0.0
UGT2B17,0.0
MEIG1,0.0041991174
SLC22A12,0.100887075
NRAP,0.0
SLC22A6,0.33191186
H2BC12,0.0
HRNR,0.0
IFNA1,0.0
ZNF311,0.0070573012
OR5H2,0.0
AADACL2,0.0
GOLGA6L9,0.010189135
ENSG00000197991,0.0
CLEC9A,0.008379168
KEL,0.0
DLGAP2,0.009458431
ENTPD7,0.0039963494
SPANXA1,0.0
ZNF560,0.0
TUBA3C,0.0
ZNF667,0.021621047
AVPR1B,0.0
DSCR8,0.011477839
POTEH,0.0
NPIPB13,0.0
AKR1B10,0.0
CYP2A7,0.0
KRTAP9-9,0.0
NUP62CL,0.01954695
KRTAP4-6,0.0
TMPRSS11F,0.0
OR2T6,0.0
CHSY3,0.0
LPAR1,0.0023952625
OR2L3,0.0
DEFB107B,0.0
NPIPB6,0.0
FAM47C,0.0
CLEC4C,0.0
ZNF607,0.015889555
BPIFA1,0.0
ZNF334,0.010336224
SULT1C2,0.28936857
ZXDA,0.010456301
ENSG00000198211,0.0
CACNA1E,0.0
AFDN-DT,0.03127768
FKBP1C,0.0
SLC29A3,0.012189549
KRTAP4-5,0.0
OR5B21,0.0
TMEM239,0.0
MYL4,0.0
HOXC4,0.040977705
DCAF12L2,0.0
ENSG00000198358,0.0
KRTAP13-1,0.0
TMEM207,0.14302322
NTRK1,0.016318597
KRTAP4-1,0.0
CCT8L2,0.0
LINC02692,0.0
FLVCR1-DT,0.018193552
RTP2,0.0
ANKRD35,0.0037373318
B3GNT6,0.0
ENSG00000198491,0.0
ATL1,0.022852851
ARMH1,0.017686676
C2CD4A,0.0
C20orf203,0.0
KCNRG,0.0
WDHD1,0.0037513224
ZNF789,0.022930654
SLC34A3,0.13090456
RD3,0.0
SPANXC,0.0
ARC,0.005636704
APRG1,0.0
ZNF536,0.0
MMP17,0.0
OR2M2,0.0
ZNF534,0.0
FAM3D,0.0
LPA,0.0
ENSG00000198671,0.0
TAFA2,0.010058762
OR10G6,0.0
OR5BS1P,0.0
MAGEA1,0.0
LINC01565,0.0
ABCA4,0.008781988
EIF1AY,0.33833298
GPX6,0.0
SSBP3-AS1,0.0
SAXO5,0.0
PPP1R14C,0.01193244
SMOC1,0.0042800875
LRRTM3,0.0
PLXNB3,0.0
OXCT2,0.0
COLGALT2,0.0012119851
EPS8L3,0.0
EGFL6,0.0
SYCP1,0.0
APCDD1L,0.006244636
FAM169A,0.047360398
GRIN3A,0.0
MUC2,0.0
SCAMP5,0.047454406
ALPK2,0.023854725
BRINP2,0.0
MAGEB3,0.0
PAX9,0.0
LRRC10,0.0
GRM3,0.0
SUCNR1,0.14134318
RYR3,0.0
STYXL2,0.0
TOX,0.031595502
KPLCE,0.0
STKLD1,0.017443927
ASB12,0.0
PNMA5,0.0
DCAF12L1,0.0
PRC1,0.0037753363
L1CAM,0.100761384
POU3F3,0.3565211
RASGEF1A,0.005463486
ATG9A,0.0
NOS1AP,0.024160694
CSAG1,0.0
ZFP2,0.0039636195
SOWAHA,0.036196563
MFAP3L,0.16293624
RORB,0.0055120466
OR10R2,0.0
OR10Z1,0.0
ENSG00000203258,0.0
ENSG00000203266,0.0
ENSG00000203279,0.007569798
KIAA1671-AS1,0.0
FAM78B-AS1,0.0
CARNMT1-AS1,0.0
ENSG00000203325,0.0
ZNF525,0.022052832
ENSG00000203327,0.0
ENSG00000203334,0.0
ENSG00000203335,0.0
LINC01562,0.0
POLH-AS1,0.0
ENSG00000203364,0.0
ENSG00000203392,0.0
ENSG00000203395,0.0
ENSG00000203402,0.0
ENSG00000203434,0.0
SUGCT-AS1,0.0
ENSG00000203469,0.0
ENSG00000203472,0.0
ENSG00000203496,0.0
PDCD4-AS1,0.004137214
ENSG00000203498,0.0
IQANK1,0.0118697835
RBMS3-AS2,0.0
SCUBE1-AS1,0.0
ENSG00000203565,0.0
LINC02408,0.0
IGBP1-AS1,0.0
ENSG00000203593,0.0
LINC00970,0.0009128078
ENSG00000203605,0.0
GP1BB,0.0
ENSG00000203620,0.0021836064
ENSG00000203635,0.0
ENSG00000203643,0.0
LINC00501,0.0027367298
LINC01285,0.0
OR2T5,0.0
OR2L2,0.0
IBA57-DT,0.0
LINC02487,0.0
TCP10L3,0.0
LINC00862,0.0
RAET1G,0.0
C1orf53,0.05940991
LINC00272,0.0
TEDDM1,0.0
GJE1,0.0
ECT2L,0.0
GPR52,0.0
NTMT2,0.0
TMEM244,0.0
OR6K3,0.0
FANK1,0.022410324
LORICRIN,0.0
PRR9,0.0
LELP1,0.0
SPRR2E,0.0
KPRP,0.0
FAM24A,0.0
DDO,0.015161132
LINC00222,0.0
PLPP4,0.021368826
BVES-AS1,0.0
LIN28B-AS1,0.0
H3C14,0.0
H2AC18,0.0
PNLIPRP3,0.0
H3C15,0.0
HSD3B1,0.0
HSD3B2,0.0
LINC02868,0.0
RBM20,0.030452538
SMIM9,0.0
C6orf163,0.0024081785
RIPPLY2,0.0
LIME1,0.0
SPATA42,0.0
ENSG00000203900,0.0
OOEP,0.0
KHDC3L,0.0
DPPA5,0.0
C1orf146,0.0
SPANXN1,0.0
SPANXA2,0.0
LINC00632,0.0
CXorf66,0.0
C10orf62,0.0
SAMD13,0.007628161
CCDC160,0.06824729
C1orf141,0.0
DEFB110,0.0
ENSG00000203971,0.0
GLYATL3,0.0
LDLRAD1,0.0
ENSG00000203987,0.0
RHOXF2B,0.0
ZYG11A,0.0042057913
LINC01270,0.0
LCN8,0.0
ENSG00000204003,0.0
C1orf185,0.0
GLT6D1,0.0
IFIT1B,0.0
COL5A1-AS1,0.0
CT83,0.0
LIPN,0.0
LIPK,0.0
LIPJ,0.0
TRPC5OS,0.0
LRIT2,0.0
SLC12A5-AS1,0.0
LRRC73,0.017730258
IER5L-AS1,0.0
FOXO6,0.00055954425
TCEAL5,0.003223063
TCEAL6,0.0
RPA4,0.0
TDRG1,0.0
NEU4,0.03055924
LINC02520,0.0
ENSG00000204117,0.0
NAP1L6P,0.0
C2orf72,0.010813844
CLPSL1,0.0
ASAH2B,0.010051088
LINC00474,0.0
AGAP6,0.016226068
CXorf65,0.0
NPY4R,0.0
GPRIN2,0.015196956
GDF5-AS1,0.0
TXNDC8,0.0
AWAT1,0.0
LINC02731,0.0029148443
OR13C3,0.0
COL11A2,0.0039027445
LINC00587,0.0
TMEM235,0.0
PAGE3,0.0
LINC01973,0.0
BTNL2,0.0
TSBP1,0.0
TMEM225,0.0
PJVK,0.007919537
MRPL38,0.050410014
SMIM5,0.24188414
ERICH2,0.008884927
SP5,0.004446684
CD300LD,0.0
BTBD17,0.0
FAM120A2P,0.0
NXPE2,0.0
LINC02783,0.0
SPANXN5,0.0
ZBTB12,0.0
XAGE1A,0.0
PKP4-AS1,0.0
XAGE1B,0.0
HSPA1L,0.007968359
NOL4L-DT,0.0
VWA7,0.0022549124
MSH5,0.0040453104
CSHL1,0.0
MPIG6B,0.0
ENSG00000204422,0.0
LY6G6F,0.0
APOM,0.40127954
LINC02872,0.0
TRIM49C,0.0
TRIM64,0.0
LINC01854,0.0
TMEM51-AS2,0.0
PRAMEF20,0.0
PRAMEF17,0.0
PRAMEF19,0.0
PRAMEF14,0.0
PRAMEF15,0.0
PRAMEF9,0.0
PRAMEF7,0.0
MCCD1,0.3687034
MICB,0.0155882435
AADACL4,0.0
POU5F1,0.018989164
ZSCAN5C,0.0
PSORS1C2,0.0
CDSN,0.0
C6orf15,0.0
MUC21,0.0
DEFB121,0.0
KRTAP5-11,0.0
KRTAP5-10,0.0009849556
ACOXL-AS1,0.0
LRCOL1,0.0
ENSG00000204584,0.0015512054
LINC01123,0.01204176
DPRX,0.0
LINC01257,0.0
TRIM15,0.019921375
ZNF616,0.025975034
FOXB2,0.0
TRIM10,0.0037742653
TRIM40,0.0
TRIM31,0.0
RNF39,0.0
ENSG00000204620,0.0
POLR1HASP,0.0
DISP3,0.0
HCG9,0.0
HLA-G,0.0
NMS,0.0
ZFP57,0.0053731725
ASPDH,0.26339743
MOG,0.0
OR2H2,0.0
CBY3,0.0
SPATA31J1,0.0
C9orf57,0.0
IGKV1OR2-3,0.0
IL31,0.0
FAM153CP,0.0
MIR1915HG,0.017922943
ENSG00000204684,0.0
MAS1L,0.0
OR2H1,0.0
OR11A1,0.0
OR14J1,0.0
OR2J2,0.0
OR2J3,0.0
OR2J1,0.0
OR2B3,0.0
OR2W1,0.0
MAMDC2-AS1,0.011184488
LINC01556,0.0
SPDYC,0.0
CFAP95,0.015008568
MALRD1,0.019709868
LINC01951,0.0
RPL26L1-AS1,0.003132092
INSYN2B,0.0
IGKV1OR-3,0.0
FOXD4L5,0.0
IGKV1OR9-1,0.0
SMPD5,0.0
LINC01291,0.0
FAM88C,0.0045544514
ENSG00000204814,0.0
ODAD4,0.009788242
ST8SIA6-AS1,0.0
SPATA31A1,0.0
ENSG00000204850,0.0
FAM216A,0.008455252
FAM201A,0.010907663
IGFL2,0.0
IGFL4,0.0
KRTAP9-3,0.0
ENSG00000204876,0.0018674973
KRTAP4-8,0.0
KRTAP1-4,0.0
KRT40,0.0
KRT25,0.0
LINC01545,0.0
SPINK9,0.0
LRRC3C,0.0
PRR20B,0.0
PRR20A,0.0
GRXCR2,0.0
LINC02934,0.0
FAM221B,0.0
ATP6V0E2-AS1,0.0061101206
CD177,0.0
PSG5,0.0043021957
ZNF425,0.019731624
FAM83A-AS1,0.0
LRRC10B,0.020529432
FBXO47,0.0
PCDHGA1,0.0
BLACE,0.0
PCDHA9,0.0
PCDHA8,0.0
PCDHA7,0.0
PCDHA5,0.0
PCDHA4,0.0
PCDHA2,0.0
PCDHA1,0.0
ENSG00000204971,0.0
ERICH4,0.07116452
MS4A13,0.0
PRSS1,0.0
ENSG00000204990,0.0
LINC02138,0.0
ENSG00000205018,0.0093841115
PABPN1L,0.0
OR5D16,0.0
OR5L2,0.0
ENSG00000205037,0.0
PKHD1L1,0.009906477
LINC02397,0.0064014886
CLLU1-AS1,0.0
LGALS7,0.008566484
GARIN1A,0.004404787
LINC02898,0.0
TMEM240,0.0031205262
FRG2,0.0
LINC02716,0.0
SPATA31F1,0.0
CDKL4,0.0
TMEM88B,0.0
ACCSL,0.0
CFAP96,0.0049710665
ARID3C,0.0
LINC02903,0.0
C11orf91,0.0
LINC00654,0.0
FABP9,0.0
C4orf46,0.017560681
SCGB2B2,0.0
CCDC144NL,0.0047456496
VIT,0.0
TTLL10-AS1,0.0
ENSG00000205236,0.0
SPDYE2,0.0
TRBV20OR9-2,0.0
CTXN3,0.17311859
LINC01602,0.0
ENSG00000205300,0.0
MGAT4D,0.0
ENSG00000205325,0.0
OR6C68,0.0
OR6C65,0.0
OR6C3,0.0
OR6C1,0.0
LINC01460,0.0
SLCO6A1,0.0
OR52E6,0.0
ENSG00000205414,0.0
KRT6A,0.0
PCBP3-AS1,0.0
KRT81,0.0
EXOC3L4,0.016970942
KRTAP12-3,0.0
IZUMO3,0.0
KU-MEL-3,0.0
KRTAP10-2,0.0
ENSG00000205452,0.0
TP53TG3C,0.0
CALML3-AS1,0.0
OR52J3,0.0
OR51A2,0.0
OR51A4,0.0
ENSG00000205537,0.0
LINC03041,0.0
CHKB-DT,0.0057955743
CPT1B,0.01584131
FLRT2-AS1,0.0
SMN2,0.005906997
SERF1B,0.0
MUC19,0.0
EIF3CL,0.0
LINC01597,0.004243993
ETS2-AS1,0.0
LINC01446,0.0
LINC01310,0.0
LINC00898,0.0
LINC00583,0.0
MFSD2B,0.0
VCX3B,0.0
HTN3,0.0
ENSG00000205653,0.0
ARSH,0.0
ACOT6,0.0
SMIM11,0.006559569
TECRL,0.0
ENSG00000205682,0.0
DPF3,0.014602725
MANSC4,0.0
ADARB2-AS1,0.0
C17orf107,0.0057074474
MBD3L4,0.0
ENSG00000205745,0.0
SLCO1B7,0.0
CRLF2,0.0
GAGE1,0.0
ARRDC5,0.0
LINC01531,0.0
DPP9-AS1,0.0
CYS1,0.67777544
PLPP6,0.021176774
KLRC2,0.0
KLRC3,0.0
ENSG00000205830,0.0
C16orf96,0.0
GMNC,0.0
LINC00487,0.0
TTC23L,0.002795526
CLEC6A,0.0
RFPL3S,0.0
C22orf42,0.0
NANOGNB,0.0
LRRC72,0.0
PCOTH,0.0
C1QTNF9B,0.0
KRTAP5-6,0.0
FAM99B,0.0
FAM99A,0.0
KRTAP5-2,0.0
KRTAP5-1,0.0
DEFB134,0.0
DEFB135,0.0
DEFB136,0.0
C1RL-AS1,0.0034012254
ENSG00000205890,0.0
BHLHA9,0.0
SRRM2-AS1,0.008507643
DAZ4,0.0
ONECUT3,0.0
CEMP1,0.0
OLIG2,0.0
EPCIP,0.03401249
DAZ2,0.0
ENSG00000205959,0.0
LNCRI,0.0
IFITM5,0.0
SMIM21,0.0
ENSG00000206028,0.0
C18orf63,0.0
DEFA1,0.0
ENSG00000206062,0.0
LHFPL7,0.0
SERPINB11,0.0
SERPINB4,0.0
SERPINB5,0.0
ZDHHC11B,0.0007083227
KRTAP19-8,0.0
KRTAP20-3,0.0
KRTAP20-4,0.0
KRTAP22-2,0.0
KRTAP27-1,0.0
CFAP99,0.0030872815
GOLGA8O,0.0
FAM230H,0.0
RNASE13,0.0
HBM,0.0
ELOA2,0.0
LINC02346,0.0
ANKUB1,0.0
TSSK2,0.0
ENSG00000206249,0.0
PRR23A,0.0
FOXL2NB,0.0
COL6A6,0.0
LRRC30,0.0
TMEM200C,0.0
OR10C1,0.0
CFAP44,0.03335935
CD200R1L,0.0
LNP1,0.016859127
OR5K3,0.0
ENSG00000206549,0.0
KRBOX1-AS1,0.0
TRIM71,0.004981172
ZCWPW2,0.003621209
COLQ,0.0025687574
ENSG00000206567,0.005383423
XKR4,0.0
MIR219A2HG,0.0
DIO2,0.037647318
DIO1,0.11346334
IGKJ5,0.0
IGKJ4,0.0
IGKJ3,0.0
IGKJ2,0.0
IGKJ1,0.0
IGKV4-1,0.0
IGKV5-2,0.0
IGKV6-21,0.0
IGKV2D-26,0.0
IGKV3D-20,0.0
IGKV6D-41,0.0
IGKV3D-11,0.0
IGKV1D-42,0.0
IGLV4-69,0.0
IGLV8-61,0.0
IGLV4-60,0.0
IGLV6-57,0.0
IGLV11-55,0.0
IGLV10-54,0.0
IGLV5-52,0.0
IGLV1-51,0.0
IGLV1-50,0.0
IGLV5-48,0.0
IGLV1-47,0.0
IGLV7-46,0.0
IGLV5-45,0.0
IGLV1-44,0.0
IGLV7-43,0.0
IGLV1-40,0.0
IGLV5-37,0.0
IGLV1-36,0.0
IGLV2-33,0.0
IGLV3-32,0.0
IGLV3-27,0.0
IGLV3-25,0.0
IGLV2-23,0.0
IGLV3-22,0.0
IGLV3-21,0.0
IGLV3-19,0.0
IGLV2-18,0.0
IGLV3-16,0.0
IGLV2-14,0.0
IGLV3-12,0.0
IGLV2-11,0.0
IGLV3-10,0.0
IGLV3-9,0.0
IGLV4-3,0.0
IGLV3-1,0.0
IGLJ1,0.0
IGLC1,0.0
IGLJ2,0.0
IGLC2,0.0
IGLJ3,0.0
IGLC3,0.0
IGLJ4,0.0
IGLJ5,0.0
IGLJ6,0.0
IGLJ7,0.0
IGLC7,0.0
TRGJ2,0.0
TRGJP2,0.0
TRGC1,0.07980201
TRGJ1,0.0
TRGJP,0.0
TRGJP1,0.0
TRGV11,0.0
TRGV10,0.0
TRGV9,0.0065640593
TRGV8,0.0
TRGV5,0.0
TRGV4,0.0
TRGV3,0.0
TRGV1,0.0
TRBV6-1,0.0
TRBV7-1,0.0
TRBV4-1,0.0
TRBV6-4,0.0
TRBV7-3,0.0
TRBV5-3,0.0
TRBV9,0.0
TRBV10-1,0.0
TRBV11-1,0.0
TRBV6-5,0.0
TRBV6-6,0.0
TRBV5-5,0.0
TRBV7-6,0.0
TRBV5-6,0.0
TRBV5-7,0.0
TRBV5-1,0.0
TRBV12-2,0.0
TRBV4-2,0.0
TRBV19,0.0
TRBV20-1,0.0
TRBV23-1,0.0
TRBV24-1,0.0
TRBV27,0.0
TRBV28,0.0
TRBJ2-1,0.0
TRBJ2-2,0.0
TRBJ2-2P,0.0
TRBJ2-3,0.0
TRBJ2-4,0.0
TRBJ2-5,0.0
TRBJ2-6,0.0
TRBJ2-7,0.0
TRAV2,0.0
TRAV3,0.0
TRAV4,0.0
TRAV5,0.0
TRAV6,0.0
TRAV7,0.0
TRAV8-1,0.0
TRAV9-1,0.0
TRAV10,0.0
TRAV12-1,0.0
TRAV8-2,0.0
TRAV8-3,0.0
TRAV13-1,0.0
TRAV12-2,0.0
TRAV8-4,0.0
TRAV13-2,0.0
TRAV14DV4,0.0
TRAV9-2,0.0
TRAV12-3,0.0
TRAV8-6,0.0
TRAV16,0.0
TRAV17,0.0
TRAV18,0.0
TRAV19,0.0
TRAV20,0.0
TRAV21,0.0
TRAV22,0.0
TRAV23DV6,0.0
TRDV1,0.0
TRAV24,0.0
TRAV25,0.0
TRAV26-1,0.0
TRAV8-7,0.0
TRAV27,0.0
TRAV29DV5,0.0
TRAV26-2,0.0
TRAV34,0.0
TRAV35,0.0
TRAV36DV7,0.0
TRAV38-1,0.0
TRAV38-2DV8,0.0
TRAV39,0.0
TRAV40,0.0
TRAV41,0.0
TRDV2,0.0
TRDJ1,0.0
TRDJ4,0.0
TRDJ2,0.0
TRDJ3,0.0
TRAJ61,0.0
TRAJ59,0.0
TRAJ58,0.0
TRAJ57,0.0
TRAJ56,0.0
TRAJ54,0.0
TRAJ53,0.0
TRAJ52,0.0
TRAJ50,0.0
TRAJ49,0.0
TRAJ48,0.0
TRAJ47,0.0
TRAJ46,0.0
TRAJ45,0.0
TRAJ44,0.0
TRAJ43,0.0
TRAJ42,0.0
TRAJ41,0.0
TRAJ40,0.0
TRAJ39,0.0
TRAJ38,0.0
TRAJ35,0.0
TRAJ34,0.0
TRAJ33,0.0
TRAJ32,0.0
TRAJ31,0.0
TRAJ30,0.0
TRAJ29,0.0
TRAJ28,0.0
TRAJ27,0.0
TRAJ26,0.0
TRAJ25,0.0
TRAJ24,0.0
TRAJ23,0.0
TRAJ22,0.0
TRAJ21,0.0
TRAJ20,0.0
TRAJ19,0.0
TRAJ18,0.0
TRAJ17,0.0
TRAJ16,0.0
TRAJ14,0.0
TRAJ13,0.0
TRAJ12,0.0
TRAJ11,0.0
TRAJ10,0.0
TRAJ9,0.0
TRAJ8,0.0
TRAJ7,0.0
TRAJ6,0.0
TRAJ5,0.0
TRAJ4,0.0
TRAJ3,0.0
TRAJ2,0.0
TRAJ1,0.0
IGHA2,0.0
IGHE,0.0
IGHG4,0.0
IGHG2,0.0
IGHA1,0.0
IGHG1,0.005500112
IGHG3,0.0
IGHJ6,0.0
IGHJ2,0.0
IGHJ1,0.0
IGHD1-26,0.0
IGHD5-24,0.0
IGHD3-22,0.0
IGHD2-21,0.0
IGHD6-19,0.0
IGHD5-18,0.0
IGHD3-16,0.0
IGHD2-15,0.0
IGHD6-13,0.0
IGHD5-12,0.0
IGHD3-10,0.0
IGHD3-9,0.0
IGHD2-8,0.0
IGHD5-5,0.0
IGHD3-3,0.0
IGHD2-2,0.0
IGHV6-1,0.0
IGHV1-2,0.0
IGHV1-3,0.0
IGHV2-5,0.0
IGHV3-7,0.0
IGHV3-11,0.0
IGHV3-13,0.0
IGHV3-15,0.0
IGHV3-16,0.0
IGHV1-18,0.0
IGHV3-20,0.0
IGHV3-21,0.0
IGHV3-23,0.0
IGHV1-24,0.0
IGHV2-26,0.0
IGHV4-28,0.0
IGHV3-33,0.0
IGHV4-34,0.0
IGHV3-35,0.0
IGHV3-38,0.0
IGHV4-39,0.0
IGHV1-45,0.0
IGHV1-46,0.0
IGHV3-48,0.0
IGHV3-49,0.0
IGHV5-51,0.0
IGHV3-53,0.0
IGHV1-58,0.0
IGHV4-61,0.0
IGHV3-66,0.0
IGHV1-69,0.0
IGHV2-70D,0.0
IGHV3-73,0.0
IGHV5-78,0.0
IGHV7-81,0.0
TSSK1B,0.0
PRR22,0.010155007
TAS2R19,0.0
TAS2R50,0.0
TAS2R13,0.0
ZRSR2P1,0.0
KRTAP16-1,0.0
KRTAP29-1,0.0
KRTAP9-6,0.0
ENSG00000212663,0.0
CTAGE1,0.0
KRTAP4-11,0.0
KRTAP4-9,0.0
KRTAP2-3,0.0
KRTAP2-1,0.0
LINC02656,0.002477908
EWSAT1,0.0047316086
OR2A42,0.0
TTTY2,0.0
TTTY2B,0.0
KRTAP3-3,0.0
KRTAP3-2,0.0
KRTAP3-1,0.0
MAP10,0.006344448
ENSG00000212930,0.0
KRTAP12-4,0.0
KRTAP10-3,0.0
KRTAP6-3,0.0
ENSG00000212939,0.0
POU5F1B,0.001425105
KLK9,0.0
SYT3,0.0
CGB8,0.0
C1orf220,0.0
ENSG00000213062,0.0021906546
CFAP45,0.0032682864
ENSG00000213121,0.0
CRYGS,0.0054315967
LINGO4,0.0048261476
TRIM59,0.0071855886
ASIC3,0.0023165664
ENSG00000213204,0.0
ARHGEF35,0.045708545
OR2F1,0.0
CSH2,0.0
DNLZ,0.015283272
TCL1B,0.0
TSGA13,0.0
ENSG00000213279,0.0
ZNF625-ZNF20,0.0
GSTM2,0.021344267
LINC00671,0.2721517
MAGEA12,0.0
PTPRCAP,0.0
PVRIG,0.0
KRTAP4-12,0.0
KRTAP2-4,0.0
GPC2,0.0
FIRRE,0.0
TTLL13,0.0
GBP7,0.0
CPLX3,0.0
ZBTB9,0.0036138766
ADAT3,0.0070274496
SULT1A4,0.0
TREX1,0.0
FAM209B,0.0
ZNF337-AS1,0.009215559
UGT2B11,0.0
ATP6V1G2,0.008816191
GTF2H4,0.0
DDX47,0.012554331
ZNF888,0.014472112
KLRK1,0.0
CEACAM18,0.0
CEACAM16,0.0
SLC23A3,0.022412132
LTB4R2,0.0024200478
LEUTX,0.0
CCL27,0.0
HBE1,0.0
HBG1,0.0
CLDN9,0.0
ZNF726,0.020576576
ZNF99,0.0028214364
ENSG00000213981,0.0
PFKFB3-AS1,0.0
TM6SF2,0.0021449393
MEF2B,0.0
LINC02418,0.0
IFNA7,0.0
LINC02347,0.0
UCA1,0.0
FBXO16,0.015671693
SMCO1,0.0
WEE2,0.0
MAGEB1,0.0
TMEM213,0.47595105
LINC00887,0.0
LINC02026,0.0
GCC2-AS1,0.0
IQCJ,0.0
MINDY4B,0.0
ENSG00000214248,0.0
ENSG00000214265,0.02499501
SCART1,0.002120801
NPS,0.0
POU2AF3,0.029448
SPDYE3,0.0
MBLAC1,0.016684113
PRR23E,0.0
FOXI3,0.0
MTCL3,0.0
ENSG00000214347,0.0
VAC14-AS1,0.0
EFCAB9,0.0
VSTM5,0.0
LINC00488,0.0
LCNL1,0.0
RDUR,0.0
TRIM77,0.0
GNAT3,0.0
VPS33B-DT,0.0
AS3MT,0.0
FAM187A,0.0
SEC14L6,0.028012503
SPINK13,0.0
HIGD1C,0.0
NOTO,0.0
KRTAP2-2,0.0
ZNF705EP,0.0
ENSG00000214546,0.0
ENSG00000214559,0.0
NUTM2D,0.0040333425
CPEB1,0.0
EML6,0.012928099
ENSG00000214614,0.0
DEFB113,0.0
DEFB133,0.0
ENSG00000214650,0.0
ZNF727,0.0018655779
B3GALT9,0.005818834
IQCF5,0.0
IQCF6,0.0
C10orf105,0.0
LINC01913,0.0
ARHGEF33,0.0031562815
C12orf71,0.0
ENSG00000214708,0.016801873
CAPN14,0.0
CDIPTOSP,0.0
TOMM6,0.0
GUCY2C-AS1,0.0
MS4A18,0.0
MS4A4E,0.0
ENSG00000214797,0.0
ENSG00000214803,0.0
FER1L6,0.0063672317
CDRT15L2,0.0
RAD51AP2,0.0
EVPLL,0.0020673259
DCDC2C,0.0
LINC02981,0.022182794
SMTNL1,0.0
NPAP1P9,0.0034808088
TRIM64C,0.0
LINC00243,0.010206072
PNMA6E,0.0
LINC01588,0.009417332
ENSG00000214915,0.0
SPATA31D1,0.0
NPIPA8,0.0
ENSG00000214942,0.0
GPR33,0.0
TBC1D26,0.0
CRPPA,0.031856455
NPIPA7,0.0
GSG1L2,0.0
ENSG00000214999,0.0
ACSM4,0.0
COL28A1,0.010705399
ENSG00000215022,0.0
ENSG00000215023,0.0
TCP11X2,0.0
NEURL4,0.051650126
GRID2IP,0.0
ANXA2R-AS1,0.0
FAM74A1,0.0
CXorf49B,0.0
CXorf49,0.0
LINC00588,0.0
C16orf90,0.0
PRSS41,0.0
LINC00269,0.0
NLRP2B,0.0
IGLV8OR8-1,0.0
MUC5AC,0.0
MSMP,0.0
GOLGA6B,0.0
CIMIP2B,0.01008239
LINC00680,0.0
BASP1-AS1,0.0
GRXCR1,0.0
TRBV24OR9-2,0.0
UBE2QL1,0.008502568
LINC01020,0.009698069
LINC02449,0.0
LINC02649,0.0
LINC02982,0.0
KCNU1,0.0
GAGE12G,0.0
GAGE10,0.0029959446
RNF212B,0.07049503
ZNF705D,0.0
ZNF705B,0.0
ZNF705G,0.0
FAM66B,0.0
MYL5,0.048327003
SCRT2,0.0
LL22NC01-81G9.3,0.0
KRTAP10-4,0.0
KRTAP10-1,0.0
AATBC,0.0
SKOR2,0.0
SIAH3,0.004173342
LINC00598,0.0017397945
EFCAB8,0.0
DEFB116,0.0
DEFB115,0.0
TTTY5,0.0
GAB4,0.0
C20orf202,0.0
HMX1,0.0
GCGR,0.14415301
ENSG00000215692,0.0
RSC1A1,0.0
CELA2B,0.0
FAM72D,0.0
LINC01139,0.08001405
ZC3H11B,0.0050840215
ENSG00000215841,0.0
RPTN,0.0
PDZK1P1,0.0
LINC01356,0.0
LINC02337,0.0
LACTBL1,0.0
TTC34,0.0055928933
ATAD3C,0.07559198
IGSF23,0.0
GAGE12E,0.0
LY86-AS1,0.0
FAM240C,0.0
SP9,0.0
SYCE3,0.0
ENSG00000217455,0.0
ENSG00000217702,0.0
ENSG00000217825,0.0
PAM16,0.02443088
RBM38-AS1,0.0
KIRREL3-AS3,0.0
TENM3,0.0070659188
LINC01644,0.0
LINC00339,0.0
LINC03010,0.0
TDRD15,0.0
PAPOLB,0.0
FAM138C,0.0
CELA3B,0.0
ENSG00000219159,0.0
ENSG00000219410,0.0
CATSPERZ,0.0033160711
TAFA5,0.019847458
ENSG00000219445,0.0
OR7E104P,0.0
LINGO3,0.0
LINC02076,0.0
ENSG00000220256,0.0
HTR5A-AS1,0.0
ENSG00000220702,0.0
LL22NC03-63E9.3,0.0
LINC02531,0.0
IGBP1-AS2,0.0
RNU6ATAC35P,0.0
OR6B1,0.0
EBF2,0.0
GAS8-AS1,0.0
PSG3,0.0
FANCG,0.011990513
OR2A5,0.0
KRTAP10-9,0.0
OR4A5,0.0
SPATA31H1,0.0
LINC02902,0.0
KRTAP1-5,0.0
TAS2R41,0.0
OR2A12,0.0
KRTAP10-10,0.0
KRTAP12-2,0.0
PLXNA4,0.0018866818
MAGEA3,0.0
PSG7,0.0
KRTAP1-3,0.0
OR3A2,0.0
HMSD,0.0
OR1C1,0.0
POM121L12,0.0
OR2F2,0.0
C19orf73,0.019121232
ZNF880,0.04954099
OR6X1,0.0
HEPN1,0.0
TAS2R40,0.0
OR2A14,0.0
TIGD1,0.017757455
FXYD7,0.0017792011
XKR9,0.0
LINC01465,0.0023021419
LINC02897,0.0057791634
OR4C12,0.0
TMEM14EP,0.0
OR2A1,0.0
OR4E2,0.0
MYBPHL,0.0
OR2A2,0.0
ZNF630,0.011398511
OR52B4,0.0
ENSG00000222000,0.0
LINC02860,0.0
LINC01118,0.0
ENSG00000222007,0.0
ENSG00000222012,0.0
RAB6C,0.0
ENSG00000222017,0.0
C21orf140,0.0
HDAC4-AS1,0.03325995
PSMB11,0.0
ENSG00000222031,0.0
ENSG00000222032,0.0
LINC01124,0.0048812516
KIAA2012-AS1,0.0
POTEM,0.0
IGLC6,0.0
POTEJ,0.0
ENSG00000222042,0.0
ENSG00000222044,0.0
DCDC2B,0.0
C10orf55,0.0075124213
ENSG00000223342,0.011854466
ENSG00000223343,0.0
ENSG00000223344,0.0
IGLV9-49,0.0
ZNF385D-AS2,0.0
ENSG00000223356,0.0
EHHADH-AS1,0.0
ENSG00000223360,0.0
ENSG00000223373,0.0
ENSG00000223374,0.0
LINC02661,0.0
LINC01778,0.0
LINC02068,0.004247144
ENSG00000223390,0.0
CLDN10-AS1,0.010611248
ENSG00000223393,0.0
TRBV29OR9-2,0.0
RPS10P7,0.0
ENSG00000223400,0.0
MEG9,0.0
LINC00397,0.0
ENSG00000223410,0.0
TRIM49D1,0.0
ENSG00000223430,0.0
ENSG00000223432,0.0
ENSG00000223436,0.0
ENSG00000223438,0.0
ENSG00000223440,0.0
TH2LCRR,0.0
USP17L2,0.0
ENSG00000223446,0.0
ENSG00000223461,0.0
ENSG00000223462,0.0014250752
LINC01825,0.0
LINC02629,0.0
VOPP1-DT,0.0
ZDHHC12-DT,0.038265254
LINC02238,0.0
LINC01615,0.0
LINC03053,0.0
FRMPD4-AS1,0.0
ENSG00000223492,0.0
ENSG00000223502,0.008266485
CDRT15,0.0
LINC02968,0.0
ENSG00000223517,0.0
ENSG00000223522,0.0
ENSG00000223528,0.0
ENSG00000223530,0.0
HLA-DQB1-AS1,0.0
ENSG00000223536,0.0
ZBTB24-DT,0.0
ENSG00000223542,0.0
ACSL6-AS1,0.0
CCR5AS,0.0
ENSG00000223554,0.0
LINC03007,0.0
ENSG00000223563,0.0
USP17L15,0.0
CKMT1A,0.03487167
ENSG00000223576,0.0
LINC02665,0.0
LINC01312,0.0
LINC01986,0.0
CENPVL1,0.0
LINC02142,0.0
ENSG00000223598,0.0
EBLN1,0.0
HBD,0.0037346273
ZNF735,0.0
LINC00370,0.0
ENSG00000223623,0.0
LINC01044,0.0
LINC01120,0.0
ENSG00000223634,0.0
NUP133-DT,0.0
RFPL4A,0.0
TTTY17C,0.0
ENSG00000223642,0.0
ENSG00000223643,0.0
LINC03076,0.0
LINC01946,0.0
IGHV3-64,0.0
ENSG00000223649,0.0
PRDM6-AS1,0.0
BCL10-AS1,0.0
C1GALT1C1L,0.009043657
ENSG00000223660,0.0
SAMSN1-AS1,0.0
ENSG00000223665,0.0
ENSG00000223669,0.0
LINC00571,0.0
MYH9-DT,0.0
ENSG00000223697,0.0
RAET1E-AS1,0.0
ENSG00000223711,0.0
LINC02601,0.0032520527
LINC01208,0.0
ENSG00000223716,0.0
ENSG00000223720,0.0
MYOSLID-AS1,0.0
ENSG00000223726,0.0
ENSG00000223727,0.0
LINC02247,0.0
ENSG00000223732,0.0
LAPTM4A-DT,0.0023571162
ENSG00000223742,0.0
ENSG00000223751,0.0
ENSG00000223754,0.0
ENSG00000223761,0.0
LINC02593,0.008040276
LINC01626,0.0
LINC00205,0.0
CACNA2D1-AS1,0.0
LGALS8-AS1,0.005584142
LINC01983,0.12293574
LINP1,0.0
ENSG00000223786,0.0
UBE2E1-AS1,0.0
ENSG00000223800,0.0
CERS1,0.0
LINC00114,0.0
ENSG00000223809,0.0
PYDC2-AS1,0.0
PRR15-DT,0.00409342
ENSG00000223814,0.0
DIAPH3-AS2,0.0
CDH23-AS1,0.0
LINC01342,0.0
LINC01870,0.0
ENSG00000223834,0.0
ENSG00000223838,0.0
FAM95B1,0.0147479465
ENSG00000223842,0.0
EFCAB6-AS1,0.0
MYCNUT,0.0
PDGFA-DT,0.021013437
ENSG00000223859,0.0
LINC01805,0.0
ENSG00000223870,0.0
ENSG00000223872,0.0
TESHL,0.0
LINC01078,0.0
ENSG00000223881,0.0
ABCC5-AS1,0.0
LINC01707,0.0
ENSG00000223884,0.0
ENSG00000223901,0.0
ENSG00000223906,0.0
ENSG00000223911,0.0
LINC02471,0.0
ENSG00000223930,0.0
LGALSL-DT,0.0
ENSG00000223944,0.0
ENSG00000223946,0.0
ENSG00000223947,0.0
ROR1-AS1,0.0
C1QTNF5,0.0024001086
LINC01767,0.0
ENSG00000223966,0.0
ENSG00000223969,0.0050536795
ENSG00000223975,0.0
SMCR2,0.0
LINC01874,0.20187962
ENSG00000223989,0.0
TANAR,0.0
LINC02647,0.0
TRDD1,0.0
ENSG00000223999,0.0
ENSG00000224000,0.0
LINC01441,0.0
ENSG00000224015,0.0
LINC01449,0.0
ENSG00000224018,0.0
MIR181A2HG,0.0006829621
ENSG00000224027,0.0
LINC01853,0.0
TCEAL3-AS1,0.0
LINC02561,0.0
ENSG00000224038,0.0
IGKV3D-15,0.0
CCNT2-AS1,0.0
LINC02612,0.0
ENSG00000224049,0.0
EGFR-AS1,0.0
CALCRL-AS1,0.0
ENSG00000224066,0.0013059827
LINC00691,0.0
TTTY22,0.0
ENSG00000224076,0.0
ENSG00000224077,0.0
ENSG00000224079,0.0
POTEF-AS1,0.0
CT47A10,0.0
ENSG00000224090,0.0
ENSG00000224091,0.0
BCAR3-AS1,0.01244786
LINC01935,0.0
ENSG00000224099,0.0
ENSG00000224100,0.0
ELMO1-AS1,0.0
ETDB,0.0
CENPVL3,0.0
INHBA-AS1,0.0
POU6F2-AS1,0.00965335
ENSG00000224127,0.0
LINC01248,0.0
ENSG00000224132,0.0
ENSG00000224138,0.0
MIR548XHG,0.0
LHX8-AS1,0.0
LINC02054,0.0
HCG14,0.010021805
LINC02828,0.0
LINC02831,0.0
ENSG00000224174,0.0
LINC00570,0.0
MIR3681HG,0.0
PITX1-AS1,0.0
LINC01991,0.0
HAGLR,0.036561996
LINC02667,0.0
SEZ6L-AS1,0.0
ENSG00000224194,0.0
CAMK2G-AS1,0.0
C10orf67-AS1,0.0017550626
ENSG00000224216,0.0
DTNB-AS1,0.0
LINC02636,0.0
LINC01832,0.0
WARS2-IT1,0.0
ENSG00000224239,0.0
SOX1-OT,0.0
ENSG00000224250,0.0
ENSG00000224251,0.0
LINC01133,0.0
ENSG00000224260,0.0
LINC02633,0.0
ENSG00000224267,0.0
ENSG00000224269,0.0
EPIC1,0.0
ENSG00000224272,0.0
ARHGEF2-AS1,0.0
ENSG00000224277,0.0
LINC01142,0.0
PORCN-DT,0.003971589
PINCR,0.0
ENSG00000224301,0.0
LINC01527,0.0
LINC01567,0.0
WDTC1-DT,0.0
ENSG00000224322,0.0
ENSG00000224326,0.0
MDC1-AS1,0.0
LINC00297,0.0
ENSG00000224330,0.0
SCEL-AS1,0.0
FAM135A-AS1,0.003681109
TMCO1-AS1,0.0
ENSG00000224359,0.0
ENSG00000224361,0.0
ENSG00000224363,0.0
ENSG00000224371,0.0
IGHV4-59,0.0
ENSG00000224374,0.0
ENSG00000224375,0.0
LINC00703,0.0
PRR29,0.00055954425
ENSG00000224384,0.0
ENSG00000224387,0.0
BACE2-IT1,0.0
C4B,0.0
LINC01280,0.0
GPC6-AS2,0.0
ENSG00000224400,0.0
ENSG00000224404,0.0
LINC00572,0.0
LINC02052,0.0
ENSG00000224407,0.0
ENSG00000224409,0.0
ENSG00000224413,0.0
STK24-AS1,0.0036712447
PRKAR2A-AS1,0.0015892725
LINC00539,0.0
CXorf51A,0.0
LINC01708,0.0
SLC25A34-AS1,0.0
TANK-AS1,0.0
LAMC1-AS1,0.0
ENSG00000224477,0.0
ENSG00000224478,0.0
ENSG00000224500,0.0
ENSG00000224504,0.0
LINC02523,0.0
MRPS9-AS2,0.005926524
LINC00365,0.0
ENSG00000224513,0.0
LINC00620,0.0
ENSG00000224515,0.0
ECEL1P2,0.0
HTR2A-AS1,0.0
ENSG00000224521,0.0035538936
LINC02771,0.0
CSRP1-AS1,0.017503403
ENSG00000224541,0.0
ENSG00000224549,0.0
LINC01087,0.0
LPP-AS1,0.0
LINC01754,0.0
LINC01886,0.0
COL18A1-AS2,0.0
LINC01117,0.013162622
LINC01015,0.0
ENSG00000224583,0.0
GPX5,0.0
MIR3659HG,0.0
ENSG00000224595,0.0
ZMIZ1-AS1,0.0
SVIL-AS1,0.0
ENSG00000224605,0.0
IGKV1D-27,0.0
ENSG00000224610,0.0
ENSG00000224612,0.0
RNPC3-DT,0.0
TNK2-AS1,0.0
ENSG00000224626,0.0
ENSG00000224635,0.0
ENSG00000224643,0.0
ENSG00000224644,0.0
ENSG00000224645,0.0
LINC01627,0.0
ENSG00000224649,0.0
IGHV3-74,0.0
LINC00885,0.009717672
LINC01823,0.0
ENSG00000224658,0.0
GAGE12J,0.0
SH3BP5-AS1,0.0077392035
ENSG00000224661,0.0
ETV7-AS1,0.0
ENSG00000224671,0.0
GALNT13-AS1,0.0
RASAL2-AS1,0.00864722
ZNF812P,0.0
ENSG00000224691,0.0
ENSG00000224698,0.0
ENSG00000224700,0.0
LMX1A-AS2,0.0
LINC01706,0.0
NPIPA3,0.0
ENSG00000224713,0.0
LINC02671,0.0
ENSG00000224715,0.0
LEMD1-DT,0.0
LINC01657,0.0
FLVCR2-AS1,0.0
PCOLCE-AS1,0.0032053287
LILRB1-AS1,0.0
ENSG00000224731,0.0
ENSG00000224733,0.0
ENSG00000224738,0.005853566
TEX26-AS1,0.0
ENSG00000224746,0.0
ENSG00000224750,0.0
CCNYL4,0.0
ENSG00000224764,0.0
LINC02931,0.0
LINC02670,0.0
ENSG00000224789,0.0
HLCS-AS1,0.008695444
ENSG00000224794,0.0
NTM-AS1,0.0
ENSG00000224799,0.0
LINC00853,0.022001863
SRGAP3-AS1,0.0
ENSG00000224810,0.0
TMEM72-AS1,0.0015286156
ENSG00000224814,0.0
LINC03046,0.0
COL4A2-AS2,0.0
RORB-AS1,0.0
LINC01689,0.0
LINC00240,0.009212693
ENSG00000224844,0.0
NQO2-AS1,0.009011964
ENSG00000224848,0.0005547219
LINC00502,0.0
LINC00393,0.0
CDKN2A-AS1,0.0
OPA1-AS1,0.0
LINC01691,0.0
ENSG00000224865,0.0
EML4-AS1,0.0
ENSG00000224876,0.0
ENSG00000224883,0.0
HSALR1,0.0
LINC02840,0.0
POT1-AS1,0.009048977
LINC02830,0.0
ENSG00000224901,0.0
GAGE12H,0.0
RNF32-AS1,0.0
ENSG00000224905,0.0
LINC01766,0.0
LINC00863,0.0
APOC4-APOC2,0.0
ENSG00000224918,0.0
ENSG00000224919,0.0
ENSG00000224922,0.0
LINC00320,0.0
LINC02262,0.0
LINC01034,0.0
GOT1-DT,0.011904318
ENSG00000224935,0.0
LINC00184,0.0
PRRT4,0.0
LINC02819,0.0
CASC6,0.0
ENSG00000224950,0.0057311053
LINC01266,0.005968837
PGM5-AS1,0.01161478
PPP4R3C,0.0
LINC01752,0.0021596353
ECMXP,0.0
KCNC4-DT,0.0007509048
LINC01645,0.0
ENSG00000224969,0.0
ENSG00000224970,0.0
RC3H1-DT,0.0024589284
ENSG00000224984,0.0
ENSG00000224985,0.0018022447
FAM41AY1,0.0
LINC01526,0.0
ENSG00000225000,0.0
ENSG00000225002,0.0
ENSG00000225006,0.0
ENSG00000225007,0.0
ENSG00000225012,0.0
ENSG00000225028,0.0
ENSG00000225032,0.0
EIF1AX-AS1,0.0
LINC01058,0.0
ENSG00000225044,0.0
ENSG00000225050,0.0
ENSG00000225056,0.0
TMCC2-AS1,0.0
LINC01802,0.021799996
ENSG00000225075,0.0010127615
WWC3-AS1,0.0
ICMT-DT,0.0
GRTP1-AS1,0.0
ENSG00000225084,0.0
ENSG00000225087,0.0
ENSG00000225096,0.0022376808
ENSG00000225102,0.0
LINC01076,0.0
ENSG00000225106,0.0
ENSG00000225107,0.0
PNMA6F,0.0
ENSG00000225112,0.0
CAMTA1-AS1,0.0
LINC00237,0.0
LINC00972,0.0
ENSG00000225129,0.0
ENSG00000225140,0.0
ENSG00000225144,0.0
ENSG00000225146,0.0
ENSG00000225148,0.0
ENSG00000225152,0.0
ENSG00000225156,0.0
ENSG00000225166,0.0
ENSG00000225172,0.0
ENSG00000225173,0.0
OSTM1-AS1,0.0
LINC00457,0.0
PVALEF,0.0
ENSG00000225181,0.0
ENSG00000225187,0.0
LINC00092,0.0040644994
ENSG00000225203,0.0
MIR137HG,0.0
ENSG00000225208,0.0
ENSG00000225209,0.0
ENSG00000225214,0.0
NRP2-AS1,0.0
ENSG00000225218,0.0
LINC01795,0.0
ENSG00000225230,0.0
LINC02470,0.0
ENSG00000225233,0.0
TRAPPC12-AS1,0.0
INTS6L-AS1,0.0
ENSG00000225243,0.0
LINC00378,0.0
PSLNR,0.0
ENSG00000225258,0.0
PCDH9-AS3,0.0
TAF1A-AS1,0.017351145
LINC00705,0.0
ENSG00000225279,0.0
ENSG00000225280,0.0
ENSG00000225284,0.0
LINC01770,0.0
LINC00113,0.04308999
ENSG00000225299,0.0
ENSG00000225303,0.0
ENSG00000225311,0.0
ENSG00000225313,0.0
ENSG00000225315,0.0
TPTE2-AS1,0.0
LINC01427,0.0
ENSG00000225325,0.0
USP17L3,0.0
LINC01594,0.0
LINC02813,0.0
ENSG00000225335,0.016700067
ENSG00000225337,0.0
ENSG00000225341,0.0
LRRK2-DT,0.020686103
FREM2-AS1,0.0
ENSG00000225359,0.0
PPP1R26-AS1,0.012790108
CT62,0.0
ENSG00000225365,0.0
TMEM246-AS1,0.017573928
NRSN2-AS1,0.031549938
ENSG00000225378,0.0
IGKV1OR9-2,0.0
SFTA1P,0.0
LRRC3B-AS1,0.0
ENSG00000225387,0.0
NHEG1,0.0
FAM236D,0.0
ENSG00000225399,0.0
ENSG00000225407,0.0
ENSG00000225408,0.0
ENSG00000225411,0.0
LINC02557,0.0
ENSG00000225417,0.0
ENSG00000225420,0.0
ENSG00000225421,0.0
ENSG00000225424,0.0
LINC00331,0.0
LINC01671,0.019025477
PACRG-AS2,0.0
BOLA3-DT,0.014987459
MPRIP-AS1,0.0
LINC01867,0.0
LINC01763,0.0
ENSG00000225450,0.001342201
ENSG00000225458,0.0
RFPL1S,0.0026897534
NFIB-AS1,0.0
ATP13A4-AS1,0.0
ENSG00000225488,0.0
LINC01107,0.0
KCNMA1-AS2,0.0
ENSG00000225498,0.0
CYP4A22-AS1,0.0
LINC00475,0.0
FAM197Y5,0.0
LINC01703,0.0
ENSG00000225519,0.0
SNED1-AS1,0.0
IGKV6D-21,0.0
TMA7B,0.0
ENSG00000225532,0.0
LINC01393,0.0
ENSG00000225537,0.0
LINC01821,0.0
ZNF385D-AS1,0.0
ENSG00000225545,0.0
LINC02476,0.0
LINC01980,0.0
NAALADL2-AS1,0.0
ENSG00000225555,0.0
C2CD4D,0.007447182
ENSG00000225559,0.0
LINC01710,0.0
ENSG00000225563,0.0
LINC01492,0.0
ENSG00000225570,0.0
DOCK4-AS1,0.0
NCBP2-AS1,0.0
EDNRB-AS1,0.0
ENSG00000225582,0.0
ENSG00000225588,0.0
LINC01623,0.0
ENSG00000225598,0.0015687855
MTOR-AS1,0.0
ENSG00000225605,0.0
ENSG00000225606,0.0
ENSG00000225610,0.0
CCDC13-AS2,0.0
ENSG00000225612,0.0
LINCMD1,0.0
ZNF469,0.0
MYT1L-AS1,0.0
ENSG00000225620,0.0
CFAP95-DT,0.0
ENSG00000225632,0.0
ENSG00000225637,0.002350648
ENSG00000225647,0.0
KCNMA1-AS3,0.0
ENSG00000225656,0.0
LINC01716,0.0
CADM3-AS1,0.0
LRP8-DT,0.0
ENSG00000225676,0.0
ENSG00000225680,0.0
PACRG-AS3,0.0
FAM225B,0.0
ENSG00000225689,0.0
IGHV3-72,0.0
ENSG00000225703,0.0
PTPRD-AS1,0.02585191
ENSG00000225708,0.0
ENSG00000225718,0.0
ENSG00000225721,0.0
FAM66E,0.0
ADGRF5-AS1,0.0
PDE9A-AS1,0.0
ENSG00000225744,0.0
ENSG00000225750,0.0
ENSG00000225751,0.0
ENSG00000225752,0.0
DBH-AS1,0.0
LINC00489,0.0
LINC00431,0.0
LINC01389,0.0
P3H2-AS1,0.007566546
LINC01831,0.0
FAF1-AS1,0.0
LINC02620,0.0
ENSG00000225775,0.0
PROSER2-AS1,0.0014661693
OR6V1,0.0
ENSG00000225785,0.0
SNX10-AS1,0.09590909
TMEM30A-DT,0.014997802
ENSG00000225794,0.0
ENSG00000225798,0.0
DEFB131B,0.0
ENSG00000225806,0.0017393283
ENSG00000225807,0.0
ENSG00000225811,0.0
ENSG00000225815,0.0
ENSG00000225818,0.0
ENSG00000225819,0.0
UBXN7-AS1,0.0
IGHD6-25,0.0
LINC00626,0.0
ACE2-DT,0.0
ENSG00000225850,0.0
RUSC1-AS1,0.0054076193
LINC02816,0.0
ENSG00000225867,0.0
WDR87BP,0.0
LINC00368,0.0
TEX14BP,0.0
C3orf86P,0.0
PSG8-AS1,0.0
ENSG00000225879,0.0
LINC00115,0.019457476
ENSG00000225881,0.0
LINC01456,0.0
ENSG00000225884,0.0
ENSG00000225886,0.0
DHDDS-AS1,0.0
FRG2B,0.0
ENSG00000225903,0.0
ANKRD65-AS1,0.0
ENSG00000225913,0.0
TSBP1-AS1,0.0
LINC01745,0.0
TAB2-AS1,0.0
LINC02249,0.0
CTAGE4,0.0
SLC18A2-AS1,0.0
PCA3,0.0
S1PR1-DT,0.0031317836
C5orf67,0.0
LINC01875,0.0
ZFAND3-DT,0.0
LINC02648,0.0
NTF4,0.0
ODF2-AS1,0.0
ENSG00000225952,0.0
SATB2-AS1,0.0
ENSG00000225956,0.0
ENSG00000225960,0.0
ENSG00000225963,0.0
NRIR,0.0
ELFN1,0.029763995
BICDL3P,0.0
ENSG00000225970,0.0
ENSG00000225974,0.0
ZNF567-DT,0.020579826
HAR1A,0.0
ANKRD44-DT,0.0
MICALL2-DT,0.0
ENSG00000225982,0.0
LAMP5-AS1,0.0
TRGVA,0.0
SIMALR,0.0
LINC02660,0.0
FAM88F,0.004726284
KCNIP2-AS1,0.0
ENSG00000226012,0.0
PRICKLE2-AS3,0.0
ENSG00000226022,0.0
CT47A6,0.0
RWDD3-DT,0.0057799076
LINC01772,0.0044514183
FGF13-AS1,0.0
LINC01040,0.0
ENSG00000226041,0.0
ENSG00000226043,0.0
ENSG00000226047,0.0
ZNF503-AS1,0.012525404
LINC01776,0.0
ENSG00000226063,0.0
LINC00951,0.0
SLC39A12-AS1,0.0
ENSG00000226087,0.0
LINC03102,0.0
LINC00937,0.007399695
ENSG00000226097,0.0
LINC02097,0.0
ENSG00000226113,0.0
ENSG00000226115,0.0
DDC-AS1,0.0
LINC01907,0.0
ENSG00000226130,0.0
LINC02794,0.0
ENSG00000226134,0.0
LINC02654,0.0
ENSG00000226143,0.0
ENSG00000226149,0.0
LINC01375,0.0
ENSG00000226163,0.0
AP4B1-AS1,0.0
ENSG00000226169,0.0
ENSG00000226172,0.0
TEX22,0.0027604026
ENSG00000226180,0.0
ENSG00000226181,0.0
ENSG00000226193,0.0068177637
LINC02519,0.0
SGMS1-AS1,0.02285385
LINC01733,0.0
ENSG00000226204,0.0
ENSG00000226206,0.0
ENSG00000226207,0.0
ENSG00000226208,0.0
TRGV6,0.0
ENSG00000226218,0.0
LEMD1-AS1,0.0
GAS1RR,0.0034200079
ENSG00000226238,0.0
ENSG00000226239,0.0
ZNF32-AS1,0.0
ENSG00000226249,0.0
LINC00408,0.0
LINC02608,0.0
ENSG00000226252,0.0
GRM7-AS3,0.0
ISM1-AS1,0.0
ENSG00000226266,0.0057455534
ARHGAP26-AS1,0.0
ENSG00000226276,0.0
ENSG00000226281,0.0
ENSG00000226286,0.0
OR52I2,0.0
ENSG00000226291,0.0
ENSG00000226296,0.0
ENSG00000226302,0.0
ENSG00000226304,0.0
ENSG00000226308,0.0
CFLAR-AS1,0.0
LINC00351,0.0
LINC01811,0.0
CROCC2,0.0
ENSG00000226323,0.0
PPP1R15B-AS1,0.0
ENSG00000226332,0.013649107
ENSG00000226334,0.0
TMEM252-DT,0.0
PSPC1-AS2,0.0
ENSG00000226355,0.005380078
HAGLROS,0.0435948
LINC02089,0.0
ST7-AS2,0.0
LINC00375,0.0
DCAF8L1,0.0
LINC01345,0.0
ENSG00000226375,0.0
LINC01876,0.0
PARD3-DT,0.012759285
SORCS3-AS1,0.0
KCNQ2-AS1,0.0
LINC02909,0.0
ENSG00000226398,0.0
ENSG00000226409,0.0
LINC02628,0.0
MRPL23-AS1,0.0
IGLV3-4,0.0
ENSG00000226423,0.0
CYP26C1-DT,0.0
ENSG00000226426,0.0
USP17L7,0.0
ENSG00000226433,0.0
ENSG00000226438,0.0
LAMA4-AS1,0.0
PLCL2-AS1,0.0
ENSG00000226442,0.0
THBS2-AS1,0.0
ZNF25-DT,0.0
LINC02542,0.0
ENSG00000226455,0.0
ENSG00000226465,0.004984759
ENSG00000226472,0.0
LINC01748,0.0
ADIPOQ-AS1,0.0
ENSG00000226484,0.0
LINC01035,0.0
ENSG00000226487,0.0
LINC01824,0.0
C8orf90,0.0
LINC00323,0.028776033
LINC02549,0.0
ENSG00000226506,0.0
LINC01918,0.0
UPK1A-AS1,0.0
FAM138B,0.0
LINC00390,0.0
HDAC9-AS1,0.0
ENSG00000226526,0.0
ENSG00000226527,0.0
ENSG00000226530,0.0
BTBD9-AS1,0.0
ENSG00000226542,0.0
ENSG00000226548,0.0
CYP4F26P,0.0
ENSG00000226566,0.0
LINC00606,0.0
ENSG00000226571,0.0
ENSG00000226576,0.0
ENSG00000226578,0.0
LINC02848,0.0
ENSG00000226587,0.0
ENSG00000226594,0.0
ENSG00000226599,0.0
CT47A9,0.0
ENSG00000226601,0.0
PAPPA-AS2,0.0
ENSG00000226605,0.0
SNX30-DT,0.0
ENSG00000226619,0.0
ENSG00000226622,0.0
SHANK2-AS1,0.0
LINC00974,0.0
ENSG00000226640,0.0
ENSG00000226643,0.0
LINC03086,0.0
BUD13-DT,0.0
ENSG00000226647,0.0
ENSG00000226649,0.0
KIF4B,0.0
ENSG00000226655,0.0
TSPAN14-AS1,0.0024122363
TRBV2,0.0
ENSG00000226661,0.0
ENSG00000226664,0.0
ENSG00000226669,0.0
LINC01108,0.0
TEX41,0.13730644
LINC02679,0.0
ENSG00000226679,0.0
ENSG00000226680,0.0
ENSG00000226681,0.0
CT47A12,0.0
ENTPD1-AS1,0.013633852
C7orf78,0.0
ENSG00000226694,0.0
ENSG00000226698,0.0
ENSG00000226699,0.0
MIR217HG,0.0
ENSG00000226706,0.0
ENSG00000226707,0.0
ENSG00000226708,0.0
FGF12-AS3,0.0
LINC01709,0.0
ENSG00000226716,0.0
PTPRD-DT,0.0
LINC00424,0.0
PABPC1L2B-AS1,0.0
ENSG00000226733,0.17251654
ENSG00000226739,0.0
LINC02554,0.0
CUTALP,0.0
MAGOH-DT,0.0057719094
ENSG00000226756,0.0
PP12613,0.0
DAB1-AS1,0.0
TAS2R46,0.0
LINC02668,0.0
SRRM5,0.0
ENSG00000226764,0.0
LINC03012,0.0
ENSG00000226772,0.0
FAM30A,0.0
NAALADL2-AS2,0.0
AVPR1B-DT,0.0
ENSG00000226782,0.0
PGAM4,0.0
C13orf42,0.0
ENSG00000226797,0.0
ENSG00000226798,0.0
CACTIN-AS1,0.0
ZNF451-AS1,0.0
LCT-AS1,0.0
LINC00840,0.0
R3HDML-AS1,0.0
LINC01941,0.0
ENSG00000226816,0.045928106
MEIS1-AS3,0.0
LINC01509,0.0
LINC02774,0.0
ENSG00000226829,0.0
PPP1CB-DT,0.014604772
ARHGAP29-AS1,0.0
ENSG00000226842,0.0
LINC00348,0.0
ZNF277-AS1,0.0
GPR155-DT,0.013044878
ENSG00000226854,0.0
THORLNC,0.0
LINC02051,0.0
ENSG00000226861,0.0
SYT2-AS1,0.0
ATE1OSP,0.0
ENSG00000226868,0.0
ENSG00000226871,0.0
ENSG00000226872,0.0
SMYD3-AS1,0.0
ENSG00000226877,0.0
ENSG00000226883,0.0
ERVMER34-1,0.010094274
ENSG00000226890,0.0
ENSG00000226899,0.0
ENSG00000226900,0.005626737
LINC00354,0.0
ENSG00000226904,0.0
TTTY4,0.0
BSN-DT,0.0
LINC01276,0.0
ENSG00000226919,0.0
LINC00454,0.0
IL1R1-AS1,0.0
ENSG00000226927,0.0
CT47A11,0.0
LINC00161,0.0
ENSG00000226938,0.0
ENSG00000226939,0.0
RBMY1J,0.0
RNF207-AS1,0.0
NCKAP5-AS2,0.0
ENSG00000226954,0.0
ENSG00000226956,0.0
ENSG00000226957,0.0
ENSG00000226963,0.0
ENSG00000226965,0.0
LINC00423,0.0
PRKCZ-DT,0.0054299887
MAGI2-AS2,0.0
LTA,0.0
LINC01692,0.0
LINC01203,0.0
ENSG00000226990,0.0
ENSG00000226992,0.0
ENSG00000226994,0.0
LINC00658,0.0
ENSG00000226996,0.0
ENSG00000227006,0.0
LINC01247,0.0
LINC02527,0.0
FKBP14-AS1,0.0
LINC02796,0.0
ENSG00000227017,0.0
SLC8A1-AS1,0.0
ENSG00000227033,0.0
LINC00511,0.0
ENSG00000227042,0.0
LINC01682,0.0
ENSG00000227045,0.0
ENSG00000227047,0.0
ENSG00000227050,0.0
ANHX,0.0
LINC00629,0.009195438
ENSG00000227061,0.0
ENSG00000227066,0.0
ENSG00000227068,0.0
EPS15-AS1,0.0
FOCAD-AS1,0.0024006413
ENSG00000227075,0.0
LINC02094,0.0
LINC02798,0.0
ENSG00000227083,0.0
ENSG00000227088,0.0
ENSG00000227089,0.0
ENSG00000227090,0.0
SLC6A17-AS1,0.0
ENSG00000227094,0.0
ENSG00000227098,0.0
ENSG00000227101,0.0
ENSG00000227107,0.0
IGHD1-14,0.0
LMCD1-AS1,0.008427723
LINC01630,0.0
HORMAD2-AS1,0.0015639099
LINC02672,0.0
ENSG00000227125,0.0
ENSG00000227131,0.015309069
ENSG00000227139,0.0
USP17L5,0.0
LINC01153,0.0
IL21-AS1,0.0
ENSG00000227148,0.0
ENSG00000227150,0.0
PRR20D,0.0
DOCK8-AS2,0.0
ENSG00000227157,0.0
WDR11-DT,0.0
ENSG00000227167,0.0
ENSG00000227169,0.0
TRPS1-AS1,0.0
YAE1-DT,0.0
BEND7-DT,0.0
LINC01688,0.0
ENSG00000227186,0.0
MGAT3-AS1,0.0
ENSG00000227189,0.0
ENSG00000227193,0.0
IGHD4-23,0.0
ENSG00000227197,0.0
C6orf47-AS1,0.0
ST7-AS1,0.031509344
ENSG00000227206,0.0
WDR35-DT,0.0
SPATA13-AS1,0.0
HCG15,0.0
ENSG00000227215,0.0
ENSG00000227217,0.0
ENSG00000227218,0.0
ENSG00000227227,0.0
ENSG00000227230,0.0
SPANXB1,0.0
ZNF692-DT,0.0
ENSG00000227240,0.0
LINC00845,0.00844795
ENSG00000227245,0.0
COPS8-DT,0.007040045
ENSG00000227253,0.0
MIS18A-AS1,0.0017293113
SMIM2-AS1,0.07921338
LINC01985,0.0
KLLN,0.008556494
ENSG00000227269,0.0
MYOCD-AS1,0.0
ENSG00000227278,0.0
ENSG00000227279,0.0
ENSG00000227282,0.0
LINC01364,0.0
ENSG00000227292,0.0
ENSG00000227293,0.003881269
ENSG00000227294,0.0
ENSG00000227297,0.0
ENSG00000227301,0.0
ENSG00000227303,0.0
LINC02708,0.0
ENSG00000227307,0.0
LINC02832,0.0
LINC02630,0.0
ENSG00000227330,0.0
IGHJ1P,0.0
LINC00434,0.0
ENSG00000227338,0.018948004
LINC00307,0.0
ARHGEF7-AS1,0.0
RBM26-AS1,0.018561488
ENSG00000227355,0.0059617963
GOLGA7B-DT,0.0
LINC02936,0.0
ENSG00000227360,0.0
ENSG00000227364,0.0
ENSG00000227365,0.0
GFOD3P,0.0
RABGAP1L-DT,0.0
ENSG00000227374,0.0
DLG1-AS1,0.004816197
ENSG00000227386,0.0
HPN-AS1,0.0
KIF9-AS1,0.008725117
LINC01806,0.0
ENSG00000227407,0.0
ZMYM4-AS1,0.0
PCGEM1,0.0
LINC01724,0.0
CSE1L-DT,0.0
ASIC4-AS1,0.0
COL6A2-DT,0.0
TTTY17B,0.0
ENSG00000227455,0.0
LINC00310,0.0
ENSG00000227459,0.0
ENSG00000227463,0.0
PDE4B-AS1,0.0
LINC01537,0.0
AKR1B15,0.0
ENSG00000227475,0.0
STK4-DT,0.0016028343
ENSG00000227479,0.0
CCDC148-AS1,0.0
ENSG00000227481,0.0
ENSG00000227482,0.0
ENSG00000227484,0.0
ENSG00000227485,0.0
NCAM1-AS1,0.0
GAGE12D,0.0
ENSG00000227489,0.0
CHUK-DT,0.0
KIF1C-AS1,0.0
ENSG00000227496,0.0
ENSG00000227498,0.0
LINC01624,0.0
LINC01839,0.0
LINC01442,0.0
ENSG00000227512,0.0
ENSG00000227516,0.0
LINC01483,0.0
MIR1302-9HG,0.0
ENSG00000227519,0.0
DIAPH3-AS1,0.0
ENSG00000227531,0.0
SLC2A1-DT,0.0044778152
MYO1B-AS1,0.0
LINC03013,0.0
ENSG00000227549,0.0
TRBV7-5,0.0
USP17L12,0.0
ENSG00000227554,0.0
MIR4290HG,0.0
ENSG00000227562,0.0
LINC00376,0.0
ENSG00000227574,0.0
ENSG00000227579,0.0
CNTN4-AS2,0.0
TP73-AS3,0.0
HSD11B1-AS1,0.05146704
ENSG00000227598,0.0
PTPRT-AS1,0.0
ENSG00000227606,0.0
FRMPD3-AS1,0.0
LINC01074,0.0
ENSG00000227619,0.0
ENSG00000227627,0.003942094
LINC01132,0.0
LINC01714,0.0
SOX21-AS1,0.0
CLYBL-AS2,0.0
UST-AS1,0.0
ENSG00000227673,0.0
LINC00355,0.0
LINC01068,0.0
ENSG00000227678,0.0
ENSG00000227680,0.0
ENSG00000227681,0.0
LINC02088,0.0
ENSG00000227687,0.0
DNMBP-AS1,0.0
LINC00111,0.0
ENSG00000227704,0.0
ENSG00000227705,0.0
ENSG00000227706,0.0
LINC01850,0.0
ENSG00000227712,0.0
ENSG00000227713,0.0
ENSG00000227716,0.0
ENSG00000227718,0.0
ENSG00000227719,0.0
ENSG00000227723,0.0
RD3L,0.0
ENSG00000227733,0.0
ENSG00000227734,0.0
LINC02803,0.002143624
ENSG00000227741,0.0
ENSG00000227743,0.0
LINC01940,0.0
ENSG00000227748,0.0
RCC2-AS1,0.0
ENSG00000227757,0.0
NTRAS,0.0
ENSG00000227769,0.0
ENSG00000227782,0.0
IGHD4-17,0.0
ENSG00000227803,0.0
ENSG00000227809,0.0
INKA2-AS1,0.0
ENSG00000227818,0.0
ENSG00000227824,0.0
CPMER,0.0
SUCLA2-AS1,0.0036535915
ENSG00000227851,0.0
ENSG00000227857,0.0114811845
ENSG00000227863,0.0
TEX46,0.0
MRLN,0.024005085
ENSG00000227880,0.0
ENSG00000227885,0.0
FAM66A,0.0
LINC00352,0.0
WAPL-DT,0.0036302018
SNAP25-AS1,0.0
ENSG00000227907,0.0
IL6ST-DT,0.0038605877
LINC02344,0.0
ENSG00000227912,0.0
ENSG00000227914,0.0
SRGAP3-AS3,0.0
ENSG00000227930,0.0
SELENOOLP,0.0
ENSG00000227933,0.0
ENSG00000227935,0.0
ENSG00000227938,0.0
LINC01696,0.0
PTPRK-AS1,0.0
INO80D-AS1,0.0070961188
LINC01738,0.0
TARID,0.0
ENSG00000227958,0.0
EPHA2-AS1,0.0
RBM15-AS1,0.0
LINC01429,0.0
ENSG00000227981,0.0
ENSG00000228005,0.0
ENSG00000228010,0.0
IL6R-AS1,0.0025310104
RAPGEF4-AS1,0.0
HCG20,0.0
ENSG00000228027,0.0
ENSG00000228028,0.0
ENSG00000228031,0.0
ENSG00000228033,0.0
NGF-AS1,0.0
ENSG00000228037,0.0
SPOPL-DT,0.0
ENSG00000228044,0.0026645856
ENSG00000228048,0.0
POLR2J2,0.009136341
FAM245A,0.0019884377
PABPC4-AS1,0.0
ENSG00000228061,0.0
LYPLAL1-DT,0.005140426
ENSG00000228064,0.0
LINC01515,0.003868929
LINC01740,0.0
ENSG00000228072,0.0
ENSG00000228073,0.0
BOD1L2,0.0
ENSG00000228079,0.0
SIM1-AS1,0.0
IFNA14,0.0
ENSG00000228084,0.0031802568
ENSG00000228086,0.0
LINC01820,0.0
LINC01757,0.0
SPTBN1-AS1,0.0
ENSG00000228120,0.0
MDN1-AS1,0.0
FALEC,0.0043927236
LINC01649,0.0
IGHD6-6,0.0
ENSG00000228133,0.0
ENSG00000228136,0.0
ENSG00000228137,0.0
EFHD2-AS1,0.0
ENSG00000228141,0.0
ENSG00000228142,0.0
ENSG00000228144,0.0
ENSG00000228151,0.0
ENSG00000228153,0.0
LINC01674,0.0
ENSG00000228160,0.0
ENSG00000228162,0.0
ENSG00000228165,0.0
ENSG00000228170,0.0
ENSG00000228172,0.005634326
ENSG00000228173,0.0
ENSG00000228174,0.0
ENSG00000228176,0.0
LINC02843,0.0
ZNF691-DT,0.006972175
ENSG00000228201,0.010802209
ENSG00000228204,0.0
LINC02869,0.0045615165
NLGN1-AS1,0.0
LINC02770,0.0
LINC00578,0.0
ENSG00000228222,0.0
ENSG00000228226,0.0
ENSG00000228229,0.0
TINAG-AS1,0.0
ENSG00000228235,0.0
EFCAB14-AS1,0.0
ENSG00000228239,0.0
TTTY17A,0.0
XPC-AS1,0.0
ENSG00000228251,0.0
ITPRIP-AS1,0.0
LINC01320,0.10599709
LINC02048,0.0
ENSG00000228272,0.0
TOMM22-DT,0.007875274
ARMCX3-AS1,0.0
UMLILO,0.0
TBX18-AS1,0.0
IDH3B-DT,0.0
LINC00392,0.0
TTTY4C,0.0
ENSG00000228302,0.0
LINC01209,0.0
LINC01350,0.0
FKTN-AS1,0.0
MX1-AS1,0.0
GLIS3-AS2,0.0
MYADM-AS1,0.0
IGKV3D-7,0.0
LINC01890,0.0
LINC01784,0.0
MIR646HG,0.0
ENSG00000228343,0.0
LINC02585,0.0
ENSG00000228351,0.0
ENSG00000228352,0.0
ENSG00000228355,0.0
ENSG00000228361,0.0
CHMP3-AS1,0.0
ENSG00000228365,0.0
ENSG00000228368,0.0
TXNDC12-AS1,0.0
SMIM10L2B-AS1,0.0
ENSG00000228379,0.0
ENSG00000228384,0.0
ENSG00000228386,0.0
ENSG00000228391,0.0
ENSG00000228392,0.0
ENSG00000228395,0.0
LINC01635,0.0
CNTNAP5-DT,0.0
ENSG00000228404,0.0
ENSG00000228408,0.0
LNC-LBCS,0.006824834
REL-DT,0.0
ENSG00000228417,0.0
LINC01768,0.0
LINC00687,0.0
ENSG00000228423,0.0
ZNF32-AS3,0.0
ENSG00000228427,0.0
ENSG00000228430,0.0
RRAGC-DT,0.011517502
LINC02474,0.0
LINC01546,0.0
ENSG00000228463,0.0
ENSG00000228467,0.0
PRKCE-AS1,0.0
LINC01713,0.0
ENSG00000228484,0.0
C2orf92,0.0034914997
ENSG00000228487,0.0
ENSG00000228488,0.0
LINC01013,0.0
LINC01760,0.0
ENSG00000228505,0.0
PNISR-AS1,0.0028794997
ENSG00000228509,0.008545621
CT47A7,0.0
ENSG00000228521,0.0
ENSG00000228527,0.0
ENSG00000228528,0.0
LYPLAL1-AS1,0.0
ENSG00000228539,0.0
ENSG00000228541,0.0
ENSG00000228543,0.0
CCDC183-AS1,0.0025964072
ITPKB-AS1,0.0
LINC03126,0.0
ENSG00000228553,0.0
ENSG00000228554,0.0
ENSG00000228559,0.0
ENSG00000228563,0.0
LINC01005,0.0
ENSG00000228566,0.0
VN1R4,0.0
NUTM2E,0.003201249
ENSG00000228573,0.0
ENSG00000228577,0.0
ENSG00000228586,0.0
ENSG00000228587,0.0
MIR4432HG,0.0
ENSG00000228592,0.0
ENSG00000228596,0.0
MACC1-AS1,0.0
ENSG00000228604,0.0
DCAF8-DT,0.0
CLDN25,0.0
ENSG00000228613,0.0
ENSG00000228618,0.0
ENSG00000228620,0.0
ENSG00000228622,0.0
ZNF883,0.0
HDAC2-AS2,0.0
ENSG00000228625,0.0
ENSG00000228627,0.0
ENSG00000228629,0.0
HOTAIR,0.0
ENSG00000228634,0.0
LINC02663,0.0
ROCR,0.0
ENSG00000228650,0.0
ENSG00000228655,0.0
ENSG00000228658,0.0
LINC01201,0.0
STIM1-AS1,0.0
TRGV5P,0.0
LINC00448,0.0
ENSG00000228675,0.0
TTC3-AS1,0.0
ENSG00000228679,0.0
ENSG00000228680,0.0
ENSG00000228683,0.0
ENSG00000228686,0.0
ENSG00000228689,0.0
ENSG00000228692,0.0
ENSG00000228697,0.0
TNKS2-DT,0.013173855
ENSG00000228703,0.0
LINC00659,0.015323218
ENSG00000228707,0.0
LINC02575,0.0
ENSG00000228714,0.0
LINC02521,0.0
ENSG00000228719,0.0
SRGAP3-AS2,0.0
SAPCD1,0.0
LINC02013,0.0
ENSG00000228734,0.0
ENSG00000228735,0.0
ENSG00000228737,0.00072453346
ENSG00000228739,0.0
GABRG3-AS1,0.0
SPATA13,0.0
LINC02577,0.0
ENSG00000228748,0.0
LINC01672,0.0
LIMS1-AS1,0.0
MIR365BHG,0.0
ENSG00000228772,0.0
WEE2-AS1,0.0012706341
LINC02534,0.0
ENSG00000228778,0.0
ENSG00000228779,0.0
LINC00954,0.0
NLGN4Y-AS1,0.0
HCG22,0.0
ENSG00000228792,0.0
ENSG00000228793,0.0
LINC01939,0.0
ENSG00000228800,0.0
ENSG00000228802,0.0
ENSG00000228804,0.0
LAMA5-AS1,0.0076084677
BACH1-IT2,0.0
MIR4500HG,0.0
ENSG00000228826,0.0
ENSG00000228830,0.0
ENSG00000228835,0.002580605
CT45A5,0.0
ENSG00000228838,0.0
PIK3IP1-DT,0.0
PCDH9-AS2,0.0
ENSG00000228843,0.0
ENSG00000228852,0.0
USP17L30,0.0
ACTR3-AS1,0.0
ENSG00000228862,0.0
ENSG00000228863,0.0
ENSG00000228873,0.0
ENSG00000228876,0.0
ENSG00000228877,0.0
SEPTIN7-DT,0.01099471
ENSG00000228886,0.0
LINC01428,0.0
UBAC2-AS1,0.021775043
LINC01803,0.0
NECTIN4-AS1,0.0
LINC01344,0.0
ENSG00000228919,0.0
ENSG00000228923,0.0
ENSG00000228925,0.0
TSPY3,0.0
ENSG00000228933,0.0
ENSG00000228944,0.0
ENSG00000228950,0.0
LINC02041,0.0
ENSG00000228959,0.0
LINC01690,0.0
ENSG00000228968,0.0
LINC02607,0.0
ENSG00000228973,0.0
LINC01205,0.0
TRDD3,0.0
ENSG00000228988,0.0
LINC01830,0.0
HNF4A-AS1,0.0
LINC01038,0.0
ENSG00000229012,0.0
ENSG00000229015,0.0
LINC01277,0.0017904362
ENSG00000229021,0.0
ENSG00000229025,0.0
ENSG00000229042,0.0
ENSG00000229044,0.0
ENSG00000229047,0.0
LINC01788,0.010449398
TRBV23OR9-2,0.0
ENSG00000229065,0.0
ENSG00000229066,0.0
LINC01165,0.0
LINC01548,0.0
ANKRD20A8P,0.0
IGHV3-47,0.0
PIK3CA-DT,0.0
ASTN2-AS1,0.0
LINC02587,0.0
FRMD3-AS1,0.0
MED4-AS1,0.0
ENSG00000229116,0.0066804285
ENSG00000229118,0.0
KANSL1L-AS1,0.0
ENSG00000229131,0.0
CCDC26,0.0
KCNQ5-AS1,0.0
LINC02038,0.0
RUNX3-AS1,0.0
ENSG00000229167,0.0
LINC00382,0.0
ENSG00000229177,0.0
ENSG00000229178,0.0
RABGEF1P1,0.0
PGA4,0.0
ENSG00000229188,0.0
ENSG00000229190,0.0
ENSG00000229192,0.0
ENSG00000229195,0.0
LINC03008,0.0052474327
LINC02787,0.0
ENSG00000229203,0.0
LINC00200,0.0
ENSG00000229206,0.0
ENSG00000229209,0.0
LINC00242,0.0
ENSG00000229224,0.0
ENSG00000229225,0.0
ENSG00000229227,0.0016260142
LINC00582,0.0
ENSG00000229229,0.0
TTTY10,0.0
ENSG00000229242,0.0
LINC01981,0.0
LINC00377,0.0
LINC00446,0.0
ENSG00000229255,0.006038345
ENSG00000229257,0.0
LPGAT1-AS1,0.0
ENSG00000229261,0.0
ENSG00000229262,0.0
ENSG00000229263,0.0
SNHG31,0.00050063065
ENSG00000229269,0.0
ENSG00000229271,0.0
LINC03036,0.0
LINC02829,0.0
ENSG00000229275,0.0
ENSG00000229278,0.0022430955
ENSG00000229282,0.0
ENSG00000229283,0.0
ENSG00000229289,0.0
LINC02768,0.0
RFPL4AL1,0.0
DNAJC6-AS1,0.0
ENSG00000229297,0.0
ZBTB46-AS2,0.005272968
LINC03075,0.0
ENSG00000229306,0.0
LINC00459,0.0
ENSG00000229308,0.010551298
ENSG00000229309,0.0
ENSG00000229311,0.0
ENSG00000229312,0.0
ENSG00000229313,0.0
MCHR2-AS1,0.0
ENSG00000229321,0.0
EPC1-AS1,0.0
TMEM44-AS2,0.0
DANT1,0.0
ENSG00000229337,0.0
ENSG00000229345,0.0
HYI-AS1,0.0
LRRC3-DT,0.0
ENSG00000229370,0.0
SZT2-AS1,0.0
LINC00452,0.0
ENSG00000229379,0.0
PRKAR1B-AS2,0.014545222
ENSG00000229382,0.0
CTNNA2-AS1,0.0
TAF12-DT,0.0031744444
ENSG00000229389,0.0
ENSG00000229393,0.0
ENSG00000229395,0.0
CNIH3-AS1,0.0
ENSG00000229402,0.0
LINC00858,0.0
ENSG00000229407,0.0
KCNQ1-AS1,0.0
SFTA3,0.0
ENSG00000229418,0.0
ENSG00000229422,0.0
ENSG00000229424,0.0
ENSG00000229425,0.003906857
MED8-AS1,0.0
LINC02069,0.0
NRAL,0.0
LINC00366,0.0
LINC00433,0.0
ST3GAL3-AS1,0.0
CPVL-AS1,0.0
SPINK8,0.0
LINC01789,0.0
ENSG00000229459,0.0
LINC02627,0.0
PATL2,0.0
LINC00362,0.0
LINC02766,0.0
ALG13-AS1,0.0
ENSG00000229491,0.0
ENSG00000229494,0.0
ENSG00000229495,0.0
ENSG00000229498,0.0
ENSG00000229502,0.0
LINC00404,0.0
LINC01523,0.0
DNPEP-AS1,0.0
ENSG00000229528,0.0
RABGAP1L-AS1,0.0
ENSG00000229533,0.0
LINC02572,0.0
LINC01739,0.01674285
ENSG00000229543,0.0
NKX1-2,0.0
LINC00428,0.0
TSPY8,0.0
ENSG00000229550,0.0
LINC00379,0.09386533
SACS-AS1,0.0
LINC01204,0.0
LINC02264,0.0
ENSG00000229569,0.0
PRAMEF25,0.0
LINC00358,0.0
USP17L26,0.0
ENSG00000229588,0.0
ACVR2B-AS1,0.0
LINC00411,0.0
ENSG00000229600,0.0
ENSG00000229603,0.0
LINC01718,0.0
ENSG00000229607,0.0
LINC01079,0.0
LINC01501,0.0
ENSG00000229618,0.0
MBNL1-AS1,0.023518493
LINC01822,0.0
ENSG00000229625,0.0
LINC01264,0.0
PRAC2,0.0
LINC01758,0.0
ENSG00000229642,0.0
LINC00280,0.0
MYOSLID,0.0
LINC02681,0.0
LINC02526,0.0
ITGB1-DT,0.0
ENSG00000229660,0.0
ENSG00000229664,0.0
PRR20C,0.0
MAST4-AS1,0.0
LINC01150,0.0
ENSG00000229672,0.0
ENSG00000229673,0.0
ZNF492,0.0
ENSG00000229679,0.0
CRPPA-AS1,0.0
FAM242E,0.0
ENSG00000229699,0.0
LYPD9P,0.0
ENSG00000229717,0.0
MIR194-2HG,0.0066121905
ENSG00000229720,0.0
ENSG00000229722,0.0
LINC01054,0.0
ENSG00000229728,0.0
ENSG00000229732,0.0
PDC-AS1,0.0
ENSG00000229740,0.0
ENSG00000229750,0.0
ENSG00000229751,0.0
ENSG00000229755,0.0
TMX4-AS1,0.0
TRBV10-2,0.0
ENSG00000229770,0.0
ENSG00000229771,0.0
ENSG00000229774,0.0
LINC02624,0.0
C4B-AS1,0.0
ENSG00000229779,0.0
UBE2Q1-AS1,0.0
SPNS2-AS1,0.009989894
LINC00388,0.0
ENSG00000229791,0.0
LINC00399,0.0
ENSG00000229797,0.0
LINC01813,0.0
ENSG00000229821,0.0
ENSG00000229839,0.0
ENSG00000229846,0.0
EMX2OS,0.17106627
ENSG00000229848,0.0
ARSD-AS1,0.0
KHDC1-AS1,0.0072261584
ENSG00000229854,0.0
ENSG00000229855,0.0
PGA3,0.0
EEF1A1-AS1,0.0
STEAP3-AS1,0.0
LARP4B-DT,0.0
OGFR-AS1,0.0
CASC20,0.0
ENSG00000229882,0.0
TAX1BP1-AS1,0.0031252098
GK3,0.0
ENSG00000229896,0.033356093
FOXO6-AS1,0.0
ENSG00000229905,0.0
ENSG00000229913,0.0
ENSG00000229915,0.0
DOCK9-AS1,0.0
KIF25-AS1,0.005290074
LINC02865,0.0
ENSG00000229923,0.0
FAM90A26,0.0
ENSG00000229925,0.0
LINC00400,0.0
ATXN1-AS1,0.0
PRPS1L1,0.0
MYO16-AS2,0.0
PDE11A-AS1,0.0
ENSG00000229943,0.0
TFAP2A-AS1,0.002988253
FOSL2-AS1,0.0022207466
BCAN-AS2,0.0
ENSG00000229957,0.0
ENSG00000229960,0.0
ENSG00000229961,0.0
ENSG00000229962,0.0
MAGEA4-AS1,0.0
ENSG00000229969,0.0
ENSG00000229970,0.0
ENSG00000229971,0.0
IQCF3,0.0
ENSG00000229976,0.0
LINC01435,0.0
ENSG00000229983,0.0
ENSG00000229986,0.0
ENSG00000229990,0.0
ENSG00000229996,0.0
SGSM3-AS1,0.0017252163
SNAP47-AS1,0.0
ENSG00000230010,0.0
CT70,0.0
LINC00709,0.0
ENSG00000230015,0.0
NHS-AS1,0.0
ENSG00000230021,0.0
LINC02800,0.0
ENSG00000230027,0.0
ENSG00000230030,0.0
POTEB2,0.0
ENSG00000230033,0.0
IGSF21-AS1,0.0
LINC00364,0.0
BIRC6-AS1,0.0
ENSG00000230051,0.0
TEX53,0.0
TRPM2-AS,0.0
ANKRD66,0.0
ENSG00000230065,0.0
ENSG00000230074,0.0039669275
PRRT3-AS1,0.005560888
ZBTB47-AS1,0.0
TMEM254-AS1,0.0016687134
ENSG00000230096,0.0
TCERG1L-AS1,0.0
TRBV5-4,0.0
ENSG00000230100,0.0
ENSG00000230105,0.0
ENSG00000230107,0.0
LINC02643,0.0
ENSG00000230113,0.0
AGBL4-AS1,0.0
TPRG1-AS2,0.0
ENSG00000230120,0.0
ENSG00000230121,0.0
FGF12-AS2,0.0
LINC02641,0.0
LINC01721,0.0
LINC02812,0.0
NPAS2-AS1,0.0
LINC01075,0.0
ENSG00000230149,0.0
LINC02927,0.0
CEP250-AS1,0.009930074
ENSG00000230159,0.0
ENSG00000230163,0.0
ENSG00000230172,0.0
LINC01790,0.0
LINC01149,0.0
LINC01433,0.0
OR4F3,0.0
HSDL2-AS1,0.002173773
ENSG00000230186,0.0
ENSG00000230197,0.0
LINC01840,0.0
ATXN8OS,0.0
ENSG00000230226,0.0
ENSG00000230229,0.0
ENSG00000230233,0.0
ENSG00000230234,0.0
PDE4DIPP9,0.0
ENSG00000230248,0.0
LINC01753,0.0
NFE4,0.0
ENSG00000230258,0.0
ENSG00000230260,0.0
LINC02603,0.0
XXYLT1-AS2,0.0
SSU72L6,0.0
LINC02525,0.0
ENSG00000230285,0.0
ENSG00000230286,0.0
ENSG00000230289,0.0
ARMC2-AS1,0.0
LINC02370,0.0
ENSG00000230298,0.0
OR5H6,0.0
ENSG00000230303,0.0
ENSG00000230309,0.0
LINC02926,0.0
HCG24,0.0
ELOVL2-AS1,0.0
FEZF1-AS1,0.0
LINC01284,0.0
TTLL1-AS1,0.0
ENSG00000230322,0.0
LINC00159,0.0
LINC01734,0.0
ENSG00000230325,0.0
EXOSC10-AS1,0.0034097475
CT47A8,0.0
ENSG00000230352,0.0
ENSG00000230365,0.0
FAM41C,0.0128270835
ENSG00000230379,0.0
ENSG00000230385,0.0
LINC03125,0.0028535135
LINC01048,0.0
LINC03098,0.0
ENSG00000230393,0.0
LINC01747,0.0
LINC01972,0.0
LINC01349,0.0
LINC01066,0.0
ENSG00000230404,0.0
BZW1-AS1,0.0
LINC01786,0.0
LINC00856,0.0
ENSG00000230423,0.0
EMC1-AS1,0.019800736
LINC01036,0.0
USP17L25,0.0
ENSG00000230432,0.0
ENSG00000230433,0.0
LINC01650,0.0
ENSG00000230435,0.0
ENSG00000230437,0.0
SERPINB9P1,0.0
ENSG00000230440,0.0
ASB15-AS1,0.0
LINC00276,0.0
LINC01381,0.0
ANKRD18B,0.0
ENSG00000230454,0.0013359962
ENSG00000230471,0.0
ENSG00000230472,0.0
LNCTSI,0.0
IGKV1OR22-5,0.0
ENSG00000230483,0.0
VAV3-AS1,0.0
ENSG00000230490,0.0
ENSG00000230492,0.0
ENSG00000230498,0.0
ENSG00000230499,0.0
MKX-AS1,0.0
PPP5D1P,0.013512738
ENSG00000230515,0.0
ENSG00000230516,0.0
MBD3L2,0.0
LINC01756,0.0
ENSG00000230526,0.0
LIMD1-AS1,0.0
ENSG00000230532,0.0
LINC03004,0.0
ENSG00000230534,0.0
ENSG00000230536,0.0
LINC02937,0.010186302
LINC00102,0.0
USP17L1,0.0
ERLNC1,0.0
ENSG00000230552,0.0
CCDC192,0.0
ENSG00000230563,0.0
ENSG00000230569,0.0
LINC02639,0.0
ENSG00000230575,0.0
LINC02580,0.0
CT47A4,0.0
ENSG00000230597,0.0
ENSG00000230599,0.0
TEX48,0.0
ENSG00000230612,0.0
HM13-AS1,0.0
ENSG00000230615,0.0042736786
ENSG00000230623,0.0013154518
ENSG00000230626,0.0
ENSG00000230627,0.0
ENSG00000230628,0.0
ENSG00000230631,0.008023874
LINC01818,0.0
ENSG00000230647,0.0
ENSG00000230648,0.0
RGPD4-AS1,0.0
PRB4,0.0
KLHL7-DT,0.0
FAM224B,0.0
SETSIP,0.0
ENSG00000230668,0.0
ENSG00000230676,0.006655668
ENO1-AS1,0.01541807
ENSG00000230680,0.0
ENSG00000230684,0.0
ENSG00000230686,0.0
ENSG00000230687,0.0
ENSG00000230690,0.0
ENSG00000230694,0.0
FN1-DT,0.0
ENSG00000230698,0.0
MYOM3-AS1,0.0
ENSG00000230704,0.0
ENSG00000230709,0.0
LINC00332,0.0
ENSG00000230714,0.0
LINC02644,0.0
ENSG00000230725,0.0
ENSG00000230729,0.0
ENSG00000230730,0.0
LINC02938,0.0
ENSG00000230733,0.0
ENSG00000230736,0.0
ENSG00000230737,0.0
ENSG00000230741,0.0
ENSG00000230746,0.0
ENSG00000230747,0.0
MEIS1-AS2,0.0051323147
ZNF341-AS1,0.0035292122
ENSG00000230759,0.0
LINC01676,0.0
ENSG00000230773,0.0
ANKRD63,0.0
ENSG00000230782,0.0
ENSG00000230790,0.0
ENSG00000230794,0.0
YY2,0.0024444018
FOXD3-AS1,0.0
ENSG00000230803,0.0
ENSG00000230805,0.0
SRGAP2-AS1,0.0
LINC01362,0.0
ENSG00000230826,0.0
ARPP21-AS1,0.0
ENSG00000230831,0.0
ENSG00000230834,0.0
LINC01614,0.0
ENSG00000230843,0.0
ENSG00000230846,0.0
ENSG00000230848,0.0
LINC02857,0.0
ENSG00000230864,0.0
LINC02558,0.0
STMND1,0.0
LINC00486,0.0
ENSG00000230881,0.0
ENSG00000230894,0.0
MAGEA8-AS1,0.0
ENSG00000230908,0.0
ADGRB3-DT,0.0023826724
ENSG00000230912,0.0
KIF19BP,0.0
DPP4-DT,0.0
ENSG00000230920,0.0
LINC00309,0.0
ENSG00000230928,0.0
ENSG00000230941,0.0
LINC02541,0.0
ENSG00000230944,0.0
LINC01507,0.0058518182
LINC03037,0.0
INPP5B-AS1,0.0
ENSG00000230960,0.0
LINC01520,0.0
ENSG00000230967,0.0
ENSG00000230968,0.0
LINC02090,0.0
HHATL-AS1,0.0
ENSG00000230972,0.0
ENSG00000230975,0.0
LINC00160,0.0
ENSG00000230990,0.0
ENSG00000230991,0.0
ENSG00000231010,0.0
SCTR-AS1,0.0030540389
ENSG00000231015,0.0
LINC00373,0.0
LINC00326,0.0
ENSG00000231024,0.0
AHI1-DT,0.009579666
LINC01804,0.0
ENSG00000231039,0.0
LINC01911,0.0
MFSD4B-DT,0.0
GNB1-DT,0.0
USP17L28,0.0
ENSG00000231052,0.0
LINC02522,0.0
NEK2-DT,0.0
LINC00395,0.0
ENSG00000231062,0.0
THBS3-AS1,0.0043614144
KRTAP21-3,0.0
ENSG00000231073,0.0
ENSG00000231078,0.0
KIF5C-AS1,0.0
ENSG00000231080,0.0
ENSG00000231081,0.0
LINC02655,0.0
ENSG00000231083,0.0
MIR4422HG,0.0
ENSG00000231092,0.0
ENSG00000231098,0.0
ENSG00000231102,0.0
ENSG00000231104,0.003292411
ECE1-AS1,0.0
LINC01436,0.0
LINC01508,0.016622838
ENSG00000231110,0.0
ENSG00000231114,0.0
ENSG00000231119,0.013680885
LNCAROD,0.0
ENSG00000231132,0.0
HAR1B,0.0
ENSG00000231138,0.0
TTTY3,0.0
ENSG00000231143,0.0
ENSG00000231149,0.0
DNAH8-AS1,0.0
MORF4L2-AS1,0.007814241
ENSG00000231156,0.0
CSMD2-AS1,0.0
TRBV26OR9-2,0.0
PDK4-AS1,0.005765938
LINC01098,0.0
EVA1A-AS,0.0
LINC01720,0.0
LINC00852,0.0025377464
ENSG00000231178,0.0
SPRY4-AS1,0.0
SYT15-AS1,0.005365822
ENSG00000231188,0.0
ENSG00000231189,0.0
OR5H1,0.0
ENSG00000231193,0.0
FARP1-AS1,0.0
ENSG00000231201,0.0
TRGVB,0.0
ENSG00000231204,0.0
ZBTB46-AS1,0.0
COMETT,0.11839141
PLSCR5,0.0
GS1-600G8.3,0.0
LINC01593,0.0
TRIM31-AS1,0.0
LINC01423,0.0
CFAP58-DT,0.0
ENSG00000231236,0.0
LINC00349,0.0
ENSG00000231243,0.0
LINC02884,0.0
FAM242D,0.0
ITPR1-DT,0.0031141024
ENSG00000231252,0.0
LINC01640,0.0
CFAP97D1,0.0
TRERNA1,0.0
ENSG00000231266,0.0
SBK3,0.0
ENSG00000231291,0.0
IGKV1OR2-108,0.0
ENSG00000231295,0.0
ENSG00000231297,0.0
MANCR,0.0
TBL1XR1-AS1,0.0
ENSG00000231324,0.020486716
LINC02662,0.0
LINC01816,0.026299022
ENSG00000231329,0.0
OOEP-AS1,0.0
EML6-AS1,0.0
ENSG00000231336,0.0
LINC01160,0.0
ENSG00000231355,0.0
ENSG00000231358,0.0
LINC01712,0.0
WARS2-AS1,0.0036030498
LINC02613,0.005475702
GNA14-AS1,0.0
FGF12-AS1,0.0
ENSG00000231393,0.0
ENSG00000231394,0.0
USP17L10,0.0
ENSG00000231401,0.0
ENSG00000231403,0.0
ENSG00000231405,0.0
GORAB-AS1,0.0
LINC03078,0.0
ENSG00000231413,0.0
ENSG00000231418,0.0
LINC01817,0.0
LINC01516,0.0
ENSG00000231424,0.0
FILNC1,0.010902117
LINC01445,0.0
LINC00396,0.0
LINC01750,0.0043533817
WASIR2,0.0
DST-AS1,0.0
ENSG00000231447,0.0
LINC01305,0.0
ENSG00000231460,0.0
ENSG00000231467,0.0
RB1-DT,0.0
IGHV4-31,0.0
ENSG00000231476,0.0
ENSG00000231477,0.0
ENSG00000231482,0.0
ENSG00000231487,0.0
ENSG00000231492,0.0
ENSG00000231495,0.0
ENSG00000231496,0.0
ENSG00000231505,0.0
ENSG00000231509,0.0
LINC02782,0.0
SEPTIN14P21,0.0
ENSG00000231519,0.0
ENSG00000231521,0.0
FAM225A,0.0
LINC02779,0.0
ENSG00000231530,0.0
LINC01249,0.0
ENSG00000231533,0.0
LINC00278,0.0
ENSG00000231536,0.0
DPP10-AS3,0.0
ENSG00000231539,0.0
TAB3-AS1,0.0
PDE4DIPP6,0.0
ENSG00000231557,0.0
CLEC12A-AS1,0.0
ENSG00000231563,0.0
LINC02015,0.0
ENSG00000231585,0.0
ENSG00000231589,0.0
ENSG00000231597,0.0
ENSG00000231601,0.0
ENSG00000231604,0.0
LINC01363,0.0
ENSG00000231606,0.0
EHBP1-AS1,0.001970179
ENSG00000231612,0.0
ENSG00000231620,0.0
ANKRD44-AS1,0.0036193165
ENSG00000231626,0.0
ENSG00000231628,0.0
ENSG00000231630,0.0
AGBL5-AS1,0.0
USP17L29,0.0
LUARIS,0.0
FSIP2-AS1,0.0
LINC01698,0.0
DLG3-AS1,0.0011540295
CD109-AS1,0.0
LINC03097,0.0
RPS6KA2-AS1,0.0
ENSG00000231662,0.0
COA6-AS1,0.088575386
LINC01704,0.0
LINC01307,0.0
DIRC3,0.006324751
LINC00410,0.0
ENSG00000231678,0.0
LINC02723,0.0
ENSG00000231681,0.0
LINC01891,0.0
KILH,0.0043164957
LINC01090,0.0
LINC00574,0.0
ENSG00000231691,0.0
ENSG00000231698,0.0
ENSG00000231703,0.0
ENSG00000231704,0.0
ENSG00000231705,0.0035363056
ENSG00000231713,0.0
ENSG00000231714,0.0
LINC02789,0.0
ENSG00000231720,0.0
LINC-PINT,0.0
ENSG00000231724,0.0
TMSB15B-AS1,0.0
ENSG00000231731,0.0
TSPAN19,0.0007670503
ENSG00000231740,0.0
LINC01273,0.0022157982
ENSG00000231748,0.0
ABCA9-AS1,0.0
ENSG00000231754,0.0
CHODL-AS1,0.0
ENSG00000231756,0.0
ARHGAP15-AS1,0.0
ENSG00000231760,0.0026275325
DLX6-AS1,0.0
RPS27AP5,0.0016230416
ENSG00000231769,0.004570556
ENSG00000231772,0.0
LINC01611,0.0
ENSG00000231781,0.0
LINC00575,0.0
PIK3CD-AS2,0.034371812
ENSG00000231791,0.0
ENSG00000231794,0.0
PCAT7,0.0030038853
LINC01388,0.0
ENSG00000231811,0.0
LINC00210,0.0
ENSG00000231815,0.0
LINC01198,0.0
AKAIN1,0.0
LINC01819,0.0
ENSG00000231829,0.0
ENSG00000231830,0.0
TMEM139-AS1,0.0
MRPS9-AS1,0.0
CYP21A2,0.0033697216
ENSG00000231856,0.061685495
OR5K2,0.0
ENSG00000231863,0.0
ENSG00000231864,0.0
ENSG00000231868,0.0
ENSG00000231873,0.0
ENSG00000231876,0.0
ENSG00000231880,0.0
ENSG00000231881,0.0
F10-AS1,0.0
DARS1-AS1,0.0037277981
ENSG00000231892,0.0
MYO3B-AS1,0.0
ENSG00000231901,0.0
ENSG00000231902,0.0
ENSG00000231903,0.0
IDH1-AS1,0.026135169
ENSG00000231912,0.0
LINC00387,0.0
NRXN1-DT,0.0
NEBL-AS1,0.05207438
PSG1,0.0
ENSG00000231927,0.0
MYO18B-AS1,0.0
FAM242A,0.0
ENSG00000231937,0.0
PHKA1-AS1,0.0
ENSG00000231949,0.0
ENSG00000231951,0.0
ENSG00000231953,0.0
ENSG00000231955,0.0
ENSG00000231963,0.0
ENSG00000231964,0.0
LINC02818,0.0
MMADHC-DT,0.008414175
ENSG00000231970,0.0
CT69,0.0
FAM238B,0.0
ENSG00000231977,0.0
ENSG00000231980,0.0
LINC00415,0.0
ENSG00000231985,0.0
ENSG00000231986,0.0
LINC01787,0.0
PPP1R2B,0.0
ENSG00000231990,0.0
EP300-AS1,0.0
ENSG00000232001,0.0
LINC01880,0.0
ENSG00000232006,0.0
DNMT3L-AS1,0.014851858
ENSG00000232019,0.0
LINC01807,0.0
PRKD3-DT,0.0
MAGEB6B,0.0
ENSG00000232035,0.0
SCAND3,0.004674023
ENSG00000232043,0.0
LINC01798,0.0
ENSG00000232053,0.0
ENSG00000232058,0.0
ENSG00000232063,0.0
LINC01063,0.0017296054
TMEM253,0.0037162118
ENSG00000232072,0.036152616
ENSG00000232073,0.0
LINC01031,0.0
LINC01104,0.0
ENSG00000232085,0.0
ENSG00000232086,0.0
DCST1-AS1,0.0
ZNF584-DT,0.0071108076
LINC01653,0.0
RFX3-DT,0.0006243143
ENSG00000232110,0.029300144
TEX50,0.0
LINC00384,0.0
BACH1-AS1,0.0
ENSG00000232120,0.0
ENSG00000232121,0.0
ENSG00000232124,0.0
DYTN,0.0
ENSG00000232130,0.0
NCOA7-AS1,0.0
NDFIP2-AS1,0.0
LINC00867,0.0
ENSG00000232140,0.0
ENSG00000232153,0.0
RAP2C-AS1,0.030550923
USP12-AS1,0.0
LINC01873,0.0
LINC00708,0.0
ENSG00000232183,0.0
ENSG00000232188,0.0
LINC02181,0.0
KIF26B-AS1,0.0
ENSG00000232193,0.0
ENSG00000232194,0.0
ENSG00000232197,0.0
ENSG00000232200,0.0
ENSG00000232211,0.0
LINC01701,0.0
IGHV3-43,0.0
MYADM-AS2,0.0
LINC01047,0.0
ENSG00000232227,0.0
LINC00865,0.008606144
LINC02043,0.0
ENSG00000232234,0.0
ASCL5,0.0
ENSG00000232245,0.0
ENSG00000232252,0.0
TMEM114,0.0013107758
ENSG00000232259,0.0
KRTAP25-1,0.0
USP17L24,0.0
LINC02805,0.0
OR52I1,0.0
ENSG00000232271,0.0
HSD17B3-AS1,0.0
GNG12-AS1,0.0011143822
ENSG00000232286,0.0
SLC6A1-AS1,0.0
ENSG00000232290,0.0
GRHL3-AS1,0.0
ENSG00000232299,0.0
LNCPRESS1,0.0
ENSG00000232306,0.0
DAOA-AS1,0.0
ENSG00000232309,0.0
LINC02518,0.0
ENSG00000232328,0.0
ENSG00000232335,0.0
ENSG00000232342,0.0
ENSG00000232347,0.0
SEMA3B-AS1,0.06419353
ENSG00000232353,0.0
VIPR1-AS1,0.0
ENSG00000232358,0.0
ENSG00000232359,0.0
ENSG00000232360,0.0
ENSG00000232363,0.0
ENSG00000232377,0.0
OR5K1,0.0
ENSG00000232394,0.0
LNCPOIR,0.0
CABP7-DT,0.0
USP17L13,0.0
LINC00112,0.0
EPB41L1-AS1,0.0
ENSG00000232408,0.0
STAG2-AS1,0.044411045
ENSG00000232413,0.0
ELN-AS1,0.0
BPESC1,0.0
TTTY19,0.0
PRAMEF6,0.0
AJM1,0.039898902
ENSG00000232436,0.0
ENSG00000232444,0.0
EMSLR,0.0038570864
ENSG00000232448,0.0
ENSG00000232451,0.0
LINC02777,0.017294036
LARS2-AS1,0.0
LINC01450,0.0
ENSG00000232464,0.0
ENSG00000232465,0.0
ENSG00000232470,0.0
TGFB2-AS1,0.0
OSBPL10-AS1,0.0
ENSG00000232494,0.0
ENSG00000232500,0.0
ST3GAL5-AS1,0.0
ENSG00000232512,0.0
ENSG00000232518,0.0
ENSG00000232519,0.0
GCSIR,0.0
ENSG00000232524,0.0
ENSG00000232529,0.0
LIF-AS1,0.0
ENSG00000232537,0.0
LINC00945,0.0
IGHD4-11,0.0
LINC01809,0.0
ENSG00000232555,0.0
ENSG00000232557,0.0
LINC01549,0.0
MRTFA-AS1,0.0
ENSG00000232581,0.0
KIAA1614-AS1,0.0
ENSG00000232590,0.0
LINC02642,0.0
LINC01646,0.0
ENSG00000232598,0.0
TONSL-AS1,0.0
ENSG00000232604,0.0
LINC01412,0.0
LINC02576,0.0
HIVEP2-DT,0.0
MRAP-AS1,0.0
HLA-DQB2,0.0
ENSG00000232633,0.0
ENSG00000232640,0.006217659
ENSG00000232642,0.0
LINC00385,0.0
LINC01431,0.019756205
ING2-DT,0.0
LINC01780,0.0
GOLGA8N,0.0073398505
LINC01656,0.0
IDI2-AS1,0.0
CFTR-AS1,0.0
ENSG00000232667,0.0
ZNF687-AS1,0.015140541
LINC01705,0.0
ENSG00000232682,0.0
ATP11A-AS1,0.0
LINC00442,0.0
LINC01628,0.0
ENSG00000232696,0.0
ENSG00000232710,0.0
LINC01022,0.0
ENSG00000232719,0.0
ENSG00000232721,0.019411566
PLXNB3-AS1,0.0
ENSG00000232738,0.0
ENSG00000232739,0.0
LINC01826,0.0
LINC02022,0.0
IGKV1D-35,0.0
ENSG00000232748,0.0
DDX3ILA1,0.0
ENSG00000232762,0.0
HSPA12A-AS1,0.0
LINC03033,0.0
ITGA6-AS1,0.0
LINC01162,0.0
SLCO4A1-AS1,0.0
ENSG00000232806,0.0
TTTY20,0.0
ENSG00000232811,0.0
LINC01717,0.0
COL4A2-AS1,0.0
ENSG00000232817,0.0
ENSG00000232821,0.0
PLPPR5-AS1,0.0
LINC01189,0.0
ENSG00000232828,0.0
LMLN-AS1,0.0
ENSG00000232835,0.013180717
LINC01700,0.0
LINC00363,0.0
PTGES2-AS1,0.0
TRBV29-1,0.0
LINC02924,0.0
ENSG00000232876,0.0
DPYD-AS1,0.0
ENSG00000232884,0.0
GPC5-AS2,0.0
ENSG00000232886,0.0
RGS5-AS1,0.0
IQCA1-AS1,0.0
ENSG00000232895,0.0
ENSG00000232900,0.0
LINC01166,0.0
DLGAP4-AS1,0.0012698384
ENSG00000232909,0.0
RERE-AS1,0.0
PLCE1-AS2,0.0
LINC01400,0.0
ENSG00000232930,0.0
ENSG00000232934,0.0036428897
ENSG00000232935,0.0
PANK1-AS1,0.0
ENSG00000232939,0.0
HCG25,0.0016670345
LINC02543,0.0
DEFB130A,0.0
LINC00374,0.0
KIFAP3-AS1,0.0
LINC01737,0.0
ENSG00000232969,0.0
ENSG00000232971,0.0
CYP1B1-AS1,0.0034621356
LINC00327,0.0
ENSG00000232978,0.0
ENSG00000232985,0.0
ENSG00000232986,0.0
LINC01219,0.0
GACAT1,0.0
ENSG00000232993,0.0
VPS13A-AS1,0.0
TBC1D26-AS1,0.0
LINC01725,0.0096647
NALCN-AS1,0.0
FAM157B,0.0
ENSG00000233017,0.0
ENSG00000233021,0.0
NPIPA9,0.0026446562
ENSG00000233030,0.0
CASK-AS1,0.0
PTPRN2-AS1,0.0
ENSG00000233044,0.0
LINC01677,0.0
LINC01722,0.0
DEFB130B,0.0
ERVH48-1,0.0
ATP13A3-DT,0.0042279023
ENSG00000233060,0.0
ENSG00000233064,0.0
PTCHD1-AS,0.0
ENSG00000233068,0.0
ENSG00000233069,0.0
ZFY-AS1,0.020821957
GRM3-AS1,0.0
LINC01271,0.0
ENSG00000233078,0.0
LINC01755,0.0
LINC01399,0.0
ENSG00000233081,0.004127084
ENSG00000233082,0.0
ENSG00000233085,0.0
LNCARSR,0.0
RAB6D,0.0
ENSG00000233096,0.0
CCDC144NL-AS1,0.0
ENSG00000233099,0.0
ENSG00000233103,0.0
GLCCI1-DT,0.0
SORBS2-AS1,0.0
LINC01007,0.0
LINC00456,0.0
LINC01794,0.0
USP17L11,0.0
ENSG00000233138,0.0
ENSG00000233144,0.0
ENSG00000233145,0.0
UBE2E2-DT,0.0
LINC01762,0.11385939
FMNL1-AS1,0.0016435079
ENSG00000233178,0.0021099185
ENSG00000233179,0.0
ENSG00000233183,0.0
ENSG00000233191,0.0
RNF224,0.0042623957
DHCR24-DT,0.0
LINC00642,0.0
LINC01687,0.0
ENSG00000233219,0.0
PRDM10-DT,0.0
ARHGEF4-AS1,0.0
ENSG00000233222,0.0
ENSG00000233230,0.0072005214
NPIPB7,0.0
ENSG00000233234,0.0
LINC02573,0.0
ENSG00000233242,0.0
PHC2-AS1,0.0
ENSG00000233250,0.0
ENSG00000233251,0.0038755063
ENSG00000233258,0.0
FAM238A,0.0
SLC28A3-AS1,0.0
ENSG00000233271,0.0
GPX1,0.0
LINC01728,0.0
ENSG00000233288,0.0
ENSG00000233290,0.0
ENSG00000233293,0.0
TMEM18-DT,0.0
XXYLT1-AS1,0.0
LINC01346,0.0
TRGV2,0.0
OSTN-AS1,0.0
LINC02669,0.0
ENSG00000233330,0.0
ENSG00000233332,0.0
FAM53B-AS1,0.0
ENSG00000233336,0.0
TLR8-AS1,0.0
ENSG00000233339,0.0
ENSG00000233340,0.0
LINC00333,0.0
ENSG00000233351,0.0
LINC00028,0.0
CHRM3-AS2,0.016686594
ENSG00000233358,0.0
ENSG00000233359,0.0
ENSG00000233363,0.0
ENSG00000233365,0.0
ENSG00000233367,0.0
ENSG00000233372,0.0
ENSG00000233379,0.0
IATPR,0.0
ENSG00000233393,0.015600249
LINC00841,0.0
LINC01719,0.0
ENSG00000233397,0.0
LINC01648,0.0
ENSG00000233403,0.0
LINC01046,0.0
ENSG00000233407,0.0
FANK1-AS1,0.0
LINC01222,0.0
OR5H15,0.0
ENSG00000233417,0.0
ENSG00000233420,0.0
LINC01783,0.0
ENSG00000233423,0.0
ENSG00000233424,0.0
ENSG00000233427,0.0
LINC02596,0.0
BTBD18,0.0
STXBP5-AS1,0.0
LINC01077,0.0
NANOGP11,0.0
ENSG00000233470,0.0
ENSG00000233472,0.0
ENSG00000233479,0.0
LINC01683,0.0
ENSG00000233482,0.0
EFCAB15P,0.0
FHAD1-AS1,0.0
CDHR17P,0.0
BETALINC1,0.0
ENSG00000233502,0.0
PTPRT-DT,0.0
LINC01518,0.0
ENSG00000233516,0.0
ENSG00000233519,0.0
LINC01638,0.0
FAM224A,0.0
LINC00430,0.0
HCG21,0.0
LINC00460,0.0
LINC02524,0.0
ENSG00000233535,0.0
ENSG00000233538,0.0
ENSG00000233539,0.0050291005
ENSG00000233542,0.0
ENSG00000233547,0.0007301073
ENSG00000233553,0.0
B4GALT1-AS1,0.017870938
ENSG00000233569,0.0
LINC00690,0.0
ENSG00000233571,0.0
ENSG00000233574,0.0
ENSG00000233577,0.0
ENSG00000233581,0.0
LINC01884,0.0
ENSG00000233589,0.0
LINC02640,0.0
LINC02609,0.0
LINC01851,0.0
LINC01392,0.0
TWIST2,0.0
LINC00462,0.0
GBX2-AS1,0.0
DCUN1D2-AS,0.0
ENSG00000233616,0.0
USH2A-AS2,0.0
ENSG00000233625,0.0
C4A-AS1,0.0
ENSG00000233633,0.0
ENSG00000233635,0.0
GPR158-AS1,0.0
LINC02625,0.0
ENSG00000233645,0.0
ENSG00000233651,0.0
NEMP2-DT,0.013489245
IGHD4-4,0.0
ENSG00000233656,0.0
SPIN4-AS1,0.0
PIRT,0.0
RNASEH2B-AS1,0.0
FNDC1-AS1,0.0
LINC01865,0.0
ENSG00000233689,0.0
PBX1-AS1,0.0
LINC02579,0.0
TTTY18,0.0
PRR23C,0.0
SLC26A4-AS1,0.00576029
ENSG00000233706,0.0
ENSG00000233714,0.0
MYCNOS,0.0
ENSG00000233721,0.0
LINC01122,0.0
NRAD1,0.001344798
ENSG00000233728,0.0
NCKAP5-AS1,0.0
LINC01765,0.0
IGHV3OR16-10,0.0
ENSG00000233735,0.0
ENSG00000233739,0.0
LINC00656,0.0
ENSG00000233754,0.0
ENSG00000233755,0.0
ZNF892,0.0028754028
LINC03095,0.0
CAVIN2-AS1,0.0
ENSG00000233775,0.0
SAT1-DT,0.0
UFL1-AS1,0.0
TRIM49D2,0.0
TSPY4,0.0
IFNA13,0.0
ENSG00000233817,0.0
ENOX1-AS1,0.0
ENSG00000233823,0.0
ENSG00000233824,0.0
EPC1-AS2,0.0
MIR4280HG,0.0
ENSG00000233835,0.0
ENSG00000233842,0.0
ENSG00000233845,0.0
ERCC8-AS1,0.0
ENSG00000233848,0.0
ENSG00000233849,0.0
MAL-AS1,0.0038700926
LATS2-AS1,0.0
POU6F2-AS2,0.0
LINC02599,0.0
SHROOM3-AS1,0.0
ENSG00000233862,0.0
ENSG00000233866,0.0
ENSG00000233875,0.0
LINC01680,0.0
ENSG00000233884,0.0
YEATS2-AS1,0.0
ENSG00000233891,0.0
EZR-AS1,0.0
ENSG00000233894,0.0
PDYN-AS1,0.0
LINC01761,0.0
ENSG00000233912,0.0
POTEB,0.0
ENSG00000233919,0.0
ENSG00000233920,0.0
LINC01694,0.0
TLE1-DT,0.0
ENSG00000233928,0.0
KRTAP5-AS1,0.0
CTXN2,0.0
ENSG00000233936,0.0
ENSG00000233941,0.0
ENSG00000233942,0.0
LINC02650,0.0
ENSG00000233953,0.0
UQCRHL,0.0027662935
ENSG00000233960,0.0
ENSG00000233967,0.0068567777
ENSG00000233968,0.0
ENSG00000233969,0.0
LINC01360,0.0
LINC02574,0.0
ENSG00000233977,0.0
ENSG00000233978,0.0
ENSG00000233981,0.0
LINC01681,0.0
DTD1-AS1,0.0
LINC01425,0.0
IGKV3OR2-268,0.0
DDX39B-AS1,0.0
LINC02530,0.0
ENSG00000234019,0.0
ENSG00000234021,0.0
ENSG00000234022,0.0
ENSG00000234026,0.0
ENSG00000234034,0.0
ENSG00000234050,0.0
LINC01673,0.0
ENSG00000234055,0.0
LINC00463,0.0
PAGE2,0.0
SPATA17-AS1,0.0
TPRG1-AS1,0.0041239467
ENSG00000234084,0.0
ENSG00000234089,0.0
FRMD4A-AS1,0.0
LINC03083,0.0
ENSG00000234105,0.0
LINC02433,0.0
ENSG00000234116,0.0
ENSG00000234117,0.0
TRBV22OR9-2,0.0
HCCS-DT,0.0
ENSG00000234132,0.0
ENSG00000234136,0.0
ENSG00000234139,0.0
LINC01675,0.0
LINC01961,0.0
ENSG00000234149,0.0
LINC02535,0.0045274836
ENSG00000234156,0.0
ENSG00000234160,0.0
PABPC5-AS1,0.0
ENSG00000234162,0.0
LINC01039,0.0
LINC01868,0.0
LINC02645,0.0
ENSG00000234172,0.0
ENSG00000234173,0.0
ENSG00000234174,0.0
PIGO-AS1,0.0013980634
ENSG00000234182,0.0
H2AZ2-DT,0.0
LINC01781,0.023370508
ENSG00000234185,0.0
C16orf82,0.0
ENSG00000234190,0.0006049237
LINC01283,0.0
ACSL3-AS1,0.0
ETV5-AS1,0.0
LINC01191,0.00359818
ENSG00000234203,0.0
ENSG00000234206,0.0
LINC03116,0.0
ENSG00000234210,0.0
ENSG00000234211,0.0
CT66,0.0
LIX1L-AS1,0.00459523
TMEM229A,0.0
ENSG00000234225,0.0
ZFX-AS1,0.0
PDE4DIPP7,0.0
BOK-AS1,0.0
ENSG00000234238,0.0
ENSG00000234244,0.0
ENSG00000234255,0.0
ENSG00000234261,0.0
MAP3K5-AS1,0.0
DEPDC1-AS1,0.0
LINC01723,0.0
ENSG00000234273,0.0
ENSG00000234275,0.0
LINC01641,0.0
PRR20E,0.0
LINC01937,0.0
LANCL1-AS1,0.0
ZNF879,0.009812261
ENSG00000234286,0.0
H2BC12L,0.0
ENSG00000234292,0.0
LINC00229,0.0
CLYBL-AS1,0.0
LINC01878,0.0
LINC03068,0.0
ENSG00000234318,0.0
LINC01505,0.0
JAZF1-AS1,0.0
ERICH2-DT,0.011264577
ENSG00000234352,0.0
ENSG00000234361,0.0
LINC01914,0.0
OBI1-AS1,0.0
ENSG00000234378,0.0
LINC01426,0.0
LINC01049,0.0
ENSG00000234387,0.0
USP27X-DT,0.0025071162
ENSG00000234393,0.0
LINC03025,0.0
ENSG00000234396,0.0
CCDC188,0.0
RBMY1A1,0.0
ENSG00000234418,0.0
LINC01250,0.0
ENSG00000234425,0.0
ENSG00000234426,0.0
ENSG00000234427,0.0
ENSG00000234428,0.0
LINC02983,0.009772716
LINC01432,0.0
KBTBD13,0.0
FGF14-AS1,0.0
ENSG00000234446,0.0
SLC16A12-AS1,0.016263539
ENSG00000234455,0.0
ENSG00000234459,0.0
ENSG00000234460,0.0
ENSG00000234464,0.0
CLDN34,0.0
ENSG00000234471,0.0
MIR3663HG,0.0
ENSG00000234477,0.0
ACBD3-AS1,0.0
ENSG00000234481,0.0
ENSG00000234484,0.0
RPL34-DT,0.002005428
SP2-AS1,0.008798712
ERICH3-AS1,0.0
ENSG00000234503,0.0
ENSG00000234504,0.0
LINC01506,0.013992998
SOD1-DT,0.0
C5orf58,0.0
ENSG00000234519,0.0
HRAT17,0.0
PCDH9-AS1,0.0
ENSG00000234535,0.0
ENSG00000234542,0.0
LNCTAM34A,0.0025788161
LINC02020,0.0
LINC01309,0.0
LINC00701,0.0
OR10G8,0.0
ENSG00000234567,0.0
H2BP2,0.0
LINC01800,0.0
SYNE1-AS1,0.0
ENSG00000234578,0.0
ENSG00000234579,0.0
ENSG00000234580,0.0
ENSG00000234584,0.0
KAZN-AS1,0.0
ENSG00000234595,0.0
ENSG00000234597,0.0
CHRM3-AS1,0.011582478
MCIDAS,0.0
ENSG00000234613,0.0
C2CD4D-AS1,0.0
SNRK-AS1,0.0
ENSG00000234622,0.0
LINC00380,0.0
ENSG00000234626,0.0
ENSG00000234630,0.0
LINC02093,0.0
ENSG00000234638,0.0
ENSG00000234640,0.0
ENSG00000234647,0.0036143786
PCCA-AS1,0.0
LRRTM4-AS1,0.0
LINC00440,0.0
CHL1-AS1,0.0
LERFS,0.041236456
ENSG00000234675,0.0
IFT74-AS1,0.0
ELF3-AS1,0.0
SDCBP2-AS1,0.016733939
ENSG00000234686,0.0
CACNG2-DT,0.0
EPCAM-DT,0.008326265
ENSG00000234692,0.0
RIPOR3-AS1,0.0
CDC20-DT,0.0131274015
TFPI2-DT,0.0
GPR50-AS1,0.0
ENSG00000234699,0.0
ENSG00000234703,0.0
HMGA1P4,0.010285424
SEC61G-DT,0.0
ENSG00000234710,0.0
ENSG00000234712,0.0
ENSG00000234714,0.0
SLC26A5-AS1,0.0
TMEM212-AS1,0.0
ENSG00000234718,0.0
NPIPB2,0.016448876
LINC02092,0.0
LINC01287,0.0
ENSG00000234730,0.0
FAM170B-AS1,0.0
LINC02676,0.0
LINC02817,0.0
LINC02621,0.0
ENSG00000234758,0.0
ENSG00000234763,0.0
LINC01496,0.0
LINC01052,0.0
ENSG00000234768,0.0
SLC25A25-AS1,0.06944328
LINC00412,0.0
ENSG00000234773,0.0
ENSG00000234775,0.0
FREY1,0.0
LINC02529,0.0
BNC2-AS1,0.008046747
LINC01103,0.0
LINC00458,0.0
ENSG00000234789,0.0024209078
ENSG00000234791,0.0
ENSG00000234793,0.0
ENSG00000234796,0.0
JUN-DT,0.0
ECI2-DT,0.0
ENSG00000234818,0.0
ENSG00000234826,0.0
IQCM,0.0
IFNA17,0.0
NXT1-AS1,0.0
LINC01239,0.0
ENSG00000234848,0.0
LINC00676,0.0
SLIT1-AS1,0.0
HNRNPUL2-BSCL2,0.0
ENSG00000234859,0.0
ENSG00000234860,0.0
ENSG00000234862,0.0
LINC02632,0.0
LINC02925,0.0
ENSG00000234877,0.0
LINC00163,0.0
MIR155HG,0.011501995
GRK3-AS1,0.0
ENSG00000234891,0.0
ENSG00000234892,0.0
ENSG00000234900,0.0
APOC2,0.0
ENSG00000234915,0.0
ENSG00000234917,0.0
ENSG00000234918,0.0
LINC01827,0.0
ENSG00000234921,0.0
LINC01659,0.0044509657
ENSG00000234929,0.0
ENSG00000234938,0.0
ENSG00000234940,0.0
GRID1-AS1,0.0
ENSG00000234943,0.0
LINC02623,0.0
GTF3C2-AS1,0.0
LINC01524,0.0
RAB17-DT,0.02441439
LINC02674,0.0
ENSG00000234953,0.0
LINC02539,0.0
ENSG00000234961,0.0
LINC00700,0.0
SHISA8,0.007949658
ENSG00000234967,0.0
LINC02658,0.0
ENSG00000234977,0.0
ENSG00000234979,0.0
ENSG00000234986,0.0
LINC01849,0.0
LINC02966,0.0
ENSG00000235005,0.0
ENSG00000235007,0.0
LINC01883,0.0
JAKMIP3-AS1,0.0
ENSG00000235011,0.0
SEMA3F-AS1,0.0
ENSG00000235021,0.0
ENSG00000235023,0.0016368073
CDK5R2-AS1,0.0
DPP10-AS1,0.0
PRADX,0.0
MNX1-AS2,0.0
BMP7-AS1,0.0
DAAM2-AS1,0.0
ENSG00000235035,0.0
ENSG00000235038,0.0
SMARCAL1-AS1,0.0
LINC00940,0.0
MLIP-AS1,0.0
ENSG00000235051,0.0
ENSG00000235052,0.0
LINC01777,0.0
ENSG00000235056,0.0
ZMYND10-AS1,0.0
ENSG00000235059,0.0
ENSG00000235066,0.0
ENSG00000235070,0.0
ARNILA,0.0
ENSG00000235077,0.0
ENSG00000235078,0.01594793
ZRANB2-AS1,0.00972513
ENSG00000235085,0.0
ENSG00000235091,0.0
ID2-AS1,0.003925928
ENSG00000235096,0.0
LINC00330,0.0
ANKRD65,0.027522586
ENSG00000235099,0.0
ENSG00000235100,0.0
ZSCAN31,0.01719762
FAM237A,0.0
ENSG00000235119,0.0
BSN-AS1,0.0
ENSG00000235121,0.0
ENSG00000235122,0.0
DSCAM-AS1,0.0
ENSG00000235126,0.0
ENSG00000235127,0.0
TP73-AS2,0.0
ENSG00000235138,0.0
LINC03017,0.0
ENSG00000235140,0.0
LINC02532,0.2531196
ENSG00000235143,0.0
ENSG00000235146,0.0
ENSG00000235149,0.0
ENSG00000235151,0.0
ENSG00000235152,0.0
ENSG00000235154,0.0
TMEM30CP,0.0
ENSG00000235158,0.0
LINC02939,0.0045122765
LINC02248,0.0
LINC01440,0.0
ENSG00000235168,0.0
LINC01366,0.0
LINC00601,0.0
MICOS10-DT,0.0
ENSG00000235189,0.0
NUCB1-AS1,0.0
ENSG00000235192,0.0
ENSG00000235198,0.0
LINC01702,0.032533135
LINC02578,0.0
LINC01525,0.0
ENSG00000235204,0.0
FAM83C-AS1,0.0
LINC00383,0.0
IGKV1OR2-1,0.0
ENSG00000235236,0.0
ENSG00000235237,0.0
DANT2,0.007882592
TMEM184B-AS1,0.0
ENSG00000235263,0.0
KDM4E,0.0
LINC02331,0.0
ENSG00000235277,0.0
ENSG00000235281,0.0
ENSG00000235288,0.0
ENSG00000235292,0.0
ENSG00000235293,0.0
LINC01634,0.0
ENSG00000235296,0.0
HNRNPK-AS1,0.0
SKAP1-AS2,0.0
ENSG00000235303,0.0
LINC01281,0.0
LINC00957,0.00426451
TGFBRAP1-AS1,0.0
ENSG00000235321,0.0
B3GALT1-AS1,0.0
LINC01665,0.0
ENSG00000235351,0.0
ENSG00000235356,0.0
LINC01621,0.0042617843
SCMH1-DT,0.0
ABR-AS1,0.0
LINC01055,0.03485993
RPEL1,0.0
ENSG00000235381,0.005601977
LINC02154,0.0
SPAAR,0.023323106
EPN2-AS1,0.0
ENSG00000235399,0.0
ENSG00000235403,0.0
CYMP-AS1,0.0
ENSG00000235410,0.0
TTTY4B,0.0
ENSG00000235415,0.0
ENSG00000235419,0.0
ENSG00000235426,0.0
ENSG00000235427,0.0
ENSG00000235431,0.0
RNF186-AS1,0.022641383
ENSG00000235435,0.0
LINC02791,0.0
LURAP1L-AS1,0.0
IQCF5-AS1,0.0
ENSG00000235461,0.0
ENSG00000235464,0.0
NEURL1-AS1,0.0
LINC01664,0.0
ENSG00000235480,0.0
UBE2R2-AS1,0.0
GYG2-AS1,0.0
JARID2-AS1,0.0037859308
LINC01221,0.0
LINC01967,0.0
ENSG00000235494,0.0
ENSG00000235495,0.0
LINC02923,0.0
ENSG00000235499,0.0
CNN3-DT,0.026455676
ENSG00000235503,0.0
TAB3-AS2,0.0
L3MBTL2-AS1,0.0
ENSG00000235518,0.0
LINC01815,0.0
ENSG00000235522,0.0
ENSG00000235523,0.0
ENSG00000235526,0.0
TMEM11-DT,0.0
LINC00402,0.0
ENSG00000235533,0.0
TRDN-AS1,0.0
ENSG00000235537,0.0
ENSG00000235538,0.0
DOCK7-DT,0.0
ENSG00000235563,0.0
ENSG00000235564,0.0
LINC00533,0.0
ENSG00000235572,0.0
ENSG00000235575,0.0
ENSG00000235584,0.0
ENSG00000235586,0.0
GNAS-AS1,0.0
RBMS3-AS1,0.0
LINC01102,0.0
BARX1-DT,0.0
NKX1-1,0.0
ENSG00000235610,0.0
ENSG00000235612,0.0
ENSG00000235615,0.0
ENSG00000235620,0.0
LINC00494,0.008738876
ENSG00000235625,0.0
LINC02922,0.0
RNF148,0.004035261
ENSG00000235635,0.0
ENSG00000235637,0.0
LINC00484,0.0
LINC01647,0.0
LINC02651,0.0
EPM2A-DT,0.01339322
ENSG00000235659,0.0020047147
LINC00345,0.0
MIR670HG,0.0023348995
SAPCD1-AS1,0.009627463
CHN2-AS1,0.0
LINC00993,0.0
SNTG2-AS1,0.0
CXorf51B,0.0
EOLA2-DT,0.0045423713
TRIM67-AS1,0.0
ANKRD34C,0.0
DPP10-AS2,0.0
MFRP,0.0
PSMD14-DT,0.0
LINC03050,0.0
ENSG00000235728,0.0
LINC02250,0.0
PHACTR2-AS1,0.0
LINC02784,0.0
ENSG00000235743,0.0
ENSG00000235749,0.0
MSH2-OT1,0.0
LINC00607,0.0
ENSG00000235772,0.0
ENSG00000235774,0.0
DPYD-AS2,0.0
ENSG00000235779,0.0
USP17L27,0.0
LINC02569,0.0
ENSG00000235782,0.016386654
ENSG00000235785,0.0
PEF1-AS1,0.0
HCFC1-AS1,0.0
ENSG00000235806,0.0
ENSG00000235813,0.0
ENSG00000235819,0.0
ENSG00000235820,0.0
OLMALINC,0.03612878
LINC00837,0.0
SRGAP3-AS4,0.0038547476
BHLHE40-AS1,0.009677405
ENSG00000235837,0.0
ENSG00000235840,0.0
ENSG00000235843,0.0
ENSG00000235845,0.0
RMDN2-AS1,0.0
HS6ST2-AS1,0.0
ENSG00000235858,0.0
ENSG00000235862,0.0
ENSG00000235872,0.0
ARHGEF7-AS2,0.0017447997
ENSG00000235880,0.0
ENSG00000235881,0.0
LINC01828,0.0
ENSG00000235886,0.0
LINC02799,0.0
LINC02940,0.0
TSPEAR-AS1,0.0
TM4SF19-AS1,0.0020986963
LINC01564,0.002181897
ENSG00000235902,0.0
CPB2-AS1,0.004139827
RBMS3-AS3,0.008355283
APOA1-AS,0.0
ENSG00000235911,0.003088989
MACROD2-AS1,0.0
ASH1L-AS1,0.031074142
NEXN-AS1,0.0018392379
LINC01553,0.0
LINC01779,0.0
ENSG00000235939,0.0039506317
LCE6A,0.0
EGOT,0.016881939
UBOX5-AS1,0.0
PNMA6A,0.0641236
ENSG00000235965,0.0
ENSG00000235972,0.0
ENSG00000235978,0.005907635
ENSG00000235979,0.0
GPC5-AS1,0.0
MORC2-AS1,0.011374828
ENSG00000235996,0.0
LINC01936,0.0060607786
ENSG00000236003,0.0
ENSG00000236009,0.0
LINC02941,0.0013628737
ASMTL-AS1,0.0015129535
COP1-DT,0.0
ENSG00000236022,0.0
PRRX2-AS1,0.0
PATE3,0.0
EYA2-AS1,0.0
ENSG00000236031,0.0
OR5H14,0.0
LINC00445,0.0
LINC02889,0.0
ENSG00000236045,0.0
ENSG00000236046,0.0
LINC01920,0.0
MYCBP2-AS1,0.0
LINC01643,0.0
LINC01067,0.0
SYN3-AS1,0.01349081
ENSG00000236064,0.0
ENSG00000236065,0.0
ENSG00000236069,0.010047895
LINC01072,0.0
LINC01447,0.0
ELFN1-AS1,0.002843546
LINC02243,0.0
ENSG00000236098,0.0
ENSG00000236102,0.0
ENSG00000236106,0.0
SCN1A-AS1,0.004324789
ENSG00000236109,0.0
ENSG00000236115,0.0
ENSG00000236116,0.0
LINC01639,0.0
ENSG00000236119,0.0
LINC03070,0.0
USP17L4,0.0
CT47A3,0.0
PTCSC2,0.0
LINC01069,0.0
CD101-AS1,0.0
ENSG00000236140,0.0
ENSG00000236141,0.0
TMEM147-AS1,0.010057477
ENSG00000236145,0.0
ENSG00000236151,0.0
UBE2E3-DT,0.0
ENSG00000236154,0.0
ENSG00000236162,0.0
ENSG00000236164,0.0
IGHD1-1,0.0
MIR7515HG,0.0
ENSG00000236173,0.0
LINC00353,0.0
PRKX-AS1,0.0
LINC01953,0.0
PPP1R9A-AS1,0.0
SMARCA2-AS1,0.0
KDM4A-AS1,0.004728376
GRM7-AS1,0.0
LINC01376,0.0
ENSG00000236206,0.0
C10orf71-AS1,0.0
ENSG00000236209,0.0
ENSG00000236212,0.0
CDC42EP3-AS1,0.0
ENSG00000236226,0.0
ENSG00000236230,0.0
ENSG00000236231,0.0
ENSG00000236234,0.0
MYO16-AS1,0.0
SLC35F3-AS1,0.0
DIAPH2-AS1,0.0
ENSG00000236266,0.0
LNC-RHL1,0.0
LINC01361,0.0
SCUBE1-AS2,0.0
NDP-AS1,0.0
CLEC2L,0.0
ENSG00000236283,0.0540552
GACAT3,0.0
USH2A-AS1,0.0
ENSG00000236295,0.0
ENSG00000236299,0.0
MRGPRG-AS1,0.0
LINC02646,0.0
ENSG00000236304,0.0
SLC12A9-AS1,0.0015593502
LINC01241,0.0
ENSG00000236308,0.0
TLX1NB,0.0
LINC02888,0.0
SLFN14,0.0
SNX9-AS1,0.0
ENSG00000236326,0.0
ENSG00000236332,0.0
PPIAL4G,0.0
ENSG00000236335,0.0
CDYL-AS1,0.0
GRM8-AS1,0.0
ENSG00000236341,0.0
SCAT8,0.0
ENSG00000236347,0.0
ENSG00000236352,0.005643868
LINC00437,0.0
DNAH8-DT,0.0
ENSG00000236356,0.0
ENSG00000236358,0.0
GAGE12F,0.0
ENSG00000236364,0.0
ENSG00000236366,0.0
CT47A1,0.0
ENSG00000236372,0.0
LINC02653,0.0
ENSG00000236376,0.0
MYO1D-DT,0.0
ENSG00000236378,0.0
CCDC200,0.0
LINC00479,0.0
ENSG00000236385,0.0
ENSG00000236387,0.0
ITCH-AS1,0.0
ENSG00000236389,0.0
ENSG00000236390,0.0
LINC03099,0.0
ENSG00000236394,0.0
SLC35G4,0.0
TAS2R39,0.0
ENSG00000236403,0.0
VLDLR-AS1,0.017809272
ENSG00000236408,0.0
ENSG00000236414,0.0
LINC01134,0.0
TSPY10,0.0
ENSG00000236426,0.0
CCDST,0.0
MFF-DT,0.0
ENSG00000236434,0.0
LINC02850,0.0
LINC02151,0.0
UBE2L5,0.0
LINC00608,0.0
CT47B1,0.0
ENSG00000236449,0.0
ENSG00000236452,0.0
ENSG00000236461,0.0
LINC00427,0.0
LINC02559,0.0
RCAN2-DT,0.0
KCNMA1-AS1,0.0
ENSG00000236469,0.0
LINC02920,0.0
ENSG00000236472,0.0
LINC02195,0.0
LINC01945,0.0
ENSG00000236494,0.0
ENSG00000236495,0.0
LINC01744,0.0
ENSG00000236498,0.0
LINC00896,0.0
SIX3-AS1,0.0
ENSG00000236507,0.0
ATP13A5-AS1,0.0
ENSG00000236510,0.0
LINC01231,0.0
ENSG00000236513,0.0
ZNF248-AS1,0.0066489237
LINC01424,0.0038235632
GPC6-AS1,0.0
BTBD3-AS1,0.0
ENSG00000236528,0.0
ENSG00000236531,0.0
LINC01695,0.0
ENSG00000236536,0.0
ENSG00000236540,0.0
ENSG00000236543,0.0
EN2-DT,0.0
ENSG00000236545,0.0
MYCL-AS1,0.0
RNF217-AS1,0.0
ENSG00000236556,0.0
BCL2L1-AS1,0.0
ENSG00000236572,0.0
UST-AS2,0.0
IGHD7-27,0.0
ENSG00000236601,0.0
ENSG00000236605,0.0
LINC02556,0.0
CHFR-DT,0.0028746
ENSG00000236627,0.0
ENSG00000236634,0.0
LINC02540,0.0
IFNA4,0.0
ENSG00000236641,0.0
ENSG00000236643,0.0
LINC02810,0.0
DLX2-DT,0.0
LINC01923,0.0
ENSG00000236656,0.0
FIBCD1-AS1,0.0
ENSG00000236662,0.0
FRGCA,0.0010498362
ENSG00000236665,0.0
POTEH-AS1,0.0
LHX2-AS1,0.0
PRKG1-AS1,0.0
ENSG00000236676,0.0
SETD4-AS1,0.0
LINC00347,0.0
MAP3K2-DT,0.0
ENSG00000236687,0.0
LINC01010,0.0
MYB-AS1,0.0
SDK1-AS1,0.0
ENSG00000236717,0.0
OVAAL,0.0
LINC01741,0.0
ENSG00000236723,0.0
ENSG00000236724,0.0
ENSG00000236733,0.0
GAGE12B,0.0
LINC01282,0.0
LINC01186,0.022385396
ENSG00000236754,0.0
DNAJC9-AS1,0.0025878348
MTUS2-AS2,0.0
CTAGE9,0.0
LINC02659,0.0
ENSG00000236772,0.0
INTS6-AS1,0.04629226
LINC01829,0.0
LINC00299,0.0
CNTNAP2-AS1,0.0
LINC02626,0.0
ENSG00000236800,0.0
ELOA-AS1,0.016257256
ENSG00000236817,0.0
LINC01563,0.0
NMBR-AS1,0.0
ENSG00000236823,0.0
BCYRN1,0.0
LINC00529,0.0
DMD-AS3,0.0
ENSG00000236833,0.0
LINC00421,0.0
PCYT1B-AS1,0.0
ENSG00000236837,0.0
ENSG00000236838,0.0
ENSG00000236841,0.0
ENSG00000236842,0.0
ENSG00000236846,0.0
LINC01474,0.002390371
ENSG00000236854,0.0
ENSG00000236858,0.0
BET1-AS1,0.0
ENSG00000236864,0.0
TENT5C-DT,0.0
ZKSCAN7-AS1,0.001970179
LINC00106,0.0
ENSG00000236874,0.0
LINC01554,0.05086024
ENSG00000236883,0.0
ENSG00000236885,0.0
ENSG00000236889,0.0
ENSG00000236892,0.0
LINC03028,0.0
ENSG00000236896,0.0
ENSG00000236897,0.0
LINC02827,0.0
CR1-AS1,0.0
LINC01852,0.010283906
CLCA4-AS1,0.0
ENSG00000236920,0.0
ENSG00000236921,0.0
LINC01378,0.0
LINC02851,0.021777926
ENSG00000236935,0.0
ENSG00000236936,0.0
BAALC-AS2,0.009569761
LINC01774,0.0
ENSG00000236951,0.0
ENSG00000236961,0.0
LINC01141,0.0
ENSG00000236968,0.0
LINC02814,0.0
CIMIP7,0.0
OR10G9,0.0
ENSG00000236985,0.0
ENSG00000236986,0.0
ENSG00000236989,0.0
ENSG00000236990,0.0
EDRF1-AS1,0.0
WASF3-AS1,0.0
ENSG00000237002,0.0
GLIS3-AS1,0.0
ENSG00000237011,0.0
LINC01812,0.0
ENSG00000237015,0.0
PRPF31-AS1,0.0
ENSG00000237019,0.0
IGHD1-20,0.0
ENSG00000237027,0.0
ENSG00000237031,0.0
ENSG00000237035,0.0
USP17L8,0.0
TTTY12,0.0
PRMT5-AS1,0.0
LINC02087,0.0
MMEL1-AS1,0.0024518704
ENSG00000237062,0.0
ENSG00000237063,0.0
ENSG00000237070,0.0
ENSG00000237073,0.0
LINC02942,0.0
ENSG00000237076,0.0
EHMT2-AS1,0.0
ENSG00000237087,0.0
LINC01065,0.0
ENSG00000237094,0.0
ENSG00000237101,0.0
TAAR9,0.0
IGHJ3P,0.0
LINC01056,0.0
ENSG00000237126,0.0
LINC02652,0.0
C4orf51,0.0
HUNK-AS1,0.0
ENSG00000237153,0.0
CNTFR-AS1,0.0
LINC01792,0.0
ENSG00000237167,0.0
ENSG00000237174,0.0
LINC01797,0.0
PRKAR1B-AS1,0.0077735893
IGHD1-7,0.0
ENSG00000237208,0.0
ENSG00000237212,0.0
ENSG00000237220,0.0
PPEF1-AS1,0.0
LINC01968,0.0
ENSG00000237224,0.0
ZNF295-AS1,0.0
TMEM26-AS1,0.0
ENSG00000237234,0.0
TRDD2,0.0
CREB3L2-AS1,0.0
MBD3L5,0.0
ENSG00000237250,0.0
TRBV30,0.0
ZNF133-AS1,0.0
LINC01810,0.0
LINC01519,0.0
ENSG00000237271,0.0
CATIP-AS2,0.0
LINC00851,0.0
ENSG00000237283,0.0
CARD11-AS1,0.0
LINC01343,0.0
LINC01732,0.0
ENSG00000237293,0.0
ENSG00000237301,0.0
LINC03011,0.07621798
ENSG00000237311,0.0
ENSG00000237312,0.0
ENSG00000237316,0.0
ENSG00000237320,0.0
ENSG00000237324,0.0
ENSG00000237326,0.0
RAI1-AS1,0.0
XIAP-AS1,0.0
ENSG00000237336,0.0
ELAVL4-AS1,0.0
FTCD-AS1,0.0
LINC01502,0.0
SYP-AS1,0.0
ENSG00000237342,0.0
ENSG00000237343,0.0034798903
ENSG00000237346,0.0
PATE4,0.0
FAM88E,0.0010407448
TUSC8,0.0
CAMTA1-AS3,0.0
ENSG00000237370,0.0
ENSG00000237371,0.0
LINC03062,0.0
ENSG00000237377,0.0
ENSG00000237378,0.0
HOXD-AS2,0.11615318
ENSG00000237385,0.0
ENSG00000237387,0.0
OR4A47,0.0
ENSG00000237389,0.0
ENSG00000237390,0.0
LNCNEF,0.0
PITRM1-AS1,0.0
ENSG00000237400,0.0
LINC01304,0.0
ENSG00000237407,0.0
NRXN2-AS1,0.0
PRSS56,0.0
ENSG00000237414,0.0
ENSG00000237419,0.0
LINC01522,0.0
FOXD2-AS1,0.0
ENSG00000237429,0.0
LINC02790,0.0
CAMTA1-DT,0.0
CECR7,0.0
ENSG00000237445,0.0
MEIOSIN,0.0
ENSG00000237453,0.0
BRINP3-DT,0.0012124537
LINC01661,0.0
LRRC52-AS1,0.0
ENSG00000237464,0.0
ADGB-DT,0.0
ENSG00000237471,0.0
ENSG00000237473,0.0
ENSG00000237477,0.0
ENSG00000237479,0.0
ENSG00000237480,0.0
ENSG00000237481,0.0
LINC01684,0.0
LINC02919,0.0
ENSG00000237498,0.0
ENSG00000237500,0.0
PKN2-AS1,0.0042637927
UNC5B-AS1,0.0043768603
SHISA9,0.012236313
CELSR1P1,0.0
LINC02971,0.0
OR7E24,0.0
LINC00857,0.0038163327
TEX51,0.0
ENSG00000237525,0.0
ENSG00000237527,0.0
ENSG00000237529,0.0
ENSG00000237530,0.0
ENSG00000237531,0.0
ENSG00000237532,0.0
IGHJ2P,0.0
LINC02567,0.0
KCND3-AS1,0.0
LINC01497,0.0
LINC02836,0.0
ENSG00000237568,0.0
LINC02862,0.0
LINC01856,0.0
LINC01888,0.0
LINC01514,0.0
ENSG00000237581,0.0
ENSG00000237588,0.0
LINC03089,0.0
IGKV1OR10-1,0.0
TIAM1-AS1,0.0
LINC01275,0.0
PDE7B-AS1,0.0
ENSG00000237604,0.0
DYRK3-AS1,0.0
LINC02943,0.0
ENSG00000237612,0.0
FAM138A,0.0
ENSG00000237614,0.0
ENSG00000237626,0.0
ENSG00000237633,0.0
FRY-AS1,0.0
LINC02245,0.0
ENSG00000237640,0.0
LINC01610,0.0053044246
KIFC1,0.0
ENSG00000237654,0.0
ENSG00000237655,0.0
LINC00316,0.0
GRM7-AS2,0.0
LINC01115,0.0
LINC01866,0.0
GAGE12C,0.0
TEX36-AS1,0.0
ENSG00000237685,0.0
SCIRT,0.003758745
LINC00686,0.0
ENSG00000237689,0.0
IRGM,0.0
ENSG00000237699,0.0
PRAMEF33,0.0
TRBV3-1,0.0
ENSG00000237705,0.0
ENSG00000237707,0.007816627
ENSG00000237713,0.0
P4HA2-AS1,0.0
ENSG00000237716,0.0
ENSG00000237718,0.0
ENSG00000237720,0.0
CAMTA1-AS2,0.0
ENSG00000237734,0.0
ENSG00000237735,0.0
DCTN1-AS1,0.0
ENSG00000237741,0.0
HEY2-AS1,0.020121628
KCNH7-AS1,0.0
LINC01143,0.0
SLC20A1-DT,0.020073822
ENSG00000237756,0.0
ENSG00000237759,0.0
ENSG00000237760,0.0
ENSG00000237761,0.0
AMY1A,0.0
LINC01370,0.0
ENSG00000237768,0.0
LINC02631,0.0
DDR1-DT,0.0
GFOD1-AS1,0.0
LINC02877,0.0
LINC01318,0.0
ENSG00000237798,0.0
PIRAT1,0.0
LINC02984,0.0
ENSG00000237813,0.0
CDK6-AS1,0.0
ENSG00000237832,0.0
PHKA2-AS1,0.0
ENSG00000237837,0.0
ENSG00000237843,0.0
ENSG00000237844,0.0
ENSG00000237851,0.0
ENSG00000237856,0.0
IRS4-AS1,0.0
LINC00322,0.0
ENSG00000237874,0.0
LINC00398,0.0
LINC01885,0.0
NALT1,0.0021827067
ENSG00000237896,0.0
SIRPG-AS1,0.0
LRRC7-AS1,0.0
ENSG00000237921,0.0
LINC02570,0.0
ENSG00000237927,0.0
ENSG00000237934,0.0
LINC02702,0.0
ENSG00000237938,0.0
KCNQ1DN,0.0
LINC00649,0.016033353
ENSG00000237947,0.0
LINC02918,0.0025553904
CT47A5,0.0
RFX5-AS1,0.00820533
LINC02773,0.0
CELF2-AS2,0.0
ENSG00000237987,0.0
OR2I1P,0.0
LINC01679,0.009895943
CNTN4-AS1,0.0
LINC01808,0.0
ENSG00000237993,0.0
ENSG00000238004,0.0
LNCATV,0.0022596424
ENSG00000238012,0.0
SPTBN1-AS2,0.0
ENSG00000238019,0.0
HTR3E-AS1,0.0
LMX1A-AS1,0.0
ENSG00000238031,0.0
ENSG00000238034,0.0
ENSG00000238035,0.0
ENSG00000238039,0.0
ENSG00000238043,0.0
MVP-DT,0.010509419
ENSG00000238054,0.0
ZEB2-AS1,0.004500935
CAMSAP1-DT,0.0
SPATA3-AS1,0.0
LINC01685,0.0
TSPY9,0.0
LINC01352,0.0
LRRC37A2,0.0072338264
LINC02037,0.0
LINC01625,0.00055954425
LINC02806,0.0
LINC01410,0.003909463
ENSG00000238117,0.0
LINC01589,0.0
ENSG00000238122,0.0
MID1IP1-AS1,0.0
ENSG00000238124,0.0
ENSG00000238129,0.0
LINC02854,0.0
MAP3K20-AS1,0.0
ENSG00000238140,0.0
BRWD1-AS1,0.0
ENSG00000238156,0.0
LINC02863,0.0
LINC01053,0.0
ENSG00000238171,0.0
ENSG00000238176,0.0
MAGEB17-AS1,0.0
CD81-AS1,0.0
ENSG00000238185,0.0
ENSG00000238186,0.0
ENOX1-AS2,0.0
ENSG00000238192,0.0
PHACTR3-AS1,0.0
ENSG00000238195,0.0
PAXBP1-AS1,0.008764019
LRIG2-DT,0.0040655723
ENSG00000238201,0.0
MPC1L,0.0
ENSG00000238207,0.0
ETDA,0.0
LINC02096,0.0
LINC01877,0.0
ENSG00000238221,0.0
ENSG00000238224,0.0
LINC00391,0.0
ENSG00000238232,0.0
LINC02778,0.0
OR2W3,0.0
ENSG00000238246,0.0
ENSG00000238258,0.0
ENSG00000238260,0.0
LINC00317,0.0
PAGE2B,0.0
ENSG00000238270,0.0
ENSG00000238272,0.0
ENSG00000238273,0.0
ENSG00000238277,0.0
ENSG00000238279,0.0
ENSG00000238280,0.0
ENSG00000238282,0.0
LINC01448,0.0
EXO5-DT,0.009732911
ERRFI1-DT,0.0
ENSG00000238291,0.0
LINC02031,0.0
LINC02023,0.0
FHL1P1,0.0
TTTY23,0.0
TXNDC5,0.026033094
LINC03051,0.0
ENSG00000239300,0.0
ENSG00000239311,0.0
MORC1-AS1,0.0
ATP6V1B1-AS1,0.0
LLPH-DT,0.0
ZNF775-AS1,0.0
ENSG00000239381,0.0
ASB14,0.0
PCDHA13,0.0
ENSG00000239395,0.0
ENSG00000239415,0.0053694444
LINC02008,0.0
ST3GAL6-AS1,0.01096218
SIDT1-AS1,0.0
LINC02047,0.0
KLHL41,0.0
ENSG00000239480,0.0
ENSG00000239482,0.0
PLCH1-AS1,0.0
POM121L7P,0.0
LINC01210,0.0
CADM2-AS1,0.0
CASTOR3P,0.025447395
MYLK-AS1,0.010518641
HOXB-AS2,0.0
IGKV2D-30,0.0
ENSG00000239572,0.0020577477
LINC00879,0.0
OR1J4,0.0
ENSG00000239593,0.0
STPG4,0.0
RUVBL1-AS1,0.0
ENSG00000239628,0.0
PLS1-AS1,0.0
MEIKIN,0.0
PSMD6-AS2,0.002855516
ENSG00000239661,0.0
PDZRN3-AS1,0.0
HSPA5-DT,0.0
ENSG00000239715,0.0
ENSG00000239716,0.0
HLTF-AS1,0.0
TLR9,0.0
ENSG00000239739,0.0
ENSG00000239767,0.0
TTC14-DT,0.0
WBP1,0.015476731
ENSG00000239791,0.0
ITIH4-AS1,0.0
PRAMEF11,0.0
IGKV1D-8,0.0
CCDC54-AS1,0.0
DEFA3,0.0
IGKV1-6,0.0
GET4,0.0060006543
IGKV1-37,0.0
IGSF11-AS1,0.0
KRTAP9-2,0.0
C1orf226,0.038360752
ENSG00000239906,0.0
ENSG00000239920,0.0
LINC01471,0.0
ENSG00000239922,0.0
LINC02917,0.0
TRBV8-2,0.0
ENSG00000239945,0.0
ZBTB20-AS3,0.0
IGKV3-20,0.0
IGKV1D-33,0.0
ENSG00000239991,0.0
TRBVA,0.0
ENSG00000239994,0.0
STIM2-AS1,0.0406038
LINC02004,0.0053218887
SLC9A9-AS1,0.0
ENSG00000240015,0.0
TEX35,0.0
LNCSRLR,0.0
ENSG00000240033,0.0
AMY2B,0.0327457
ENSG00000240040,0.0
IGHJ4,0.0
STRIT1,0.007263551
LY6G5B,0.0
ENSG00000240056,0.0
NEPRO-AS1,0.0
ATP11B-DT,0.0
ENSG00000240093,0.0
ENSG00000240095,0.0
ERICH6-AS1,0.02137327
LINC02271,0.0
MAGI1-AS1,0.0
PCDHGC3,0.0
ARHGEF3-AS1,0.0
SMKR1,0.016774973
ENSG00000240207,0.0
PPP1R35-AS1,0.0
TRBV25OR9-2,0.0
ENSG00000240219,0.0
ENSG00000240241,0.0
DEFA1B,0.0
B4GALT4-AS1,0.0
GHRLOS,0.0
ACAD11,0.015692303
SOCAR,0.0
ENSG00000240354,0.0
SEC62-AS1,0.0
IGKV1-17,0.0
LCE1F,0.0
KIR3DL2,0.0
SAMMSON,0.0
LINC00636,0.0
KRTAP13-3,0.0
REPIN1-AS1,0.0
CSPG4P1Y,0.0
LINC00973,0.0
ENSG00000240478,0.0
ENSG00000240497,0.0
CDKN2B-AS1,0.0
ENSG00000240499,0.0
TNFRSF13B,0.0
ENSG00000240521,0.0
TM4SF1-AS1,0.0
KRTAP9-1,0.0
THOC7-AS1,0.0
ENSG00000240553,0.0
LINC01472,0.0
L1TD1,0.0
LINC02067,0.0
ENSG00000240571,0.0
ENSG00000240573,0.0
TRBV22-1,0.0
ENSG00000240591,0.001776908
KCNAB1-AS2,0.0
C1QTNF9,0.0
MME-AS1,0.0
IGKV1-8,0.0
ENSG00000240687,0.0
LINC01168,0.0
LINC02030,0.0
ENSG00000240710,0.0
LRRD1,0.0
KRBOX1,0.014924958
PCDHGC5,0.0
PLCXD2-AS1,0.0
C21orf91-OT1,0.0
ENSG00000240777,0.0
SND1-DT,0.0014077782
ENSG00000240792,0.0
ENSG00000240842,0.0
IGKV1-16,0.0
C1QTNF9-AS1,0.0
KRTAP4-7,0.0
PLCXD2,0.402068
LINC02042,0.0
ENSG00000240895,0.0
ENSG00000240915,0.0
LSAMP-AS1,0.0
ENSG00000240963,0.0
ENSG00000240973,0.0
ENSG00000240980,0.0
HOXA11-AS,0.012245819
ENSG00000241042,0.0
ENSG00000241048,0.0
ENSG00000241054,0.0
ENSG00000241059,0.0
ENSG00000241073,0.0
LINC01994,0.0
PRICKLE2-AS2,0.0
HLA-DOB,0.0039959596
PRICKLE2-AS1,0.005412443
UGT1A9,0.03300373
KRTAP10-5,0.0
OR14A2,0.0
LINC02032,0.0
LINC00881,0.0
ZNF722,0.0
LINC02066,0.0
ARHGAP31-AS1,0.0
ADAMTS9-AS1,0.12708974
LINC00877,0.0
ENSG00000241168,0.0
ENSG00000241169,0.0
CRIPTO,0.2196413
ZIC4-AS1,0.0
IQCJ-SCHIP1-AS1,0.0
LINC02024,0.0
LOLI1,0.0
LINC03109,0.0
C3orf85,0.10951139
ENSG00000241231,0.0
KRTAP5-8,0.038602892
KRTAP4-16,0.0
IGKV1D-16,0.0
ENSG00000241269,0.0
IGKV2-24,0.0
ZBTB20-AS2,0.0026573327
WWTR1-AS1,0.0
FBXW10B,0.0
ENSG00000241324,0.0
LINC02070,0.0
LINC01487,0.0
ENSG00000241345,0.0
IGKV3-11,0.0
ENSG00000241357,0.0
SYNPR-AS1,0.0
PDXP,0.0
LINC01192,0.0
LINC01997,0.0
LINC00903,0.0
EGFL8,0.0
ENSG00000241449,0.0
ENSG00000241456,0.0
PLSCR5-AS1,0.0
LINC00635,0.0
SSX2,0.0
MECOM-AS1,0.0
ARHGAP8,0.030417085
ENSG00000241489,0.0
ENSG00000241490,0.0
ENSG00000241505,0.0
ENSG00000241525,0.0
LINC02029,0.0
ZBTB20-AS1,0.0
CORT,0.0
IGKV2D-24,0.0
PAQR9-AS1,0.0
ENSG00000241593,0.0
KRTAP9-4,0.0
KRTAP5-4,0.0
ENSG00000241599,0.0
UGT1A1,0.0021126973
CADM2-AS2,0.0
TRBV11-2,0.0
ENSG00000241666,0.0
ENSG00000241667,0.0
LINC01327,0.0
ENSG00000241690,0.0
LINC02053,0.0
TMEFF1,0.0
ENSG00000241720,0.0
XACT,0.0
ENSG00000241754,0.0
IGKV1-9,0.0
LINC01324,0.0
SPRR2A,0.0
SCG5-AS1,0.0
CECR3,0.0
ENSG00000241881,0.0
ENSG00000241882,0.0
ENSG00000241884,0.0
TRBVB,0.0
ENSG00000241921,0.0
DENND6A-DT,0.0
HOGA1,0.16946259
ENSG00000241954,0.0
LINC03000,0.0
ENSG00000241962,0.011311921
ENSG00000242009,0.0
ENSG00000242012,0.0
KIR3DL3,0.0
ENSG00000242029,0.0
LINC01743,0.0
DNAJB8-AS1,0.0
ENSG00000242072,0.0
IGKV1-33,0.0
ENSG00000242078,0.0
SLC5A4-AS1,0.0
LRRC78P,0.0
LINC01100,0.0
AMACR,0.042071022
MTFP1,0.057195235
MDFIC2,0.0
ENSG00000242145,0.0
LASTR,0.0
ENSG00000242154,0.0
ARHGDIG,0.0
ENSG00000242190,0.0
HOXB-AS4,0.0
TCP10L,0.006625078
PSG2,0.0
NECTIN3-AS1,0.0
BGLAP,0.0
LINC00996,0.0
PEG10,0.08568464
LINC02082,0.0
ENSG00000242282,0.010751802
ZBTB20-AS5,0.0
ENSG00000242317,0.0
LINC02025,0.0
CT47A2,0.0
UGT1A8,0.0
KCNAB1-AS1,0.0
IGKV1-39,0.0
LINC00901,0.0
RBMY1E,0.0
ENSG00000242391,0.0
ENSG00000242407,0.0
PCDHGC4,0.0
CFAP20DC-AS1,0.0
LINC02046,0.0
GTF2A1L,0.0
IGHJ5,0.0
LINC03015,0.0016066883
LINC01206,0.0
UGT1A10,0.0
KLHL6-AS1,0.0060632164
IGKV2D-28,0.0
ENSG00000242536,0.0
ENSG00000242545,0.0
SERPINB10,0.0
ENSG00000242553,0.0
ENSG00000242568,0.0
ENSG00000242578,0.0
IGKV1D-43,0.0
ENSG00000242593,0.0
ENSG00000242611,0.0
DECR2,0.10264177
ENSG00000242618,0.0
GSK3B-DT,0.0022506367
ENSG00000242628,0.0
LINC00971,0.0
ENSG00000242659,0.0
LINC02010,0.0
PDE6B-AS1,0.0
CNTF,0.0
CCDC169,0.004830628
RTL5,0.010698121
TRBV1,0.0
LINC02005,0.0
IGKV1D-17,0.0
ZBTB20-AS4,0.0
TRBV5-2,0.0
ENSG00000242775,0.0
LINC02050,0.0
ENSG00000242790,0.0
PFN2-AS1,0.0
ENSG00000242798,0.0
ENSG00000242816,0.0
ENSG00000242828,0.0
ZNF709,0.0133860605
STRC,0.002101636
RBMY1B,0.0
ENSG00000242880,0.0
IGHJ3,0.0
FLNC-AS1,0.0
AADACL2-AS1,0.0
PLCH1-AS2,0.0
ERVW-1,0.0
TDRD6-AS1,0.0
ENSG00000243018,0.0
GK-AS1,0.0
ENSG00000243062,0.0
IGKV3-7,0.0
PRAMEF4,0.0
ENSG00000243081,0.0
LINC00870,0.0
ENSG00000243089,0.0
PSG11,0.0
PSG4,0.0049820533
LINC02932,0.0
LINC02040,0.0
ENSG00000243155,0.0037083845
CCDC39-AS1,0.0
TUSC7,0.0
PPAN-P2RY11,0.0
TWF2-DT,0.0
ENSG00000243230,0.0
PCDHAC2,0.0
IGKV2-30,0.0
ENSG00000243243,0.0
IGKV2D-29,0.0
ENSG00000243273,0.0
ENSG00000243276,0.0
VSIG8,0.0042319116
IGKV1-12,0.0
CFAP20DC-DT,0.0
ENSG00000243296,0.0
ENSG00000243305,0.0
LINC01998,0.0
ENSG00000243345,0.0
LINC02045,0.0
MCCC1-AS1,0.0
ENSG00000243384,0.0
PSMD6-AS1,0.0
TICAM2,0.0
ENSG00000243415,0.0
ENSG00000243433,0.0
IGKV1-5,0.0
MNX1-AS1,0.0
AMY2A,0.0
MIR1302-2HG,0.0
ENSG00000243486,0.0
KRTAP10-11,0.0
ENSG00000243491,0.0
ENSG00000243501,0.0
TNFRSF6B,0.0
IGLVIVOR22-2,0.0
WFDC6,0.0
LINC01214,0.0014101943
UPK3B,0.0
LINC02017,0.0
ENSG00000243574,0.0
LINC02049,0.0
ENSG00000243613,0.0
ENSG00000243620,0.0
SMIM34,0.0
LINC00880,0.0
ENSG00000243636,0.0
CFB,0.010899459
ENSG00000243655,0.0
ZNF487,0.047056735
LINC02027,0.025854245
ENSG00000243696,0.0
PLA2G4B,0.0
LEFTY1,0.0
CFAP57,0.00055954425
CACNA2D3-AS1,0.0
OR5V1,0.0
ENSG00000243733,0.0
TMEM35B,0.0005101138
ENSG00000243762,0.0
HOTTIP,0.0
KIR2DL3,0.0
JMJD7,0.0
LINC02044,0.0
PEX5L-AS1,0.0
CFAP61-AS1,0.0
APOBEC3D,0.0
HLMR1,0.0
LINC02000,0.0
CFAP44-AS1,0.0
ENSG00000243861,0.0
ENSG00000243885,0.0
TRBV8-1,0.0
OR2A7,0.0
ENSG00000243903,0.0
TUBA4B,0.010817985
ENSG00000243953,0.0
PARAL1,0.0
ENSG00000243969,0.0
RTL9,0.0
ACY1,0.16037859
MT1HL1,0.0
KRTAP19-3,0.0
UBE2H-DT,0.0
IL12A-AS1,0.0
ENSG00000244055,0.0
LCE3C,0.0
SPRR2F,0.0
IGKV2-28,0.0
UGT1A7,0.0
ATP1B3-AS1,0.0
LINC01322,0.0
ENSG00000244137,0.0
ENSG00000244151,0.0
CALHM6-AS1,0.0
FLNB-AS1,0.0
P2RY11,0.016873881
PELP1-DT,0.007992074
ARHGEF35-AS1,0.0
FOXP1-AS1,0.0
LINC02016,0.0
LRRC77P,0.0
ICA1-AS1,0.006959217
ENSG00000244255,0.0
SIAH2-AS1,0.0
DBNDD2,0.0
ENSG00000244278,0.0
ITGB5-AS1,0.0
PEX5L-AS2,0.0
ENSG00000244310,0.0
LINC01326,0.0
ENSG00000244337,0.0
LINC00698,0.0
ENSG00000244345,0.0
LY6G6D,0.0
ENSG00000244358,0.0
KRTAP19-7,0.0
ENSG00000244380,0.0
FAM3D-AS1,0.0
RBMY1D,0.0
KRTAP5-7,0.0
IGKV3-15,0.0
LINC02077,0.0
ENSG00000244464,0.0
TPTE2P3,0.0
UGT1A4,0.0
ERVFRD-1,0.0035020274
SCARF2,0.0
ENSG00000244491,0.0
SLC9A9-AS2,0.0
HDAC11-AS1,0.0
KRTAP4-2,0.0
LINC01213,0.012781943
KCNK15-AS1,0.0
PRICKLE2-DT,0.0
IGKV1-27,0.0
LINC01391,0.0
WNT5A-AS1,0.0
RAD21L1,0.0
CCDC13,0.0050623612
ASPRV1,0.0053873104
ENSG00000244619,0.0
OR2AE1,0.0
KRTAP20-1,0.0
LINC02086,0.0050483965
TRBV12-1,0.0
ENSG00000244676,0.0
CTAGE8,0.0
PTCHD4,0.0
ENSG00000244706,0.0
C4A,0.0
ENSG00000244733,0.002140005
CRYBB2,0.0
ENSG00000244757,0.0
ENSG00000244791,0.0
ALKBH3-AS1,0.0
RUFY1-AS1,0.0
ENSG00000244953,0.0
LIFR-AS1,0.06777872
ASTILCS,0.0
ENSG00000245008,0.0
LINC02453,0.015934508
ENSG00000245025,0.0036472932
C16orf46-DT,0.0
IGFBP7-AS1,0.0020646476
MIR3150BHG,0.0
A2M-AS1,0.00608897
SMARCA5-AS1,0.0
ARAP1-AS2,0.0
RNF139-DT,0.01918443
ENSG00000245156,0.0
GALNT7-DT,0.0012306988
USP2-AS1,0.013400682
ENSG00000245261,0.0
SAP30L-AS1,0.0
ASAH1-AS1,0.0063053556
CYP2U1-AS1,0.0
BMAL2-AS1,0.0
H2AZ1-DT,0.0
DEPTOR-AS1,0.0
CXXC4-AS1,0.0
ENSG00000245385,0.0
TTC9-DT,0.0
LINC02447,0.039804228
ENSG00000245482,0.0
MSANTD2-AS1,0.014283439
LINC02709,0.0
MIR9-2HG,0.006094225
RORA-AS1,0.0046176924
LNCRNA-IUR,0.0
BDNF-AS,0.036197882
DACT3-AS1,0.0
DDX11-AS1,0.0
ENSG00000245651,0.0
LINC02211,0.0
ENSG00000245667,0.0
ZNF585B,0.03782808
FRG1-DT,0.0
NADK2-AS1,0.0
SKOR1-AS1,0.0
LINC02226,0.0
ENSG00000245748,0.0
DRAIC,0.02318892
ENSG00000245768,0.0
LINC02202,0.0
MIR4300HG,0.0
GS1-24F4.2,0.005403785
MEF2C-AS2,0.0
ENSG00000245869,0.0
LINC00682,0.0
SDAD1-AS1,0.0
LINC02273,0.014713851
RPL30-AS1,0.0
MINDY2-DT,0.0038991452
ALDH1L1-AS2,0.016008053
LINC02325,0.0
MCPH1-DT,0.0370617
ENSG00000246090,0.003117081
LINC01096,0.0
TNFRSF10B-AS1,0.0
RRS1-DT,0.009517441
KCTD21-AS1,0.0031663072
P4HA3-AS1,0.0
RETREG1-AS1,0.0
LINC01550,0.0581609
ENSG00000246225,0.0013744644
CASC8,0.0
ENSG00000246250,0.0
UBR5-DT,0.017108355
SBF2-AS1,0.025457008
ENSG00000246308,0.0
ENSG00000246316,0.0
FAM13B-AS1,0.0
PRR7-AS1,0.0
EXTL3-AS1,0.0
ZBED9-AS1,0.0
LINC02458,0.0
LACTB2-AS1,0.0042894823
PPM1K-DT,0.0041405605
GNAO1-DT,0.0
ZNF84-DT,0.0
DIAPH1-AS1,0.0
LINC00968,0.0
ENSG00000246465,0.0
ENSG00000246477,0.0
FZD4-DT,0.008212829
LINC02481,0.0
SLCO5A1-AS1,0.0
SMARCAD1-DT,0.0
LINC02288,0.0
PICART1,0.0
CIBAR1-DT,0.004260894
MGC16275,0.003413868
PLA2G4E-AS1,0.0
RGMB-AS1,0.039689645
COL25A1-DT,0.0
DYNC1LI2-DT,0.0
SORL1-AS1,0.0
ENSG00000246792,0.0
RIC3-DT,0.0
ENSG00000246851,0.0074072187
LINC02466,0.0
DNM1P35,0.0
CTTN-DT,0.006937987
BRPF3-AS1,0.003427309
ENSG00000247011,0.0023606792
ENSG00000247033,0.010393418
ENSG00000247049,0.0
BAALC-AS1,0.0005402657
ENSG00000247121,0.011241793
ENSG00000247130,0.0
ENSG00000247131,0.00271033
ENSG00000247134,0.017238032
CSTF3-DT,0.0
LINC01252,0.0051179347
ENSG00000247193,0.0
FBXO38-DT,0.0042760726
LINC01498,0.0
ENSG00000247228,0.016614318
ENSG00000247311,0.0
LY6E-DT,0.0058529093
ENSG00000247324,0.0043291724
ENSG00000247345,0.0
NUP107-DT,0.009226121
ENSG00000247372,0.0
TMED2-DT,0.003550867
PLUT,0.0
DNAJC3-DT,0.04295144
ENSG00000247402,0.0
ENSG00000247416,0.0
CARS1-AS1,0.0
CPEB2-DT,0.0
MARS2,0.009886427
LRP4-AS1,0.0
ENSG00000247679,0.003705869
FABP6-AS1,0.0
ARHGAP11B-DT,0.0032721919
KCTD13-DT,0.0
ENSG00000247765,0.0
SNCA-AS1,0.0
MOCS2-DT,0.04642683
ENSG00000247853,0.0032992556
DGAT2-DT,0.0
FAM174A-DT,0.0021702624
TM7SF3-AS1,0.0
ENSG00000247925,0.0
ENSG00000247934,0.0040811114
ENSG00000247970,0.0
LINC00926,0.013390743
FOXD1-AS1,0.0
ENSG00000248015,0.0
FAM13A-AS1,0.008648874
ARHGAP42-AS1,0.0
ENSG00000248029,0.0
SYBU-AS1,0.0
DPH6-DT,0.014698377
BCKDHA,0.04333366
INSL3,0.0
ENSG00000248100,0.0
LINC02039,0.0
MARCOL,0.0
ENSG00000248112,0.009916502
ENSG00000248115,0.0
LINC01019,0.0
ENSG00000248125,0.0
SV2C-AS1,0.0
LINC01194,0.0
LINC02101,0.0
ENSG00000248137,0.0
ENSG00000248138,0.0
LINC02383,0.0
ENSG00000248145,0.0
ENSG00000248148,0.0
LINC02150,0.0
ANK2-AS1,0.0
ENSG00000248161,0.01081648
ENSG00000248165,0.0
TRIM39-RPP21,0.0
ENSG00000248172,0.0
LINC02268,0.0
ENSG00000248176,0.0
LINC02283,0.0
ENSG00000248187,0.0
ATG10-AS1,0.0
ENSG00000248195,0.0
LINC00290,0.0
ENSG00000248199,0.0
ENSG00000248203,0.0
LINC02355,0.0
TRPC7-AS1,0.0
LINC02505,0.0
SLIT3-AS1,0.0
ENSG00000248223,0.0
LINC02513,0.0
ENSG00000248235,0.0
LINC02438,0.0
ENSG00000248242,0.0
LINC02014,0.0
ENSG00000248245,0.0
ENSG00000248254,0.0
OCIAD1-AS1,0.0
ENSG00000248261,0.0
ENSG00000248262,0.0
ENSG00000248268,0.0
LINC02120,0.0
ENSG00000248296,0.0
LINC02360,0.0
LINC00616,0.0
MEF2C-AS1,0.007586529
ENSG00000248317,0.0
ENSG00000248318,0.0
LINC02275,0.0090054395
LUCAT1,0.0
APELA,0.0044754567
LINC00613,0.0
ENSG00000248335,0.0
LINC02472,0.0
LINC02504,0.0
ENSG00000248343,0.0
ENSG00000248356,0.0
ENSG00000248358,0.0
LINC00504,0.009114221
ENSG00000248362,0.0
ENSG00000248363,0.0
TRAJ51,0.0
ENSG00000248367,0.012684794
ENSG00000248369,0.0
LINC02434,0.0
ENSG00000248373,0.0028286243
ENSG00000248378,0.0
PCDHAC1,0.0
TARM1,0.0
HAFML,0.0
LINC02064,0.0
ENSG00000248393,0.0
LINC00498,0.0
PRR5-ARHGAP8,0.0052173682
LINC02469,0.0
ENSG00000248416,0.0
ENSG00000248417,0.0
ENSG00000248425,0.0
ENSG00000248428,0.0
ENSG00000248431,0.0
ENSG00000248434,0.0
ENSG00000248440,0.0
ENSG00000248443,0.0
SEMA6A-AS1,0.0020952295
LINC02217,0.0
LINC02485,0.0
LINC02220,0.0
ENSG00000248458,0.0
FGF10-AS1,0.0
ENSG00000248468,0.0
ENSG00000248469,0.0
LINC01962,0.0
LINC02122,0.0
ENSG00000248475,0.0
ENSG00000248479,0.0
ENSG00000248482,0.0
ENSG00000248484,0.0
PCP4L1,0.0
CHD1-DT,0.0037135943
ENSG00000248490,0.0
ENSG00000248491,0.0
ZFAT-AS1,0.0
LINC02380,0.0
LINC02267,0.0
ENSG00000248511,0.0
ENSG00000248514,0.0
ENSG00000248515,0.0
ENSG00000248516,0.0
LINC02437,0.0
LINC02058,0.0
ENSG00000248529,0.0
ENSG00000248537,0.0
PPP1R3B-DT,0.002121626
LINC02117,0.0
ENSG00000248540,0.0
ENSG00000248544,0.0
ENSG00000248545,0.0
OTX2-AS1,0.0
ENSG00000248551,0.0
C5orf34-AS1,0.0
ENSG00000248567,0.0
ENSG00000248571,0.0
EGFLAM-AS2,0.0
ENSG00000248576,0.0
GDNF-AS1,0.0
ENSG00000248588,0.0
STIMATE-MUSTN1,0.0
ENSG00000248596,0.0
ENSG00000248597,0.0
SLEAR,0.0
ENSG00000248600,0.0
ENSG00000248601,0.0
ENSG00000248605,0.0
ENSG00000248607,0.0
ENSG00000248627,0.0
ENSG00000248629,0.0
RBM14-RBM4,0.0034640396
ENSG00000248647,0.0
ENSG00000248656,0.0
LINC00992,0.005702842
ENSG00000248664,0.0
ENSG00000248667,0.0
LY75-CD302,0.0
LINC01331,0.0
ENSG00000248676,0.0
LINC02102,0.0
LINC02484,0.0
HAS2-AS1,0.0
ADGRL3-AS1,0.0
LINC02100,0.0
ENSG00000248694,0.0
LINC01085,0.0
ENSG00000248701,0.0
LINC02415,0.0
LINC02144,0.0
ENSG00000248709,0.0
TRIM59-IFT80,0.00235327
C4orf54,0.0044313255
ZNF652-AS1,0.0
LINC02222,0.0
PRDM8-AS1,0.0
NPHP3-AS1,0.0
LINC01948,0.004571536
EGFLAM-AS4,0.0
ENSG00000248733,0.0
ENSG00000248736,0.0
ENSG00000248738,0.0
LINC02428,0.0
ENSG00000248744,0.0
ACTN3,0.0
ENSG00000248747,0.0
ENSG00000248749,0.0
ENSG00000248751,0.0
ENSG00000248752,0.0
LINC02115,0.0
ENSG00000248758,0.0
ENSG00000248762,0.0
ENSG00000248764,0.0
FOXL3,0.0
SMIM31,0.0
ENSG00000248774,0.0
ENSG00000248779,0.0
ENSG00000248783,0.0
LINC02118,0.0
ENSG00000248790,0.0
ENSG00000248799,0.0
C8orf34-AS1,0.0
ENSG00000248802,0.0067763664
LINC01095,0.0
LINC02432,0.018537197
ENSG00000248813,0.0
ENSG00000248816,0.0
ENSG00000248837,0.0
ENSG00000248839,0.0
ENSG00000248842,0.0
LINC02753,0.0
LINC02065,0.0
LINC01574,0.0
LINC02511,0.0
ENSG00000248870,0.0
TNFSF12-TNFSF13,0.0
LINC02431,0.0
ENSG00000248876,0.0
ENSG00000248881,0.0
ENSG00000248884,0.0
FAM138E,0.0
ENSG00000248896,0.0
PELO-AS1,0.0
LINC01846,0.0
LINC02239,0.0
ENSG00000248912,0.0
ENSG00000248918,0.0
ATP5MF-PTCD1,0.0
USP17L19,0.0
PDCD6-DT,0.0
USP17L22,0.0
ENSG00000248935,0.0
ENSG00000248936,0.0
ENSG00000248939,0.0
ENSG00000248943,0.0
ENSG00000248949,0.0
ENSG00000248954,0.0
ENSG00000248962,0.0
ENSG00000248964,0.0
ENSG00000248965,0.0
ENSG00000248968,0.0
ENSG00000248969,0.0
ENSG00000248973,0.0
ENSG00000248975,0.0
SPCS3-AS1,0.0
ENSG00000248984,0.0
LINC02758,0.0
ENSG00000248993,0.0
ENSG00000248994,0.0
LINC02231,0.0
PDLIM7-AS1,0.0
ENSG00000249000,0.0
ENSG00000249016,0.0
ENSG00000249017,0.0
ENSG00000249021,0.0
ENSG00000249022,0.0
ENSG00000249023,0.0
ENSG00000249028,0.0
CLMAT3,0.0
ENSG00000249036,0.0
ENSG00000249041,0.0
TRAV31,0.0
ENSG00000249049,0.0
ENSG00000249052,0.0
FAM138D,0.0
ENSG00000249061,0.0
LINC02496,0.0
EGFLAM-AS3,0.0
WSPAR,0.0
EPIST,0.0
ENSG00000249084,0.0
TNPO1-DT,0.0
ZNF436-AS1,0.020932803
ENSG00000249094,0.0
LINC02362,0.0
ENSG00000249099,0.0
ENSG00000249100,0.0
ENSG00000249102,0.0
USP17L17,0.0
GPM6A-DT,0.0
ENSG00000249109,0.0
ENSG00000249111,0.0
ENSG00000249112,0.0
IRX4-AS1,0.0
LINC02215,0.0
PSD2-AS1,0.0
EPPIN-WFDC6,0.0
LINC02517,0.0
ENSG00000249150,0.0
LNCPRESS2,0.0
ENSG00000249153,0.0
TAF11L12,0.0
PCDHA11,0.0024963669
LINC02213,0.0
PRPF39-DT,0.0
SEMA6A-AS2,0.0
ENSG00000249169,0.0
ENSG00000249171,0.0
LINC01093,0.0
ENSG00000249174,0.0
ENSG00000249175,0.0
ENSG00000249180,0.0
ENSG00000249186,0.0
TMEM132D-AS1,0.0
ENSG00000249198,0.0
ENSG00000249199,0.0
TERLR1,0.003430134
ENSG00000249207,0.0
ENSG00000249209,0.0
ENSG00000249216,0.0
ENSG00000249219,0.0
ATP5MGL,0.0027793716
ENSG00000249225,0.0
ENSG00000249228,0.0
CASC16,0.003881681
ENSG00000249234,0.0
ENSG00000249236,0.0063811964
ENSG00000249240,0.0
LINC02265,0.0
TICAM2-AS1,0.027704012
C1QTNF7-AS1,0.0
ENSG00000249258,0.0
ENSG00000249261,0.0
LINC00939,0.0
ENSG00000249275,0.0
ENSG00000249276,0.0
LINC02057,0.0
ENSG00000249290,0.0
ENSG00000249293,0.0
ENSG00000249295,0.0
LINC02174,0.0
ENSG00000249304,0.0
LINC01411,0.0
ENSG00000249309,0.0
APOBEC3B-AS1,0.0
ENSG00000249318,0.0
ENSG00000249319,0.0
CTD-2194D22.4,0.0
ENSG00000249328,0.0
ENSG00000249330,0.0
LINC02149,0.0
ENSG00000249334,0.0
LINC01333,0.0
LINC02405,0.0
LINC01016,0.0
ENSG00000249349,0.0
LINC02198,0.0
ENSG00000249359,0.0
LINC02488,0.0
LINC02997,0.0
ENSG00000249373,0.0
CASC11,0.0
LINC01060,0.014507934
GCLC-AS1,0.0
LINC02071,0.0
FLJ12825,0.011429198
ENSG00000249392,0.0
CASC9,0.0
LINC02212,0.0
ENSG00000249403,0.0
ENSG00000249404,0.0
ENSG00000249405,0.0
TILAM,0.0
IL20RB-AS1,0.0
ENSG00000249409,0.0
ENSG00000249412,0.0
ENSG00000249413,0.0
ENSG00000249417,0.0
ENSG00000249419,0.0
ADAMTS19-AS1,0.0
LINC02477,0.0
ENSG00000249426,0.0
ENSG00000249429,0.0
LNCBRM,0.0
ENSG00000249441,0.0
TRAJ60,0.0
ENSG00000249451,0.0
ENSG00000249453,0.0
ENSG00000249458,0.0
ZNF286B,0.0036618446
LINC02500,0.0
LINC01091,0.0064326855
ZNF324B,0.011226566
ENSG00000249474,0.0
ENSG00000249478,0.0
ENSG00000249479,0.0
SPATS1,0.0
LINC01470,0.0
LINC01586,0.0
LINC02146,0.0
EGFLAM-AS1,0.0
DMXL1-DT,0.01130697
LINC02075,0.0
LINC01179,0.0
MED28-DT,0.0
NEUROG2-AS1,0.0
ENSG00000249513,0.0
LINC02113,0.0
LINC01438,0.0
LINC02114,0.0
ENSG00000249526,0.0
MIR302CHG,0.0
LINC01258,0.0
MCTP1-AS1,0.0
ENSG00000249547,0.0
LINC01234,0.0
LINC02216,0.0
ENSG00000249568,0.0
TARS1-DT,0.005159821
ENSG00000249574,0.0
CLRN2,0.0
LINC02225,0.0
ENSG00000249588,0.0
ENSG00000249590,0.0
ENSG00000249593,0.0
BMPR1B-DT,0.006630135
LINC01187,0.064160846
ENSG00000249602,0.0
ENSG00000249609,0.0
ZNF474-AS1,0.0
LINC02173,0.0
LINC02503,0.0
LINC02465,0.0
ENSG00000249621,0.0
PALLD-AS1,0.0
IFNAR2-IL10RB,0.0
LINC00942,0.0
ENSG00000249631,0.0
ENSG00000249635,0.0
ANKHD1-DT,0.0
ENSG00000249639,0.0
HOXC13-AS,0.0
ENSG00000249642,0.0
LINC02900,0.0
CEP72-DT,0.0
ENSG00000249655,0.0
ENSG00000249658,0.0
LINC02218,0.0
ENSG00000249664,0.0
LINC01259,0.0
NOP14-AS1,0.018265236
ENSG00000249675,0.0
ENSG00000249678,0.0
ENSG00000249679,0.0
ENSG00000249685,0.0
ENSG00000249690,0.0
SPMAP2L,0.0
ENSG00000249695,0.0
ENSG00000249697,0.0
LINC02261,0.0
DDIT4L-AS1,0.0
ENSG00000249713,0.0
FER1L5,0.0015206723
PARM1-AS1,0.0
ENSG00000249722,0.0
ENSG00000249725,0.0
ENSG00000249727,0.0
LINC02242,0.0
ENSG00000249737,0.0
ENSG00000249738,0.005533933
OSMR-DT,0.0090362495
ENSG00000249742,0.0
ENSG00000249743,0.0
ENSG00000249746,0.0
LINC02374,0.0
CAPSL-DT,0.0
ENSG00000249752,0.0
ENSG00000249753,0.0
ENSG00000249771,0.0
ENSG00000249772,0.0
ENSG00000249773,0.0
ENSG00000249776,0.0
LINC02112,0.0
ENSG00000249782,0.0
LINC02103,0.0
EAF1-AS1,0.0
ENSG00000249787,0.0
ENSG00000249791,0.0
ENSG00000249792,0.0
LINC02147,0.0
CTB-1I21.1,0.0
ENSG00000249806,0.0
ENSG00000249807,0.0
LINC01377,0.0
USP17L21,0.0
LINC02945,0.0
LINC00964,0.008761375
ENSG00000249818,0.0
THBS4-AS1,0.0
LINC02162,0.0
ENSG00000249831,0.0
CFAP100-DT,0.0
VCAN-AS1,0.0
ENSG00000249842,0.0
LINC02021,0.0
ENSG00000249847,0.0
ENSG00000249849,0.0
HS3ST5,0.0
CDH18-AS1,0.0
ENSG00000249856,0.0
ENSG00000249857,0.0
LGALS16,0.0
ENSG00000249865,0.0
LINC02742,0.0
ENSG00000249868,0.0
ENSG00000249870,0.0
LINC02372,0.0
ENSG00000249875,0.0
ENSG00000249877,0.0
LINC02501,0.0
ENSG00000249883,0.0
RNF103-CHMP3,0.0
ENSG00000249892,0.0
ENSG00000249894,0.0
JAKMIP1-DT,0.0
MCPH1-AS1,0.0018609908
ITGA2-AS1,0.0
ENSG00000249901,0.0
NGFR-AS1,0.0
TRBV26,0.0
ENSG00000249916,0.0
LINC00536,0.0
LINC02891,0.004706684
ENSG00000249924,0.0
ENSG00000249926,0.0
GOLGA8K,0.0
LINC02223,0.0
ENSG00000249941,0.0
ENSG00000249942,0.0
ENSG00000249945,0.0
ENSG00000249951,0.0
ENSG00000249955,0.0
ENSG00000249959,0.0
TERB1,0.0
ENSG00000249966,0.0
ENSG00000249967,0.0
ENSG00000249971,0.0
TRGV7,0.0
ENSG00000249981,0.0
ENSG00000249982,0.0
TMEM158,0.019956132
BFSP2-AS1,0.0
ENSG00000249994,0.0
PPIC-AS1,0.0
ENSG00000249998,0.0
GJD2-DT,0.0
ENSG00000250015,0.0
ARPIN-AP3S2,0.0
ENSG00000250024,0.0
ENSG00000250025,0.0
ENSG00000250027,0.0
ENSG00000250032,0.0
ENSG00000250034,0.0
IGKV1D-37,0.0
ENSG00000250038,0.0
ENSG00000250039,0.0
ENSG00000250041,0.0
LINC02514,0.0
ENSG00000250043,0.0
LINC00603,0.0
ENSG00000250049,0.0
LINC01018,0.0070336936
ENSG00000250057,0.0
MAPK10-AS1,0.0
ENSG00000250064,0.0
ENSG00000250066,0.0
YJEFN3,0.025228001
SH3TC2-DT,0.0
ESAM-AS1,0.019096462
ENSG00000250075,0.0
ENSG00000250081,0.0
DNAH10OS,0.0006406821
ENSG00000250092,0.0
NREP-AS1,0.0
ENSG00000250098,0.0
LINC02377,0.0
PANCR,0.02537654
ENSG00000250105,0.0
ANKRD33B-AS1,0.0
CACNA1G-AS1,0.0
RHOQ-AS1,0.0
PCDHA10,0.011713011
ENSG00000250122,0.0
ENSG00000250124,0.0
LINC02232,0.0
ENSG00000250126,0.0
LINC02108,0.0
ENSG00000250129,0.0
AGA-DT,0.0
ENSG00000250132,0.008501601
ENSG00000250137,0.0
LINC02276,0.0
ENSG00000250149,0.0
ENSG00000250150,0.0
ARPC4-TTLL3,0.0
SLC1A3-AS1,0.0
PKD2L2-DT,0.0044108224
ENSG00000250164,0.0
C2CD5-AS1,0.0
ENSG00000250167,0.0
ENSG00000250173,0.0
ENSG00000250180,0.0
ENSG00000250186,0.0
LINC02364,0.0
ENSG00000250192,0.0
ENSG00000250193,0.0
ENSG00000250195,0.0
LINC02199,0.0
ALDH1L1-AS1,0.0
ANKRD17-DT,0.0
ENSG00000250230,0.0
ENSG00000250240,0.0
PCDH10-DT,0.0
ENSG00000250242,0.0
ENSG00000250243,0.0
ENSG00000250250,0.0
LINC02430,0.0
PTTG2,0.0
ENSG00000250256,0.0
ENSG00000250258,0.0
ENSG00000250259,0.0
ENSG00000250260,0.0
LINC02509,0.0
ENSG00000250264,0.0
LINC01612,0.011015688
ENSG00000250267,0.0
ENSG00000250271,0.0
ENSG00000250274,0.0
ENSG00000250282,0.0
RDH10-AS1,0.0
GIMD1,0.0
LINC01618,0.0
TRMT9B,0.05437198
MYOZ3-AS1,0.0
LINC02229,0.0
EDIL3-DT,0.0
USP38-DT,0.0022802397
MGC32805,0.0
LINC01340,0.0
ENSG00000250333,0.0
LINC00989,0.0
PURPL,0.0
ENSG00000250338,0.0
LINC02494,0.0
LINC02510,0.0
STK32A-AS1,0.0
NDNF-AS1,0.0
ENSG00000250348,0.0
ENSG00000250349,0.0
ENSG00000250354,0.0
ENSG00000250357,0.0
LINC02200,0.0
GYPB,0.0027285377
HEATR5A-DT,0.0
TUNAR,0.0
ENSG00000250371,0.0
TRIM75,0.0
ENSG00000250375,0.0
GSCAR,0.0
ENSG00000250378,0.0
ENSG00000250379,0.0
ENSG00000250383,0.0
ENSG00000250385,0.0
LINC02197,0.0
ENSG00000250390,0.0
LINC02502,0.0
ENSG00000250397,0.003923474
ENSG00000250402,0.0
ENSG00000250406,0.0
ENSG00000250407,0.0
ENSG00000250409,0.0
LRP2BP-AS1,0.0
SLC2A9-AS1,0.0
LINC02116,0.0
ENSG00000250421,0.0
KIAA1210,0.0
ENSG00000250424,0.0
LINC02148,0.0
FAM242C,0.12515314
CLSTN2-AS1,0.0
LINC02499,0.00372387
LINC02161,0.0
ENSG00000250438,0.0
LINC02105,0.0
MARCHF11-DT,0.0
HOXC-AS1,0.02930954
ENSG00000250453,0.0
LINC02260,0.0
PHOX2B-AS1,0.0
FAM218A,0.008162047
LINC02233,0.0
LINC02145,0.0
ENSG00000250493,0.0
ENSG00000250497,0.0
ENSG00000250501,0.0
ENSG00000250503,0.0
LINC02701,0.0
ENSG00000250509,0.0
LINC02125,0.0
ENSG00000250519,0.0
ENSG00000250522,0.0
ENSG00000250524,0.0
LINC02121,0.18710433
ENSG00000250532,0.0
NPY2R-AS1,0.0
ENSG00000250541,0.0
ENSG00000250543,0.0
LINC02059,0.0
LINC01303,0.004895175
ENSG00000250555,0.0
LINC02999,0.0
ENSG00000250572,0.0
ENSG00000250576,0.0
ENSG00000250577,0.0
ADAMTS16-DT,0.0
SMAD1-AS2,0.0
ENSG00000250583,0.0
LINC01511,0.0
LINC00604,0.0
LINC02492,0.0
ENSG00000250592,0.0
ENSG00000250596,0.0
ENSG00000250597,0.0
ROPN1L-AS1,0.0
ENSG00000250602,0.0
ENSG00000250603,0.0
ENSG00000250604,0.0
ENSG00000250614,0.0
ENSG00000250615,0.0
YPEL3-DT,0.0086925905
ENSG00000250619,0.0
LINC02515,0.0
ENSG00000250623,0.0
ENSG00000250626,0.0
ENSG00000250629,0.0
LINC02171,0.0
LINC01182,0.0
CXXC5-AS1,0.0
LY6G6F-LY6G6D,0.0
ENSG00000250643,0.0
ENSG00000250644,0.005070455
ENSG00000250646,0.0
ENSG00000250658,0.0
ENSG00000250659,0.0
ENSG00000250665,0.0
LINC01596,0.0
LINC02123,0.0
REELD1,0.0021735325
ENSG00000250674,0.0
ENSG00000250681,0.0
LINC00491,0.0
ENSG00000250685,0.002539509
TRAJ55,0.0
ENSG00000250692,0.0
ENSG00000250694,0.0
ENSG00000250696,0.0
ENSG00000250697,0.0
ENSG00000250698,0.0
ENSG00000250699,0.0
ENSG00000250704,0.0
ENSG00000250706,0.0
LINC02269,0.0
CCDC169-SOHLH2,0.0
ENSG00000250714,0.0
P3R3URF,0.0
ENSG00000250723,0.0
ENSG00000250734,0.0
ENSG00000250735,0.0
LINC01262,0.0
ENSG00000250740,0.0
NT5C1B-RDH14,0.0
USP17L20,0.0
MSRB3-AS1,0.0
ENSG00000250751,0.0
LINC02436,0.0
ENSG00000250761,0.0
ENSG00000250764,0.0
SEPTIN14P5,0.0
ENSG00000250770,0.0
LINC01365,0.0
ENSG00000250775,0.0
ENSG00000250781,0.04768448
TAF11L14,0.0
ENSG00000250790,0.0044456213
ENSG00000250791,0.0
PRODH2,0.43820757
THOC3-AS1,0.0
ZNF475,0.0
ENSG00000250806,0.0
LINC02221,0.0
LINC02493,0.0
EXOC1L,0.0
LINC02111,0.0
ENSG00000250829,0.0
ENSG00000250831,0.0
ENSG00000250838,0.0
ENSG00000250842,0.0
USP17L18,0.0
EPHA5-AS1,0.0
ENSG00000250850,0.0
ENSG00000250855,0.0
ENSG00000250863,0.0
ENSG00000250865,0.0
ENSG00000250866,0.0103741
ENSG00000250874,0.0
ENSG00000250877,0.0
ENSG00000250882,0.0
LINC02061,0.0
ENSG00000250887,0.0
LINC01455,0.0
LINC02208,0.0
ENSG00000250893,0.0
ENSG00000250899,0.0030068713
TRIM7-AS1,0.0
SMAD1-AS1,0.0
ENSG00000250905,0.0
ENSG00000250906,0.0
ENSG00000250908,0.0
ENSG00000250909,0.0
MAP9-AS1,0.0
USP17L23,0.0
ENSG00000250915,0.0
ENSG00000250920,0.0
LINC02063,0.0
LINC01181,0.0
LNX1-AS1,0.0
ENSG00000250934,0.0
MAD2L1-DT,0.001277064
ENSG00000250945,0.0
TRPC7-AS2,0.0
ENSG00000250949,0.0
ENSG00000250950,0.0
ENSG00000250954,0.0
ENSG00000250955,0.0
LINC00492,0.0
LINC02382,0.0
ENSG00000250969,0.0
ENSG00000250971,0.0
LINC02196,0.0
ENSG00000250976,0.0
ENSG00000250977,0.0
MARCHF11-AS1,0.0
LINC02600,0.011236651
ENSG00000250990,0.0
ENSG00000250992,0.0
ENSG00000250993,0.0
ENSG00000250994,0.0
ENSG00000250999,0.0073966607
ENSG00000251009,0.0
ENSG00000251010,0.0
TMEM108-AS1,0.0
ENSG00000251012,0.0
SLC25A30-AS1,0.005324291
HMMR-AS1,0.0
NIHCOLE,0.0
LINC01950,0.0
ENSG00000251031,0.0
ENSG00000251033,0.0
IGKV2D-40,0.0
LINC02480,0.0
SLC25A48-AS1,0.0
ENSG00000251048,0.0
ENSG00000251049,0.0
ENSG00000251054,0.0
ENSG00000251055,0.0
ENSG00000251058,0.0
PRKG2-AS1,0.0
LINC02512,0.0034662134
LMNB1-DT,0.0
HTT-AS,0.0
ENSG00000251076,0.023690779
ENSG00000251080,0.0
ENSG00000251081,0.0
ENSG00000251088,0.0
ENSG00000251093,0.0
ENSG00000251095,0.0
ENSG00000251125,0.0
ENSG00000251126,0.0
ENSG00000251127,0.0
WWC2-AS1,0.0
LINC02506,0.0
ENSG00000251131,0.0031810547
ENSG00000251132,0.0
LINC02882,0.0
ENSG00000251139,0.013085815
MRPS30-DT,0.020301424
ENSG00000251143,0.0
ENSG00000251148,0.0
ENSG00000251152,0.0
ENSG00000251161,0.0
F11-AS1,0.0
ENSG00000251168,0.0
LINC01843,0.0076833596
ENSG00000251170,0.0
ENSG00000251171,0.0
UCHL1-DT,0.0
GSTCD-AS1,0.0
ENSG00000251176,0.0
TMEM92-AS1,0.0
LINC02497,0.0
LINC01861,0.0
ENSG00000251184,0.0
ENSG00000251185,0.0
ENSG00000251186,0.0
ENSG00000251187,0.0
ENSG00000251189,0.0
LINC00589,0.0
ZNF674,0.010982454
ENSG00000251199,0.0
ENSG00000251200,0.0
TMED7-TICAM2,0.0
ENSG00000251205,0.0
TILRLS,0.0
LINC00923,0.0
LINC02270,0.0
ENSG00000251213,0.0
ENSG00000251214,0.0
ENSG00000251216,0.0
LINC01337,0.0
CNOT10-AS1,0.0
LINC02714,0.0
MIR3945HG,0.0
ENSG00000251239,0.0
ENSG00000251244,0.0
EFNA4-EFNA3,0.0
ENSG00000251248,0.0
ENSG00000251250,0.0
LINC02358,0.0
ENSG00000251257,0.0
RFPL4B,0.0
ENSG00000251259,0.0
WDFY3-AS1,0.0
ENSG00000251264,0.0
LINC02429,0.0
ENSG00000251270,0.0
LINC02228,0.0
MAGI2-AS1,0.0
SMIM15-AS1,0.0
ENSG00000251281,0.0
LINC02272,0.0
ALG1L2,0.0
LINC02462,0.0
ERVH-1,0.0
ENSG00000251293,0.0
ENSG00000251294,0.0
TMEM184C-DT,0.0
LINC02384,0.024285771
CCNO-DT,0.0
ENSG00000251309,0.0
ENSG00000251310,0.0
LINC02214,0.0
ENSG00000251320,0.0
PCAT4,0.0
LINC02728,0.0
LINC01386,0.0
ENSG00000251325,0.0
LINC02479,0.0
LINC02353,0.0
ENSG00000251330,0.0
ENSG00000251339,0.0
MSANTD3-TMEFF1,0.0
LINC02475,0.0
ENSG00000251357,0.0
WWC2-AS2,0.0026552076
ENSG00000251361,0.0
LINC02315,0.0
SYT9-AS1,0.0
LINC02236,0.0
ENSG00000251367,0.0
SEMA5A-AS1,0.0
ENSG00000251371,0.0
LINC00499,0.0
ENSG00000251376,0.0
ENSG00000251377,0.0
DCANP1,0.0
LINC00958,0.1028638
LINC02483,0.0
ENSG00000251387,0.0
ENSG00000251388,0.0
ENSG00000251391,0.0
LINC01301,0.0
LINC01256,0.0
ENSG00000251408,0.0
ENSG00000251409,0.0034994474
ENSG00000251410,0.0
ENSG00000251412,0.0
ENSG00000251414,0.0
ENSG00000251417,0.0053398605
ENSG00000251421,0.0
ENSG00000251423,0.0
ENSG00000251426,0.0
LINC02615,0.0045280964
ENSG00000251434,0.0
ENSG00000251438,0.0
LINC02160,0.0
CBR4-DT,0.0
ENSG00000251446,0.0
ENSG00000251448,0.0
RASGRF2-AS1,0.0045272554
ENSG00000251455,0.0
ENSG00000251458,0.0
ENSG00000251459,0.0
ENSG00000251460,0.0
ENSG00000251461,0.0
ENSG00000251471,0.0
ENSG00000251487,0.0
ENSG00000251488,0.0
ENSG00000251490,0.0
FOXD1,0.015875634
PITPNM2-AS1,0.0
CENPS-CORT,0.00397913
LINC01099,0.0
ENSG00000251510,0.0
ENSG00000251511,0.0
LIX1-AS1,0.0
ENSG00000251517,0.0
ENSG00000251523,0.0
LINC02435,0.0
ENSG00000251527,0.0
LINC00605,0.0
ENSG00000251536,0.0
ENSG00000251537,0.0
LINC02201,0.0
LINC01957,0.0
LINC02230,0.0
IGKV1D-39,0.0
ENSG00000251555,0.0
ENSG00000251556,0.0
ENSG00000251567,0.0
ENSG00000251569,0.0
LINC02106,0.0
ENSG00000251574,0.0
LINC03123,0.0
LINC01267,0.0
TACR3-AS1,0.0
TRBV21-1,0.0
ENSG00000251584,0.0
TET2-AS1,0.0
ENSG00000251598,0.0
ENSG00000251599,0.038150817
GUSBP5,0.0
ENSG00000251601,0.0
MTA1-DT,0.007864952
LINC01385,0.0
FHIP1A-DT,0.0
ENSG00000251615,0.015199397
ENSG00000251616,0.0
LINC02508,0.0
STPG2-AS1,0.0
ENSG00000251623,0.0
LINC02241,0.0
LINC02172,0.0
LINC02278,0.0
LINC02754,0.1289759
ENSG00000251642,0.0
LINC02379,0.0
PRB1,0.0
ENSG00000251661,0.00898606
PCDHA12,0.0037089903
ENSG00000251665,0.0036272558
ENSG00000251670,0.0
ENSG00000251675,0.0
SNHG27,0.0
ENSG00000251680,0.0
ENSG00000251687,0.0
LINC02507,0.0
PTX4,0.0
ENSG00000253100,0.0
ENSG00000253102,0.0
LINC01609,0.0
ENSG00000253105,0.0
ENSG00000253106,0.0
ENSG00000253108,0.0
ENSG00000253110,0.0
TRIB1AL,0.0
ENSG00000253112,0.0
ENSG00000253116,0.0
OC90,0.0
IGLV2-34,0.0
ENSG00000253121,0.0
ENSG00000253122,0.0
IGLVI-56,0.0
IGKV2D-36,0.0
ENSG00000253130,0.0
IGHV7-56,0.0
IGHV3-62,0.0
GPAT4-AS1,0.0
ENSG00000253134,0.0
LINC00967,0.0
LINC02947,0.0
ENSG00000253141,0.0
ENSG00000253143,0.0
LINC03023,0.0
RGS21,0.0
IGHVII-28-1,0.0
IGLV3-17,0.0
ENSG00000253154,0.0014415873
IGKV3-31,0.0
LINC01605,0.0
ENSG00000253163,0.0
ENSG00000253164,0.0
ENSG00000253165,0.0
WASHC5-AS1,0.0
ENSG00000253168,0.0
IGHVII-65-1,0.0
ENSG00000253170,0.0
ENSG00000253171,0.0
ENSG00000253172,0.0
ENSG00000253174,0.0
ENSG00000253177,0.0
ENSG00000253181,0.0
LINC02948,0.0
ENSG00000253184,0.0
HOXA10-AS,0.04809386
TRBV6-7,0.0
ENSG00000253189,0.0
ENSG00000253190,0.0
IGKV1D-32,0.0
ENSG00000253194,0.001547219
ENSG00000253196,0.020717865
LINC02153,0.0
ENSG00000253200,0.0012022819
IGKV3-25,0.0
ENSG00000253205,0.0
ENSG00000253206,0.0
ENSG00000253207,0.0
IGHV3-65,0.0
DENND3-AS1,0.0
ENSG00000253214,0.0
ENSG00000253215,0.0
ENSG00000253217,0.0
ENSG00000253220,0.0
ENSG00000253227,0.0
MIR124-1HG,0.0
IGLV2-5,0.0
LINC02143,0.0
ENSG00000253238,0.0
IGLVI-70,0.0
IGHV3-36,0.0
IGHV3-50,0.0
IGLVIV-64,0.0
ENSG00000253244,0.0
IGHV3-76,0.0
C8orf88,0.019969827
ENSG00000253252,0.0
FAM83A-AS2,0.0
ENSG00000253260,0.0
ENSG00000253263,0.0
IGKV2-14,0.0
ENSG00000253266,0.0
DLGAP2-AS1,0.0
ENSG00000253269,0.0
ENSG00000253270,0.0
IGHV1-67,0.0
ENSG00000253275,0.0
IGKV2-10,0.0
LINC02209,0.0
ENSG00000253280,0.0
ENSG00000253282,0.0
ENSG00000253286,0.0
ENSG00000253287,0.0
ENSG00000253288,0.0
TRBV7-7,0.0
HOXA10,0.06729529
IGHVII-40-1,0.0
ENSG00000253295,0.0
LINC01845,0.0
ENSG00000253300,0.0
LINC01606,0.011440659
STAU2-AS1,0.0
IGHVIII-82,0.0
PCDHGB6,0.0053400793
ENSG00000253307,0.0
ENSG00000253308,0.0
SERPINE3,0.0
IGHVIII-76-1,0.0
LINC01847,0.0
LINC00293,0.0
LINC01932,0.0
ENSG00000253317,0.0
MAILR,0.060420517
ENSG00000253321,0.0
ENSG00000253322,0.0
IGHV7-34-1,0.0
RAD21-AS1,0.0
IGLV3-30,0.0
ENSG00000253331,0.0
ENSG00000253334,0.0
ENSG00000253335,0.0
IGLV3-29,0.0
ENSG00000253339,0.0
ENSG00000253342,0.0
ENSG00000253343,0.0
ENSG00000253344,0.0
IGHVII-22-1,0.0
ENSG00000253347,0.0
ENSG00000253348,0.0
LINC01298,0.0
TUG1,0.0
ENSG00000253354,0.0
ENSG00000253356,0.0
ENSG00000253358,0.0
IGHV3-37,0.0
ENSG00000253363,0.0
COPDA1,0.0
IGKV1D-22,0.0
IGHVIII-25-1,0.0
ENSG00000253373,0.0
ENSG00000253374,0.0
ENSG00000253376,0.0
ENSG00000253377,0.0
ENSG00000253380,0.0
ENSG00000253385,0.0
IGHVII-49-1,0.0
IGHVIII-5-1,0.0
ENSG00000253388,0.0
ENSG00000253389,0.0
ENTPD4-DT,0.0
ENSG00000253392,0.0
LINC00534,0.0
LINC03044,0.0
ENSG00000253396,0.0
ENSG00000253397,0.0
ENSG00000253398,0.0
GABRA6-AS1,0.0
CTNNA1-AS1,0.022661181
EVX1-AS,0.0
ENSG00000253406,0.0
ENSG00000253407,0.0
IKBKB-DT,0.0038637496
TRBV7-4,0.0
IGHVIII-13-1,0.0
ENSG00000253416,0.0
LINC02159,0.0
ENSG00000253420,0.0
ENSG00000253424,0.0
ENSG00000253427,0.0
LINC01942,0.0
ENSG00000253432,0.0
ENSG00000253433,0.0
LINC02237,0.0
IGKV2-4,0.0
IGHV3-33-2,0.0
IGHV3-25,0.0
ENSG00000253445,0.0
ENSG00000253447,0.0
IGLV3-6,0.0
ENSG00000253449,0.0
IGLV2-28,0.0
ENSG00000253452,0.0
LINC03054,0.0
ENSG00000253456,0.0
SMIM18,0.0
IGHVII-15-1,0.0
IGKV2OR22-3,0.004815983
IGKV1-35,0.0
IGHVIII-26-1,0.0
IGHVIV-44-1,0.0
IGHV7-40,0.0
ENSG00000253469,0.0
ENSG00000253470,0.0
ENSG00000253471,0.0
ENSG00000253474,0.0
ENSG00000253476,0.0
ENSG00000253477,0.0
LINC01603,0.0
IGKV1OR22-1,0.0
IGHVII-26-2,0.0
IGKV2-36,0.0
ENSG00000253489,0.0
LINC02099,0.0
IGHVII-30-1,0.0
ENSG00000253496,0.0
IGKV1-13,0.0
ENSG00000253500,0.0
IGKV3D-34,0.0
ENSG00000253503,0.0
LINC02949,0.0
NACA2,0.0
IADEN,0.0
ENSG00000253508,0.0
ENSG00000253510,0.0
SQLE-DT,0.0
ENSG00000253515,0.0
ENSG00000253519,0.0
HPYR1,0.0
MIR3142HG,0.0
ENSG00000253523,0.0
ENSG00000253524,0.0
ENSG00000253526,0.0
ENSG00000253527,0.0
ENSG00000253530,0.0
TRBV6-8,0.0
ADAM7-AS1,0.0
PCDHGA7,0.0
ENSG00000253538,0.0
ENSG00000253539,0.0
IGHV3-52,0.0
IGLVVI-22-1,0.0
PYDC2,0.0
CA3-AS1,0.010121023
ENSG00000253551,0.0
ENSG00000253553,0.0
LINC01414,0.0
ENSG00000253557,0.0
OSGEPL1-AS1,0.0017547137
ENSG00000253561,0.0
ENSG00000253562,0.0
NKX2-1-AS1,0.0
ENSG00000253567,0.0
ENSG00000253572,0.0
ENSG00000253573,0.0
ENSG00000253574,0.014572922
ENSG00000253576,0.0
ENSG00000253577,0.0
IGKV1-22,0.0
OXR1-AS1,0.0
ENSG00000253583,0.0
ENSG00000253585,0.0
IGHV3-30-2,0.0
IGLV3-13,0.0
KCNIP1-AS1,0.0
IGKV2-38,0.0
ENSG00000253593,0.0
LINC01300,0.0
ENSG00000253596,0.0
SLC10A5,0.0027018557
CERNA3,0.0
ENSG00000253604,0.0
ENSG00000253607,0.0
ENSG00000253608,0.0
ENSG00000253613,0.0
ENSG00000253614,0.0
CHILL1,0.0
GRPEL2-AS1,0.0
ENSG00000253619,0.0
IGKV2-23,0.0
ENSG00000253627,0.0
ENSG00000253628,0.0
ENSG00000253629,0.0
IGLV7-35,0.0
ENSG00000253632,0.0
LINC03047,0.0
ENSG00000253634,0.0
IGHVIII-67-3,0.0
ENSG00000253636,0.0
IGLVV-58,0.0
LINC03022,0.0
ENSG00000253642,0.0
ADAM7-AS2,0.0
LINC02845,0.0
KCNIP1-OT1,0.0
ENSG00000253648,0.0
PRSS51,0.0
ENSG00000253652,0.0
ENSG00000253653,0.0
ENSG00000253656,0.0
LINC01592,0.0
ENSG00000253659,0.0
ENSG00000253660,0.0
ZFHX4-AS1,0.0
ENSG00000253664,0.0
LINC02866,0.0
ENSG00000253666,0.0
GASAL1,0.0007670503
ENSG00000253672,0.0
ENSG00000253673,0.0
IGHVII-78-1,0.0
ENSG00000253675,0.0
ENSG00000253678,0.0
LINC02844,0.0
ENSG00000253682,0.0
LINC01484,0.0
ENSG00000253687,0.0
ENSG00000253688,0.005728723
ENSG00000253690,0.0
IGKV2OR22-4,0.0
IGHEP1,0.0
ENSG00000253693,0.0
PINX1-DT,0.0
KBTBD11-OT1,0.0037448206
ENSG00000253698,0.0
ENSG00000253699,0.0
LINC02847,0.0
IGHV1-68,0.0
VIRMA-DT,0.005325985
ENSG00000253706,0.0
ENSG00000253708,0.0
IGHV1-14,0.0
ENSG00000253711,0.0
LINC02886,0.0
ENSG00000253713,0.0
IGHVII-53-1,0.0
ENSG00000253715,0.0
ENSG00000253717,0.0
ENSG00000253720,0.0
ENSG00000253722,0.0
ENSG00000253728,0.0
ENSG00000253730,0.0
IGKV2-19,0.0
LZTS1-AS1,0.0
LINC01289,0.0
ENSG00000253736,0.0
ENSG00000253740,0.0
LNCOC1,0.0
IGHV3-60,0.0
ENSG00000253744,0.0
ENSG00000253745,0.0
ENSG00000253746,0.0
IGHVII-62-1,0.0
ENSG00000253749,0.0
IGLVI-63,0.0
ENSG00000253754,0.0
IGHGP,0.0
IGHV3-57,0.0
IGHV3-6,0.0
KBTBD11-AS1,0.0
IGKV2D-19,0.0
ENSG00000253768,0.0
CFAP418-AS1,0.0
ENSG00000253775,0.0
ENSG00000253776,0.0
ENSG00000253778,0.0
IGLVVI-25-1,0.0
IGHVIII-2-1,0.0
ENSG00000253782,0.0
ENSG00000253783,0.0
ENSG00000253784,0.0
IGLV3-15,0.0
LINC02219,0.0
ENSG00000253792,0.0
IGLV10-67,0.0
ENSG00000253796,0.0
ENSG00000253798,0.0
LINC01030,0.0
ENSG00000253806,0.0
LINC01170,0.0
IGHVII-46-1,0.0
ENSG00000253809,0.0
ENSG00000253811,0.0
IGLV1-41,0.0
LINC01151,0.0
IGHVII-67-1,0.0
ENSG00000253821,0.0
IGLV3-24,0.0
IGLV1-62,0.0
ENSG00000253824,0.0
ENSG00000253825,0.0
ENSG00000253829,0.0
ETV3L,0.0
ENSG00000253832,0.0
ENSG00000253834,0.0
ENSG00000253836,0.0
RBM12B-DT,0.0
ENSG00000253851,0.0
ENSG00000253852,0.0
ENSG00000253853,0.0
ENSG00000253854,0.0
ENSG00000253855,0.0
ENSG00000253857,0.0
ENSG00000253858,0.0
IGKV3-34,0.0
IGHVIII-47-1,0.0
ENSG00000253865,0.0
FER1L6-AS2,0.0
IGKV1-32,0.0
ENSG00000253871,0.0
PCDHGA11,0.0
IGLVIV-66-1,0.0
ENSG00000253875,0.0
LINC01608,0.0
ENSG00000253879,0.0
ENSG00000253880,0.0
IGHV3-19,0.0
ENSG00000253887,0.0
ENSG00000253888,0.004452046
IGLVI-38,0.0
ENSG00000253892,0.0
FAM85B,0.0
ENSG00000253894,0.0
IGHVII-44-2,0.0
ENSG00000253896,0.0
LINC01419,0.0
ENSG00000253901,0.0
ENSG00000253903,0.0
IGKV2D-10,0.0
PCDHGB2,0.0
ENSG00000253911,0.0
IGLV3-26,0.0
IGLV3-31,0.0
ATOX1-AS1,0.0
ENSG00000253924,0.0
ENSG00000253925,0.0
ENSG00000253926,0.0
ENSG00000253927,0.0
TNFRSF10A-AS1,0.0
ENSG00000253932,0.0
IGLVIV-53,0.0
IGHV3-63,0.0
ENSG00000253939,0.0
IGHVII-51-2,0.0
MTUS1-DT,0.0039817784
ENSG00000253947,0.0
ENSG00000253949,0.0
PCDHGB4,0.0
LINC02995,0.0
ENSG00000253956,0.0
IGHV3-22,0.0
LINC01863,0.0
ENSG00000253961,0.0
IGLV3-2,0.0
ENSG00000253965,0.0
LINC03020,0.0
ENSG00000253968,0.0
MAL2-AS1,0.0
NRIP3-DT,0.0
ENSG00000253976,0.0
TENM2-AS1,0.0067122835
ENSG00000253979,0.0
ENSG00000253980,0.0
ENSG00000253986,0.0
IGHVIII-38-1,0.0
ENSG00000253992,0.0
IGKV2-29,0.0
IGKV3D-31,0.0
ENSG00000254000,0.0
ENSG00000254001,0.0
ENSG00000254002,0.0
SRI-AS1,0.0
ENSG00000254006,0.0
ENSG00000254007,0.0
LINC00051,0.0
IGKV2D-38,0.0
IGHEP2,0.0
SLC45A4-AS1,0.0
ENSG00000254020,0.0
ENSG00000254021,0.0
GRHL2-DT,0.0
LINC03023,0.0
LNMICC,0.0
IGLC4,0.0
IGLC5,0.0
ENSG00000254031,0.0
ENSG00000254033,0.0
INTS9-AS1,0.0
ENSG00000254035,0.0
IGHVIII-67-2,0.0
ENSG00000254038,0.0
ENSG00000254040,0.0
LINC03084,0.0
SLIT3-AS2,0.0
ENSG00000254043,0.0
IGHVIII-22-2,0.0
IGHV1-17,0.0
ENSG00000254050,0.0
IGHVIII-67-4,0.0
IGHVIII-5-2,0.0
ENSG00000254054,0.0
ENSG00000254055,0.0
IGHV3-71,0.0
ENSG00000254057,0.0
ENSG00000254060,0.0
PIWIL2-DT,0.0
LINC01938,0.0
ENSG00000254067,0.0
IGLVVII-41-1,0.0
IGLVV-66,0.0
IGLV3-7,0.0
LINC03071,0.0
LINC01299,0.0
LINC01591,0.0
ENSG00000254084,0.0
ENSG00000254086,0.0
ENSG00000254089,0.0
ENSG00000254092,0.0
IGKV3D-25,0.0
IGKV2-26,0.0
ENSG00000254099,0.0
BHLHE22-AS1,0.0
LINC01848,0.0
RBPMS-AS1,0.023090517
ENSG00000254111,0.0
ENSG00000254113,0.0
LINC02842,0.0
PCDHGB7,0.00222828
LINC02839,0.0
CD8B2,0.011551715
IGLCOR22-1,0.0
ENSG00000254129,0.0
LINC01947,0.0
IGHVII-74-1,0.0
ENSG00000254135,0.0
ENSG00000254136,0.0
LINC02950,0.0
IGKV2-18,0.0
ENSG00000254160,0.0
IGLVIV-65,0.0
ENSG00000254162,0.0
ENSG00000254163,0.0
ENSG00000254164,0.0
ENSG00000254165,0.0020944595
CASC19,0.0
IGHV8-51-1,0.0
ENSG00000254171,0.0
IGHV1-12,0.0
IGLVI-42,0.0
IGHV3-75,0.0
ENSG00000254177,0.0
ENSG00000254178,0.0
ENSG00000254186,0.0
ENSG00000254187,0.0
ENSG00000254192,0.0
ENSG00000254194,0.0
ENSG00000254197,0.0
ENSG00000254201,0.0
ENSG00000254202,0.0
IGHVII-33-1,0.0
ENSG00000254204,0.0
ENSG00000254205,0.0
ENSG00000254208,0.0
LINC02855,0.0
LINC01485,0.025546942
IGHVIII-11-1,0.0
IGKV2D-18,0.0
PCDHGB1,0.0
ENSG00000254222,0.0
UQCRB-AS1,0.0
LINC01933,0.00082456565
ENSG00000254227,0.0
IGHV3-42,0.0
ENSG00000254230,0.0
LINC02365,0.0
ENSG00000254236,0.0
ENSG00000254237,0.0
ENSG00000254238,0.0
ENSG00000254239,0.0
IGLVI-20,0.0
ENSG00000254242,0.0
PCDHGA3,0.0
ENSG00000254246,0.0
ENSG00000254248,0.0
ENSG00000254249,0.0
ENSG00000254251,0.0
PENK-AS1,0.0
ENSG00000254258,0.0
ENSG00000254260,0.0
ENSG00000254261,0.0
ENSG00000254263,0.0
IGKV3OR22-2,0.0
PKIA-AS1,0.0
ANK3-DT,0.010347018
ENSG00000254277,0.0
ENSG00000254278,0.0
IGHVII-1-1,0.0
ENSG00000254287,0.0
ENSG00000254288,0.0
IGHV3-32,0.0
ENSG00000254291,0.0
IGKV2D-14,0.0
ENSG00000254293,0.0
ENSG00000254295,0.0
ENSG00000254297,0.0
ENSG00000254298,0.0
LINC01944,0.0
LINC01111,0.0
ENSG00000254302,0.0
ENSG00000254303,0.0
ENSG00000254307,0.0
IGLVIV-59,0.0
ENSG00000254314,0.0
ENSG00000254315,0.0
ENSG00000254317,0.0
LINC03021,0.0
ENSG00000254321,0.0
IGHV7-27,0.0
IGHVII-60-1,0.0
NDST1-AS1,0.017626265
LINC03093,0.0
ENSG00000254337,0.0
MAFA-AS1,0.0
ENSG00000254339,0.0
ENSG00000254340,0.0
LINC01288,0.0
IGKV2D-23,0.0
ENSG00000254347,0.0
MIR2052HG,0.0
ENSG00000254350,0.0
IGLVI-68,0.0
XKR4-AS1,0.0
ENSG00000254361,0.0
ENSG00000254365,0.0
ENSG00000254366,0.0
ENSG00000254367,0.0
HOXA-AS3,0.01710769
ENSG00000254372,0.0
MIR124-2HG,0.0
ENSG00000254380,0.0
ENSG00000254383,0.0
RHPN1-AS1,0.0
ENSG00000254391,0.0
ENSG00000254394,0.0
IGHV4-55,0.0
ENSG00000254396,0.0
ENSG00000254397,0.0
ENSG00000254400,0.0
LINC02752,0.0
LRRC24,0.011162022
ENSG00000254404,0.0
CHKB-CPT1B,0.0
LINC02732,0.0
LINC02584,0.0
SPON1-AS1,0.0
ENSG00000254422,0.0
ENSG00000254428,0.0
ENSG00000254429,0.0
ENSG00000254431,0.0
ENSG00000254432,0.0
ENSG00000254433,0.0
ENSG00000254434,0.0
LINC02683,0.0
PBOV1,0.0
ENSG00000254443,0.0
HSPB2-C11orf52,0.0
CAPS2-AS1,0.0
ENSG00000254452,0.0
NAV2-AS2,0.0
LINC02699,0.0
ENSG00000254458,0.0
ENSG00000254459,0.0
ENSG00000254461,0.0025730685
OR4D10,0.0
ENSG00000254467,0.0
ENSG00000254468,0.0
XNDC1N,0.009965651
ENSG00000254477,0.0
LINC02749,0.0024316413
ENSG00000254485,0.002739766
LINC02547,0.0
ENSG00000254488,0.0
MPPED2-AS1,0.027192732
ENSG00000254495,0.0
ENSG00000254497,0.0
ENSG00000254499,0.0
ENSG00000254501,0.0
FBXO3-DT,0.0
ENSG00000254511,0.0
ENSG00000254514,0.0
LINC02760,0.0
LINC02750,0.0
SIGLEC12,0.0
ENSG00000254526,0.0
FXYD6-AS1,0.028104674
LINC02755,0.0
ARL14EP-DT,0.0
ENSG00000254533,0.003035412
ENSG00000254536,0.0
ENSG00000254538,0.0
ENSG00000254539,0.0
ENSG00000254540,0.0
ENSG00000254545,0.0
ENSG00000254548,0.0
OMP,0.0
ENSG00000254551,0.0
XIRP2-AS1,0.0
ENSG00000254553,0.0
ADM-DT,0.0
ENSG00000254557,0.0
ENSG00000254559,0.0
BBOX1-AS1,0.0052164453
LINC01493,0.0
ENSG00000254563,0.0
ENSG00000254566,0.0
ENSG00000254568,0.0
ENSG00000254571,0.0
ENSG00000254573,0.0
ENSG00000254574,0.0
ENSG00000254575,0.003404443
ENSG00000254578,0.0
LINC02719,0.0
LINC03031,0.0
MAGEL2,0.0
ENSG00000254586,0.0
ETS1-AS1,0.0
ENSG00000254592,0.0
LINC02686,0.0
CSNK2A3,0.0038917214
ENSG00000254599,0.0
ENSG00000254604,0.0
ENSG00000254605,0.0
ENSG00000254606,0.0
ENSG00000254607,0.0
ENSG00000254610,0.0
CAPN1-AS1,0.027396565
ENSG00000254620,0.0
NAV2-AS4,0.0
ENSG00000254625,0.0
ENSG00000254626,0.0
ENSG00000254631,0.0
ENSG00000254632,0.0
ARMS2,0.0
ENSG00000254638,0.0
ENSG00000254639,0.0
ENSG00000254645,0.0
INS,0.0
ENSG00000254648,0.0
ENSG00000254649,0.0
ENSG00000254653,0.0
LINC02685,0.0
RTL1,0.0
LINC02715,0.0
LINC02682,0.0
ENSG00000254662,0.0
ENSG00000254664,0.0
ENSG00000254665,0.0
ENSG00000254669,0.0
RASSF10-DT,0.0
ENSG00000254673,0.0
ENSG00000254675,0.0
ENSG00000254680,0.0
ENSG00000254686,0.0
ENSG00000254687,0.0
ENSG00000254688,0.0
LINC02235,0.0
ENSG00000254690,0.0
ENSG00000254691,0.0
ENSG00000254692,0.0
CD82-AS1,0.0
ENSG00000254694,0.0
LINC02695,0.0
SENCR,0.0
ENSG00000254705,0.0
ENSG00000254706,0.0
ENSG00000254707,0.0
IGLL5,0.0
ENSG00000254710,0.0
ENSG00000254718,0.0
ENSG00000254721,0.0
MEX3A,0.016413642
ENSG00000254732,0.0
ENSG00000254733,0.0
ENSG00000254734,0.0
OR10G4,0.0
ENSG00000254739,0.0
ENSG00000254741,0.0
ENSG00000254753,0.0
ENSG00000254754,0.0
ENSG00000254756,0.0
SIGLEC10-AS2,0.0
KLC2-AS2,0.0
SLC17A6-DT,0.0
EEF1G,0.08542615
ENSG00000254775,0.0
ENSG00000254777,0.0
ENSG00000254787,0.0
CKLF-CMTM1,0.0
ENSG00000254789,0.0033331355
ENSG00000254790,0.0
ENSG00000254802,0.0
ENSG00000254804,0.0
SYS1-DBNDD2,0.0
ENSG00000254810,0.0
ENSG00000254812,0.0
LINC03019,0.0
LMNTD2-AS1,0.01718456
ANO3-AS1,0.0
ENSG00000254820,0.0
ENSG00000254822,0.0
LINC02727,0.0
ENSG00000254829,0.0
ENSG00000254830,0.0
ENSG00000254833,0.0
OR5M10,0.0
RNF185-AS1,0.0
LIPT2-AS1,0.0
ENSG00000254839,0.0
LINC02551,0.0
ENSG00000254844,0.0
ENSG00000254846,0.0
ENSG00000254847,0.0
NPIPA2,0.0
NECTIN1-DT,0.0
KLC2-AS1,0.0
ENSG00000254859,0.0
TMEM9B-AS1,0.0
ENSG00000254861,0.0
LGR4-AS1,0.001384209
LINC02744,0.0
ENSG00000254864,0.0
ENSG00000254865,0.0
ATP6V1G2-DDX39B,0.0
LINC02688,0.0021676742
ENSG00000254873,0.0028973597
ENSG00000254874,0.0
ENSG00000254878,0.0
PTPRJ-AS1,0.0
PKNOX2-DT,0.0
ENSG00000254885,0.0
RAP1BL,0.0
NAV2-AS1,0.0
ENSG00000254898,0.0
ENSG00000254900,0.0
ANO1-AS1,0.0
ENSG00000254905,0.0
ENSG00000254906,0.0
ENSG00000254907,0.0
ENSG00000254910,0.0
SCARNA9,0.0
ENSG00000254913,0.0
ENSG00000254919,0.0
ENSG00000254921,0.0
LINC02545,0.0
PKNOX2-AS1,0.0
ENSG00000254933,0.0
LINC00678,0.0
ENSG00000254938,0.0
ENSG00000254942,0.0
ENSG00000254943,0.0
LINC02751,0.0
LINC02705,0.0
INMT-MINDY4,0.0
KIRREL3-AS2,0.0
ENSG00000254963,0.0
ENSG00000254964,0.0
IGSF22-AS1,0.0
LINC02763,0.0
ENSG00000254971,0.0
ENSG00000254972,0.0
ENSG00000254973,0.0
ENSG00000254975,0.0
ENSG00000254979,0.0
ENSG00000254980,0.0
PDGFDDN,0.0
ACER3-AS1,0.0
ENSG00000254989,0.0
ENSG00000254990,0.0
ENSG00000254991,0.0
STX16-NPEPL1,0.0
ANKHD1-EIF4EBP3,0.0025879622
KRTAP5-9,0.0
LINC02324,0.0
SLC1A2-AS1,0.0
ENSG00000255005,0.0
LINC02489,0.0
LINC02739,0.0
UBTFL1,0.0
OR5M1,0.0
TDH-AS1,0.0
ENSG00000255021,0.11294013
ENSG00000255026,0.0
ENSG00000255027,0.0
ENSG00000255029,0.0
TSPAN18-AS1,0.0
ENSG00000255038,0.003605715
LINC02553,0.0
ENSG00000255041,0.0
NAV2-AS5,0.0
NRGN-AS1,0.0
ENSG00000255046,0.0
ENSG00000255050,0.0
FAM66D,0.0
ENSG00000255054,0.0
ENSG00000255060,0.0
SAA2-SAA4,0.0
PIGY,0.0
ZFP91-CNTF,0.0
LINC02704,0.0
GRM5-AS1,0.0
ENSG00000255084,0.0
ENSG00000255087,0.0
ENSG00000255089,0.0
ENSG00000255091,0.0
ENSG00000255092,0.0
ENSG00000255093,0.0
ENSG00000255094,0.0
TSKU-AS1,0.0
ENSG00000255101,0.0
ENSG00000255102,0.0
ZNF286A-TBC1D26,0.0
ENSG00000255108,0.0
LINC02740,0.0
HYOU1-AS1,0.0
LINC02546,0.0
ENSG00000255118,0.0
ENSG00000255119,0.0
OVOL1-AS1,0.01182759
ENSG00000255126,0.0
TTC12-DT,0.0012871601
ENSG00000255130,0.0
ENSG00000255132,0.0
LINC02721,0.0
TPBGL-AS1,0.0
ENSG00000255139,0.0012061433
ENSG00000255142,0.0
ENSG00000255146,0.0
ENSG00000255148,0.0
GLYATL1B,0.0
MSH5-SAPCD1,0.0
TOLLIP-DT,0.042548344
HTD2,0.0
ENSG00000255158,0.0
DENND2B-AS1,0.0
ENSG00000255164,0.0
ENSG00000255167,0.0
LINC01499,0.0
ENSG00000255173,0.0
LINC02759,0.0
ENSG00000255176,0.0
MUC5B-AS1,0.0
LINC02720,0.0
ENSG00000255179,0.0
CCDC166,0.0
LINC02711,0.0
LINC02748,0.0
ENSG00000255191,0.0
NANOGP8,0.0
LINC02726,0.0
SLC39A13-AS1,0.0
ENSG00000255201,0.0
ENSG00000255202,0.002048218
ENSG00000255206,0.0
ENSG00000255209,0.0
ENSG00000255216,0.0
ENSG00000255219,0.0
CARD17P,0.0
OR5M11,0.0
ENSG00000255224,0.030906212
LINC02690,0.0
LINC03096,0.0
ENSG00000255229,0.0
ENSG00000255233,0.0
CCDC90B-AS1,0.0
CHKA-DT,0.0
ENSG00000255237,0.0
ENSG00000255240,0.0
ENSG00000255241,0.0
ENSG00000255244,0.0
FXYD6-FXYD2,0.104688674
ENSG00000255246,0.0
NECTIN1-AS1,0.0
ENSG00000255250,0.0
PRR23D1,0.0
ENSG00000255252,0.0
LINC02743,0.0
ENSG00000255260,0.0
LINC02687,0.0
LINC02710,0.0
ENSG00000255271,0.0
SMIM35,0.0
RRM1-AS1,0.0
ENSG00000255289,0.0
ENSG00000255292,0.0
OR8G5,0.0
ENSG00000255299,0.0
LINC02745,0.0
ENSG00000255301,0.0
GLTC1,0.0
OR52B2,0.0
CSRP3-AS1,0.0
DLG2-AS2,0.0
ENSG00000255313,0.0
ENSG00000255314,0.0
ENSG00000255317,0.0
ENSG00000255320,0.0
ENSG00000255321,0.0
LINC01495,0.0
ENSG00000255326,0.0023239062
LINC02697,0.0
ENSG00000255330,0.0
LINC02756,0.0
LINC02729,0.0
ENSG00000255339,0.0
ENSG00000255340,0.0
LINC02706,0.0
ENSG00000255345,0.0
NOX5,0.0011864057
ENSG00000255348,0.0
ENSG00000255351,0.0
ENSG00000255357,0.0
CCDC179,0.0
LINC02761,0.0
LINC02757,0.0
SMILR,0.0
ENSG00000255366,0.0
ENSG00000255367,0.0
ENSG00000255372,0.0
TAS2R43,0.0
ENSG00000255375,0.0
PRR23D2,0.0
LINC02734,0.0
LINC02741,0.0
ENSG00000255389,0.0048593446
DCHS1-AS1,0.0
OOSP4B,0.0
ENSG00000255395,0.0
HCAR3,0.0
TBX5-AS1,0.0
LINC02989,0.0
ENSG00000255402,0.0
ENSG00000255404,0.0
LINC02730,0.0
PCDHA3,0.0
ENSG00000255410,0.0
LINC02548,0.0
LINC02718,0.0
CASC23,0.0
ENSG00000255421,0.0
EBLN2,0.0058167456
ENSG00000255426,0.0
LINC02707,0.0
ENSG00000255429,0.0
ENSG00000255432,0.0
LINC02735,0.0
TTC36-AS1,0.01834931
ENSG00000255438,0.0
ENSG00000255439,0.0
SIGLEC10-AS1,0.0
CD44-AS1,0.0
ENSG00000255446,0.0
ENSG00000255447,0.0
ENSG00000255449,0.0
ENSG00000255451,0.0
ENSG00000255455,0.02087968
ENSG00000255456,0.0
ENSG00000255462,0.012803914
ENSG00000255467,0.0
B4GAT1-DT,0.014768795
ENSG00000255470,0.0
ENSG00000255472,0.0
GAU1,0.0
ENSG00000255475,0.0
ENSG00000255476,0.0
ENSG00000255477,0.0
ENSG00000255478,0.0
ENSG00000255480,0.0026949835
ENSG00000255482,0.0
LINC02764,0.0
ENSG00000255487,0.0
ENSG00000255491,0.0
LINC00681,0.0
ENSG00000255498,0.0
CARD18,0.0
LINC02713,0.0
LINC02951,0.0
ENSG00000255506,0.0
ENSG00000255508,0.0
LINC02684,0.0
ENSG00000255516,0.0
DPP3-DT,0.030065872
ENSG00000255520,0.0
CD44-DT,0.0
ENSG00000255523,0.0
NPIPB8,0.0
ENSG00000255525,0.0
NEDD8-MDP1,0.0
ENSG00000255528,0.0
ENSG00000255537,0.0
ENSG00000255539,0.0
SLC1A2-AS2,0.0
ENSG00000255548,0.0
LY6G6E,0.0
LINC02733,0.0
ENSG00000255555,0.0
ENSG00000255557,0.0
ENSG00000255558,0.0
ZNF252P-AS1,0.0006049237
ENSG00000255565,0.0
TRAV1-1,0.0
MIR9-3HG,0.0007301073
ENSG00000255572,0.0
ENSG00000255580,0.0
OR10G2,0.0
RAB44,0.0
LINC02350,0.0
ENSG00000255605,0.0
LINC02952,0.0
LINC02440,0.0
ENSG00000255621,0.001332795
ENSG00000255628,0.0
ENSG00000255629,0.0
ENSG00000255639,0.0
ENSG00000255641,0.0
ENSG00000255648,0.0
ENSG00000255649,0.0
FAM222A-AS1,0.0
LINC02963,0.0
ENSG00000255655,0.0
RERG-AS1,0.0
ENSG00000255663,0.0
LINC02700,0.0
ENSG00000255669,0.0
ENSG00000255670,0.0
ENSG00000255671,0.0
ENSG00000255672,0.0
JRKL-AS1,0.0
ENSG00000255680,0.0
ENSG00000255686,0.0
ENSG00000255689,0.0
ENSG00000255692,0.0
LINC02389,0.0
OR4D2,0.0
LINC02460,0.0
LINC01489,0.0
ENSG00000255730,0.0
ENSG00000255741,0.0
ENSG00000255745,0.0
ENSG00000255750,0.0
LINC02422,0.0
LINC01479,0.0
LINC02747,0.0
ENSG00000255775,0.0
ENSG00000255801,0.0
OR6J1,0.0
PDE2A-AS1,0.0
ENSG00000255811,0.0
LINC02439,0.0
KLRC4-KLRK1,0.0
ENSG00000255825,0.0
ENSG00000255829,0.0
TIFAB,0.0
ENSG00000255835,0.0
TAS2R20,0.0
ENSG00000255839,0.0
ENSG00000255843,0.0
ENSG00000255845,0.0
ENSG00000255847,0.0
RXYLT1-AS1,0.0
KDM4F,0.0
ENSG00000255856,0.013458078
PXN-AS1,0.03692705
ENSG00000255858,0.0
ENSG00000255866,0.0
DENND5B-AS1,0.0
ENSG00000255871,0.0
ENSG00000255872,0.0
PRECSIT,0.0058402205
ENSG00000255882,0.0
ENSG00000255886,0.0
ENSG00000255893,0.0
ENSG00000255910,0.0
ENSG00000255916,0.0
CCND2-AS1,0.0
ENSG00000255921,0.0
ENSG00000255928,0.0
PIWIL4-AS1,0.0
ENSG00000255931,0.0
ENSG00000255933,0.0
ENSG00000255946,0.0
ENSG00000255947,0.0
RPS6KB2-AS1,0.0
GABARAPL1-AS1,0.0
ENSG00000255959,0.0
GAPDH-DT,0.0
ENSG00000255968,0.0
LINC02421,0.0
CYP2A6,0.0
ENSG00000255983,0.0
PUS1-AS1,0.0
LINC02824,0.0
ARAP1-AS1,0.0
CABP1-DT,0.01411433
ENSG00000256011,0.0
ENSG00000256013,0.0
LINC02411,0.0
CACNA1C-AS4,0.0
ENSG00000256029,0.0033671388
ENSG00000256034,0.0
PAPPA-AS1,0.0
ENSG00000256064,0.0
ENSG00000256071,0.0
ENSG00000256072,0.0
LINC02442,0.0
ENSG00000256083,0.0
ENSG00000256084,0.0
ENSG00000256085,0.0
ENSG00000256100,0.0
LINC02443,0.0
ENSG00000256116,0.0016498418
SOX5-AS1,0.0
LINC01152,0.0
LINC00944,0.0
ENSG00000256137,0.0
ENSG00000256146,0.0
ENSG00000256149,0.0
ADGRD1-AS1,0.0
ENSG00000256152,0.0
LINC02598,0.0
SMLR1,0.033887114
LINC02571,0.0
LINC02420,0.0
TAS2R30,0.0
LINC00507,0.0
ENSG00000256195,0.0
ENSG00000256196,0.0
ENSG00000256199,0.0
ENSG00000256204,0.0
ENSG00000256206,0.0
ENSG00000256209,0.0
ENSG00000256218,0.0
ENSG00000256226,0.0
LINC02387,0.0
ITPR2-AS1,0.0
ENSG00000256237,0.0
ENSG00000256249,0.0
ENSG00000256250,0.0
ENSG00000256256,0.0
ENSG00000256258,0.0
LINC02425,0.0
LINC02454,0.0
ENSG00000256273,0.0
ENSG00000256278,0.0
ENSG00000256281,0.0
ENSG00000256286,0.0
LINC02617,0.0
LINC02376,0.0
ENSG00000256298,0.0
ENSG00000256299,0.0
ENSG00000256311,0.0
ENSG00000256312,0.0
ENSG00000256314,0.0
ENSG00000256325,0.0
ENSG00000256339,0.0
ENSG00000256341,0.0
ENSG00000256343,0.0
ENSG00000256349,0.0
ENSG00000256357,0.0
LINC02375,0.0
ENSG00000256364,0.0
PPIAL4D,0.0
MRPS35-DT,0.0
TRAV8-5,0.0
ENSG00000256389,0.0
ASIC5,0.0
ENSG00000256403,0.0
ENSG00000256407,0.0
ENSG00000256417,0.0
LINC02552,0.0
LINC02414,0.0
ENSG00000256433,0.004622461
TAS2R31,0.0
ENSG00000256440,0.0
ENSG00000256442,0.0
ENSG00000256443,0.0
ENSG00000256448,0.0
ENSG00000256452,0.0
DND1,0.0018320067
ENSG00000256458,0.0
ENSG00000256462,0.0
SALL3,0.0076537975
ENSG00000256469,0.0
ENSG00000256473,0.0
TRAV11,0.0
ENSG00000256481,0.007523605
ENSG00000256482,0.0
ENSG00000256484,0.0
LINC02825,0.0
LINC02468,0.0
ENSG00000256500,0.0
ENSG00000256504,0.0
MRGPRF-AS1,0.0
ENSG00000256512,0.0
ENSG00000256513,0.0
ENSG00000256514,0.0
ENSG00000256538,0.0
IQSEC3-AS1,0.0
LINC02369,0.0
TRAV1-2,0.0
LINC01486,0.0
ENSG00000256564,0.0
ENSG00000256566,0.0
ENSG00000256568,0.0
ENSG00000256569,0.0
OR13A1,0.0
LINC02361,0.021926824
SLC6A12-AS1,0.0
LINC02390,0.0
TRDV3,0.0
ENSG00000256591,0.0
ENSG00000256596,0.0
LINC02393,0.0
ENSG00000256603,0.0
ENSG00000256609,0.0
ENSG00000256615,0.0
ZBTB11-AS1,0.012084035
ENSG00000256632,0.0
PDE2A-AS2,0.0
LINC01965,0.0014729982
LINC00273,0.0
LINC02441,0.0
ENSG00000256646,0.0
ENSG00000256654,0.0
ENSG00000256658,0.0
LINC02368,0.0
CLEC12B,0.0
A2ML1-AS1,0.0
RASSF3-DT,0.0
LIMS4,0.0
LINC02455,0.0
LINC02737,0.0
ENSG00000256691,0.0
ENSG00000256695,0.0
TMEM132D-AS2,0.0
ENSG00000256706,0.0
PGA5,0.0
ENSG00000256714,0.0
LINC02698,0.0
LINC02954,0.0
KDM2B-DT,0.0
MADD-AS1,0.0
ENSG00000256747,0.0
LINC02423,0.0
PLBD1-AS1,0.0029038659
ENSG00000256757,0.0
STH,0.0
CACNA1C-AS3,0.0
ENSG00000256783,0.0
ENSG00000256789,0.0
KLRF2,0.0
LCIIAR,0.078989044
ENSG00000256803,0.0
C17orf100,0.008950563
ENSG00000256810,0.0
TIALD,0.0
CAPNS2,0.0
CCDC86-AS1,0.0
ENSG00000256814,0.0
ENSG00000256824,0.0
ENSG00000256825,0.0
ENSG00000256861,0.0
SLC5A8,0.005220941
ENSG00000256875,0.0
PDE3A-AS1,0.0
ENSG00000256884,0.0
LINC02366,0.0
ENSG00000256894,0.0
ENSG00000256897,0.0
A2ML1-AS2,0.0
LINC02419,0.0
ENSG00000256915,0.0
MMP20-AS1,0.0
ADGRA1-AS1,0.0
ENSG00000256928,0.0
PPP1R14B-AS1,0.013629537
GALNT9-AS1,0.0
TMEM109-DT,0.0
ENSG00000256947,0.0
ENSG00000256950,0.0
ENSG00000256955,0.0
ENSG00000256966,0.0
ENSG00000256967,0.036759697
ENSG00000256969,0.0034301456
LINC00508,0.0
ENSG00000256972,0.0
ENSG00000256973,0.0
LIMS3,0.0
KHDC1L,0.0
ENSG00000256982,0.0
ENSG00000256984,0.0
ENSG00000256988,0.0
LINC02378,0.0
LINC02955,0.0
ENSG00000257000,0.0
ENSG00000257002,0.0
ENSG00000257004,0.0
GPR142,0.0
ENSG00000257022,0.0
ETNK1-DT,0.0
ARHGEF17-AS1,0.0020440477
ENSG00000257042,0.0
ENSG00000257045,0.0
SLCO1B3-SLCO1B7,0.0
LINC02417,0.0
PRPF19-DT,0.0
LINC02282,0.0
C11orf97,0.00902611
ENSG00000257058,0.0
ENSG00000257060,0.0
ENSG00000257062,0.0
ENSG00000257065,0.0
LINC02703,0.0
ENSG00000257083,0.0
ENSG00000257086,0.0
ENSG00000257095,0.0
ENSG00000257096,0.0
CLIP1-AS1,0.0
ENSG00000257105,0.0
LINC02450,0.0
OR11H12,0.0
ENSG00000257120,0.0
ENSG00000257124,0.0
FOXG1-AS1,0.0
CLLU1,0.0
ODC1-DT,0.0
LINC02874,0.0
TAS2R38,0.0
LINC02821,0.0
NUBPL-DT,0.0
ENSG00000257165,0.0
TMPO-AS1,0.029109813
ENSG00000257176,0.0
ENSG00000257181,0.0030373584
ENSG00000257184,0.0
LINC02293,0.0
ENSG00000257191,0.0
LINC02385,0.0
ENSG00000257202,0.0
ENSG00000257207,0.0
LNCOG,0.0
ENSG00000257221,0.0
ENSG00000257222,0.0
ENSG00000257225,0.0
ENSG00000257228,0.0
LINC02448,0.0
ENSG00000257235,0.0
ENSG00000257241,0.0
ENSG00000257252,0.0023588543
ENSG00000257253,0.0
ENSG00000257256,0.0
ENSG00000257258,0.0
LINC02388,0.0
SLC38A4-AS1,0.015914435
ENSG00000257262,0.0
ENSG00000257264,0.0
ENSG00000257265,0.0
ENSG00000257268,0.0
ENSG00000257270,0.0
KIRREL3-AS1,0.0
ENSG00000257272,0.0
ENSG00000257275,0.0
ENSG00000257279,0.0
ENSG00000257283,0.0
ENSG00000257284,0.0
PRMT5-DT,0.0
ENSG00000257286,0.0
ENSG00000257294,0.0
ENSG00000257310,0.0
DBX2-AS1,0.0
ENSG00000257325,0.0
ENSG00000257327,0.0067307316
ENSG00000257329,0.0
MGAM,0.026872063
ENSG00000257341,0.0
ENSG00000257342,0.0
LINC02413,0.0
ENSG00000257346,0.0
ENSG00000257355,0.0
ENSG00000257359,0.0
FNTB,0.03295412
ENSG00000257366,0.0
ENSG00000257373,0.0
ENSG00000257378,0.0
ENSG00000257386,0.0
ENSG00000257390,0.0
ENSG00000257391,0.0
ENSG00000257395,0.0
ENSG00000257398,0.0
LNCHR1,0.0
ENSG00000257407,0.0
ENSG00000257410,0.0
ENSG00000257411,0.0
ENSG00000257429,0.0
ENSG00000257431,0.0
RPAP3-DT,0.010852481
ENSG00000257434,0.0
ENSG00000257435,0.0
ENSG00000257438,0.0
LRIG3-DT,0.0
ZNF878,0.0
ENSG00000257449,0.0
ENSG00000257452,0.0
PHLDA1-AS1,0.0
ENSG00000257456,0.0
ENSG00000257458,0.0
PPFIA2-AS1,0.0
ENSG00000257470,0.0
ENSG00000257472,0.0
ENSG00000257474,0.0
LINC02459,0.0
LINC02354,0.0
ENSG00000257494,0.0
KRT73-AS1,0.0
ENSG00000257496,0.0
GLIPR1-AS1,0.0055933585
ENSG00000257500,0.0
LINC02297,0.0
LINC02373,0.0
LINC02402,0.0
ENSG00000257514,0.0
ENSG00000257515,0.0
ENSG00000257517,0.0
ENSG00000257519,0.0
LINC02326,0.0
ENSG00000257524,0.0
ENSG00000257526,0.0
ENSG00000257527,0.0
RPL36A-HNRNPH2,0.0
BICD1-AS1,0.0
ENSG00000257534,0.0
LINC02403,0.0
ENSG00000257543,0.0
ENSG00000257545,0.0
ENSG00000257548,0.0
ENSG00000257550,0.0
HLX-AS1,0.0
ENSG00000257553,0.0
LINC02298,0.008792392
PPP1R12A-AS1,0.0
ENSG00000257563,0.0
MON2-AS1,0.0
ENSG00000257579,0.0
LINC01475,0.0
LINC00609,0.0
ENSG00000257587,0.0
AQP5-AS1,0.0018838111
GALNT4,0.0
LINC02356,0.0035457695
SCAT2,0.0
OVCH1-AS1,0.0
MYG1-AS1,0.0
ENSG00000257607,0.0
MIR4307HG,0.0
ENSG00000257614,0.0
ENSG00000257634,0.0
G2E3-AS1,0.0
C12orf75-AS1,0.0
ENSG00000257647,0.0
ENSG00000257653,0.0
ENSG00000257657,0.0
ADCY6-DT,0.009518658
ENSG00000257663,0.0
KRT7-AS,0.0
LINC02464,0.0
ENSG00000257681,0.0016143066
ENSG00000257682,0.0
LINC02463,0.0
BLTP3B-DT,0.0
ENSG00000257700,0.0
LBX2-AS1,0.008700219
ENSG00000257703,0.0
CPNE8-AS1,0.0072686314
ENSG00000257726,0.0
ENSG00000257729,0.0
ENSG00000257732,0.0
ENSG00000257735,0.0
ENSG00000257737,0.0
LINC01490,0.0
MGAM2,0.0
ENSG00000257746,0.0
LINC02426,0.0
LINC02281,0.0
LINC02445,0.0
ENSG00000257754,0.0
LINC02386,0.0
ENSG00000257759,0.0
ENSG00000257761,0.0
LINC02401,0.0
ENSG00000257766,0.0
ENSG00000257767,0.0
ENSG00000257769,0.0
LINC02395,0.0
ENSG00000257781,0.0
LINC02400,0.0
ENSG00000257787,0.0
ENSG00000257797,0.0
ENSG00000257808,0.0
MYL6B-AS1,0.0
TBX3-AS1,0.0
ENSG00000257824,0.0
ENSG00000257826,0.0
ENSG00000257829,0.0
ENSG00000257830,0.0
ENSG00000257831,0.0
ENSG00000257835,0.0
ENSG00000257837,0.0
PHLDA1-DT,0.0
NOVA1-DT,0.0
LINC02294,0.074282445
ENSG00000257849,0.0
CASC18,0.0
C12orf42-AS1,0.0
ENSG00000257863,0.0
ENSG00000257869,0.0
ENSG00000257870,0.0
ENSG00000257878,0.0
LINC03088,0.0
ENSG00000257890,0.0
ENSG00000257891,0.0
LINC02404,0.0
ENSG00000257894,0.029306002
ENSG00000257900,0.0
ENSG00000257904,0.0
LINC02156,0.0
ENSG00000257910,0.0
LINC02258,0.0
DDN-AS1,0.01225668
LINC02409,0.0
ENSG00000257921,0.0
LINC02416,0.0
ENSG00000257925,0.0
ENSG00000257932,0.0
LHX5-AS1,0.0
ENSG00000257940,0.0
ENSG00000257947,0.0
ENSG00000257948,0.0
P2RX5-TAX1BP3,0.0
ENSG00000257953,0.0
ENSG00000257955,0.0
ENSG00000257958,0.0
ENSG00000257959,0.0
ENSG00000257964,0.0
ENSG00000257985,0.0
LINC02306,0.0
SPMIP11,0.0
ENSG00000257989,0.0
ENSG00000257995,0.0
ENSG00000257997,0.0
R3HDM2-DT,0.0
ENSG00000258007,0.0
ENSG00000258010,0.0
TUBA1B-AS1,0.0
LINC02457,0.0
ENSG00000258026,0.0
ENSG00000258034,0.0
ENSG00000258035,0.0
LINC02327,0.0
ENSG00000258039,0.0
ENSG00000258044,0.0
PPP1R12A-AS2,0.0
ENSG00000258050,0.0
ENSG00000258052,0.0
ENSG00000258053,0.0
BCDIN3D-AS1,0.001993641
ENSG00000258064,0.0
ENSG00000258066,0.0
ENSG00000258077,0.0
LINC03108,0.0
OR9A4,0.0
ENSG00000258084,0.005297655
GPR84-AS1,0.0
SLC38A2-AS1,0.0
LINC02286,0.0
ATXN2-AS,0.0
LINC02823,0.0
ENSG00000258101,0.0026464632
MAP1LC3B2,0.0
ENSG00000258107,0.0
ENSG00000258108,0.0
ENSG00000258114,0.0
ENSG00000258115,0.0
LINC03056,0.0
ENSG00000258119,0.0
ENSG00000258121,0.0
ENSG00000258122,0.0025031448
LINC02444,0.0
ENSG00000258125,0.0
LINC02396,0.0
PRDM4-AS1,0.0
ENSG00000258140,0.0
LINC02406,0.0
ENSG00000258150,0.0
ENSG00000258162,0.0
ENSG00000258167,0.0
LINC00485,0.0
LINC02412,0.0
ENSG00000258172,0.0
LINC02300,0.0
ENSG00000258177,0.0
ENSG00000258178,0.0
ENSG00000258181,0.0
LINC02392,0.0
ENSG00000258185,0.0
NKX2-2-AS1,0.0
ENSG00000258203,0.0
ENSG00000258214,0.0
LINC02424,0.0
PRSS58,0.0
ENSG00000258225,0.0
ENSG00000258231,0.0
ENSG00000258232,0.0
ENSG00000258234,0.0
ENSG00000258235,0.0
LINC01404,0.0
ENSG00000258249,0.0
ENSG00000258253,0.0
ENSG00000258254,0.0
ENSG00000258256,0.0
ENSG00000258260,0.0
ENSG00000258272,0.0
CRADD-AS1,0.0
LINC00592,0.0
ENSG00000258283,0.0
TESC-AS1,0.0
LINC02410,0.025303984
ENSG00000258308,0.0
ENSG00000258311,0.0023953514
ENSG00000258312,0.0
ENSG00000258313,0.0
ENSG00000258314,0.0
ENSG00000258317,0.0
ENSG00000258323,0.0
ITFG2-AS1,0.009761136
LINC02461,0.0
LINC02394,0.0
TROAP-AS1,0.0
ENSG00000258338,0.0
SNRPF-DT,0.0015896081
ENSG00000258346,0.0
ENSG00000258354,0.0
ENSG00000258364,0.0
ENSG00000258365,0.0
RTEL1,0.0
PAPLN-AS1,0.009260283
ENSG00000258377,0.0
ENSG00000258378,0.0
ENSG00000258379,0.0
ENSG00000258380,0.0
ENSG00000258383,0.0
RCCD1-AS1,0.0
PPT2-EGFL8,0.0
LINC02318,0.0
ENSG00000258393,0.0
MIR493HG,0.0
ENSG00000258400,0.0
ENSG00000258402,0.0
LINC02320,0.0
ZNF578,0.0042295232
ENSG00000258410,0.0
FBXO34-AS1,0.0
ENSG00000258416,0.0
ENSG00000258417,0.0
ENSG00000258422,0.0
ENSG00000258424,0.0
ENSG00000258425,0.0
ENSG00000258426,0.0
ENSG00000258428,0.0
PDF,0.0
ENSG00000258430,0.0
ENSG00000258433,0.0
ENSG00000258435,0.0
RNASE12,0.0
ENSG00000258437,0.0
ENSG00000258444,0.0
ENSG00000258449,0.0
EGILA,0.0
OR11H2,0.0
ENSG00000258455,0.0
AJUBA-DT,0.0
ENSG00000258459,0.0
ENSG00000258460,0.0
ENSG00000258461,0.0
ENSG00000258465,0.0
ENSG00000258466,0.0
ENSG00000258471,0.0
LINC02313,0.0
LINC02207,0.009311679
ENSG00000258478,0.0
LINC00640,0.0
ENSG00000258481,0.0
TRAV15,0.0
LINC02251,0.0
SPESP1,0.024479505
LINC02277,0.0
ENSG00000258489,0.0
ENSG00000258490,0.0
ENSG00000258496,0.0
ENSG00000258497,0.0
DIO3OS,0.014985581
LINC02287,0.0
LINC02290,0.0
ENSG00000258504,0.0
LINC02295,0.0
LINC00239,0.0
ENSG00000258515,0.0
ENSG00000258516,0.0
ENSG00000258517,0.0
ENSG00000258520,0.0
ENSG00000258521,0.0
ENSG00000258525,0.0
ENSG00000258526,0.0
ENSG00000258529,0.0
LINC02305,0.0
ENSG00000258534,0.0
FRMD6-AS2,0.0
ENSG00000258538,0.0
ENSG00000258539,0.0
RHOXF1-AS1,0.0
LINC00645,0.06037423
CRAT37,0.001384775
PCNX4-DT,0.004115392
ENSG00000258554,0.0
SPECC1L-ADORA2A,0.0
LINC02322,0.0
ENSG00000258558,0.0
ENSG00000258560,0.0
ENSG00000258561,0.009043088
VASH1-DT,0.0
SYNE3-AS1,0.0
RNASE11-AS1,0.0
ENSG00000258580,0.0
LINC01500,0.0
FAM181A-AS1,0.0
LINC02274,0.005711578
TRIM6-TRIM34,0.0
LINC03059,0.0
ENSG00000258593,0.0025366442
ENSG00000258594,0.0
ENSG00000258598,0.0
ENSG00000258601,0.0
LINC01629,0.0
ENSG00000258603,0.02465981
ENSG00000258604,0.005647446
LINC-ROR,0.0
ENSG00000258610,0.0
LINC02303,0.018821001
ENSG00000258623,0.0
LINC02292,0.0
RRAGAP1-AS1,0.0
ENSG00000258634,0.011834914
LRFN5-DT,0.009594087
ENSG00000258637,0.0
BCL2L2-PABPN1,0.0
SYNJ2BP-COX16,0.0018765343
ENSG00000258646,0.0
LINC00930,0.0
ENSG00000258649,0.0
SEC23A-AS1,0.008331476
ENSG00000258654,0.019217756
ENSG00000258657,0.0
TOMM20L-DT,0.0
TRIM34,0.0
ENSG00000258660,0.0
ENSG00000258661,0.0
ENSG00000258662,0.0
ENSG00000258663,0.0
ENSG00000258666,0.0
HIF1A-AS3,0.0
ENSG00000258670,0.0
ENSG00000258672,0.0
LINC01397,0.0
ENSG00000258674,0.0
LINC02308,0.0020879281
ENSG00000258677,0.0
LINC02317,0.0
ENSG00000258683,0.0
ENSG00000258687,0.0
LINC01269,0.0
ENSG00000258690,0.0
ENSG00000258691,0.0
ENSG00000258693,0.0
LINC02319,0.0
ENSG00000258695,0.0
ENSG00000258696,0.0
ENSG00000258698,0.0
ENSG00000258699,0.0
LINC00871,0.003737473
VESTAR,0.0
ENSG00000258702,0.0
ENSG00000258703,0.0
SLC25A21-AS1,0.013549483
LINC01193,0.0
ENSG00000258711,0.013477974
C20orf141,0.0
ENSG00000258716,0.0
ENSG00000258717,0.0
LINC02311,0.0
ENSG00000258719,0.0
ENSG00000258723,0.0
PINX1,0.0
PRC1-AS1,0.0
ENSG00000258728,0.0
ENSG00000258729,0.0
ITPK1-AS1,0.0
DDHD1-DT,0.0
LINC02328,0.0
PPP1R13B-DT,0.0
ENSG00000258736,0.0
BAZ1A-AS1,0.004837431
ENSG00000258740,0.0
LINC02833,0.0
LINC02301,0.0
ENSG00000258744,0.0021205405
ENSG00000258745,0.0
ENSG00000258747,0.0
KIF26A-DT,0.0
ENSG00000258749,0.0
ENSG00000258751,0.0
ENSG00000258752,0.0
ENSG00000258753,0.0
LINC01579,0.0
ENSG00000258760,0.0
ENSG00000258761,0.0
ENSG00000258763,0.0
ENSG00000258765,0.0
DIO2-AS1,0.0
LINC02330,0.0
ENSG00000258773,0.0
ENSG00000258776,0.0
LOHAN2,0.0
ENSG00000258784,0.0
ENSG00000258789,0.0
ENSG00000258790,0.0
LINC00520,0.0
ENSG00000258792,0.0
ENSG00000258793,0.017490903
ENSG00000258795,0.0
CCDC88C-DT,0.0
ENSG00000258800,0.0
ENSG00000258803,0.0
LINC01148,0.0
ENSG00000258807,0.0
LINC03058,0.0
ENSG00000258811,0.0
TRAV33,0.0
RBM25-AS1,0.0016215993
LINC02329,0.0
LINC02820,0.0
OR4C13,0.0
LINC02289,0.0
ENSG00000258820,0.0
ENSG00000258824,0.0
LINC01147,0.0
ENSG00000258829,0.0
ENSG00000258830,0.0
TRAV28,0.0
ENSG00000258837,0.0
MC1R,0.008406551
ENSG00000258842,0.0
ENSG00000258843,0.0
ENSG00000258845,0.0
ENSG00000258847,0.0
ENSG00000258850,0.0
ENSG00000258851,0.0
ENSG00000258853,0.0
ENSG00000258854,0.0
ENSG00000258857,0.0
ENSG00000258858,0.0
LINC02296,0.0
ENSG00000258860,0.0
ENSG00000258864,0.0
ENSG00000258866,0.0
HISLA,0.0
ENSG00000258868,0.0
LINC02312,0.0
ENSG00000258871,0.0
DUXA,0.0
ENSG00000258874,0.0
TGFB3-AS1,0.0
ENSG00000258881,0.0
LINC02321,0.0
ENSG00000258888,0.0
ENSG00000258891,0.0
EGLN3-AS1,0.0
ENSG00000258902,0.0
ENSG00000258903,0.0
TRAV32,0.0
ENSG00000258908,0.0
ENSG00000258909,0.0
LINC01956,0.0
LINC02316,0.0
LINC02691,0.0032738768
ENSG00000258926,0.0
ENSG00000258928,0.0
ENSG00000258931,0.0
LINC02279,0.0
ENSG00000258935,0.0
ENSG00000258938,0.0
MIA2-AS1,0.011205516
ENSG00000258942,0.0
ENSG00000258943,0.0
ENSG00000258944,0.00094984804
ENSG00000258945,0.0
TUBB3,0.0
SALRNA1,0.0
ENSG00000258954,0.0
LINC00519,0.0
GALNT16-AS1,0.004232666
ENSG00000258958,0.0
ENSG00000258959,0.0
LINC02307,0.0
ENSG00000258970,0.0
ENSG00000258973,0.0
ENSG00000258975,0.0
ENSG00000258976,0.0
LINC01467,0.0
LINC02299,0.0
YY1-DT,0.0
ENSG00000258983,0.0
UBE2F-SCLY,0.0
ENSG00000258985,0.0
TMEM179,0.0
ENSG00000258987,0.0
ENSG00000258989,0.0
TSPY1,0.0
LINC02309,0.0
ENSG00000259001,0.021987272
ENSG00000259002,0.0
ENSG00000259003,0.0
LINC02285,0.0
ENSG00000259005,0.0
ENSG00000259006,0.0
ENSG00000259007,0.0
ENSG00000259008,0.0
ATP10A-DT,0.0
ENSG00000259017,0.0
ENSG00000259018,0.0
LINC00524,0.0
TVP23C-CDRT4,0.0
ENSG00000259026,0.0
ENSG00000259028,0.0
ENSG00000259031,0.0
ENSG00000259033,0.0
ENSG00000259035,0.0
ENSG00000259036,0.0
ENSG00000259037,0.0
ENSG00000259039,0.0
BLOC1S5-TXNDC5,0.0
ENSG00000259041,0.0
ENSG00000259042,0.0
ENSG00000259044,0.0
ENSG00000259048,0.0
ENSG00000259049,0.0
LINC02332,0.018175311
ENSG00000259055,0.0
ENSG00000259058,0.0
ENSG00000259060,0.0
ENSG00000259061,0.0
ACTN1-DT,0.0
MIDEAS-AS1,0.013696828
ENSG00000259066,0.0
ENSG00000259067,0.0
TRAV37,0.0
ENSG00000259069,0.0
LINC00639,0.0
ENSG00000259071,0.0059782336
ENSG00000259072,0.0
FOXN3-AS2,0.0
POC1B-GALNT4,0.0
ENSG00000259076,0.0
ENSG00000259077,0.0
ENSG00000259081,0.0
LINC02314,0.0
PNN-AS1,0.0
ENSG00000259087,0.0
ENSG00000259088,0.0
LINC00517,0.0
TRAV30,0.0
ENSG00000259093,0.0
ENSG00000259094,0.0
ENSG00000259097,0.0
ENSG00000259103,0.0
PTCSC3,0.0024702707
ENSG00000259106,0.0
LINC00911,0.0
LINC01595,0.0
LINC02304,0.0
ENSG00000259111,0.0
NDUFC2-KCTD14,0.0
ENSG00000259113,0.00270594
ENSG00000259115,0.0
HSPA2-AS1,0.0
ENSG00000259118,0.0
ENSG00000259119,0.0
SMIM6,0.164317
ENSG00000259124,0.0
LRP1-AS,0.0
LINC00648,0.0
ENSG00000259130,0.0
ENSG00000259132,0.0
ENSG00000259133,0.0
ENSG00000259135,0.0
ENSG00000259138,0.0
LINC00644,0.0
SIPA1L1-AS1,0.0035966944
ENSG00000259149,0.0
LINC00929,0.0
MAP3K9-DT,0.021886785
ADAM20P1,0.0
TTC7B-AS1,0.0
ENSG00000259164,0.0
ENSG00000259168,0.0
ENSG00000259170,0.0
ENSG00000259171,0.0
SNRPA1-DT,0.00070181297
ENSG00000259175,0.0
ENSG00000259177,0.0
ENSG00000259178,0.0
ENSG00000259180,0.0
ENSG00000259181,0.0
ENSG00000259182,0.0
ENSG00000259185,0.0
ENSG00000259187,0.0
ENSG00000259188,0.0
ENSG00000259198,0.0
ENSG00000259199,0.0
ENSG00000259200,0.0
ENSG00000259201,0.0
SMAD3-AS1,0.0
ENSG00000259203,0.0
ITGB3,0.0048282417
ENSG00000259211,0.0
ENSG00000259212,0.0
ENSG00000259213,0.0
LINC02896,0.0
LINC00928,0.0
ENSG00000259219,0.0
ENSG00000259221,0.0
ENSG00000259223,0.0
SLC35G6,0.0
LINC02345,0.0
LINC02323,0.0
ANKRD34C-AS1,0.0
CTXN2-AS1,0.0
LINC02490,0.0
ENSG00000259238,0.0
MIR4713HG,0.0
ENSG00000259241,0.0
ENSG00000259242,0.0
LINC02853,0.0
USP3-AS1,0.017905986
ENSG00000259250,0.0
VPS13C-DT,0.0
ENSG00000259252,0.0
LINC01895,0.0
IGHV4OR15-8,0.0
ENSG00000259265,0.0
LINC02622,0.0
ENSG00000259268,0.0
ENSG00000259269,0.0
ENSG00000259275,0.012604078
ENSG00000259276,0.0
ENSG00000259277,0.0
ENSG00000259278,0.0
LINGO1-AS2,0.0
SPATA8-AS1,0.0
ENSG00000259283,0.0
LINC02349,0.0
ALDH1A2-AS1,0.0
ENSG00000259287,0.0
BUB1B-PAK6,0.0
SMASR,0.0
LIPC-AS1,0.0
ENSG00000259294,0.0
ENSG00000259296,0.0
IGHV2OR16-5,0.0
ZHX1-C8orf76,0.0033998524
PLCB2-AS1,0.0
ENSG00000259309,0.0
ENSG00000259312,0.0
ENSG00000259314,0.0
ENSG00000259316,0.0
JDP2-AS1,0.0033077917
ENSG00000259320,0.0
ENSG00000259322,0.0
ENSG00000259326,0.0
ENSG00000259327,0.0
ENSG00000259331,0.0
ST20-MTHFS,0.0
LINC00596,0.0
ENSG00000259336,0.0
IGHV1OR15-2,0.0
LINC03080,0.0
ENSG00000259342,0.0
TMC3-AS1,0.0
ENSG00000259345,0.0
SMAD3-DT,0.121948704
APPBP2-DT,0.0
ENSG00000259351,0.0
ENSG00000259352,0.0
ENSG00000259353,0.0
SLC30A4-AS1,0.0
ENSG00000259356,0.0
ENSG00000259357,0.0
ENSG00000259360,0.0
LINC00927,0.0
ENSG00000259362,0.0
ENSG00000259363,0.0
ENSG00000259364,0.0
ENSG00000259365,0.0
AKAP13-AS1,0.0
ENSG00000259368,0.0
ENSG00000259370,0.0
ENSG00000259371,0.0
ENSG00000259375,0.0
LINC02895,0.0
ENSG00000259383,0.0
GH1,0.0
ENSG00000259385,0.0
ENSG00000259390,0.0
ENSG00000259395,0.0
TGIF2-RAB5IF,0.0
ENSG00000259403,0.0
ENSG00000259408,0.0
BMF-AS1,0.0
LINC02883,0.0
CTXND1,0.009574718
ENSG00000259418,0.0
ENSG00000259420,0.0
ENSG00000259422,0.0
IRAIN,0.0
KIF23-AS1,0.0
CERS3-AS1,0.0
ENSG00000259434,0.0
ENSG00000259437,0.0
MAPK6-DT,0.0
LINC01833,0.0
ENSG00000259442,0.0
ENSG00000259443,0.0
RYR3-DT,0.0
ENSG00000259447,0.0
ADNP-AS1,0.01165599
ENSG00000259457,0.0
MGC15885,0.0
LINC02568,0.005028875
CPEB1-AS1,0.0
ENSG00000259463,0.0
ENSG00000259468,0.0
ENSG00000259469,0.0
LINC01169,0.0
LINC02205,0.0
ENSG00000259474,0.0
SYNM-AS1,0.0
ENSG00000259478,0.0
ENSG00000259481,0.0
RORA-AS2,0.0
ENSG00000259483,0.0
DUT-AS1,0.0
IGHV3OR15-7,0.0
ARNT2-DT,0.035446882
TPM1-AS,0.0
ENSG00000259499,0.0
ENSG00000259503,0.0
ENSG00000259504,0.0036509773
ENSG00000259508,0.0
UBE2Q2P16,0.012784152
ENSG00000259514,0.0
ENSG00000259515,0.0
LINC02169,0.0
LINC01583,0.0
ENSG00000259519,0.0
SLC28A2-AS1,0.023538375
INO80-AS1,0.0
ENSG00000259522,0.0
ENSG00000259528,0.0
ENSG00000259530,0.0
ENSG00000259532,0.0
ENSG00000259534,0.0
ENSG00000259536,0.0
ENSG00000259540,0.0
ENSG00000259541,0.0
ENSG00000259542,0.0
ENSG00000259543,0.0
ENSG00000259544,0.0
ENSG00000259546,0.0
ENSG00000259548,0.0
ENSG00000259551,0.0
ENSG00000259553,0.0029314728
ENSG00000259555,0.0
ENSG00000259560,0.0
ENSG00000259563,0.0
ENSG00000259564,0.0
BLID,0.0
LINC01491,0.0
ENSG00000259575,0.0
CERNA1,0.0030906445
ENSG00000259579,0.0
ALDH1A3-AS1,0.0
ENSG00000259584,0.0
ENSG00000259588,0.0
ENSG00000259589,0.0
LINC02244,0.00080626045
ENSG00000259591,0.0
CTDSPL2-DT,0.0
ENSG00000259598,0.0
ENSG00000259602,0.0
ENSG00000259603,0.0
ENSG00000259607,0.0
LINC01582,0.0
ENSG00000259615,0.0
ENSG00000259617,0.0
ENSG00000259620,0.0
ENSG00000259621,0.0
ENSG00000259624,0.0
ENSG00000259627,0.0
ENSG00000259631,0.0
ENSG00000259639,0.0
ENSG00000259647,0.0
ENSG00000259649,0.0
ENSG00000259650,0.0
ENSG00000259652,0.0
ENSG00000259656,0.0
UBE2Q2P13,0.0
ENSG00000259661,0.0
ISL1-DT,0.0
LINGO1-AS1,0.0
ENSG00000259669,0.0
ENSG00000259670,0.0
ENSG00000259672,0.0
IQCH-AS1,0.037963316
ENSG00000259675,0.0
ENSG00000259676,0.0
ENSG00000259678,0.0
IGHV3OR16-17,0.0
ENSG00000259681,0.0
ENSG00000259684,0.0
IDH2-DT,0.0
LINC01220,0.0
LINC01418,0.0
ENSG00000259694,0.0
ENSG00000259697,0.0
ENSG00000259702,0.0026528614
FBN1-DT,0.0
DNAJA4-DT,0.0
ENSG00000259709,0.0
ENSG00000259711,0.0
ENSG00000259712,0.0
ENSG00000259715,0.0
LINC00677,0.0
LINC02284,0.0
ENSG00000259720,0.0
GREM1-AS1,0.0
ENSG00000259723,0.0
LINC01581,0.0
ENSG00000259725,0.0
ENSG00000259731,0.0
ENSG00000259734,0.0
CRTC3-AS1,0.0
ENSG00000259737,0.0
ENSG00000259753,0.0
ENSG00000259754,0.023751594
ENSG00000259755,0.0
ENSG00000259756,0.0
ENSG00000259757,0.0
ENSG00000259759,0.0
LINC02157,0.0
PCSK6-AS1,0.0
ZFHX3-AS1,0.0044649807
LINC03034,0.0
ENSG00000259773,0.0
ENSG00000259774,0.0
EIF5-DT,0.0
ENSG00000259776,0.0
LINC01922,0.0
ENSG00000259780,0.0
LINC02259,0.0
ENSG00000259784,0.0
LINC02109,0.0
UAP1-DT,0.0
ENSG00000259789,0.0
ENSG00000259791,0.0
ENSG00000259792,0.0
ENSG00000259793,0.0
ENSG00000259798,0.0
MARCHF6-DT,0.024218101
SLC22A31,0.0
CTCF-DT,0.0045230887
ENSG00000259805,0.0
ENSG00000259807,0.0
ENSG00000259813,0.0
ENSG00000259814,0.0
LINC02769,0.0
ENSG00000259817,0.0
CZIB-DT,0.0
ENSG00000259819,0.0
ENSG00000259821,0.0
LYPD8,0.0036104473
CDK13-DT,0.0028503898
ENSG00000259828,0.0
LINC00567,0.0
ENSG00000259833,0.0
LINC01904,0.0
ENSG00000259840,0.0
LINC01566,0.0
HEATR3-AS1,0.0
ENSG00000259846,0.0
LINC02126,0.0
VENTXP1,0.0
IGHV1OR16-2,0.0
LINC02956,0.0
ENSG00000259861,0.0
ENSG00000259862,0.0
SH3RF3-AS1,0.0062639746
DYNLRB2-AS1,0.0
ENSG00000259869,0.0
ENSG00000259870,0.0
ENSG00000259876,0.0
ZNF778-DT,0.009651135
ENSG00000259878,0.0
ENSG00000259881,0.0
EHD4-AS1,0.0
FIGNL2-DT,0.0
ENSG00000259889,0.0
ENSG00000259891,0.0027527707
TEDC2-AS1,0.0
ENSG00000259899,0.0
ENSG00000259900,0.0
PWRN1,0.0
ENSG00000259906,0.0
ENSG00000259907,0.0
LNCPTCTS,0.0
ENSG00000259912,0.0
ENSG00000259914,0.0
ENSG00000259915,0.0
AQP7B,0.0
ENSG00000259920,0.0
ENSG00000259925,0.0
ENSG00000259928,0.0
ENSG00000259929,0.0
ENSG00000259940,0.0
ENSG00000259941,0.0
CDRT7,0.0
ENSG00000259945,0.0
ENSG00000259946,0.0
LINC02124,0.0
ENSG00000259952,0.0
IL21R-AS1,0.0
ENSG00000259955,0.0
ENSG00000259959,0.009830244
ENSG00000259961,0.0
THSD4-AS1,0.0
ENSG00000259967,0.0
ENSG00000259968,0.0
LINC00261,0.0
ENSG00000259976,0.0
ENSG00000259977,0.0
ENSG00000259981,0.0
ENSG00000259985,0.0017863788
ENSG00000259986,0.0
ENSG00000259989,0.0
IGHV1OR16-4,0.0
ENSG00000260000,0.008192996
ENSG00000260003,0.0
ENSG00000260004,0.0
ENSG00000260005,0.0
ENSG00000260007,0.0047824252
ENSG00000260008,0.0
LINC02130,0.0
ENSG00000260011,0.003366121
ENSG00000260017,0.0
MBTPS1-DT,0.05909646
LINC01992,0.0
ENSG00000260021,0.0
ENSG00000260022,0.0
LINC02189,0.0
ENSG00000260029,0.0
LCMT1-AS2,0.0
ENSG00000260037,0.0
ENSG00000260041,0.0
ENSG00000260042,0.0
ENSG00000260046,0.0
IGHV1OR16-3,0.0
ENSG00000260051,0.0
LINC01571,0.03671303
ENSG00000260058,0.0
ENSG00000260059,0.0
ENSG00000260063,0.0
ENSG00000260066,0.0
ENSG00000260070,0.0
ENSG00000260072,0.0
ENSG00000260073,0.0
MRFAP1P1,0.0
ENSG00000260084,0.0
ENSG00000260086,0.0
DDX59-AS1,0.0
ENSG00000260091,0.0
ENSG00000260092,0.0
MSRA-DT,0.0026576286
LINC00564,0.0
SPDYE6,0.0
LINC01070,0.0
ENSG00000260107,0.0
ENSG00000260111,0.0
CDH8-AS1,0.0
ENSG00000260118,0.0051588705
ENSG00000260120,0.0
ENSG00000260121,0.0
ENSG00000260122,0.0
CARMAL,0.0
AGBL1-AS1,0.0
ENSG00000260126,0.0
LINC00556,0.0
ENSG00000260132,0.0
MMP2-AS1,0.0
ENSG00000260137,0.0
ENSG00000260142,0.0
ENSG00000260145,0.0
CPNE2-DT,0.0
LINC02673,0.0
ENSG00000260156,0.0
ENSG00000260158,0.0
ENSG00000260162,0.0
ENSG00000260166,0.0
ENSG00000260167,0.0
ENSG00000260170,0.0
ENSG00000260171,0.0
LINC01413,0.0
ENSG00000260173,0.0
ENSG00000260176,0.0
ENSG00000260177,0.0
ENSG00000260179,0.0
ENSG00000260185,0.0
LINC02137,0.0
ENSG00000260188,0.0
LINC02240,0.0
LINC02846,0.0
ENSG00000260194,0.0
ENSG00000260196,0.011073737
ENSG00000260197,0.002417497
ENSG00000260201,0.011660697
ENSG00000260202,0.0
ENSG00000260205,0.0
ENSG00000260206,0.0
ENSG00000260209,0.0
CENPN-AS1,0.0
ENSG00000260217,0.0
CD2BP2-DT,0.00829071
CCDC187,0.0
ENSG00000260223,0.0
CDH13-AS2,0.0
FRRS1L,0.0
KDM7A-DT,0.0
PWRN4,0.0
ENSG00000260234,0.0
ENSG00000260235,0.0
ENSG00000260237,0.0
PMF1-BGLAP,0.0011976972
LINC02533,0.0
ENSG00000260242,0.0
ENSG00000260246,0.0
ENSG00000260249,0.0
ENSG00000260252,0.0
ENSG00000260254,0.0
ENSG00000260256,0.0
LINC02166,0.0054397234
ENSG00000260261,0.0
ENSG00000260262,0.0
LINC02194,0.0
LINC00919,0.0
ENSG00000260271,0.0
ENSG00000260272,0.0
ENSG00000260273,0.008653232
ENSG00000260274,0.01685129
ENSG00000260277,0.0
BMP2K-DT,0.0
ENSG00000260279,0.0020839793
ITFG1-AS1,0.0011461546
TRMT61A-DT,0.0026040906
ARMH2,0.0
TBC1D3G,0.0
ENSG00000260289,0.0
LINC01882,0.011177379
ENSG00000260303,0.0
ENSG00000260304,0.0
NTRK3-AS1,0.0
ENSG00000260306,0.0
ENSG00000260311,0.0
ENSG00000260312,0.0
LINC02986,0.0024225963
ENSG00000260322,0.0
HSPB9,0.032929122
ENSG00000260328,0.0
TMEM263-DT,0.042071365
ENSG00000260331,0.0
LINC01570,0.0
HEXA-AS1,0.0023821278
LINC02176,0.0
ENSG00000260342,0.0
LINC01043,0.0
ENSG00000260348,0.0
ENSG00000260349,0.0
ENSG00000260350,0.0
ENSG00000260351,0.0
SMG1-DT,0.0
ENSG00000260362,0.0
ENSG00000260364,0.0
ENSG00000260367,0.0038649375
ENSG00000260369,0.0
ENSG00000260370,0.0
ENSG00000260371,0.0
AQP4-AS1,0.0
ENSG00000260377,0.0
ENSG00000260378,0.0
ENSG00000260381,0.0
ENSG00000260385,0.0
ENSG00000260387,0.0
LINC00562,0.002212738
ENSG00000260390,0.0
ENSG00000260392,0.0
ENSG00000260393,0.0
STUB1-DT,0.0053168614
ENSG00000260402,0.0
ENSG00000260403,0.0
ENSG00000260406,0.0
ENSG00000260416,0.0
ENSG00000260417,0.0
ENSG00000260418,0.017523255
ENSG00000260419,0.0
LINC02182,0.0
ENSG00000260422,0.0
LINC02367,0.0
ENSG00000260425,0.0
SCX,0.022161331
ENSG00000260430,0.0
LINC01917,0.0
ENSG00000260436,0.0
LMF1-AS1,0.0
LINC01544,0.024915563
ENSG00000260441,0.0
ATP2A1-AS1,0.005336486
ENSG00000260447,0.0
LCMT1-AS1,0.0
LINC02134,0.0
LINC02957,0.0
NBAT1,0.0
ENSG00000260457,0.0
KCNJ18,0.0
ENSG00000260460,0.0
ENSG00000260464,0.0
ENSG00000260465,0.0026944287
ENSG00000260466,0.0
ENSG00000260467,0.0
LINC01290,0.0
INSYN1-AS1,0.0015493454
ENSG00000260473,0.0
SLC25A28-DT,0.0046042963
ENSG00000260476,0.0
LINC01584,0.0
ENSG00000260478,0.0
ENSG00000260484,0.0
ENSG00000260488,0.0
CISTR,0.0
E2F5-DT,0.0
ENSG00000260495,0.0
ENSG00000260496,0.0
ENSG00000260498,0.0
ENSG00000260500,0.0080141425
ENSG00000260504,0.0
ENSG00000260505,0.0
ENSG00000260507,0.0
ENSG00000260509,0.0
ENSG00000260510,0.0
ENSG00000260515,0.0
ATP8A1-DT,0.0
ENSG00000260520,0.0
AP1AR-DT,0.0058648353
FAM157C,0.0033538193
ENSG00000260530,0.0
ENSG00000260532,0.0
ENSG00000260536,0.0
ENSG00000260537,0.0
ENSG00000260542,0.0
ENSG00000260545,0.0
ENSG00000260550,0.0
PWRN2,0.0
ENSG00000260555,0.0
ENSG00000260558,0.0
ENSG00000260563,0.010060804
ENSG00000260564,0.0
ENSG00000260568,0.0
ENSG00000260569,0.0
ENSG00000260570,0.0
PPM1L-DT,0.007577194
ENSG00000260573,0.0
ENSG00000260574,0.0
ENSG00000260575,0.0
CDH3-AS1,0.0023864938
ENSG00000260578,0.0
ENSG00000260579,0.0
ENSG00000260580,0.0067356005
ENSG00000260583,0.0
ENSG00000260585,0.0036868805
ENSG00000260588,0.0
ENSG00000260592,0.0
ENSG00000260593,0.0
ENSG00000260594,0.0
DUX4,0.0
ENSG00000260597,0.0
ENSG00000260604,0.0
ENSG00000260605,0.0
ENSG00000260608,0.0
ENSG00000260611,0.0
ENSG00000260612,0.0
ENSG00000260613,0.0
CYLD-AS2,0.0
ENSG00000260617,0.0
ENSG00000260618,0.0
ENSG00000260619,0.0
ENSG00000260620,0.0
ENSG00000260621,0.0
ENSG00000260624,0.0
RUSF1-DT,0.010119392
ENSG00000260626,0.0
BGLT3,0.0
ENSG00000260633,0.0
ENSG00000260634,0.0
ENSG00000260635,0.0
ENSG00000260640,0.0
TSPAN5-DT,0.0
ENSG00000260642,0.0
ENSG00000260643,0.0017314103
ENSG00000260645,0.0
ENSG00000260646,0.0
ENSG00000260647,0.0022035541
ENSG00000260650,0.0
ENSG00000260651,0.00742632
MIR3147HG,0.0
ENSG00000260657,0.0
ENSG00000260658,0.0
ENSG00000260659,0.0
ENSG00000260660,0.0
ENSG00000260661,0.0
ENSG00000260664,0.0
ENSG00000260670,0.0
ENSG00000260672,0.0
ENSG00000260673,0.0
LINC01541,0.0
ENSG00000260677,0.0
ENSG00000260679,0.0
ENSG00000260681,0.0
ENSG00000260683,0.0
ANKRD20A1,0.0
ENSG00000260693,0.0
ENSG00000260694,0.0
ENSG00000260695,0.0
ENSG00000260698,0.0
ENSG00000260701,0.0
ENSG00000260706,0.0
ENSG00000260710,0.0
ENSG00000260715,0.0
ENSG00000260719,0.0
LINC01243,0.0
ENSG00000260721,0.0
ENSG00000260725,0.0
ENSG00000260729,0.0
ENSG00000260733,0.0
TLE7,0.0
ENSG00000260735,0.0
LINC01227,0.0
LINC00554,0.0
ENSG00000260739,0.0
ENSG00000260740,0.011316619
ENSG00000260741,0.0
ITPRID2-DT,0.0026895388
ENSG00000260743,0.0
ENSG00000260744,0.0
ENSG00000260750,0.0
ENSG00000260755,0.0014567665
ENSG00000260756,0.0
ENSG00000260761,0.0
ENSG00000260763,0.0
ENSG00000260771,0.0
ENSG00000260773,0.0
ENSG00000260777,0.0
MIR3677HG,0.012677636
ENSG00000260779,0.0
CASC17,0.0
ENSG00000260786,0.0
CEDORA,0.0
CDR2-DT,0.0
LINC02280,0.0
ENSG00000260796,0.0
ENSG00000260798,0.0
SERTM2,0.0
LINC01963,0.019706009
PAPOLA-DT,0.010325048
CEROX1,0.0
ENSG00000260808,0.0
ENSG00000260810,0.0
ENSG00000260814,0.0
ENSG00000260823,0.0
ENSG00000260827,0.0
ENSG00000260830,0.0
ENSG00000260832,0.0
ENSG00000260834,0.0
ENSG00000260836,0.0
ENSG00000260838,0.0
LINC01964,0.0
ENSG00000260845,0.0
ENSG00000260847,0.0
ENSG00000260848,0.0
ENSG00000260850,0.005011361
ENSG00000260851,0.0
FBXL19-AS1,0.0
NFATC2IP-AS1,0.0
LINC02184,0.0
ENSG00000260855,0.004265871
ENSG00000260857,0.0
ENSG00000260858,0.0
ENSG00000260861,0.0
ENSG00000260867,0.0
LINC01960,0.0
ENSG00000260874,0.0
LINC01229,0.0
ENSG00000260877,0.0
ENSG00000260879,0.009286028
HCCAT5,0.0
PCHILR,0.0
TAT-AS1,0.0
CASC22,0.0
ENSG00000260891,0.0
ENSG00000260892,0.0
ENSG00000260894,0.0
ENSG00000260895,0.0
ARLNC1,0.0
ADPGK-AS1,0.0
LINC02011,0.0
XKR7,0.0
LINC02890,0.0
ENSG00000260907,0.0
SWINGN,0.0
ENSG00000260911,0.0
LINC01254,0.0
ENSG00000260914,0.0
ENSG00000260919,0.0
ENSG00000260921,0.0
ENSG00000260922,0.0
LINC01311,0.011588648
ENSG00000260926,0.0
ENSG00000260927,0.0
LINC01416,0.0
ENSG00000260932,0.0
ENSG00000260934,0.0
ENSG00000260937,0.0
CAPN10-DT,0.00638736
LINC02555,0.0
FOXC2-AS1,0.0
ENSG00000260945,0.0
ENSG00000260947,0.0
ENSG00000260953,0.0
ENSG00000260955,0.0
ENSG00000260957,0.0
ENSG00000260958,0.0
ENSG00000260959,0.0
LINC00557,0.0
LINC03064,0.058657177
WWOX-AS1,0.0
ENSG00000260970,0.0
ENSG00000260971,0.0
ENSG00000260972,0.0
ENSG00000260973,0.0
ENSG00000260974,0.0
ENSG00000260975,0.0
LINC01633,0.0
ENSG00000260978,0.0
USP7-AS1,0.0032208287
ENSG00000260981,0.0
ENSG00000260986,0.0
ENSG00000260988,0.0
ENSG00000260989,0.0
ENSG00000260990,0.0
DOCK9-DT,0.0
ENSG00000260995,0.0
ENSG00000260999,0.0
ENSG00000261000,0.0
VPS39-DT,0.0
LINC01572,0.0
ENSG00000261009,0.0
ENSG00000261012,0.0
LINC02165,0.0
ENSG00000261018,0.0
ENSG00000261019,0.0
ENSG00000261020,0.0
ENSG00000261024,0.0
ENSG00000261025,0.0
ENSG00000261028,0.0
MPHOSPH6-DT,0.0
ENSG00000261030,0.0
SPECC1-DT,0.0
ENSG00000261035,0.0
ENSG00000261036,0.0
ENSG00000261037,0.0
ENSG00000261038,0.0
ENSG00000261043,0.0
LINC02129,0.0
ENSG00000261049,0.0
SYNM-AS2,0.0
ENSG00000261055,0.0
LINC00555,0.0
ENSG00000261058,0.0
ENSG00000261063,0.0
ENSG00000261065,0.0
ENSG00000261066,0.0
ENSG00000261069,0.0
ENSG00000261070,0.0
ENSG00000261071,0.0070724785
LINC01195,0.0
ENSG00000261076,0.0
ENSG00000261078,0.0
ENSG00000261079,0.00055052835
RUNX2-AS1,0.0
LINC01228,0.0
LINC02516,0.0
ENSG00000261090,0.0
LINC02178,0.0
ENSG00000261093,0.0
ENSG00000261095,0.0
LINC00563,0.0
ENSG00000261103,0.0
ENSG00000261104,0.0045798845
ENSG00000261113,0.0
TMEM178B,0.009421559
ENSG00000261117,0.0
ENSG00000261118,0.0106884185
LINC02473,0.0
LINC02167,0.0
ENSG00000261124,0.0
ENSG00000261129,0.0
ENSG00000261130,0.0
ENSG00000261136,0.006496762
ENSG00000261140,0.006122691
ENSG00000261141,0.0
ENSG00000261146,0.0
ENSG00000261147,0.0
LINC02131,0.0
LINC01989,0.0
ENSG00000261158,0.0
ENSG00000261161,0.0
ENSG00000261166,0.0
ENSG00000261170,0.0
ENSG00000261172,0.0
DNAJA2-DT,0.0
LINC02188,0.0
ENSG00000261177,0.0
LINC03121,0.0
LINC03100,0.0
ENSG00000261187,0.00060588896
TFIP11-DT,0.018169574
DSP-AS1,0.024936857
ENSG00000261191,0.0
LINC01898,0.0
ENSG00000261195,0.0011877602
ENSG00000261198,0.0
ENSG00000261200,0.0
TNRC6B-DT,0.0
ENSG00000261204,0.0
LINC00561,0.0
ENSG00000261207,0.0
CLEC19A,0.0
ENSG00000261211,0.006090485
ENSG00000261213,0.0
ENSG00000261216,0.0
ENSG00000261219,0.0
ST3GAL1-DT,0.0
ENSG00000261229,0.0024989552
LINC02133,0.0
HSD17B2-AS1,0.011663728
ENSG00000261238,0.0
ENSG00000261240,0.0
LINC02128,0.0051333923
ENSG00000261242,0.0
ENSG00000261243,0.0
ENSG00000261244,0.0
GOLGA8T,0.0
ENSG00000261248,0.0
LINC01751,0.0
ENSG00000261250,0.0
EFCAB6-DT,0.0
ENSG00000261253,0.0
ENSG00000261257,0.0
ENSG00000261260,0.0
ENSG00000261261,0.0
ENSG00000261265,0.0
ENSG00000261266,0.0
ENSG00000261267,0.0
QKILA,0.0
MUC22,0.0
ENSG00000261275,0.0
ENSG00000261276,0.0
ENSG00000261285,0.0
ATP2C2-AS1,0.0
ENSG00000261292,0.0
ENSG00000261293,0.0
ENSG00000261294,0.0
ENSG00000261296,0.0
ENSG00000261298,0.0
NUP93-DT,0.0
LINC02252,0.0
ENSG00000261307,0.0
FIGNL2,0.011128559
ENSG00000261310,0.0
ENSG00000261312,0.0
ENSG00000261313,0.0
LINC01834,0.0
DIS3L-AS1,0.0
LINC02152,0.0
ENSG00000261320,0.001460768
LINC02192,0.0
LINC01355,0.011616636
ENSG00000261327,0.0
ENSG00000261329,0.0
ITGAL-AS1,0.0
ENSG00000261334,0.0
ENSG00000261335,0.008295486
LINC01616,0.0
SMIM47,0.0
ENSG00000261346,0.0
ENSG00000261347,0.0
LINC02136,0.0
ENSG00000261357,0.0
PYCARD-AS1,0.0
OTULIN-DT,0.0075331638
ENSG00000261363,0.0
ENSG00000261364,0.0
MANEA-DT,0.0079443185
ENSG00000261367,0.0
ENSG00000261368,0.0
ENSG00000261369,0.0
VPS9D1-AS1,0.0
ENSG00000261376,0.0
ENSG00000261382,0.0
ENSG00000261385,0.0
MAFTRR,0.0
ENSG00000261392,0.0
ENSG00000261393,0.0
ENSG00000261394,0.0
ENSG00000261396,0.0
LINC01177,0.0
ENSG00000261398,0.0
MAPK8IP3-AS1,0.1380595
ENSG00000261400,0.0
ENSG00000261402,0.0
ENSG00000261403,0.0
PSMD7-DT,0.0
ENSG00000261407,0.0031779644
TEN1-CDK3,0.0
CDH13-AS1,0.0
ENSG00000261411,0.0
CORO1A-AS1,0.0
MPC1-DT,0.016631294
ENSG00000261421,0.0
TMEM202-AS1,0.0054971077
ENSG00000261427,0.0
DHX35-DT,0.0040879506
LINC01613,0.0
ENSG00000261433,0.0
ENSG00000261435,0.0
ENSG00000261436,0.0
LINC02894,0.02296586
ENSG00000261442,0.0
LINC00559,0.0
ENSG00000261447,0.0
ENSG00000261448,0.0
ENSG00000261449,0.0
LINC01735,0.0
TUBB8,0.0
ENSG00000261459,0.0
ENSG00000261460,0.0
COQ7-DT,0.0027170582
ENSG00000261466,0.0
ENSG00000261467,0.0
ENSG00000261471,0.0
ENSG00000261472,0.0
LINC02190,0.0
ENSG00000261478,0.0
GOLGA8M,0.0
CARHSP1-DT,0.0
ENSG00000261482,0.0
PAN3-AS1,0.003007902
ENSG00000261489,0.0
LINC00566,0.0
BBS7-DT,0.0
LINC01686,0.0
ENSG00000261505,0.0
ENSG00000261507,0.0
TP53TG3B,0.0
ENSG00000261512,0.001035219
ENSG00000261513,0.0
LINC01976,0.016725374
LINC00558,0.0
ENSG00000261519,0.0
DLGAP1-AS5,0.0
ENSG00000261523,0.0
ENSG00000261532,0.0
ENSG00000261535,0.0
ENSG00000261540,0.0
ENSG00000261541,0.0
ENSG00000261542,0.0093615325
ENSG00000261543,0.0
ENSG00000261546,0.0
ENSG00000261552,0.0
ENSG00000261555,0.0
LINC01859,0.0
ENSG00000261566,0.0
ENSG00000261569,0.0
AGK-DT,0.0
ENSG00000261573,0.0
ENSG00000261582,0.0
ENSG00000261583,0.0
ENSG00000261584,0.0063592345
ENSG00000261586,0.0
TMEM249,0.0
ENSG00000261592,0.0
TPBGL,0.0
PPM1J-DT,0.0
ENSG00000261600,0.0
ENSG00000261602,0.0
PRSS46P,0.0
ENSG00000261604,0.0
ENSG00000261610,0.0
ENSG00000261611,0.0
ENSG00000261613,0.009285346
LINC01858,0.0
TTC23-AS1,0.0
LINC02177,0.0
LINC02605,0.0
LINC02179,0.0
ENSG00000261627,0.0
ENSG00000261629,0.0
ENSG00000261630,0.0
ENSG00000261632,0.0
ENSG00000261633,0.0
PAQR5-DT,0.021326825
LINC02191,0.0
LINC02127,0.0
ENSG00000261638,0.0
ENSG00000261641,0.0
ENSG00000261642,0.0
CYLD-AS1,0.0
ENSG00000261646,0.0
ENSG00000261648,0.0
GOLGA6L7,0.0
ENSG00000261651,0.0
PIERCE2,0.030865705
ENSG00000261653,0.0
BEAN1-AS1,0.0
ECI1-AS1,0.0
TTC39A-AS1,0.0
LY6L,0.0
ENSG00000261668,0.0
ENSG00000261670,0.0
ENSG00000261671,0.0
ENSG00000261673,0.0
SCRT1,0.0
ENSG00000261682,0.0
LINC00838,0.0
ENSG00000261684,0.0
ENSG00000261687,0.0
ENSG00000261691,0.0
ENSG00000261693,0.0
ENSG00000261695,0.0
ENSG00000261696,0.0
LINC02168,0.0
IGHV1OR16-1,0.0
LINC00165,0.0
ENSG00000261707,0.0
ENSG00000261710,0.0
LINC01477,0.0
ENSG00000261717,0.0
ENSG00000261722,0.0
ENSG00000261723,0.0
ENSG00000261728,0.0
GS1-204I12.4,0.0012513289
FOXF2-DT,0.0
ENSG00000261731,0.0
ENSG00000261734,0.0
MIR3976HG,0.0
GOLGA8S,0.0
LINC00922,0.0
ENSG00000261743,0.0
ZFPM1-AS1,0.0
LINC02180,0.0
ENSG00000261751,0.0
ENSG00000261754,0.0
STAG1-DT,0.0
ENSG00000261760,0.0
ENSG00000261762,0.0
ENSG00000261763,0.0
ENSG00000261766,0.0018461646
ENSG00000261779,0.0
LINC01654,0.0
ENSG00000261786,0.0013676736
TCF24,0.0010475233
ENSG00000261789,0.0
ENSG00000261790,0.0
ENSG00000261793,0.0
GOLGA8H,0.0
ENSG00000261795,0.0
ISY1-RAB43,0.0
ENSG00000261798,0.0043479367
ENSG00000261800,0.0
LOXL1-AS1,0.012243747
LINC02140,0.0
ENSG00000261804,0.0
LINC02141,0.0
ENSG00000261810,0.0
LINC02164,0.0
ENSG00000261815,0.0
ENSG00000261816,0.0
ENSG00000261817,0.0
ENSG00000261818,0.0115939835
ENSG00000261821,0.0
ENSG00000261822,0.0
ENSG00000261823,0.0
ENSG00000261826,0.0
ENSG00000261831,0.0
ENSG00000261832,0.0056628473
IGHV3OR16-15,0.0
ENSG00000261838,0.0
ENSG00000261839,0.0
ENSG00000261842,0.0
ENSG00000261848,0.0
LINC02186,0.0
MIA,0.0
LINC01996,0.0
ENSG00000261872,0.0
SMIM36,0.0
ZNF594-DT,0.017334728
ENSG00000261884,0.005368786
GOSR2-DT,0.0
ENSG00000261888,0.010653165
ENSG00000261889,0.006773062
ENSG00000261898,0.0
ENSG00000261915,0.0
ENSG00000261924,0.0
PCDHGA9,0.0
ENSG00000261938,0.0
GFY,0.0
ENSG00000261959,0.0
ENSG00000261976,0.0
ENSG00000261978,0.009951572
ENSG00000261996,0.0
DLGAP1-AS2,0.0025440664
ENSG00000262003,0.0
ENSG00000262006,0.0
ENSG00000262011,0.0
ENSG00000262020,0.0
ENSG00000262050,0.0042067417
ENSG00000262052,0.0
DKFZP434A062,0.0
ENSG00000262079,0.0
ENSG00000262094,0.0
ENSG00000262098,0.0
DHX33-DT,0.0
ENSG00000262112,0.0
ENSG00000262115,0.0
ENSG00000262116,0.0
BCAR4,0.0
ENSG00000262133,0.0
NQO1-DT,0.0
ENSG00000262147,0.0
ENSG00000262151,0.0
LINC02175,0.0
ENSG00000262160,0.03428627
C17orf114,0.01803328
ENSG00000262171,0.0
MYMX,0.001257149
LINC01978,0.0
ENSG00000262198,0.0
PCDHGB3,0.0
ENSG00000262211,0.0
ENSG00000262213,0.0
LINC03048,0.0
ENSG00000262228,0.0
ENSG00000262267,0.0
RPH3AL-AS2,0.023856755
ENSG00000262296,0.0
ENSG00000262298,0.0
ENSG00000262302,0.0
ENSG00000262304,0.0
ENSG00000262312,0.0
ENSG00000262313,0.0
ENSG00000262319,0.0
ENSG00000262332,0.0
ENSG00000262339,0.0
ENSG00000262343,0.0
LINC02564,0.0
ENSG00000262358,0.0
ENSG00000262372,0.0
ENSG00000262412,0.0
ENSG00000262413,0.003186857
ENSG00000262429,0.013277222
ENSG00000262434,0.0
ENSG00000262445,0.0
MIR193BHG,0.011592456
ENSG00000262456,0.0
LINC01569,0.022461172
TMEM256-PLSCR3,0.0
ENSG00000262482,0.0
CCER2,0.0049602077
ENSG00000262521,0.0
ENSG00000262526,0.0
ENSG00000262528,0.0025079248
ENSG00000262529,0.0
ENSG00000262533,0.0
SMIM28,0.0
ENSG00000262560,0.0
PCDHGA4,0.0
ENSG00000262580,0.008016344
LINC01979,0.0
LINC00621,0.0035595784
ENSG00000262624,0.0
OR1D5,0.0
ENSG00000262633,0.0033022512
ENSG00000262660,0.0
ENSG00000262662,0.0
ENSG00000262663,0.0
OVCA2,0.0
CAMTA2-AS1,0.0
ENSG00000262681,0.0
GLIS2-AS1,0.032346647
ENSG00000262692,0.0
ZFP3-DT,0.0
ENSG00000262703,0.0
ENSG00000262714,0.0049039023
ARHGAP11A-DT,0.0069458517
ENSG00000262730,0.0
ENSG00000262732,0.0
ENSG00000262768,0.0
ENSG00000262769,0.0
LINC01977,0.0
ENSG00000262777,0.0
ENSG00000262786,0.0
ENSG00000262791,0.0
ENSG00000262801,0.0
ENSG00000262810,0.0
ENSG00000262815,0.0
ENSG00000262823,0.0
ENSG00000262831,0.0
ENSG00000262833,0.0
ENSG00000262837,0.0
ENSG00000262848,0.0
ENSG00000262873,0.0
C19orf84,0.0
ENSG00000262881,0.0
ENSG00000262884,0.0
ENSG00000262898,0.0
ENSG00000262899,0.0
CTNS-AS1,0.0
ENSG00000262905,0.0
ENSG00000262920,0.023807997
ENSG00000262921,0.0
ENSG00000262950,0.0
ENSG00000262966,0.0
ENSG00000262983,0.0
ENSG00000262995,0.02192087
ENSG00000262999,0.0
AKAP1-DT,0.03897827
ENSG00000263015,0.0
ENSG00000263020,0.0
ENSG00000263033,0.0063589723
ENSG00000263041,0.0
DPH1-AS1,0.0
ENSG00000263051,0.0
ENSG00000263063,0.0051808967
ENSG00000263065,0.0
ZNF213-AS1,0.047522776
ENSG00000263080,0.0
ENSG00000263096,0.0
ENSG00000263098,0.0
ENSG00000263105,0.0038340806
ENSG00000263110,0.0
ENSG00000263126,0.0
LINC01896,0.029556885
ENSG00000263154,0.0
MYZAP,0.004132241
ENSG00000263159,0.0
ENSG00000263164,0.0
ENSG00000263165,0.0
ENSG00000263167,0.0
ENSG00000263171,0.0
ENSG00000263176,0.0
DPEP2NB,0.0
ENSG00000263207,0.0
ENSG00000263218,0.0
ENSG00000263220,0.0
ENSG00000263234,0.0
ENSG00000263237,0.0
ENSG00000263253,0.0
LINC03107,0.0
ENSG00000263271,0.0
ENSG00000263279,0.0
ENSG00000263280,0.0038993452
EFCAB13-DT,0.0
ENSG00000263300,0.0
ENSG00000263301,0.0
ENSG00000263305,0.0
RSL1D1-DT,0.0
LINC01975,0.0025990075
LINC01982,0.0
ENSG00000263321,0.0
ENSG00000263325,0.0
TAPT1-AS1,0.00783447
ENSG00000263335,0.006933471
ENSG00000263342,0.0
SGSM2-AS1,0.0
PPIAL4A,0.0
ENSG00000263370,0.0
ENSG00000263382,0.0
GTSCR1,0.0
ENSG00000263424,0.0
ENSG00000263427,0.0
TMEM238L,0.014073613
ENSG00000263435,0.0
LINC01919,0.0
ENSG00000263450,0.0
PPIAL4C,0.0
ENSG00000263466,0.0
ENSG00000263477,0.0
ENSG00000263489,0.0
ENSG00000263494,0.0
ENSG00000263499,0.0
ENSG00000263501,0.0
FAM72C,0.0
LINC02563,0.0
IKBKE,0.0041408525
ENSG00000263531,0.0
ENSG00000263551,0.0
ENSG00000263567,0.0
ENSG00000263571,0.0
PYCR1-AS1,0.0
HID1-AS1,0.0
ENSG00000263594,0.0
ENSG00000263603,0.0
LINC02002,0.0
ENSG00000263611,0.0
ENSG00000263612,0.0
ENSG00000263613,0.0
ENSG00000263618,0.0
ENSG00000263620,0.0
ENSG00000263622,0.0
ENSG00000263624,0.0
PPP4R1-AS1,0.00059225794
ENSG00000263635,0.0
ENSG00000263637,0.0
MSMB,0.0
ENSG00000263644,0.0
ENSG00000263655,0.0
ENSG00000263657,0.0
LINC03066,0.0
ENSG00000263674,0.0
ENSG00000263680,0.0
ENSG00000263683,0.0
ENSG00000263684,0.0
ENSG00000263707,0.0
ENSG00000263708,0.0
ENSG00000263709,0.0
LINC02210-CRHR1,0.0023582391
SEPTIN9-DT,0.0
DLGAP1-AS3,0.0
ENSG00000263745,0.0
ENSG00000263756,0.0
GDF2,0.0
ENSG00000263765,0.0
KPNB1-DT,0.0024338264
SKAP1-AS1,0.0
ENSG00000263797,0.0
ENSG00000263809,0.0
ENSG00000263821,0.0
ENSG00000263823,0.0036506164
ENSG00000263826,0.0049827793
ENSG00000263847,0.0
ENSG00000263859,0.0
ENSG00000263860,0.0
LINC01543,0.0
ENSG00000263863,0.0
DLGAP1-AS4,0.0
THOC1-DT,0.001874923
ENSG00000263893,0.0
ENSG00000263923,0.0
ENSG00000263924,0.0
ENSG00000263952,0.0
NETO1-DT,0.0
ENSG00000263970,0.0
ENSG00000263982,0.0
ENSG00000263986,0.0067313453
ENSG00000263990,0.0
ENSG00000264000,0.0
ENSG00000264012,0.0
ENSG00000264015,0.0
ENSG00000264016,0.0
ENSG00000264019,0.0
ENSG00000264023,0.0
LINC02003,0.0
ABHD15-AS1,0.0
ENSG00000264044,0.0
ENSG00000264058,0.0
ENSG00000264066,0.0
ENSG00000264083,0.0
ENSG00000264108,0.0
ENSG00000264116,0.0
ENSG00000264125,0.0
ENSG00000264131,0.0
ENSG00000264149,0.0
ENSG00000264151,0.0
ENSG00000264174,0.0
ENSG00000264177,0.0
ENSG00000264187,0.0
ENSG00000264196,0.0
ENSG00000264207,0.012493681
ENSG00000264215,0.0
ANXA8L1,0.0
LINC01916,0.0
MYL12-AS1,0.008385862
ENSG00000264243,0.0
ENSG00000264254,0.0
LINC01893,0.0
ENSG00000264262,0.0
LINC01925,0.0
DYM-AS1,0.0028181958
SAP30BP-AS1,0.0
ENSG00000264272,0.0
ENSG00000264273,0.0
ZNF236-DT,0.0047753877
LINC01444,0.0
ENSG00000264304,0.0
ENSG00000264324,0.0031113308
ENSG00000264339,0.0
ENSG00000264340,0.0
LINC01894,0.0
ENSG00000264365,0.0
LINC02675,0.045172468
ENSG00000264422,0.0
MYH4,0.0
ENSG00000264434,0.0
MIR378D2HG,0.0
ENSG00000264449,0.0
ENSG00000264451,0.0
ENSG00000264458,0.0
LINC02837,0.0
ENSG00000264472,0.0
ENSG00000264475,0.0
ENSG00000264486,0.0
ENSG00000264488,0.0
ENSG00000264490,0.0
ENSG00000264491,0.0
ENSG00000264513,0.0
ENSG00000264514,0.0
ENSG00000264520,0.0
ENSG00000264545,0.0
ENSG00000264548,0.0
ENSG00000264558,0.0
DCXR-DT,0.018873325
LINC00526,0.02705181
ENSG00000264577,0.0
ENSG00000264578,0.0
ENSG00000264587,0.0
MAPT-AS1,0.009574475
ENSG00000264595,0.0
ENSG00000264622,0.0
PRKCA-AS1,0.0
ENSG00000264634,0.0
ENSG00000264643,0.0
ENSG00000264647,0.0
ENSG00000264659,0.0
ENSG00000264666,0.0047851712
ENSG00000264668,0.0
SEPTIN4-AS1,0.0
ENSG00000264673,0.0
ENSG00000264693,0.0
ENSG00000264695,0.0
LINC01912,0.0
ENSG00000264701,0.0
ENSG00000264705,0.0
NPY4R2,0.0
ENSG00000264727,0.0013517499
ENSG00000264729,0.0
ENSG00000264734,0.0
ENSG00000264735,0.0
ENSG00000264739,0.0
TTC39C-AS1,0.0038610988
ENSG00000264750,0.0
ENSG00000264765,0.0
MAFG-AS1,0.0
ENSG00000264785,0.0
ENSG00000264791,0.0
ENSG00000264808,0.0
ENSG00000264813,0.007587893
ENSG00000264825,0.0
ENSG00000264829,0.0
ENSG00000264843,0.0
DSG2-AS1,0.0
ENSG00000264869,0.0
ENSG00000264876,0.0
ENSG00000264880,0.0
ENSG00000264914,0.0
ENSG00000264924,0.0
ENSG00000264932,0.0
PRR29-AS1,0.0
ENSG00000264956,0.0
TWSG1-DT,0.0
ENSG00000264968,0.0028352286
ENSG00000264982,0.0
ENSG00000264985,0.0
ENSG00000264990,0.0
MARCHF10-DT,0.0
ENSG00000265008,0.0011007197
ENSG00000265043,0.0
ENSG00000265046,0.0
ENSG00000265055,0.0051762885
ENSG00000265069,0.0
ENSG00000265073,0.0
C1QTNF1-AS1,0.001805012
ENSG00000265100,0.0
ENSG00000265101,0.0
ENSG00000265115,0.0
ENSG00000265118,0.0
ENSG00000265121,0.0
ENSG00000265125,0.0
ENSG00000265126,0.0
ENSG00000265128,0.0
ENSG00000265139,0.0
MIR133A1HG,0.0
CDRT8,0.0
ALDOC-AS1,0.0
ANXA8,0.0
ENSG00000265194,0.0
RBP3,0.0
ENSG00000265204,0.0
ENSG00000265205,0.0
ENSG00000265217,0.0
ENSG00000265218,0.0013567937
IGLJCOR18,0.0
ENSG00000265246,0.0
ENSG00000265254,0.00906894
ENSG00000265265,0.0
ENSG00000265282,0.0
ENSG00000265289,0.0
ENSG00000265303,0.0
LINC01476,0.0
ENSG00000265316,0.0
ENSG00000265334,0.0
ENSG00000265342,0.0
ENSG00000265349,0.0
LINC01899,0.0
ENSG00000265359,0.0
PCAT18,0.0
LINC01908,0.0
ENSG00000265378,0.0
ENSG00000265380,0.0
ENSG00000265393,0.0
ENSG00000265394,0.0
ENSG00000265399,0.0
ENSG00000265400,0.0
ENSG00000265401,0.0
PRR11-AS1,0.0
ENSG00000265425,0.0
ENSG00000265443,0.0
ENSG00000265445,0.0
CLASP1-AS1,0.0
NARF-AS2,0.0
ENSG00000265474,0.0
ENSG00000265478,0.0016650386
ENSG00000265484,0.0
LINC01915,0.0
ENSG00000265487,0.0
ARHGAP44-AS1,0.0
ENSG00000265490,0.0
ENSG00000265494,0.0
ENSG00000265496,0.0
ENSG00000265511,0.0
LINC01892,0.0
ENSG00000265519,0.0
DSEL-AS1,0.0
ENSG00000265542,0.00802174
ENSG00000265547,0.0
ENSG00000265552,0.0
ENSG00000265554,0.0
LINC01903,0.0
CFAP298-TCP10L,0.0
ENSG00000265618,0.0
ENSG00000265643,0.0
ENSG00000265644,0.0
ENSG00000265656,0.0
ENSG00000265664,0.0
ENSG00000265670,0.0
ENSG00000265678,0.0
MILIP,0.007821824
ENSG00000265689,0.0
ENSG00000265690,0.0
LINC01970,0.0022921485
ENSG00000265697,0.0
ENSG00000265702,0.0
ENSG00000265728,0.0
ENSG00000265737,0.0
ENSG00000265739,0.0
LINC02978,0.0
ENSG00000265749,0.0
ENSG00000265750,0.0024085667
ENSG00000265751,0.0
LINC02958,0.0
LINC01900,0.0
ZNF488,0.006730686
CXADRP3,0.0
ZNF516-AS1,0.004787818
ENSG00000265781,0.0
ENSG00000265784,0.0
LINC01906,0.0
CYP4F35P,0.0
NOS2P1,0.0
ENSG00000265799,0.0
FSBP,0.0010534442
EEF1E1-BLOC1S5,0.0
ENSG00000265840,0.0
LINC01029,0.0
ENSG00000265844,0.0
ENSG00000265845,0.0
DSCAS,0.0
ENSG00000265907,0.0
ENSG00000265908,0.0
ENSG00000265912,0.0
ENSG00000265927,0.0
LINC00668,0.0
ENSG00000265935,0.0
LINC01387,0.0
GACAT2,0.0
ENSG00000265967,0.0
ENSG00000265971,0.0
ENSG00000265980,0.0
GREB1L-DT,0.0
ENSG00000265987,0.0
ENSG00000265994,0.0
ENSG00000265995,0.0
GATA6-AS1,0.0
LINC02079,0.0
ENSG00000266014,0.0
SLC9A3R1-AS1,0.0
ENSG00000266049,0.0
NDUFV2-AS1,0.009155546
ENSG00000266065,0.0
ENSG00000266076,0.0
ENSG00000266086,0.0059126164
ENSG00000266088,0.0
ENSG00000266100,0.0
ENSG00000266101,0.0
ENSG00000266102,0.0
ENSG00000266106,0.0
ENSG00000266111,0.0
ENSG00000266114,0.0
ENSG00000266120,0.0
ENSG00000266149,0.0034558566
ENSG00000266153,0.0
ENSG00000266171,0.0
ENSG00000266196,0.0
ENSG00000266202,0.0
GJD3-AS1,0.0
ENSG00000266213,0.0
LINC00683,0.0
LINC01909,0.0
ENSG00000266261,0.0
KLF14,0.0
ENSG00000266268,0.0
ENSG00000266273,0.0
LINC01910,0.0
ENSG00000266279,0.0
ENSG00000266283,0.0
LINC02974,0.0
LINC02933,0.0
DYNLL2-DT,0.0
LIVAR,0.0
ENSG00000266311,0.0
LINC01927,0.0
ENSG00000266313,0.0
ENSG00000266335,0.0
ENSG00000266340,0.0
ENSG00000266341,0.0
LINC02074,0.0
ENSG00000266368,0.0
ENSG00000266369,0.0
PIK3R5-DT,0.0
ENSG00000266397,0.0
ENSG00000266401,0.0
ARHGAP28-AS1,0.020526243
NARF-AS1,0.0
ENSG00000266456,0.0055317795
ENSG00000266460,0.0
ENSG00000266466,0.0
ENSG00000266469,0.0
ENSG00000266489,0.0
ENSG00000266495,0.0
ENSG00000266498,0.0
ENSG00000266505,0.0
ENSG00000266521,0.0
GDF10,0.0
ENSG00000266527,0.0
ENSG00000266535,0.0
ENSG00000266541,0.0
LINC01443,0.0
ENSG00000266573,0.0
ENSG00000266578,0.0
ENSG00000266579,0.0
ENSG00000266586,0.0
ENSG00000266598,0.0
ENSG00000266602,0.0
LINC01887,0.0
ENSG00000266642,0.0
ENSG00000266644,0.0
ENSG00000266651,0.0
ENSG00000266654,0.0
ENSG00000266667,0.0
ENSG00000266677,0.0014107333
ENSG00000266680,0.004393294
ENSG00000266696,0.0
ENSG00000266708,0.0
ENSG00000266709,0.0
ENSG00000266711,0.0
MYO15B,0.054887813
ENSG00000266717,0.0
ENSG00000266718,0.0
ENSG00000266728,0.0
DSG1-AS1,0.0
TBC1D29P,0.0
ENSG00000266743,0.0
ENSG00000266744,0.0
ENSG00000266765,0.0
ENSG00000266767,0.0
ENSG00000266774,0.0
ENSG00000266775,0.0
ENSG00000266821,0.0
ENSG00000266824,0.0
IGBP1C,0.0
ENSG00000266830,0.0
ENSG00000266840,0.0
ENSG00000266844,0.0
ENSG00000266846,0.0
ENSG00000266850,0.0
ENSG00000266869,0.0
ENSG00000266872,0.0
ENSG00000266877,0.0
ENSG00000266897,0.0
ENSG00000266901,0.0
CEACAM16-AS1,0.03014807
LINC00663,0.010514465
ENSG00000266905,0.0
LINC01841,0.0
ENSG00000266918,0.0
ZNF230-DT,0.014029819
ENSG00000266923,0.0
ENSG00000266924,0.0
ENSG00000266925,0.0
ENSG00000266928,0.0
MADCAM1-AS1,0.0
ENSG00000266936,0.0
ENSG00000266941,0.0
ENSG00000266947,0.003252664
ENSG00000266950,0.0
ENSG00000266951,0.0
LINC01538,0.0
ENSG00000266953,0.0
LDLRAD4-AS2,0.0
ENSG00000266955,0.0
ENSG00000266957,0.0
ENSG00000266961,0.0
ENSG00000266963,0.0
CEP192-DT,0.0
SOCS3-DT,0.0
ENSG00000266973,0.009378813
FARSA-AS1,0.0
ENSG00000266976,0.0
ENSG00000266977,0.0
LIMASI,0.0
LINC01180,0.0
ENSG00000266980,0.0
RANBP3-DT,0.0
ENSG00000266985,0.0
ENSG00000266987,0.0
ENSG00000266990,0.0
ENSG00000266993,0.0
ENSG00000266997,0.0
ENSG00000266998,0.009204798
ENSG00000267000,0.0
ENSG00000267001,0.0
ENSG00000267004,0.0
ENSG00000267006,0.0
ENSG00000267007,0.0
ENSG00000267011,0.0
LINC01929,0.0
LINC01532,0.005062035
ENSG00000267015,0.0
ENSG00000267016,0.0
ENSG00000267022,0.0
ENSG00000267024,0.0
ENSG00000267026,0.0
ENSG00000267027,0.0
TCF4-AS1,0.0
ENSG00000267030,0.0
ENSG00000267033,0.0
ENSG00000267035,0.0
ENSG00000267038,0.0
ENSG00000267039,0.0
ENSG00000267044,0.0
ENSG00000267049,0.0
ENSG00000267051,0.003851098
CTB-30L5.1,0.0
ENSG00000267053,0.0019176989
ENSG00000267055,0.0
LINC01905,0.0
ENSG00000267058,0.0073691746
ENSG00000267059,0.0
ENSG00000267061,0.0
ENSG00000267062,0.0
ENSG00000267063,0.0
UXT-AS1,0.0
LINC02080,0.0
ENSG00000267069,0.0
ENSG00000267072,0.0
ENSG00000267073,0.0
ENSG00000267075,0.0
ENSG00000267077,0.0
ENSG00000267078,0.0
ENSG00000267079,0.0
DOCK6-AS1,0.0
ENSG00000267089,0.0
ENSG00000267090,0.0
ENSG00000267092,0.0
ENSG00000267095,0.0
SLC14A2-AS1,0.003399481
ENSG00000267098,0.0
ENSG00000267101,0.0
TBC1D3P1-DHX40P1,0.0
ENSG00000267108,0.0
ENSG00000267109,0.0
ENSG00000267110,0.0
ENSG00000267112,0.0
ENSG00000267114,0.0
ENSG00000267117,0.0
ENSG00000267120,0.0
ENSG00000267122,0.0
SCAT1,0.0
ENSG00000267124,0.0
ENSG00000267125,0.0
ENSG00000267127,0.005354094
RNF157-AS1,0.0010959113
ENSG00000267130,0.0
ENSG00000267133,0.0
LINC01924,0.0
ENSG00000267136,0.0
ENSG00000267137,0.0
ENSG00000267139,0.0
ENSG00000267140,0.0
ENSG00000267141,0.0
ENSG00000267143,0.0
ZNF222-DT,0.0
ENSG00000267146,0.0
LINC01842,0.0
ENSG00000267150,0.0
MIR2117HG,0.0
ENSG00000267152,0.010100638
ENSG00000267157,0.0
ENSG00000267159,0.0
ENSG00000267160,0.0
CHMP1B-AS1,0.0
ENSG00000267168,0.0
ENSG00000267172,0.0
ENSG00000267173,0.0
ENSG00000267175,0.03796863
ENSG00000267177,0.0
ENSG00000267179,0.0
ZNF45-AS1,0.0
ENSG00000267192,0.0
ENSG00000267193,0.0
ENSG00000267199,0.0
LINC01775,0.0
ENSG00000267202,0.0
LINC01782,0.0
ENSG00000267205,0.0
BCAS3-AS1,0.0023740758
LINC01897,0.0
ENSG00000267211,0.0
ENSG00000267212,0.0
DPY19L3-DT,0.0041942946
ENSG00000267214,0.0
ENSG00000267215,0.0
ZNF8-ERVK3-1,0.0
ENSG00000267219,0.0
C17orf113,0.012287818
ENSG00000267223,0.0
ENSG00000267224,0.0
MALT1-AS1,0.0
ENSG00000267228,0.0
ENSG00000267231,0.0
ENSG00000267232,0.0
ENSG00000267234,0.0
ENSG00000267238,0.0
ENSG00000267239,0.0
ENSG00000267240,0.0
ENSG00000267247,0.0
ENSG00000267250,0.0
ENSG00000267251,0.0
LINC01255,0.0
ENSG00000267255,0.0
ENSG00000267257,0.0
ERVE-1,0.015979307
ENSG00000267260,0.01690399
ENSG00000267261,0.0
ENSG00000267262,0.0
GP6-AS1,0.0
ENSG00000267269,0.0
PARD6G-AS1,0.023083612
LINC01140,0.0
ENSG00000267273,0.0
ENSG00000267277,0.0
MAP3K14-AS1,0.0
ATF7-NPFF,0.0027009742
ENSG00000267282,0.0049704737
ENSG00000267284,0.0
ENSG00000267286,0.0
ENSG00000267288,0.0
PIN1-DT,0.0
MAP4K1-AS1,0.0
CEBPA-DT,0.0
ENSG00000267299,0.0
RNFT1-DT,0.0092657935
ENSG00000267303,0.0
ENSG00000267304,0.0
UCA1-AS1,0.0
ZNF566-AS1,0.0065135583
ENSG00000267311,0.0
KC6,0.0
ENSG00000267314,0.0
ENSG00000267317,0.01901876
ENSG00000267318,0.0
ENSG00000267320,0.0
LINC01415,0.0
ENSG00000267328,0.0
KIF18B-DT,0.0
ENSG00000267335,0.0
LINC01478,0.0
ENSG00000267338,0.0
LINC00906,0.0
ENSG00000267341,0.0
ENSG00000267342,0.0
ENSG00000267344,0.0
ENSG00000267345,0.0
GEMIN7-AS1,0.012886598
ENSG00000267349,0.0
ENSG00000267353,0.0
ENSG00000267356,0.0
ENSG00000267359,0.0
ENSG00000267360,0.0
ENSG00000267363,0.0
KCNJ2-AS1,0.010744357
ENSG00000267366,0.0
UPK3BL1,0.005481181
ENSG00000267372,0.0
ENSG00000267373,0.0
MIR924HG,0.0
ENSG00000267375,0.0
ENSG00000267378,0.0
ENSG00000267379,0.0
ENSG00000267385,0.0029702806
ENSG00000267387,0.0
KDSR-DT,0.07255055
MIR122HG,0.0
ENSG00000267393,0.0
ATXN7L3-AS1,0.0
DM1-AS,0.010477322
ENSG00000267396,0.0
ENSG00000267397,0.0
ENSG00000267401,0.0
TCF4-AS2,0.0
ENSG00000267405,0.0
LINC02841,0.0
ENSG00000267409,0.0
LINC01901,0.0
SETBP1-DT,0.0058865678
HEATR6-DT,0.0
ENSG00000267417,0.0
ZFP28-DT,0.018248891
ENSG00000267423,0.0
ENSG00000267424,0.0
LINC01928,0.0
ENSG00000267426,0.0
MFSD12-AS1,0.0
ENSG00000267437,0.0
ENSG00000267439,0.0
LINC02594,0.0
ENSG00000267443,0.0
ENSG00000267446,0.0019510486
ENSG00000267448,0.0
LINC02073,0.0
CLEC4OP,0.0
ENSG00000267455,0.0
ENSG00000267457,0.0
ENSG00000267461,0.0
ENSG00000267462,0.0
LINC03103,0.0
ENSG00000267466,0.0
APOC4,0.0
ENSG00000267469,0.0
ZNF571-AS1,0.009835277
ENSG00000267476,0.0
ENSG00000267477,0.0
LINC02979,0.0
ENSG00000267484,0.0
LINC01837,0.0
ENSG00000267491,0.0
CIRBP-AS1,0.0
FAM215A,0.0
UQCRFS1-DT,0.0
ENSG00000267501,0.0
ENSG00000267503,0.0
ENSG00000267505,0.0
ENSG00000267506,0.0
ZNF285,0.010186616
ENSG00000267509,0.0
ENSG00000267510,0.0023872002
ENSG00000267512,0.0
LINC01864,0.0
ENSG00000267523,0.0
LINC01836,0.0016384315
LINC00868,0.0
ENSG00000267546,0.0
ENSG00000267547,0.0
ZSCAN5A-AS1,0.004430185
PTPRS-AS1,0.0
GNA15-DT,0.0
ENSG00000267552,0.0
ENSG00000267555,0.0
ENSG00000267557,0.0
ENSG00000267559,0.0
ENSG00000267560,0.0
ENSG00000267561,0.0
ENSG00000267563,0.0
ENSG00000267564,0.0
ENSG00000267565,0.0
ENSG00000267567,0.0
ENSG00000267574,0.0
DNAAF3-AS1,0.0
ENSG00000267579,0.0
ENSG00000267580,0.0
ENSG00000267582,0.0
ZNF24TR,0.0
LINC00907,0.0
LINC01926,0.0
ENSG00000267598,0.0
LINC02959,0.0
ENSG00000267601,0.0
LINC01028,0.0
ENSG00000267604,0.0
ENSG00000267605,0.0
ENSG00000267606,0.0
ICAM4-AS1,0.0
ENSG00000267610,0.0
ENSG00000267612,0.0
ENSG00000267614,0.0
ENSG00000267615,0.0
ENSG00000267617,0.0
ENSG00000267618,0.0
ENSG00000267625,0.0
HAUS5-DT,0.0
ENSG00000267627,0.0
ENSG00000267628,0.0
CGB1,0.0
ENSG00000267633,0.0
ENSG00000267638,0.0
ENSG00000267640,0.0
ASXL3-DT,0.0
ENSG00000267644,0.0
POLR2J2-UPK3BL1,0.0
ENSG00000267646,0.0
ENSG00000267649,0.0
ENSG00000267650,0.0
ENSG00000267651,0.0
RAB5C-AS1,0.001531431
LINC01482,0.0
TSHZ3-AS1,0.0
ENSG00000267665,0.0
ENSG00000267666,0.0030431657
ENSG00000267670,0.0
ENSG00000267674,0.0
ENSG00000267675,0.0
ENSG00000267677,0.0
LINC03111,0.0
ENSG00000267688,0.0
LDLRAD4-AS1,0.0
ENSG00000267694,0.0
ENSG00000267695,0.0
ERVK-28,0.0
ENSG00000267698,0.0
ENSG00000267699,0.0
ENSG00000267703,0.0
ENSG00000267705,0.0
ENSG00000267706,0.0
ENSG00000267707,0.0
ENSG00000267709,0.0
EDDM13,0.0
ENSG00000267711,0.0
LINC01539,0.0
ENSG00000267714,0.0
LINC02078,0.0
ENSG00000267722,0.0
ENSG00000267723,0.0
ENSG00000267724,0.0033212379
LINC02565,0.0
ENSG00000267727,0.0
ENSG00000267729,0.0
ENSG00000267731,0.0
ENSG00000267732,0.0
ENSG00000267734,0.0
ENSG00000267735,0.0
ENSG00000267737,0.0
ENSG00000267740,0.0
ENSG00000267743,0.0
ENSG00000267746,0.0
ENSG00000267748,0.0006049237
RUNDC3A-AS1,0.0
BSG-AS1,0.0
ENSG00000267755,0.0
ENSG00000267758,0.0
ENSG00000267760,0.0
MIR4527HG,0.0
ENSG00000267762,0.0
ENSG00000267764,0.0
ENSG00000267765,0.0
LINC01801,0.0
ENSG00000267769,0.0
LINC01999,0.0
ENSG00000267774,0.013043191
LINC01791,0.0
CBARP-DT,0.0022419947
LINC01533,0.0
ENSG00000267780,0.0
ENSG00000267782,0.0
ENSG00000267783,0.0
ENSG00000267784,0.00094219175
ENSG00000267786,0.0
ENSG00000267788,0.0
ENSG00000267789,0.0
LINC01987,0.0023966273
ENSG00000267791,0.0
ENSG00000267801,0.0
ENSG00000267808,0.0
ENSG00000267811,0.006159555
ENSG00000267815,0.0
ENSG00000267834,0.0
ENSG00000267838,0.0
ARHGEF18-AS1,0.0
ENSG00000267857,0.0
ENSG00000267868,0.008882764
ZNF460-AS1,0.0054524923
ENSG00000267872,0.0
ENSG00000267879,0.0
ENSG00000267881,0.0
ENSG00000267882,0.0039462107
ENSG00000267886,0.0
ENSG00000267890,0.0
ENSG00000267892,0.009742144
ENSG00000267898,0.0
VSIG10L-AS1,0.0
CCDC177,0.0
ENSG00000267919,0.0
ENSG00000267922,0.0
ENSG00000267924,0.0
ENSG00000267927,0.0
ENSG00000267934,0.0
ENSG00000267939,0.015365715
ENSG00000267940,0.0030102832
ENSG00000267943,0.0
ENSG00000267952,0.0
ENSG00000267968,0.0
MAGEA9B,0.0
ENSG00000267980,0.0
ENSG00000267984,0.0
ENSG00000267986,0.0
ENSG00000267992,0.0
SSX4,0.0
ENSG00000268015,0.0
ENSG00000268030,0.0029852232
LINC01785,0.0
ERFL,0.0
ENSG00000268047,0.0
ENSG00000268049,0.0
ENSG00000268055,0.0
ENSG00000268056,0.0
NAPA-AS1,0.017216971
ENSG00000268069,0.0029716922
ENSG00000268078,0.0
ENSG00000268081,0.0
ENSG00000268083,0.0
ENSG00000268087,0.0
GABRQ,0.0
ENSG00000268093,0.0
ZNF649-AS1,0.0
SLC6A14,0.0
ENSG00000268107,0.0
ENSG00000268108,0.0
ENSG00000268112,0.0
ENSG00000268120,0.0
ENSG00000268129,0.04690638
ENSG00000268133,0.0
ENSG00000268149,0.0
ENSG00000268163,0.0
ENSG00000268170,0.0
ENSG00000268173,0.0
SMIM17,0.0
ENSG00000268184,0.0
ZNF114-AS1,0.0
ENSG00000268191,0.0
ENSG00000268193,0.0
ENSG00000268199,0.0
ENSG00000268203,0.0
ENSG00000268204,0.0
OPN1MW,0.0
ARL14EPL,0.0
TCP11X1,0.0
ENSG00000268240,0.0
AIRN,0.0
PKMYT1AR,0.0
ENSG00000268279,0.0
ENSG00000268287,0.0
ENSG00000268288,0.0
ENSG00000268289,0.0
ENSG00000268292,0.0
ENSG00000268296,0.0
LINC02560,0.0
ENSG00000268309,0.0
ENSG00000268316,0.0
LINC01872,0.0
SCGB1C2,0.0
LRRC2-AS1,0.0
ENSG00000268326,0.0
FAM156A,0.0
ENSG00000268361,0.0
SERTAD3-AS1,0.0
ENSG00000268375,0.0
ENSG00000268390,0.0
ENSG00000268392,0.0
ENSG00000268400,0.0
ENSG00000268401,0.0
ZNF143-AS1,0.02656624
ENSG00000268416,0.017318113
ENSG00000268434,0.0
SSX2B,0.0
ENSG00000268458,0.0
ENSG00000268465,0.0
MIR4453HG,0.0
ENSG00000268472,0.0
ENSG00000268475,0.0
NFILZ,0.0
SIGLEC5,0.0
ENSG00000268505,0.0
ENSG00000268530,0.0
ENSG00000268531,0.0
LINC02135,0.0
ENSG00000268533,0.0
ENSG00000268536,0.0
ENSG00000268555,0.0018134752
ENSG00000268560,0.0
ILVBL-AS1,0.0071281
ENSG00000268565,0.0
ENSG00000268566,0.0
ENSG00000268573,0.0016940084
LINC01966,0.0
ENSG00000268583,0.0
ENSG00000268584,0.01651079
RAET1E-AS1,0.0
ENSG00000268595,0.0
ENSG00000268597,0.0
ENSG00000268601,0.0
ENSG00000268603,0.0025925366
MAGEA2,0.0
ENSG00000268614,0.0
ENSG00000268618,0.0
IGFL2-AS1,0.0
ENSG00000268628,0.0
TEX13A,0.0
ENSG00000268635,0.0
ENSG00000268636,0.0
ENSG00000268643,0.0
ENSG00000268649,0.0
ENSG00000268650,0.013509479
CTAG1A,0.0
MIMT1,0.0
SAXO3,0.0
ENSG00000268673,0.0
ENSG00000268674,0.0
ENSG00000268677,0.0
ENSG00000268678,0.009309541
ENSG00000268686,0.0
ZNF723,0.0
ENSG00000268707,0.0
ENSG00000268729,0.0
HSFX2,0.0
ENSG00000268739,0.0
ENSG00000268745,0.0
ENSG00000268746,0.0
ENSG00000268750,0.0
SCGB1B2P,0.009840487
LINC01081,0.0
ENSG00000268756,0.0
ENSG00000268764,0.0
ENSG00000268777,0.0
ENSG00000268790,0.0
ENSG00000268797,0.0
LINC02132,0.0
LIF-AS2,0.0
ENSG00000268833,0.0
ENSG00000268836,0.0
ENSG00000268842,0.0
ENSG00000268845,0.0
ENSG00000268854,0.0
ENSG00000268858,0.032982357
ENSG00000268870,0.0
ENSG00000268873,0.0
ENSG00000268886,0.0
LIM2-AS1,0.0
PLCE1-AS1,0.0
A1BG-AS1,0.0024262865
ENSG00000268896,0.0
CSAG2,0.0
ENSG00000268906,0.0
ENSG00000268912,0.004473313
CSAG3,0.0
ENSG00000268926,0.0
ENSG00000268931,0.0
ENSG00000268938,0.0
CT45A1,0.0
LINC01711,0.0015438187
ERVV-2,0.0
MIA-RAB4B,0.005961138
ENSG00000268981,0.0
KXD1-AS1,0.0
ENSG00000268985,0.0
SPANXN2,0.0
FAM236B,0.0
MAN1B1-DT,0.026298366
HOMER3-AS1,0.0
ENSG00000269026,0.0
ENSG00000269035,0.0
LINC01838,0.0
SF1-DT,0.011209407
ENSG00000269043,0.0
ENSG00000269050,0.0
ENSG00000269053,0.0
ZNF497-AS1,0.0
CALR3,0.0
ENSG00000269066,0.0
ZNF728,0.0
ENSG00000269068,0.0037232153
ENSG00000269085,0.0
LINC02965,0.0
ENSG00000269091,0.0
ENSG00000269095,0.0
CT45A3,0.0
ENSG00000269102,0.0
ENSG00000269106,0.0
ENSG00000269107,0.0
ENSG00000269110,0.0
ENSG00000269124,0.0
ENSG00000269125,0.0
MAST3-AS1,0.0
ENSG00000269148,0.0
ENSG00000269151,0.0
ENSG00000269155,0.0053408924
ENSG00000269161,0.0
ENSG00000269172,0.0
ENSG00000269176,0.023589281
ENSG00000269177,0.0
ENSG00000269179,0.0
LINC01082,0.0
ENSG00000269191,0.0
ENSG00000269210,0.0043651243
LINC00528,0.00495399
TMSB15C,0.0
ZNF350-AS1,0.018381272
ENSG00000269237,0.0
ENSG00000269242,0.0
ENSG00000269243,0.0
ENSG00000269246,0.014753042
ENSG00000269256,0.0
ENSG00000269271,0.0
ENSG00000269275,0.0
ENSG00000269288,0.0
ENSG00000269289,0.0021005215
ENSG00000269292,0.0
ENSG00000269296,0.0
ENSG00000269300,0.0
GRAMD1A-AS1,0.0
ENSG00000269307,0.0
ENSG00000269318,0.0
ENSG00000269321,0.0
IKBKG,0.05849013
ENSG00000269349,0.0
ENSG00000269350,0.0
PTOV1-AS2,0.0
LINC01233,0.0038993906
ENSG00000269365,0.0
ENSG00000269371,0.0
ENSG00000269387,0.0
ENSG00000269392,0.0
ENSG00000269399,0.0017021269
ENSG00000269403,0.0
SPIB,0.008500077
NXF2,0.0
LINC01224,0.0
PLA2G4C-AS1,0.0
ENSG00000269425,0.0
ENSG00000269427,0.0
OPN1MW3,0.0
NXF2B,0.0
PGLS-DT,0.009354559
ENSG00000269445,0.0
ENSG00000269446,0.0
H3Y1,0.0
ENSG00000269469,0.0
ZNF132-DT,0.0043961587
ENSG00000269476,0.0
ENSG00000269480,0.0
ENSG00000269481,0.0
ENSG00000269482,0.0
ENSG00000269483,0.0
ERVK9-11,0.008248382
ENSG00000269487,0.0
ENSG00000269489,0.0
ENSG00000269495,0.0
DMRTC1,0.0
ENSG00000269504,0.0
ENSG00000269506,0.0
ENSG00000269514,0.0
ENSG00000269524,0.0
ERVV-1,0.0
ENSG00000269533,0.0
ENSG00000269534,0.0
ENSG00000269535,0.0
ENSG00000269543,0.0
ENSG00000269547,0.0
ENSG00000269559,0.0
ENSG00000269564,0.0
ENSG00000269570,0.0
ENSG00000269583,0.0
CT45A10,0.0
ENSG00000269590,0.0
ENSG00000269599,0.0
ENSG00000269600,0.0
ENSG00000269621,0.0
ENSG00000269635,0.0
ZNF888-AS1,0.0
ENSG00000269652,0.0
NOP53-AS1,0.0
ENSG00000269667,0.0
ENSG00000269680,0.0
ENSG00000269693,0.0
ENSG00000269694,0.0
ZNF470-DT,0.0062013264
ZIM2,0.0043600467
ENSG00000269711,0.0
CCDC194,0.0
ENSG00000269729,0.0
ENSG00000269736,0.0
ENSG00000269737,0.0
ENSG00000269741,0.0
ENSG00000269745,0.0
ENSG00000269752,0.0
ENSG00000269755,0.0
ENSG00000269758,0.0
SSX4B,0.0
ENSG00000269792,0.0
ZIM2-AS1,0.0
ENSG00000269796,0.0
ENSG00000269802,0.0
BICRA-AS1,0.0
ENSG00000269807,0.0
ENSG00000269813,0.0
ENSG00000269826,0.0
ENSG00000269836,0.0
ENSG00000269842,0.0
ENSG00000269843,0.0
ENSG00000269846,0.0
RNF225,0.0
ZNF628-DT,0.0
ENSG00000269877,0.0
ENSG00000269883,0.0
ENSG00000269886,0.0018783523
ENSG00000269889,0.0028836585
ARHGAP19-SLIT1,0.0
ENSG00000269892,0.005332029
ENSG00000269895,0.0
COMMD3-BMI1,0.0
ENSG00000269898,0.0
ENSG00000269901,0.0
ENSG00000269902,0.0
ENSG00000269903,0.0
ENSG00000269910,0.0
ENSG00000269915,0.0
ENSG00000269921,0.004340146
ENSG00000269930,0.0077629974
ENSG00000269931,0.0
ENSG00000269934,0.0
ENSG00000269935,0.0
ENSG00000269937,0.0
ENSG00000269945,0.0
ENSG00000269947,0.0035615535
ENSG00000269949,0.0
ENSG00000269950,0.0
ENSG00000269954,0.0
FMC1-LUC7L2,0.0
MKNK1-AS1,0.0
ENSG00000269957,0.0
SPACA6-AS1,0.0
ERBIN-DT,0.002900252
MEI4,0.007933273
ENSG00000269967,0.0
ENSG00000269968,0.0
ENSG00000269972,0.0
ENSG00000269976,0.0054459926
ENSG00000269978,0.0
ENSG00000269980,0.0
ENSG00000269982,0.0
ENSG00000269983,0.027068917
ENSG00000269984,0.0
FARS2-AS1,0.0
ENSG00000269987,0.0
ENSG00000269993,0.0
LINC02893,0.006116315
ENSG00000270000,0.0
ENSG00000270001,0.0012130456
ENSG00000270002,0.0
C16orf95-DT,0.013296305
ZNF559-ZNF177,0.0
ENSG00000270012,0.0
ENSG00000270017,0.0
ENSG00000270020,0.0
ENSG00000270021,0.0
ENSG00000270035,0.0
ENSG00000270036,0.0
ATP6V0D1-DT,0.017103698
ENSG00000270050,0.0
ENSG00000270052,0.0
ENSG00000270066,0.0
ENSG00000270068,0.0
ENSG00000270071,0.0
ENSG00000270074,0.0043003596
ENSG00000270075,0.0
ENSG00000270076,0.003734002
ENSG00000270082,0.0
GAS5-AS1,0.0030657416
ENSG00000270087,0.0
ENSG00000270090,0.0
ENSG00000270091,0.003845808
ENSG00000270094,0.0
ENSG00000270096,0.0022828472
ENSG00000270099,0.0
ENSG00000270100,0.0
ENSG00000270103,0.006204252
ENSG00000270104,0.0
TSNAX-DISC1,0.0
ENSG00000270110,0.0
CELF2-DT,0.0
ENSG00000270115,0.0
ENSG00000270117,0.0
ENSG00000270118,0.0
ENSG00000270124,0.0
ENSG00000270127,0.0040269033
ENSG00000270131,0.0
ENSG00000270135,0.0
MICOS10-NBL1,0.0
ENSG00000270139,0.0
TERC,0.0
ENSG00000270149,0.0
ENSG00000270159,0.0
ENSG00000270171,0.0
ENSG00000270174,0.0
PPP2CA-DT,0.0
BIVM-ERCC5,0.0
ENSG00000270184,0.0
IGHD1OR15-1B,0.0
IGKV1OR2-11,0.0
GOLGA4-AS1,0.0034301577
ENSG00000270207,0.0
ENSG00000270210,0.0
ENSG00000270212,0.0
ENSG00000270240,0.0
ENSG00000270249,0.0
IGKV3OR2-5,0.0
H4C15,0.0
ENSG00000270277,0.0
ENSG00000270279,0.0
ENSG00000270299,0.0
ENSG00000270302,0.0
BORCS7-ASMT,0.0
IGHV3OR16-11,0.0
ENSG00000270321,0.0
SMC2-DT,0.00074732635
PPIAL4H,0.0
IGHV1OR15-4,0.0
ENSG00000270361,0.0020959377
HMGN3-AS1,0.002025441
ENSG00000270372,0.0
HEATR9,0.0
ENSG00000270380,0.0
ENSG00000270403,0.0
ENSG00000270412,0.0
IGKV2OR2-7,0.0
IGHD4OR15-4B,0.0
ENSG00000270457,0.0
ENSG00000270460,0.0
ENSG00000270462,0.0
IGHV3OR16-12,0.0
IGHV3OR16-9,0.0
IGHV3-29,0.0
ENSG00000270482,0.0030358315
ENSG00000270487,0.0
ENSG00000270504,0.00829955
IGHV1OR15-1,0.0
ENSG00000270522,0.0019264012
ENSG00000270540,0.0
LINC01235,0.0
IGHV3-30,0.0
ENSG00000270557,0.0
FOXP1-DT,0.0
ENSG00000270571,0.0
ENSG00000270574,0.0
ENSG00000270589,0.0
PRAMEF5,0.0
LEISA1,0.0
URGCP-MRPS24,0.0
ENSG00000270638,0.006978018
ENSG00000270659,0.0028778876
ENSG00000270661,0.0
YTHDF3-DT,0.06117161
ENSG00000270681,0.0
IGHV1OR15-6,0.0
ENSG00000270697,0.0
ENSG00000270720,0.0
ENSG00000270725,0.0
IGKV2OR2-1,0.0
FBXW7-AS1,0.0
ENSG00000270755,0.0
HSPE1-MOB4,0.0
ENSG00000270760,0.0
CD2AP-DT,0.110205635
GAS2L2,0.0
ENSG00000270777,0.0
ENSG00000270792,0.0
RPS10-NUDT3,0.0
C17orf50,0.0
LINC00221,0.0
ENSG00000270823,0.0
IGHD5OR15-5B,0.0
ENSG00000270828,0.0
ENSG00000270829,0.0
IGHV3OR16-6,0.0
ENSG00000270866,0.0
ZNF30-AS1,0.0
H4C14,0.0
ENSG00000270883,0.0
RASL10B,0.0039468864
ENSG00000270919,0.0
ENSG00000270933,0.0
ENSG00000270937,0.0
CT45A9,0.0
ENSG00000270947,0.0019925819
ENSG00000270951,0.0
ENSG00000270953,0.0030512817
ENSG00000270956,0.0
LPP-AS2,0.0097824475
IGHD5OR15-5A,0.0
MAP2K5-DT,0.018942123
ENSG00000270972,0.0
ENSG00000270977,0.0
ENSG00000270988,0.0025739898
ENSG00000270996,0.007122094
IGKV1OR2-118,0.0
ENSG00000271011,0.0
IGKV2OR2-7D,0.0
ENSG00000271032,0.0
TMEM242-DT,0.0052021123
ENSG00000271046,0.0
SLC4A8-AS1,0.0
CTAGE15,0.0
NAMA,0.001955145
TLCD4-RWDD3,0.0
IGLCOR22-2,0.0
LINC03067,0.0029450252
IGHV3OR16-8,0.0
ITGB8-AS1,0.07338062
IGLVIVOR22-1,0.0
ENSG00000271141,0.0
ENSG00000271148,0.0
ENSG00000271151,0.0
ENSG00000271155,0.0015234553
LINC00904,0.0
ENSG00000271172,0.0
IGHV3OR16-13,0.0
ENSG00000271185,0.009135741
ENSG00000271192,0.0
PATJ-DT,0.03098949
ENSG00000271201,0.0
ENSG00000271208,0.0
LINC01050,0.0
ENSG00000271218,0.0
ENSG00000271228,0.002941548
ENSG00000271234,0.0
ENSG00000271239,0.0
ENSG00000271252,0.0
ENSG00000271265,0.0044005434
UGT2A2,0.0
IGHV1OR15-3,0.0
SRXN1,0.005321648
ENSG00000271314,0.0
IGHD4OR15-4A,0.0
ENSG00000271320,0.003288689
CTAGE6,0.0
ENSG00000271327,0.0014353014
LINC02104,0.0034867544
CCNY-AS1,0.0047120824
IGHD1OR15-1A,0.0
ENSG00000271344,0.0012125071
IGKV1OR2-9,0.0
USP6NL-AS1,0.0
ENSG00000271366,0.0
ENSG00000271367,0.0
PYGO2-AS1,0.026479904
ENSG00000271382,0.0021826527
ENSG00000271384,0.0
C1orf21-DT,0.0
ENSG00000271390,0.0
LINC02336,0.0
ENSG00000271398,0.0
ENSG00000271401,0.0
IGKV2OR2-2,0.0
ENSG00000271420,0.00785636
NBPF10,0.007430498
ENSG00000271427,0.0
CT45A2,0.0
ENSG00000271522,0.0
LINC02427,0.002099066
ENSG00000271551,0.0058691716
ENSG00000271553,0.0036416298
ENSG00000271554,0.0
LINC02333,0.0
PPIAL4E,0.0
IGKV1OR2-6,0.0
PRKACB-DT,0.014050916
ENSG00000271579,0.0
LINC02550,0.0015110429
IGHV3OR16-7,0.0
SLC46A2-AS1,0.0
PDCD6IP-DT,0.0022230288
IRF2-DT,0.0
ENSG00000271653,0.0
ENSG00000271659,0.0
ENSG00000271670,0.0
ENSG00000271698,0.0
ENSG00000271709,0.0
FAM169A-AS1,0.017329335
ENSG00000271715,0.0
ENSG00000271716,0.0
ENSG00000271717,0.0
MROH7-TTC4,0.0
ENSG00000271727,0.0
ENSG00000271730,0.0
ENSG00000271732,0.0
LINC02772,0.0
ENSG00000271741,0.0128159085
ENSG00000271742,0.0
ENSG00000271743,0.00043863678
ENSG00000271746,0.0072442573
ENSG00000271752,0.0
ENSG00000271754,0.0
ENSG00000271755,0.0
ENSG00000271758,0.0
ENSG00000271761,0.0
ENSG00000271763,0.0
ENSG00000271766,0.0
ENSG00000271771,0.0
ENSG00000271774,0.0
ENSG00000271776,0.0
ENSG00000271780,0.01632133
ENSG00000271781,0.0
TP53RK-DT,0.0012590651
ENSG00000271787,0.03844165
ENSG00000271789,0.0018941074
ENSG00000271793,0.0
ENSG00000271795,0.0
ENSG00000271797,0.0
ENSG00000271803,0.0
ENSG00000271806,0.0
ENSG00000271810,0.0
ENSG00000271811,0.0
ENSG00000271820,0.0
ENSG00000271821,0.0
SMIM32,0.092295036
ENSG00000271825,0.0
PLS3-AS1,0.005636843
ENSG00000271828,0.0
ENSG00000271830,0.0
ENSG00000271843,0.0
SYNPO2L-AS1,0.0
MAN2A1-DT,0.0019963172
LINC02343,0.0030429808
ENSG00000271855,0.025129272
LINC01215,0.0
ENSG00000271857,0.0
ENSG00000271860,0.0
ENSG00000271862,0.0
ENSG00000271868,0.0
ENSG00000271871,0.0
ENSG00000271882,0.0
JARID2-DT,0.0019410411
C2orf74-AS1,0.0
ENSG00000271892,0.0
ENSG00000271893,0.0
ENSG00000271897,0.0047534113
ENSG00000271901,0.0
TAGAP-AS1,0.002074724
ENSG00000271914,0.0
ENSG00000271916,0.0
ENSG00000271918,0.030807415
ENSG00000271926,0.0
ENSG00000271930,0.0
PNRC1-DT,0.0
ENSG00000271933,0.0
ENSG00000271936,0.0
ENSG00000271937,0.012869213
ENSG00000271938,0.0
TPM4P2,0.0
ENSG00000271945,0.0
ENSG00000271949,0.0
LINC01954,0.017475422
ENSG00000271958,0.0
ENSG00000271963,0.0
ENSG00000271964,0.0022879192
ARFGEF1-DT,0.0045323195
ENSG00000271967,0.0
ENSG00000271969,0.0
ENSG00000271971,0.0114438
ENSG00000271976,0.015317823
ENSG00000271978,0.0
ENSG00000271980,0.011724048
ENSG00000271981,0.0
ENSG00000271983,0.0
ENSG00000271984,0.0
ENSG00000271989,0.0
TTC32-DT,0.0049109766
ENSG00000271992,0.002201757
ENSG00000271993,0.0
ENSG00000271996,0.0
ENSG00000271998,0.0
LINC02973,0.0017322213
ENSG00000272004,0.0029986836
ENSG00000272008,0.0064373673
ENSG00000272010,0.008039488
ENSG00000272021,0.0
AFF4-DT,0.002334112
ENSG00000272024,0.0025537414
ENSG00000272027,0.0
ANKRD34A,0.0
ENSG00000272037,0.0
ENSG00000272043,0.0
ENSG00000272046,0.0
ENSG00000272050,0.0
ENSG00000272056,0.0
ANKH-DT,0.0
BCAN-AS1,0.0
ENSG00000272071,0.0
ENSG00000272072,0.0
ENSG00000272076,0.0
ENSG00000272077,0.0011401796
ENSG00000272078,0.0
ENSG00000272079,0.0038006383
FCHO2-DT,0.002234953
ENSG00000272087,0.0
ENSG00000272088,0.0
ENSG00000272092,0.014968403
ENSG00000272094,0.0
TMEM14B-DT,0.0018551925
ENSG00000272100,0.0
ENSG00000272103,0.0
ENSG00000272104,0.0
ENSG00000272108,0.0031199188
ENSG00000272109,0.0
ENSG00000272112,0.0033147803
ENSG00000272114,0.0
ENSG00000272115,0.005994807
ENSG00000272121,0.010822618
ENSG00000272123,0.0
ENSG00000272128,0.0
ENSG00000272129,0.009618184
ENSG00000272130,0.0
LINC01607,0.0062365443
ENSG00000272139,0.0
ENSG00000272140,0.0
ENSG00000272141,0.04615174
LYRM4-AS1,0.0
ENSG00000272144,0.0
NFYC-AS1,0.004483904
ENSG00000272148,0.0
ENSG00000272149,0.0
ENSG00000272153,0.0035558862
ENSG00000272154,0.0
ENSG00000272156,0.0030269723
ENSG00000272157,0.017774232
ENSG00000272158,0.0
ENSG00000272159,0.0
ENSG00000272162,0.0
ENSG00000272163,0.0029257652
ENSG00000272167,0.0
CASC15,0.011649961
KLC4-AS1,0.0023040695
ENSG00000272172,0.018649489
ENSG00000272173,0.005925915
ENSG00000272175,0.002056302
ENSG00000272180,0.0
ENSG00000272181,0.0
ENSG00000272182,0.0025614863
ENSG00000272183,0.0
VPS11-DT,0.012812131
MAP7-AS1,0.010318753
PDE7A-DT,0.0
ENSG00000272195,0.008112769
ENSG00000272202,0.0
ENSG00000272203,0.0
POU2F1-DT,0.0072626425
ENSG00000272209,0.0042021815
ENSG00000272217,0.0
MICA-AS1,0.018494494
ENSG00000272223,0.0036724587
ENSG00000272226,0.0
ENSG00000272234,0.0
ENSG00000272236,0.0
ENSG00000272239,0.0
ENSG00000272243,0.0
ENSG00000272247,0.004710622
ENSG00000272248,0.0
ENSG00000272249,0.0
ENSG00000272254,0.0
ENSG00000272255,0.0
LINC01749,0.0
ENSG00000272263,0.0
ENSG00000272264,0.0
ENSG00000272265,0.0
IER3-AS1,0.0063031875
ARGLU1-DT,0.028773604
ENSG00000272275,0.0
ENSG00000272277,0.012413821
ENSG00000272279,0.0
ENSG00000272293,0.0039546466
ENSG00000272297,0.0
ENSG00000272305,0.0
ENSG00000272312,0.0
ENSG00000272320,0.0
ENSG00000272321,0.0
TTC23L-AS1,0.012343565
DAP-DT,0.0
ENSG00000272328,0.0
ENSG00000272329,0.0
ENSG00000272334,0.0
ENSG00000272335,0.023544703
ENSG00000272338,0.0076597985
LINC01115,0.0
ENSG00000272343,0.010492337
ENSG00000272347,0.0
ENSG00000272360,0.006473229
ENSG00000272361,0.0
ENSG00000272362,0.0
ENSG00000272366,0.0
ENSG00000272371,0.0
ENSG00000272372,0.0
SCUBE3-AS1,0.0022967875
ENSG00000272375,0.0
ENSG00000272379,0.0073029017
LINC02664,0.0
ENSG00000272384,0.004429966
ENSG00000272396,0.0
ENSG00000272397,0.0
ENSG00000272402,0.0
ENSG00000272405,0.0
ENSG00000272406,0.0
ENSG00000272410,0.0
ENSG00000272411,0.0
FAM47E-STBD1,0.0
ENSG00000272417,0.0
ENSG00000272425,0.0
ENSG00000272426,0.0034135815
ENSG00000272428,0.0
LINC02637,0.0
ZNF454-DT,0.0
ENSG00000272432,0.0060519604
ENSG00000272434,0.0039040742
ENSG00000272438,0.0
ENSG00000272442,0.0
MRPL20-DT,0.0
ENSG00000272456,0.0
ENSG00000272457,0.0
FAM193B-DT,0.002545067
ENSG00000272461,0.0
LINC02980,0.0063594393
ENSG00000272473,0.0016033546
ENSG00000272476,0.0
ENSG00000272478,0.0
ENSG00000272479,0.0
ENSG00000272483,0.0
ENSG00000272485,0.0
ENSG00000272491,0.0014124538
ENSG00000272498,0.0
ENSG00000272502,0.002091941
ENSG00000272505,0.00079215015
ENSG00000272506,0.0
ENSG00000272509,0.0
ENSG00000272510,0.007405451
CFAP206,0.0026237085
ENSG00000272516,0.0
BTF3-DT,0.019202687
ENSG00000272529,0.0
ENSG00000272537,0.0
ENSG00000272540,0.0
ENSG00000272542,0.0
ENSG00000272545,0.0
LINC02538,0.0
ENSG00000272554,0.0
ENSG00000272555,0.0
ENSG00000272558,0.0
H3-3A-DT,0.0036790264
ENSG00000272563,0.0
ENSG00000272566,0.0
CPVL-AS2,0.022112034
ENSG00000272572,0.008654278
MUSTN1,0.0
LINC02098,0.0
ENSG00000272576,0.0
ENSG00000272582,0.0
ENSG00000272588,0.00077037443
ZSWIM8-AS1,0.0
ENSG00000272597,0.0
ENSG00000272599,0.0
ENSG00000272600,0.0
EFCAB10-AS1,0.0
ENSG00000272609,0.0027691824
ENSG00000272617,0.0
FAM131B-AS1,0.0
AFAP1-AS1,0.0
ENSG00000272622,0.0
ENSG00000272625,0.0
ENSG00000272626,0.003442514
ENSG00000272630,0.0018628982
ENSG00000272631,0.0
ENSG00000272632,0.0
ENSG00000272638,0.0021050505
ENSG00000272642,0.0
ENSG00000272646,0.0
ENSG00000272647,0.0
ENSG00000272656,0.004702588
ENSG00000272660,0.0
ENSG00000272661,0.005258152
TIMMDC1-DT,0.0
KLHDC7B-DT,0.0
ENSG00000272668,0.00789483
ENSG00000272672,0.0
PCDHB16,0.014981095
HNRNPD-DT,0.04509429
ENSG00000272678,0.0024110235
FAM223B,0.0
ENSG00000272682,0.0
LINC02018,0.0057268348
ENSG00000272691,0.0
ENSG00000272692,0.0028586013
NUPR2P1,0.0
ENSG00000272694,0.0
GAS6-DT,0.018304355
ENSG00000272696,0.0043825116
ENSG00000272699,0.0
MESTIT1,0.0021778713
ENSG00000272703,0.0
ENSG00000272707,0.0
ENSG00000272710,0.0
HK2-DT,0.0
ENSG00000272715,0.0
SLC30A6-DT,0.020384034
ENSG00000272717,0.0
ENSG00000272719,0.0
EIF2B5-DT,0.001361698
LINC02266,0.0
ENSG00000272729,0.0
ENSG00000272733,0.0042140554
ENSG00000272735,0.0010469293
ENSG00000272741,0.0
ENSG00000272742,0.0
ENSG00000272744,0.0021387618
ENSG00000272745,0.0
ENSG00000272748,0.0
ENSG00000272760,0.0
LINC03057,0.019664634
ENSG00000272764,0.0007341309
JMJD1C-AS1,0.0097167315
ENSG00000272768,0.0049172854
ENSG00000272769,0.0
ENSG00000272770,0.0
ENSG00000272772,0.0
ENSG00000272774,0.0
ENSG00000272777,0.004850833
ENSG00000272783,0.0
ENSG00000272784,0.0005320332
ENSG00000272787,0.0
ENSG00000272791,0.0
GAR1-DT,0.011658979
ENSG00000272797,0.0
ENSG00000272798,0.0
ENSG00000272799,0.0
ENSG00000272800,0.0
KRTAP10-7,0.0
ENSG00000272807,0.008004051
ENSG00000272810,0.0
ENSG00000272814,0.0
ENSG00000272817,0.006332699
ENSG00000272821,0.016849348
ENSG00000272822,0.0
ENSG00000272823,0.0
ENSG00000272824,0.0
ENSG00000272825,0.0
ENSG00000272829,0.01732229
ENSG00000272832,0.0
ENSG00000272834,0.0
ENSG00000272836,0.0
ENSG00000272839,0.0
MAP3K4-AS1,0.0032120524
ENSG00000272842,0.0029030482
ENSG00000272843,0.007666067
ENSG00000272844,0.0066186036
ENSG00000272848,0.0037645027
ENSG00000272849,0.0
ENSG00000272851,0.0
SUV39H2-DT,0.011162597
ENSG00000272854,0.004250309
ENSG00000272855,0.0
SCPPPQ1,0.0
ENSG00000272861,0.0036047453
ENSG00000272862,0.0
ENSG00000272864,0.003929823
ENSG00000272865,0.0
ENSG00000272866,0.0
ENSG00000272871,0.0038316096
ENSG00000272874,0.0
ENSG00000272885,0.0
ENSG00000272892,0.003961575
MIOS-DT,0.03485622
ENSG00000272895,0.0
ENSG00000272896,0.0
ENSG00000272897,0.0
SPMIP1,0.001805012
TBC1D8-AS1,0.00325689
ENSG00000272905,0.0
ENSG00000272906,0.029576404
ENSG00000272908,0.0
ENSG00000272909,0.0011401796
ENSG00000272910,0.0
ENSG00000272911,0.0
ENSG00000272912,0.0
LINC03052,0.013536061
ENSG00000272915,0.0
ENSG00000272916,0.0
ENSG00000272918,0.0028070058
hsa-mir-1253,0.0
ENSG00000272921,0.0
ENSG00000272927,0.007918934
LRRC8D-DT,0.0125372065
ENSG00000272936,0.0
ENSG00000272942,0.0
ENSG00000272944,0.0056798607
ENSG00000272950,0.0
ENSG00000272958,0.0
ENSG00000272966,0.0
ENSG00000272967,0.0038785257
ENSG00000272969,0.0022171685
ENSG00000272970,0.0020718137
ENSG00000272973,0.004077344
MYHAS,0.0
ENSG00000272982,0.0
ENSG00000272983,0.0053706705
ENSG00000272984,0.0
ENSG00000272986,0.008967217
ENSG00000272988,0.0
LINC02012,0.00080158137
ENSG00000272990,0.021981936
ENSG00000272991,0.001110137
ENSG00000272995,0.0
PFKP-DT,0.0032555764
ARHGEF2-AS2,0.0
ARL2-SNX15,0.0
ENSG00000273006,0.0
ENSG00000273007,0.0
ENSG00000273010,0.0012491228
ENSG00000273011,0.0
ENSG00000273012,0.0
ENSG00000273013,0.0
ENSG00000273014,0.007660307
ENSG00000273025,0.0
ENSG00000273026,0.0024544
DGCR5,0.0
CYP4F33P,0.0
ENSG00000273044,0.0
C2orf15,0.02118541
ENSG00000273047,0.0
ENSG00000273049,0.0
ENSG00000273055,0.0
ENSG00000273056,0.0
ENSG00000273059,0.0016697213
CDC37L1-DT,0.05415223
RALGPS2-AS1,0.0
ENSG00000273063,0.0
ENSG00000273064,0.008573451
ENSG00000273068,0.0
ENSG00000273069,0.0
ENSG00000273073,0.0
ENSG00000273076,0.0
ENSG00000273077,0.0050152605
GRIN2B,0.0037308596
ENSG00000273080,0.0
LARGE1-AS1,0.004593865
LINC03073,0.0050064144
ENSG00000273088,0.0
ENSG00000273090,0.0
ENSG00000273091,0.0
ENSG00000273093,0.0
ENSG00000273098,0.0
ENSG00000273104,0.0
PPM1B-DT,0.0
ENSG00000273107,0.0038829497
ENSG00000273108,0.0042496487
ENSG00000273110,0.0
LYPD4,0.0
ENSG00000273113,0.0
ENSG00000273115,0.0
INSIG1-DT,0.003736632
ENSG00000273124,0.0
LINC01990,0.0
PACERR,0.0
ENSG00000273132,0.0
ENSG00000273133,0.0
NBPF26,0.0144935995
SELENOO-AS1,0.0
ENSG00000273139,0.009211642
ENSG00000273141,0.024662118
LINC02604,0.019730678
DUSP5-DT,0.0
ENSG00000273145,0.014947531
LCDR,0.008581292
ENSG00000273149,0.0
ENSG00000273151,0.0
ENSG00000273153,0.0
ENSG00000273154,0.0008132087
ENSG00000273155,0.0045429706
ENSG00000273160,0.0
ENSG00000273162,0.0
ENSG00000273165,0.0
ENSG00000273167,0.0
ENSG00000273171,0.0
LINC02091,0.0
ENSG00000273174,0.0
ENSG00000273175,0.0
ENSG00000273176,0.0
ENSG00000273177,0.0
ENSG00000273179,0.0043358337
ENSG00000273180,0.0
ENSG00000273183,0.0044574253
ENSG00000273188,0.0021837603
ENSG00000273192,0.0
ENSG00000273196,0.0
ENSG00000273198,0.0
ENSG00000273199,0.008816273
ENSG00000273204,0.015369737
ENSG00000273209,0.002852901
ENSG00000273210,0.005221072
ENSG00000273212,0.0
ENSG00000273214,0.0
ENSG00000273217,0.0
ENSG00000273218,0.0
ENSG00000273219,0.0
ENSG00000273230,0.002974079
ENSG00000273233,0.0
TMEM271,0.0
ENSG00000273240,0.0
ENSG00000273243,0.0
ENSG00000273245,0.0
ENSG00000273248,0.02087348
WDR5-DT,0.0
TRABD-AS1,0.015169046
LINC02928,0.0
ENSG00000273258,0.0
ENSG00000273259,0.0015815836
ENSG00000273261,0.0
ENSG00000273264,0.0
CNNM3-DT,0.0005965623
ENSG00000273267,0.0
ENSG00000273269,0.0
ENSG00000273271,0.0071934727
ENSG00000273272,0.0
ZBTB8B,0.0
ENSG00000273275,0.0
ENSG00000273287,0.0
ENSG00000273291,0.0
ENSG00000273293,0.0
C1QTNF3-AMACR,0.0
ENSG00000273295,0.001970179
ENSG00000273300,0.0
ENSG00000273305,0.0
ENSG00000273306,0.0
ENSG00000273308,0.0019205528
ENSG00000273312,0.0
RBAKDN,0.0
ENSG00000273321,0.0
ENSG00000273325,0.0
TM4SF19-DYNLT2B,0.0
ENSG00000273335,0.011347136
ENSG00000273341,0.0
ENSG00000273342,0.0
ENSG00000273348,0.0
ENSG00000273355,0.037551366
LINC02019,0.0
ENSG00000273360,0.0
ENSG00000273361,0.015734788
ENSG00000273362,0.0
ENSG00000273365,0.0
ENSG00000273367,0.0
ENSG00000273369,0.0
SFTPD-AS1,0.0
ENSG00000273375,0.0016691965
ENSG00000273381,0.00609944
TMEM167B-DT,0.009413609
ENSG00000273384,0.0
ENSG00000273387,0.0012264291
ENSG00000273391,0.009442115
ENSG00000273394,0.0042924765
LINC01396,0.0
ENSG00000273398,0.0
ENSG00000273399,0.0
ENSG00000273402,0.0024176873
ENSG00000273406,0.0
ENSG00000273413,0.0
LINC02725,0.0
ENSG00000273416,0.0
ENSG00000273419,0.0019418031
ENSG00000273424,0.0
ENSG00000273428,0.0
ENSG00000273442,0.0
ENSG00000273443,0.0
ENSG00000273445,0.0
ENSG00000273447,0.0
ENSG00000273448,0.016516866
ENSG00000273449,0.001068885
ENSG00000273450,0.0
ENSG00000273454,0.0
ENSG00000273455,0.0
ENSG00000273461,0.0
ENSG00000273464,0.0
ENSG00000273472,0.01597449
ENSG00000273473,0.0
ENSG00000273474,0.0
ENSG00000273476,0.0
ENSG00000273483,0.0
ENSG00000273485,0.0
ENSG00000273487,0.0
APP-DT,0.0061448226
ENSG00000273493,0.0
ENSG00000273507,0.0
TBC1D3K,0.0
FOXD4L6,0.0
ENSG00000273521,0.0
ENSG00000273523,0.0
AGBL1,0.0
H4C12,0.0
ENSG00000273550,0.0
ENSG00000273551,0.0
ENSG00000273552,0.0
ENSG00000273554,0.0
ENSG00000273558,0.0
ENSG00000273565,0.0028178766
ENSG00000273582,0.0
ENSG00000273590,0.0049372828
ENSG00000273618,0.0
RPS21-DT,0.04105059
ENSG00000273650,0.0
ENSG00000273659,0.0
ENSG00000273664,0.0
ENSG00000273669,0.0
ENSG00000273674,0.0
ENSG00000273680,0.0
ENSG00000273687,0.0
CT45A7,0.0
H2BC14,0.0
LHX1,0.068441875
ENSG00000273711,0.0
ENSG00000273734,0.0
ENSG00000273747,0.0
ENSG00000273759,0.0072422377
ENSG00000273760,0.0
CEACAM20,0.0
GTF2A1-AS1,0.006823581
BNAT1,0.029568795
H2BC8,0.00568849
ENSG00000273805,0.0048316983
LINC02970,0.0
ENSG00000273816,0.0
USP27X,0.009637112
ENSG00000273821,0.0
ENSG00000273824,0.0
ENSG00000273828,0.0
ENSG00000273838,0.0
ENSG00000273877,0.0
ENSG00000273891,0.0
ENSG00000273901,0.0
ENSG00000273919,0.0
ENSG00000273920,0.0
ENSG00000273925,0.0
ENSG00000273956,0.0
ENSG00000273958,0.010453291
IGKV2-40,0.0
ENSG00000273965,0.0
ENSG00000273971,0.0
ENSG00000273972,0.0
GOLGA6L1,0.0
ENSG00000273980,0.0
ENSG00000273982,0.0
H3C8,0.0
ENSG00000273998,0.0
ENSG00000274002,0.0065472373
ENSG00000274015,0.0016183874
LINC01138,0.0
ENSG00000274021,0.009311645
ENSG00000274029,0.0
FAM230J,0.0
INO80B-WBP1,0.0
CASTOR2,0.010496467
ENSG00000274090,0.0
ENSG00000274092,0.0
OR4M2,0.0
ENSG00000274104,0.05126177
ENSG00000274124,0.0
ENSG00000274156,0.0
LINC02967,0.05272742
ENSG00000274175,0.0
ENSG00000274177,0.0
H2AB1,0.0
ENSG00000274184,0.0012130233
ENSG00000274191,0.0
ENSG00000274198,0.0
ANTXRL,0.0
ENSG00000274213,0.012548372
ENSG00000274215,0.0
ENSG00000274220,0.0056575434
HEPFAL,0.0
TBC1D3H,0.0
ENSG00000274227,0.0
ENSG00000274238,0.0
ENSG00000274244,0.0017349282
ENSG00000274248,0.0070036463
ENSG00000274251,0.0
GGTLC3,0.0
SYNGAP1-AS1,0.006512882
ENSG00000274261,0.0
GAGE13,0.0
ENSG00000274276,0.0
ENSG00000274281,0.0
H2BC6,0.004445345
ENSG00000274292,0.009157627
ENSG00000274294,0.0
ENSG00000274315,0.0
LINC02334,0.0021672759
ENSG00000274322,0.0
ENSG00000274331,0.0
LINC03104,0.0
ENSG00000274340,0.0
ENSG00000274341,0.0
ZNF658,0.031643532
ENSG00000274363,0.0
ENSG00000274370,0.0038205024
ENSG00000274372,0.0
ENSG00000274373,0.0
ENSG00000274379,0.0
ENSG00000274383,0.010247318
TMEM269,0.0
ENSG00000274387,0.0
TPTE,0.0
ENSG00000274400,0.0
ENSG00000274403,0.0
ENSG00000274414,0.0
ENSG00000274415,0.0
TBC1D3D,0.0
ENSG00000274425,0.0023818563
ENSG00000274441,0.0
C8orf89,0.0
ENSG00000274447,0.0
LINC01746,0.0
ENSG00000274478,0.0
ENSG00000274492,0.0
ENSG00000274501,0.0
ENSG00000274507,0.0
ENSG00000274508,0.0
TBC1D3L,0.003041431
ENSG00000274515,0.0
FAM74A6,0.0
SEBOX,0.0
ENSG00000274554,0.0
ENSG00000274559,0.0
ENSG00000274560,0.0021636866
IGHV2-70,0.0
DGKK,0.0
RIMBP3B,0.0
TBC1D3,0.0
H4C6,0.0
ENSG00000274629,0.0
ENSG00000274630,0.0
H2BC17,0.0
ENSG00000274653,0.0027863341
LINC02371,0.0
ENSG00000274670,0.0
ENSG00000274678,0.0
ENSG00000274685,0.0
ENSG00000274695,0.0
ENSG00000274698,0.0
ENSG00000274712,0.010044483
ENSG00000274718,0.0
ENSG00000274723,0.002264112
KRTAP7-1,0.0
H3C6,0.0
ENSG00000274751,0.0
TRBV12-3,0.0
ENSG00000274758,0.0
PRAMEF27,0.0
ENSG00000274766,0.0
ENSG00000274776,0.0
ENSG00000274792,0.0
ENSG00000274797,0.0
ENSG00000274798,0.0
TBC1D3B,0.0
NPHP3-ACAD11,0.0
ENSG00000274818,0.013426775
ENSG00000274825,0.0
LINC01297,0.0
ENSG00000274833,0.0035134864
ENSG00000274834,0.0
BALR6,0.0
MAFIP,0.0051400694
ENSG00000274859,0.0051353658
ENSG00000274863,0.0
ENSG00000274874,0.0
ENSG00000274893,0.0
ENSG00000274895,0.0
ENSG00000274898,0.0
ENSG00000274904,0.006060898
ENSG00000274918,0.0
ENSG00000274922,0.005566019
TBC1D3I,0.0
ENSG00000274937,0.0
ENSG00000274944,0.0
ENSG00000274979,0.0
ENSG00000274993,0.0
ENSG00000274996,0.0
H2AC12,0.0
ZNF280B,0.0046103047
ENSG00000275005,0.0
ENSG00000275016,0.0
ENSG00000275024,0.0
ENSG00000275025,0.0
TP53TG3E,0.0
ENSG00000275038,0.0
ENSG00000275040,0.0
ENSG00000275055,0.0032679269
ENSG00000275063,0.0
ENSG00000275088,0.0
ENSG00000275091,0.0
ENSG00000275106,0.0
GAGE2E,0.0
ENSG00000275119,0.0
ZSCAN2-AS1,0.0043628127
H4C13,0.0
ENSG00000275139,0.0
CCL16,0.0
TRBV12-5,0.0
ENSG00000275163,0.0
ENSG00000275173,0.0027852277
ENSG00000275178,0.0
ENSG00000275180,0.018326966
ENSG00000275185,0.0
ENSG00000275186,0.0
ENSG00000275197,0.0
LINC02960,0.0
ENSG00000275202,0.022041375
LINC02826,0.0
H2AC15,0.0
ENSG00000275223,0.0
LINC00547,0.0
ENSG00000275228,0.0
ENSG00000275234,0.08228406
ENSG00000275236,0.0
FAM242F,0.0
TRBV16,0.0
ENSG00000275248,0.0
ENSG00000275249,0.0
ENSG00000275263,0.002782829
ENSG00000275265,0.0
ENSG00000275278,0.0
ENSG00000275285,0.0
ENSG00000275286,0.0
ENSG00000275322,0.0036278747
ENSG00000275327,0.0
ENSG00000275329,0.0
ENSG00000275332,0.0
ENSG00000275345,0.0
LINC03043,0.0
ENSG00000275358,0.0
ENSG00000275367,0.004715613
ENSG00000275371,0.0
H3C11,0.0
ENSG00000275383,0.0
ENSG00000275389,0.0
ENSG00000275390,0.0
ENSG00000275392,0.0
FCGBP,0.07478161
ENSG00000275401,0.0
ENSG00000275409,0.0045832447
HNF1B,0.1186911
ENSG00000275413,0.0
LINC03110,0.0
ENSG00000275427,0.0
ENSG00000275431,0.0
ENSG00000275438,0.0
ENSG00000275441,0.02199742
ENSG00000275443,0.0
ENSG00000275445,0.0
ENSG00000275450,0.0
ENSG00000275454,0.0
ENSG00000275457,0.006737564
ENSG00000275465,0.0
ENSG00000275467,0.0
IGHV3-54,0.0
ENSG00000275476,0.0
ENSG00000275479,0.0
ENSG00000275481,0.0
ENSG00000275484,0.0
SPMAP1,0.0
LINC01730,0.0
ENSG00000275496,0.0
ENSG00000275512,0.0
ENSG00000275516,0.0
FAM236A,0.0
ENSG00000275527,0.0
ENSG00000275532,0.014264365
STPG3-AS1,0.000600171
ENSG00000275552,0.0
ELOA3CP,0.0
ENSG00000275563,0.0
ENSG00000275569,0.00079215015
GRIFIN,0.0
ENSG00000275582,0.0
PDE4DIPP4,0.0
XKR5,0.0
ENSG00000275613,0.0
FLJ16779,0.0
ENSG00000275628,0.0
ENSG00000275630,0.014182357
ENSG00000275632,0.002026291
ENSG00000275638,0.0
ENSG00000275649,0.0
H4C7,0.0
ENSG00000275665,0.0
ENSG00000275672,0.0
ENSG00000275674,0.0
ENSG00000275676,0.0
CCL15-CCL14,0.0
MT1IP,0.0
ENSG00000275703,0.0
ENSG00000275709,0.0
ENSG00000275710,0.0
H2BC9,0.0
H3C1,0.0039935056
CCL15,0.029229257
ENSG00000275719,0.00075339625
ENSG00000275720,0.0
LYZL6,0.0
ENSG00000275728,0.0
ENSG00000275734,0.0
ENSG00000275740,0.0
ENSG00000275741,0.0
TRBV14,0.0
IGHV3-79,0.0
ENSG00000275759,0.0
ZNF516-DT,0.0
ENSG00000275765,0.0
ENSG00000275773,0.0
HNRNPCL2,0.0
ENSG00000275778,0.0
TRBV10-3,0.0
RIMBP3,0.0
ENSG00000275799,0.0
ENSG00000275807,0.008921854
ENSG00000275812,0.0
LINC03082,0.0052246363
ENSG00000275846,0.0
LINC01742,0.0
ENSG00000275857,0.0
ENSG00000275869,0.0
PICSAR,0.0
NAXD-AS1,0.0065900674
ENSG00000275888,0.0
ENSG00000275897,0.001074346
ENSG00000275898,0.0
ENSG00000275902,0.007261724
ENSG00000275910,0.0
ENSG00000275923,0.0
ENSG00000275936,0.0
ENSG00000275944,0.0
TBC1D3F,0.0
ENSG00000275963,0.0018307283
ENSG00000275965,0.0
SPATA31A3,0.0
ENSG00000275993,0.0014040048
ENSG00000275995,0.0
ENSG00000276012,0.0
ENSG00000276017,0.0
LINC03085,0.0011865607
SPATA31A7,0.0
UHRF1,0.0
IGKV2OR2-10,0.0
ENSG00000276063,0.0
ENSG00000276071,0.0
ENSG00000276076,0.0
LINC03105,0.0
ENSG00000276087,0.0
ENSG00000276093,0.0
FAM230F,0.0
ENSG00000276101,0.0
ENSG00000276110,0.0
FUT8-AS1,0.0
OR13C2,0.0
ENSG00000276121,0.0
ENSG00000276122,0.0
ENSG00000276128,0.0
ENSG00000276131,0.0029425682
ENSG00000276148,0.0022837326
ENSG00000276166,0.0
H4C9,0.0
ENSG00000276188,0.0
LINC00226,0.0
PIK3R6,0.0
OR4E1,0.0
ENSG00000276241,0.0
LINC02809,0.0
ENSG00000276256,0.05051681
ENSG00000276261,0.0
ENSG00000276266,0.0
ENSG00000276272,0.0
ENSG00000276289,0.0
ENSG00000276292,0.0
ENSG00000276302,0.0
ENSG00000276308,0.0
ENSG00000276317,0.0
ENSG00000276345,0.0
H2AC14,0.0
ENSG00000276384,0.0
FLJ36000,0.0
ENSG00000276403,0.0
TRBV13,0.0
ENSG00000276406,0.0
ENSG00000276407,0.0
ENSG00000276408,0.0020084493
H2BC3,0.0
ENSG00000276411,0.0
ENSG00000276417,0.0
ENSG00000276418,0.0
ENSG00000276422,0.0
FAM25C,0.0
ENSG00000276436,0.0
ENSG00000276445,0.0
ENSG00000276449,0.005873988
ENSG00000276454,0.0
LINC03025,0.0
ENSG00000276473,0.0
LINC00540,0.00576816
ENSG00000276487,0.0
ENSG00000276488,0.0
ENSG00000276490,0.0
BMS1P14,0.0
ENSG00000276502,0.0
ENSG00000276508,0.0
ENSG00000276509,0.0
ENSG00000276519,0.0
ENSG00000276523,0.0
LINC03065,0.0044994457
ENSG00000276527,0.0
ENSG00000276529,0.0076769725
ENSG00000276542,0.0
PCDHGB5,0.0
TRBV18,0.0
ENSG00000276564,0.0042639687
IGKV1D-13,0.0
ENSG00000276571,0.0
SPATA31A5,0.0
TRBV11-3,0.0
RAB7B,0.0
ENSG00000276627,0.0
ENSG00000276638,0.0
ENSG00000276651,0.002232487
ENSG00000276663,0.0
IGKV1OR1-1,0.0
ENSG00000276687,0.0
ENSG00000276688,0.0
ENSG00000276691,0.0
ENSG00000276693,0.0
ENSG00000276698,0.0067280987
TRAJ36,0.0
ENSG00000276702,0.0
ENSG00000276707,0.0
VAMP1-AS1,0.006745318
ENSG00000276724,0.0037033267
ENSG00000276727,0.0
ENSG00000276742,0.0
PADI6,0.0
ENSG00000276754,0.0
LINC03106,0.0
ENSG00000276760,0.0
ENSG00000276768,0.0
ENSG00000276772,0.004368387
IGHV4-4,0.0
LINC02227,0.0
ENSG00000276786,0.0
ENSG00000276791,0.0
ENSG00000276807,0.0
TRBV15,0.0
ENSG00000276831,0.0
ENSG00000276842,0.0
ENSG00000276850,0.0
ENSG00000276851,0.0
ENSG00000276863,0.005327164
ENSG00000276874,0.0
ENSG00000276888,0.0
ENSG00000276898,0.0
H2AC16,0.0
LINC03079,0.0
GSTT4,0.0
ENSG00000276952,0.0
TRBV12-4,0.0
ENSG00000276957,0.0019871537
ENSG00000276968,0.0
ENSG00000276972,0.0
ENSG00000276984,0.0
ENSG00000276993,0.0
ENSG00000276997,0.0
ENSG00000277007,0.0
ENSG00000277011,0.03897952
ENSG00000277017,0.0
ENSG00000277020,0.0
ENSG00000277022,0.0
ENSG00000277047,0.0
HNRNPCL3,0.0
ENSG00000277067,0.0
H2AC8,0.0
ENSG00000277087,0.0
CCL3-AS1,0.0
ENSG00000277117,0.0037881345
ENSG00000277128,0.0
ENSG00000277135,0.0029982731
LINC00235,0.004241508
ENSG00000277144,0.0
LINC00869,0.0
TYW1B,0.009393649
F8A3,0.027379284
ENSG00000277151,0.0
ENSG00000277152,0.0
H4C4,0.006350165
ENSG00000277159,0.0
PIGW,0.014408934
ENSG00000277182,0.0
ENSG00000277196,0.009745605
LINC01632,0.0
CCDC92B,0.0011002811
ENSG00000277210,0.0
ENSG00000277214,0.0
SPANXA2-OT1,0.0
ENSG00000277218,0.0
H2BC7,0.0069002192
ENSG00000277228,0.0
GTSE1-DT,0.0020236112
ENSG00000277235,0.011423403
ENSG00000277245,0.0
ENSG00000277247,0.0
FAM74A7,0.0
LHX1-DT,0.043999527
ENSG00000277270,0.0
ENSG00000277277,0.0
IGHV1OR21-1,0.0
RAB35-AS1,0.039047755
ENSG00000277287,0.0
LINC02881,0.0
ENSG00000277299,0.0
GOLGA6L6,0.0
ENSG00000277332,0.0
ENSG00000277350,0.0
ENSG00000277351,0.0
SRCIN1,0.0
ENSG00000277368,0.0064885803
ENSG00000277369,0.00621506
ENSG00000277382,0.0
BICRA-AS2,0.023244455
GPR179,0.0
ENSG00000277400,0.0048388024
ENSG00000277412,0.0
ENSG00000277425,0.0
LINC02338,0.0
CEBPB-AS1,0.0
ENSG00000277453,0.003531531
ENSG00000277459,0.009156983
ENSG00000277475,0.0
ENSG00000277476,0.009404499
PKD1L3,0.0
ENSG00000277482,0.0
ENSG00000277491,0.0
SLCO4A1-AS2,0.0025219151
ENSG00000277504,0.0
ENSG00000277511,0.010584298
LINC03021,0.0
LINC01796,0.0
PNMA8C,0.0
CT47C1,0.0
ZNF630-AS1,0.0
ENSG00000277543,0.0025779582
ENSG00000277550,0.0
OR13C5,0.0
NEFL,0.0723053
ENSG00000277587,0.0
ENSG00000277597,0.0
ENSG00000277602,0.003583731
ENSG00000277611,0.0
ENSG00000277619,0.0
ENSG00000277621,0.0
ENSG00000277630,0.0
PGM5P3-AS1,0.0
CHD9NB,0.043199323
ENSG00000277654,0.0
OR2W1-AS1,0.0
ENSG00000277675,0.0
ENSG00000277684,0.0
ENSG00000277688,0.0
ENSG00000277692,0.0012683892
ENSG00000277693,0.0
ENSG00000277695,0.0
ENSG00000277701,0.0
ENSG00000277715,0.009836541
LINC02255,0.0
ENSG00000277728,0.0
ENSG00000277737,0.0
ENSG00000277738,0.0
H2AB3,0.0
ENSG00000277749,0.0
SYT15B,0.0
ENSG00000277767,0.0
H3C7,0.0
PGM5P2,0.0
ENSG00000277782,0.0
ENSG00000277797,0.0
ENSG00000277825,0.0
ENSG00000277831,0.0
ENSG00000277836,0.0
ENSG00000277837,0.0
LINC02391,0.0
ENSG00000277856,0.0
H2AB2,0.0
ENSG00000277863,0.0
GOLGA6L22,0.0
FAM230A,0.0
ENSG00000277873,0.0
ENSG00000277879,0.0029572996
TRBV17,0.0
SRD5A2,0.0
ENSG00000277895,0.0
ENSG00000277930,0.0
OR52E5,0.0
ENSG00000277935,0.0
ENSG00000277938,0.0032043254
ENSG00000277954,0.0
SENP3-EIF4A1,0.0
ENSG00000277971,0.0
ENSG00000277978,0.021273667
LINC02351,0.0
ENSG00000277997,0.0
ENSG00000278013,0.0
ENSG00000278017,0.007915867
RDM1,0.0
TRBV7-9,0.0
ENSG00000278035,0.0042555495
ENSG00000278041,0.0
FAM247B,0.0
ENSG00000278052,0.0
TEX28,0.0
ENSG00000278058,0.010779327
ENSG00000278060,0.0
ENSG00000278071,0.017259035
ENSG00000278075,0.0
CT45A8,0.0
LUNAR1,0.0
ENSG00000278095,0.0
ENSG00000278097,0.0
P3R3URF-PIK3R3,0.0
ENSG00000278146,0.0
ENSG00000278147,0.0
ENSG00000278153,0.0
ENSG00000278158,0.0037043034
GLIDR,0.0066393367
ENSG00000278192,0.0
SSTR3,0.0
IGLV2-8,0.0
LINC01971,0.0
LINC02139,0.0048327586
PRICKLE4,0.0
CKAP2-DT,0.018317925
ENSG00000278239,0.0
ENSG00000278254,0.0
ENSG00000278255,0.0
ENSG00000278263,0.0
ENSG00000278276,0.0
CT45A6,0.0
TBC1D3C,0.0
ENSG00000278305,0.0
ZNF229,0.011638346
ENSG00000278330,0.0
VWA8-AS1,0.004944007
ENSG00000278341,0.0
ENSG00000278344,0.0
ENSG00000278367,0.0
ENSG00000278370,0.0
ENSG00000278383,0.0032828813
ENSG00000278384,0.0
ENSG00000278385,0.0044810064
ENSG00000278389,0.0
ENSG00000278408,0.0
ENSG00000278419,0.0
ENSG00000278431,0.0
ENSG00000278445,0.0
ENSG00000278456,0.0
H2AC4,0.0
ENSG00000278464,0.0
ENSG00000278467,0.0
IGHV3-41,0.0
ENSG00000278484,0.0
NPAP1L,0.0
C17orf78,0.0
ENSG00000278518,0.0
POTEB3,0.0
ENSG00000278532,0.0
IGKV2OR2-8,0.0
ENSG00000278546,0.0007509048
NR2E3,0.0
H2BC10,0.0
ENSG00000278595,0.0
TBC1D3E,0.0
ENSG00000278601,0.0
ENSG00000278607,0.0
ZNF426-DT,0.005634034
C11orf98,0.019212035
THBS1-AS1,0.0
ENSG00000278627,0.0
LINC02335,0.0
ENSG00000278633,0.0
H4C1,0.0
ENSG00000278638,0.0
ENSG00000278642,0.0
ENSG00000278646,0.0
ENSG00000278657,0.0
TRAJ37,0.0
ENSG00000278668,0.0
H2AC17,0.0
IQCA1L,0.0
ENSG00000278690,0.0
ENSG00000278698,0.0
ENSG00000278703,0.004656092
ENSG00000278704,0.0
H4C2,0.004719077
NKILA,0.0
ENSG00000278713,0.009879807
ENSG00000278716,0.0
MCM8-AS1,0.0
ENSG00000278722,0.0
ENSG00000278727,0.0
ENSG00000278733,0.0
ENSG00000278737,0.0
ENSG00000278740,0.0
ENSG00000278765,0.0
ENSG00000278766,0.0
BACE1-AS,0.006958565
ENSG00000278769,0.0
LINC00624,0.0
ENSG00000278816,0.0
H3C10,0.0033054145
ENSG00000278831,0.0
ENSG00000278834,0.011804707
ENSG00000278847,0.005974107
TP53TG3F,0.0
IGKV1D-12,0.0
ENSG00000278869,0.0
OR51G1,0.0
ENSG00000278881,0.0
ENSG00000278884,0.0
OR2S2,0.0
ENSG00000278890,0.0
ENSG00000278901,0.0
ENSG00000278903,0.0020029587
ENSG00000278907,0.0
BANCR,0.0
ENSG00000278915,0.0
CEP83-DT,0.0
EPB41L4A-DT,0.010777951
ENSG00000278925,0.0
ENSG00000278936,0.0
ENSG00000278946,0.0
ENSG00000278960,0.0
ENSG00000278961,0.011930458
ENSG00000278981,0.0
ENSG00000278996,0.0
OR10A6,0.0
ENSG00000279006,0.0
OR51B2,0.0
ENSG00000279028,0.0
PCDHB1-AS1,0.0
OR6Q1,0.0
AGAP14P,0.0
ENSG00000279064,0.0
ENSG00000279068,0.0
ENSG00000279070,0.0
ENSG00000279072,0.0
ENSG00000279073,0.0
ENSG00000279080,0.0
ENSG00000279081,0.0
LINC01727,0.0
ENSG00000279085,0.0
LINC01670,0.0
ENSG00000279096,0.0
OR10X1,0.0
ENSG00000279115,0.0
OR8D2,0.0
ENSG00000279119,0.0
LINC01451,0.0
ENSG00000279151,0.0
ENSG00000279152,0.0
ENSG00000279168,0.0
PRAMEF13,0.0
ENSG00000279182,0.0
ENSG00000279206,0.0
ENSG00000279217,0.0
ENSG00000279232,0.0
ENSG00000279240,0.0
LINC02736,0.0
FAM223A,0.0
LINC02961,0.0
OR2L8,0.0
OR52R1,0.0
ENSG00000279274,0.0
ENSG00000279278,0.0
ENSG00000279298,0.0
OR2T11,0.0
ENSG00000279317,0.0
ENSG00000279321,0.0
ENSG00000279325,0.0
ENSG00000279342,0.0
ENSG00000279345,0.0
ENSG00000279375,0.0
ENSG00000279386,0.0
OR5L1,0.0
OR4N4C,0.0
LINC00244,0.0
ENSG00000279440,0.0
ENSG00000279442,0.0
WASH9P,0.0
ENSG00000279461,0.0
ENSG00000279467,0.0
ENSG00000279483,0.0
OR2AG1,0.0
ENSG00000279493,0.0
ENSG00000279494,0.0
ENSG00000279501,0.0
OR4C16,0.0
FAM230C,0.0
ENSG00000279529,0.0022811072
ENSG00000279530,0.0
ENSG00000279548,0.0
ENSG00000279558,0.0
ENSG00000279571,0.0033086385
LINC01666,0.0
ENSG00000279588,0.0
ENSG00000279597,0.0
ENSG00000279607,0.0
LINC00216,0.0
ENSG00000279652,0.0
ENSG00000279658,0.0
ENSG00000279668,0.0
ENSG00000279669,0.0
ENSG00000279686,0.0
ENSG00000279687,0.0
ENSG00000279712,0.0
ENSG00000279714,0.0
ENSG00000279726,0.0
LINC02033,0.0
ENSG00000279735,0.0
ENSG00000279750,0.0
ENSG00000279751,0.0
OR5D13,0.0
ENSG00000279762,0.0
PPIAL4F,0.0
ENSG00000279784,0.0
LINC02339,0.0
PRAMEF18,0.0
ENSG00000279813,0.0
ENSG00000279833,0.004526736
LINC02906,0.0
ENSG00000279848,0.0
ENSG00000279851,0.0
ENSG00000279855,0.0
LINC01126,0.0063550416
BIRC6-AS2,0.0
ENSG00000279914,0.0
LINC01651,0.0
DDX11L17,0.0
ENSG00000279954,0.0
ENSG00000279956,0.0
OR8U3,0.0
CCDC28A-AS1,0.0
ENSG00000279973,0.0
ENSG00000279983,0.0
ENSG00000279998,0.0
ENSG00000280005,0.0
ENSG00000280007,0.0
ENSG00000280011,0.0
ENSG00000280018,0.0
OR51F1,0.0
ENSG00000280025,0.0
ENSG00000280026,0.0
ENSG00000280029,0.0
ENSG00000280071,0.017166426
TBC1D22A-AS1,0.0
LINC01667,0.0
OR8B4,0.0
OR1B1,0.0
ENSG00000280098,0.0
ENSG00000280108,0.0
PLAC4,0.0
ENSG00000280113,0.0
ENSG00000280116,0.0
ENSG00000280136,0.0
ENSG00000280148,0.0
ENSG00000280164,0.00595865
PCDH20,0.004434322
ENSG00000280169,0.0
ENSG00000280179,0.0
ENSG00000280184,0.0
ENSG00000280191,0.0
ENSG00000280199,0.0
OR1S1,0.0
ENSG00000280206,0.008445045
ENSG00000280207,0.0
UCKL1-AS1,0.0
ENSG00000280224,0.0
OR12D2,0.0
ENSG00000280241,0.0
PRAMEF26,0.0
LINC02887,0.0
ERICD,0.0
OR8K3,0.0
ENSG00000280336,0.0
ENSG00000280341,0.0
LINC01726,0.0
ENSG00000280356,0.0
ENSG00000280360,0.0
ENSG00000280382,0.0
IGHV1-69D,0.0
ENSG00000280418,0.0
ENSG00000280425,0.0
ENSG00000280433,0.013582135
ENSG00000280441,0.0
ENSG00000280445,0.0
ENSG00000280455,0.0
ENSG00000280485,0.0
ENSG00000280486,0.0
ENSG00000280511,0.0
SALRNA2,0.0
ENSG00000280537,0.0
ENSG00000280571,0.0
LINC02342,0.0
LINC01348,0.0
ENSG00000280614,0.0
SCAANT1,0.0
PCAT14,0.0038127422
THRIL,0.0
LINC02204,0.0
ENSG00000280649,0.0
KCNIP4-IT1,0.0
ENSG00000280655,0.0
CCDC163,0.0
LINC01242,0.0
SH3PXD2A-AS1,0.0
ENSG00000280703,0.0
HPAT5,0.0
LINC02203,0.0
JADRR,0.0
PCAT5,0.0
LINC00251,0.0
LINC01173,0.0
LINC00850,0.0
ENSG00000280758,0.0
LINC01202,0.0
ENSG00000280778,0.0
JAKMIP2-AS1,0.0
ENSG00000280800,0.0
LINC00836,0.0
GSEC,0.017202834
ENSG00000280850,0.0
MIR325HG,0.0
ENSG00000280878,0.0
ENSG00000280881,0.0
ELDR,0.0
ENSG00000280893,0.0
FOXCUT,0.0
ENSG00000280920,0.0
LINC00628,0.0
ENSG00000280936,0.0
LINC01163,0.0
TTTY3B,0.0
RPS4Y2,0.0
MATR3,0.0
LINC00581,0.0
CCAT2,0.0
ENSG00000281016,0.0
ENSG00000281021,0.0
ENSG00000281039,0.0
LL0XNC01-250H12.3,0.0
LINC01395,0.0
TMEM272,0.0
ENSG00000281113,0.0
ENSG00000281120,0.0
PTENP1-AS,0.0
SCHLAP1,0.0034490775
ENSG00000281160,0.0
ENSG00000281179,0.0
ENSG00000281181,0.0
LINC00706,0.0039085452
GHET1,0.0
ENSG00000281195,0.0040978026
LINC00934,0.0
LINC01097,0.0
SLFNL1-AS1,0.0
LINC00254,0.0
LINC02536,0.0
SALRNA3,0.0
LINC01338,0.0
LINC00997,0.010944719
ENSG00000281333,0.0024159006
ENSG00000281348,0.0
ARRDC3-AS1,0.0014588954
RASSF1-AS1,0.017673254
ENSG00000281365,0.0
INE2,0.0
ABALON,0.0
ENSG00000281383,0.0
ENSG00000281386,0.0
LINC00506,0.0
SNHG4,0.0
LINC01176,0.0033456665
BLACAT1,0.0
PANDAR,0.0
ENSG00000281460,0.0
PISRT1,0.0
LINC01955,0.0
DNAJB5-DT,0.0
ENSG00000281538,0.0
LINC00895,0.0
ENSG00000281550,0.0
LSINCT5,0.0
LINC03077,0.0
ENSG00000281571,0.0
DBET,0.0
ENSG00000281593,0.0
ENSG00000281613,0.0
SAMD12-AS1,0.0
ENSG00000281655,0.0
LINC00538,0.0
RBM5-AS1,0.0
PACRG-AS1,0.0
LINC01012,0.0
LINC01080,0.0
METTL14-DT,0.0
ENSG00000281741,0.0
C2-AS1,0.0
LINC01230,0.0041653407
LINC00550,0.0
LINC01394,0.0
HCP5B,0.0
LINC00602,0.0
ENSG00000281849,0.0
ENSG00000281856,0.0
PAUPAR,0.0
ENSG00000281883,0.0
GIMAP1-GIMAP5,0.0
ASMER1,0.0
ENSG00000281904,0.0
LINC01144,0.004121915
ENSG00000281938,0.0
TRBJ1-4,0.0
ENSG00000281961,0.0
IGHV1-69-2,0.0
TMEM265,0.0
ENSG00000282012,0.011707522
ENSG00000282022,0.0
ENSG00000282024,0.0
ENSG00000282033,0.0037503093
ENSG00000282034,0.00485459
ENSG00000282041,0.0
ENSG00000282057,0.0048032473
IGHD3OR15-3B,0.0
ENSG00000282097,0.0
ENSG00000282121,0.0
IGHV7-4-1,0.0
TRBJ1-3,0.0
ENSG00000282142,0.0
ENSG00000282143,0.0
ENSG00000282160,0.0
TRBJ1-5,0.0
ENSG00000282199,0.009423965
ENSG00000282218,0.0
ENSG00000282221,0.0029368722
ENSG00000282265,0.0
IGHD2OR15-2B,0.0
ENSG00000282278,0.0
CYP3A7-CYP3A51P,0.0
ENSG00000282317,0.0037883243
TRBJ1-1,0.0
ENSG00000282375,0.0
ENSG00000282381,0.0
ENSG00000282386,0.003579421
ENSG00000282393,0.007601504
ENSG00000282408,0.045305792
ENSG00000282418,0.0
TEX13D,0.0
TRBJ1-2,0.0
TRBD1,0.0
ENSG00000282478,0.0
TRBV25-1,0.0
IGHD3OR15-3A,0.0
ENSG00000282527,0.0
ENSG00000282535,0.0
ENSG00000282556,0.0
ENSG00000282564,0.0
FAM138F,0.0
IGHD2OR15-2A,0.0
IGHV3-69-1,0.0
ENSG00000282602,0.0
IGHV3-64D,0.0
IGHV5-10-1,0.0
ENSG00000282686,0.0
ENSG00000282692,0.0
ENSG00000282718,0.0
ENSG00000282740,0.0
DUXB,0.0
ENSG00000282759,0.0
ENSG00000282772,0.0
TRBJ1-6,0.0
ENSG00000282787,0.0
ENSG00000282793,0.0
ENSG00000282804,0.0
ENSG00000282807,0.0
TEX13C,0.0
ENSG00000282816,0.0
ENSG00000282828,0.0
ENSG00000282836,0.0
MSL3-DT,0.0
ENSG00000282843,0.0
ENSG00000282849,0.0
ENSG00000282860,0.0
C1orf232,0.0018992205
ENSG00000282876,0.0016065517
TMEM275,0.0
ENSG00000282882,0.0
ENSG00000282885,0.0
ENSG00000282890,0.0
ENSG00000282898,0.0
ENSG00000282906,0.0
ENSG00000282914,0.0
LINC02746,0.0
ENSG00000282917,0.0
ENSG00000282925,0.0
ENSG00000282936,0.0
TRBV7-2,0.0
PSG11-AS1,0.0
ENSG00000282950,0.0
ENSG00000282951,0.0
ENSG00000282952,0.0
PRNCR1,0.003166271
LINC02034,0.0
ENSG00000282987,0.0
MPP7-DT,0.0
ENSG00000282998,0.0
LINC02635,0.0018521135
ENSG00000283001,0.0
ENSG00000283010,0.0
ENSG00000283025,0.0
ENSG00000283031,0.0
ENSG00000283033,0.0
LINC01988,0.0
KLF18,0.0
ENSG00000283044,0.0
LINC01668,0.0
LINC02456,0.0
ENSG00000283053,0.0
ENSG00000283058,0.0
ENSG00000283061,0.0
TRBV6-2,0.0
H2BC6-AS1,0.0
LBHD2,0.0
ENSG00000283072,0.0
ENSG00000283075,0.0
ENSG00000283078,0.00069066545
LINC02498,0.0
CENPVL2,0.0
ENSG00000283095,0.0
ENSG00000283096,0.0
MGC4859,0.0
ENSG00000283118,0.0
ENSG00000283125,0.0
ENSG00000283138,0.0
LINC02666,0.0019373919
ENSG00000283148,0.0
ENSG00000283149,0.0
IQCJ-SCHIP1,0.0
ENSG00000283157,0.0
ENSG00000283183,0.0
ENSG00000283189,0.0
IGHVII-43-1,0.0
C13orf46,0.0
ENSG00000283201,0.0029205554
ENSG00000283205,0.0
ENSG00000283208,0.0008016794
ENSG00000283213,0.0
LINC02537,0.0
ENSG00000283217,0.0
ENSG00000283221,0.0
SPRR5,0.0
ENSG00000283228,0.0
KBTBD11-OT1,0.0
ENSG00000283240,0.0
CCDC201,0.0
ENSG00000283258,0.0
ENSG00000283259,0.0
ENSG00000283265,0.0
FAM237B,0.0
TEX54,0.0
ENSG00000283286,0.0
SMIM33,0.0
TEX52,0.0
ENSG00000283303,0.0
LINC02183,0.0
LINC02357,0.0
ENSG00000283317,0.0
ENSG00000283321,0.0
CTXND2,0.0
FAM240B,0.0
ENSG00000283347,0.0
ENSG00000283360,0.0
CFAP97D2,0.0
ENSG00000283375,0.0
CNTNAP3C,0.0
ENSG00000283383,0.0
ENSG00000283392,0.0
ENSG00000283400,0.0
ENSG00000283405,0.0
MIR548A1HG,0.0
ENSG00000283413,0.0
ENSG00000283415,0.0
ENSG00000283417,0.0
LINC02452,0.0
ENSG00000283423,0.0
CCDC195,0.0
CSNK2A2IP,0.0
LINC01958,0.0
SPEM3,0.0
ENSG00000283445,0.0
ENSG00000283457,0.0
ENSG00000283458,0.0
ENSG00000283459,0.0
HSFX4,0.0
ENSG00000283464,0.0
FAM240A,0.0
ZNF511-PRAP1,0.0
LINC01902,0.0
ENSG00000283515,0.0
LITAFD,0.0
LINC02775,0.0
PRRT1B,0.0
TCAF2C,0.0
ENSG00000283536,0.0
ENSG00000283538,0.0
ENSG00000283546,0.0
LINC02341,0.0
IGHVIII-44,0.0
ENSG00000283563,0.0
C19orf85,0.0
ENSG00000283573,0.0
ENSG00000283579,0.0
ENSG00000283580,0.0
FAM236C,0.0
FAM169BP,0.0
ENSG00000283599,0.0
IGHVII-30-21,0.0
ENSG00000283608,0.0
ENSG00000283627,0.0
ENSG00000283629,0.0
ENSG00000283631,0.0
ENSG00000283635,0.0
ETDC,0.0
LINC02009,0.0
ENSG00000283647,0.0
CIROP,0.0
ENSG00000283662,0.0
ENSG00000283663,0.0
MYOCOS,0.004076722
ENSG00000283692,0.0
ENSG00000283696,0.004947244
HSFX3,0.0
PRSS50,0.0
TAF11L11,0.0
CPHXL,0.0
PMIS2,0.0
ENSG00000283761,0.0
ENSG00000283765,0.0
ENSG00000283766,0.0
ENSG00000283769,0.0
TAF11L13,0.0
PRR33,0.0
ENSG00000283809,0.0
ENSG00000283828,0.0017860121
ENSG00000283849,0.004135823
SSU72L4,0.0
ENSG00000283877,0.0
ENSG00000283897,0.0
TPTEP2-CSNK1E,0.007995749
IGHV4-80,0.0
ENSG00000283914,0.0
IGHVIII-16-1,0.0
ENSG00000283952,0.0
TAF11L8,0.0
ENSG00000283973,0.0
ENSG00000283977,0.0
GNG14,0.0
ENSG00000283982,0.0
TAF11L9,0.0
ENSG00000283991,0.010040541
SLURP2,0.0
SSU72L5,0.0
MSANTD7,0.0
TAF11L6,0.0
ENSG00000284057,0.0044429945
ENSG00000284070,0.0
C1orf202,0.005536662
SCO2,0.0
TAF11L5,0.0
LINC02767,0.0015039986
LINC02801,0.0
TAF11L4,0.0
ENSG00000284292,0.0
SSU72L2,0.0
C2orf81,0.024377802
ENSG00000284337,0.014283441
ENSG00000284341,0.0
TAF11L10,0.0
TAF11L2,0.0
ENSG00000284377,0.013311452
ENSG00000284391,0.0
ENSG00000284393,0.0
PERCC1,0.0
ENSG00000284418,0.0
ENSG00000284430,0.0
ENSG00000284431,0.0
SSU72L1,0.0
TAF11L3,0.0
ENSG00000284452,0.0
ENSG00000284461,0.0
TAF11L7,0.0
SMIM39,0.0
CPHXL2,0.0
THSD8,0.0
ENSG00000284500,0.0
LYNX1-SLURP2,0.0
ENSG00000284512,0.0
ENSG00000284513,0.0
ENSG00000284523,0.0
SSU72L3,0.0
ENSG00000284554,0.0
ENSG00000284600,0.0
ENSG00000284607,0.0
OR8B3,0.0
ENSG00000284612,0.0
ENSG00000284616,0.0
ENSG00000284618,0.0
SCYGR10,0.0
LINC02786,0.0
ENSG00000284626,0.0
SCYGR1,0.0
SCYGR4,0.0
ENSG00000284632,0.0
ENSG00000284633,0.0
SCYGR8,0.0
SMIM44,0.0
ENSG00000284640,0.0
ENSG00000284641,0.0
ENSG00000284642,0.0
SCYGR2,0.0
ENSG00000284645,0.0
ENSG00000284646,0.0
ENSG00000284650,0.0
ENSG00000284652,0.002911777
ENSG00000284653,0.0
ENSG00000284656,0.0
ENSG00000284657,0.0
OR4F16,0.0
ENSG00000284664,0.0
ENSG00000284666,0.0
SCYGR5,0.0
LINC02780,0.0
ENSG00000284669,0.0
ENSG00000284672,0.0
LINC02781,0.0
ENSG00000284675,0.0
ENSG00000284676,0.0
ENSG00000284677,0.0
LINC02811,0.0
OR8B2,0.0
ENSG00000284684,0.0
ENSG00000284686,0.0
ENSG00000284692,0.0021578877
LINC02606,0.01032281
ENSG00000284694,0.0
ENSG00000284695,0.0
LINC02808,0.0
ENSG00000284699,0.0
TMEM247,0.0
ENSG00000284702,0.0
ENSG00000284703,0.0
SCYGR3,0.0
ENSG00000284705,0.0
ENSG00000284708,0.0
ENSG00000284710,0.0
SMIM38,0.0023026841
ENSG00000284716,0.0
SCYGR7,0.0
ENSG00000284719,0.0040717297
ENSG00000284720,0.0
ENSG00000284721,0.0
OR8S1,0.0
SCYGR6,0.0
ENSG00000284726,0.0
TMDD1,0.0021603857
ENSG00000284732,0.0
OR4F29,0.0
ENSG00000284734,0.0
ENSG00000284735,0.0
ENSG00000284738,0.0
ENSG00000284739,0.0
ENSG00000284743,0.0056175096
ENSG00000284744,0.0
ENSG00000284745,0.0
ENSG00000284747,0.0
EEF1AKMT4,0.022036934
PDE8B,0.0
ENSG00000284772,0.0
ENSG00000284776,0.0
ENSG00000284779,0.0
SMIM41,0.0
CIST1,0.0
ENSG00000284800,0.0
ENSG00000284808,0.0
ENSG00000284809,0.0
ENSG00000284820,0.0
ENSG00000284823,0.0
ENSG00000284825,0.0
ENSG00000284837,0.0
ENSG00000284839,0.0
TOMT,0.0
ENSG00000284846,0.0
LINC02359,0.0
CCDC39,0.0
OOSP1,0.0
ENSG00000284874,0.0
ENSG00000284895,0.0
ENSG00000284906,0.0
ENSG00000284914,0.0
EEF1AKMT4-ECE2,0.0
LRTOMT,0.0
ENSG00000284928,0.002765767
ENSG00000284931,0.0
ENSG00000284934,0.0
ENSG00000284946,0.0
ENSG00000284948,0.008776267
ENSG00000284952,0.0
ENSG00000284956,0.0
ENSG00000284957,0.0
ENSG00000284968,0.018412177
ENSG00000284969,0.0
ENSG00000284976,0.03581769
UPK3BL2,0.0
ENSG00000284987,0.0
LINC02203,0.0
ENSG00000284989,0.0
ENSG00000284994,0.0
ENSG00000284999,0.0
ENSG00000285000,0.0
OOSP4A,0.0
ENSG00000285012,0.0
ENSG00000285018,0.0
MIURF,0.0
ENSG00000285040,0.0
ENSG00000285041,0.0
ENSG00000285042,0.0
ENSG00000285043,0.0
ENSG00000285064,0.0
ARHGAP11B,0.0
ENSG00000285079,0.0
ENSG00000285080,0.0
ENSG00000285082,0.0
ENSG00000285085,0.016180431
ENSG00000285090,0.0
LINC01488,0.0
ENSG00000285095,0.0
ENSG00000285100,0.0
PIGY-DT,0.011586159
ENSG00000285128,0.0039139013
ENSG00000285130,0.0
ENSG00000285133,0.0
ENSG00000285151,0.0
ENSG00000285159,0.0
ENSG00000285163,0.0
ENSG00000285165,0.0
ENSG00000285169,0.0
ENSG00000285171,0.0
ENSG00000285177,0.0
ENSG00000285179,0.0
PDE4C,0.0
ENSG00000285190,0.0
ENSG00000285201,0.0
SMN-AS1,0.0
LINC02795,0.0024368681
ENSG00000285212,0.0
ENSG00000285218,0.0
OOSP3,0.0
ENSG00000285238,0.0
ENSG00000285239,0.0
ENSG00000285245,0.0
ENSG00000285253,0.0020116798
ENSG00000285254,0.0
ENSG00000285269,0.0
TFAP2A-AS2,0.0067135394
ENSG00000285280,0.013814282
ENSG00000285283,0.0
ABCF2-H2BK1,0.0
LINC00842,0.0
ENSG00000285300,0.0
ENSG00000285304,0.0
ENSG00000285325,0.0
ENSG00000285329,0.0
ENSG00000285330,0.0
ENSG00000285347,0.0
ENSG00000285354,0.0
ENSG00000285361,0.0
ENSG00000285367,0.017985562
LINC02478,0.01832351
ENSG00000285374,0.0
ENSG00000285382,0.0
ENSG00000285404,0.0
ENSG00000285407,0.0
ENSG00000285409,0.0
ENSG00000285412,0.0
ENSG00000285413,0.0
SOD2-OT1,0.0
ENSG00000285444,0.0
ENSG00000285446,0.0
LNCARGI,0.0
ENSG00000285454,0.0
C4orf36,0.011983636
LINC02792,0.0
ENSG00000285471,0.0
OR4M2-OT1,0.0
ENSG00000285473,0.0
H2BK1,0.0
LINC03094,0.0
ENSG00000285486,0.0
ENSG00000285492,0.0023628785
ENSG00000285505,0.0
ENSG00000285508,0.0
TBCEL-TECTA,0.0
ENSG00000285513,0.0
ENSG00000241860,0.0
ENSG00000286448,0.0
LINC01128,0.0
ENSG00000242590,0.0
ENSG00000285812,0.0
ENSG00000240731,0.0
MRPL20-AS1,0.0
ENSG00000286989,0.0
ENSG00000287356,0.0
ENSG00000272161,0.0
ENSG00000272420,0.0
ENSG00000285945,0.0
ENSG00000287396,0.0
ENSG00000287828,0.0
ENSG00000286518,0.0
ENSG00000287586,0.0
CAMTA1-IT1,0.0
ENSG00000269925,0.0
ENSG00000285701,0.0
ENSG00000228150,0.0
ENSG00000241326,0.0
ENSG00000287727,0.0
ENSG00000285833,0.0
ENSG00000285646,0.0
ENSG00000287384,0.0
ENSG00000285604,0.0
ENSG00000287756,0.0
ENSG00000288398,0.0
ENSG00000286898,0.0
ENSG00000272084,0.0
ENSG00000287192,0.0
CDC42-AS1,0.0
CDC42-IT1,0.0
ENSG00000285873,0.0
ZBTB40-IT1,0.0
ENSG00000285802,0.0
NCMAP-DT,0.0
LINC02793,0.0
ENSG00000284309,0.0
ENSG00000287244,0.0
ENSG00000269971,0.0
ENSG00000270031,0.0
ENSG00000286433,0.0
SNHG3,0.0
ENSG00000287510,0.0
LINC01226,0.0
ENSG00000250135,0.0
ENSG00000287691,0.0
ENSG00000287703,0.0
ENSG00000286899,0.0
ENSG00000286379,0.0
ENSG00000284748,0.0
ENSG00000286552,0.0
ENSG00000287987,0.0
ENSG00000287422,0.0
BMP8B-AS1,0.0
ENSG00000260920,0.0
ENSG00000286838,0.0
ENSG00000287743,0.0
ENSG00000286668,0.0
ENSG00000287587,0.0
ENSG00000227527,0.0
ENSG00000285728,0.0
ENSG00000287113,0.0
ENSG00000285649,0.0
ERI3-IT1,0.0
ENSG00000230896,0.0
LINC01398,0.0
ENSG00000287661,0.0
ENSG00000286597,0.0
AGBL4-IT1,0.0
ENSG00000287078,0.0
ENSG00000285954,0.0
ENSG00000287582,0.0
ENSG00000230728,0.0
ENSG00000287724,0.0
ENSG00000284601,0.0
ENSG00000286918,0.0
FGGY-DT,0.0
NFIA-AS1,0.0
ENSG00000287224,0.0
ENSG00000286455,0.0
LINC00466,0.0
ENSG00000286429,0.0
DLEU2L,0.0
LINC01359,0.0
ENSG00000237852,0.0
ENSG00000275678,0.0
ENSG00000287453,0.0
ENSG00000287283,0.0
ZRANB2-DT,0.0
NEGR1-IT1,0.0
ENSG00000285778,0.0
ENSG00000287870,0.0
ENSG00000287647,0.0
ENSG00000285928,0.0
MGC27382,0.0
ENSG00000227960,0.0
TTLL7-IT1,0.0
ENSG00000284882,0.0
ENSG00000286758,0.0
ENSG00000286802,0.0
ENSG00000286548,0.0
ENSG00000230735,0.0
ENSG00000231613,0.0
ENSG00000287015,0.0
ENSG00000287406,0.0
ENSG00000287372,0.0
ENSG00000287076,0.0
LINC02788,0.0
ENSG00000287797,0.0
CCDC18-AS1,0.0
ENSG00000286692,0.0
ENSG00000231992,0.0
ENSG00000287919,0.0
DPYD-IT1,0.0
ENSG00000285530,0.0
ENSG00000285525,0.0
ENSG00000285981,0.0
ENSG00000285923,0.0
ENSG00000225113,0.0
LAMTOR5-AS1,0.0
ENSG00000261654,0.0
ENSG00000260948,0.0
ENSG00000243960,0.0
ENSG00000284830,0.0
KCND3-IT1,0.0
ENSG00000287807,0.0
ENSG00000282048,0.0
ENSG00000285698,0.0
ENSG00000287103,0.0
ENSG00000287217,0.0
ATP1A1-AS1,0.0
ENSG00000286276,0.0
ENSG00000287980,0.0
HAO2-IT1,0.0
LINC00622,0.0
NOTCH2NLR,0.0
ENSG00000287979,0.0
H3-7,0.0
ENSG00000287374,0.0
ENSG00000287190,0.0
ENSG00000287978,0.0
NOTCH2NLB,0.0
NOTCH2NLC,0.0
ENSG00000285184,0.0
LINC02988,0.0
ADAMTSL4-AS1,0.0
ENSG00000261168,0.0
ENSG00000232536,0.0
ENSG00000232937,0.0
ENSG00000285651,0.0
ENSG00000286581,0.0
LCE7A,0.0
ENSG00000285867,0.0
ENSG00000286391,0.0
ENSG00000287064,0.0
ASH1L-IT1,0.0
ENSG00000287839,0.0
ENSG00000285677,0.0
ENSG00000285570,0.0
ENSG00000287624,0.0
KIRREL1-IT1,0.0
SMIM42,0.0
ENSG00000287040,0.0
ENSG00000288093,0.0
ENSG00000285636,0.0
ENSG00000272574,0.0
ENSG00000269887,0.0
ENSG00000271917,0.0
ENSG00000230898,0.0
ENSG00000272033,0.0
ENSG00000287218,0.0
ENSG00000233411,0.0
ENSG00000287831,0.0
ENSG00000287282,0.0
DNM3-IT1,0.0
ENSG00000287336,0.0
GAS5,0.0
RC3H1-IT1,0.0
RABGAP1L-IT1,0.0
ENSG00000287697,0.0
TNR-IT1,0.0
ENSG00000286754,0.0
ENSG00000285910,0.0
ENSG00000261060,0.0
ENSG00000287452,0.0
DHX9-AS1,0.0
ENSG00000287929,0.0
ENSG00000286372,0.0
SMG7-AS1,0.0
ENSG00000286966,0.0
ENSG00000286655,0.0
ENSG00000230470,0.0
ENSG00000285847,0.0
ENSG00000286378,0.0
ENSG00000288078,0.0
ENSG00000285894,0.0
ENSG00000287472,0.0
ENSG00000285638,0.0
ENSG00000286285,0.0
ENSG00000285718,0.0
ENSG00000287364,0.0
ENSG00000287989,0.0
ENSG00000286541,0.0
ENSG00000224818,0.0
ENSG00000249007,0.0
ENSG00000286383,0.0
ENSG00000287197,0.0
ENSG00000285521,0.0
PM20D1-AS1,0.0
ENSG00000287432,0.0
ENSG00000287220,0.0
ENSG00000286198,0.0
ENSG00000287046,0.0
MIR205HG,0.0
ENSG00000287902,0.0
ENSG00000287343,0.0
ENSG00000287354,0.0
ENSG00000287157,0.0
ENSG00000284376,0.0
KCNH1-IT1,0.0
ENSG00000287033,0.0
ENSG00000261314,0.0
ENSG00000230063,0.0
ENSG00000229832,0.0
ENSG00000287445,0.0
ENSG00000288007,0.0
PROX1-AS1,0.0
ENSG00000228470,0.0
ENSG00000287008,0.0
ENSG00000286775,0.0
TGFB2-OT1,0.0
ENSG00000287676,0.0
ENSG00000286398,0.0
ENSG00000286421,0.0
ENSG00000287684,0.0
ENSG00000287338,0.0
ENSG00000232628,0.0
CNIH3-AS2,0.0
ENSG00000286174,0.0
ENSG00000286719,0.0
LINC02765,0.0
ENSG00000226349,0.0
ENSG00000248322,0.0
ENSG00000287627,0.0
ITPKB-IT1,0.0
ENSG00000287259,0.0
ENSG00000287532,0.0
ENSG00000287525,0.0
ENSG00000287205,0.0
ENSG00000286389,0.0
ENSG00000287895,0.0
ENSG00000286773,0.0
ENSG00000287315,0.0
ENSG00000226920,0.0
ENSG00000288037,0.0
ENSG00000287395,0.0
ENSG00000286071,0.0
DISC1-IT1,0.0
ENSG00000286774,0.0
ENSG00000287423,0.0
ENSG00000286109,0.0
ENSG00000286666,0.0
ENSG00000287921,0.0
ENSG00000231272,0.0
ENSG00000286210,0.0
ENSG00000287633,0.0
ENSG00000286263,0.0
ENSG00000286142,0.0
ENSG00000288099,0.0
ENSG00000287177,0.0
ENSG00000287589,0.0
RPS7P5,0.0
ENSG00000231440,0.0
ENSG00000286496,0.0
ENSG00000287516,0.0
ENSG00000287738,0.0
ENSG00000287513,0.0
ENSG00000232184,0.0
AKT3-IT1,0.0
ENSG00000286486,0.0
ENSG00000287531,0.0
ENSG00000287601,0.0
SMYD3-IT1,0.0
ENSG00000225300,0.0
LINC01341,0.0
ENSG00000286747,0.0
ENSG00000286216,0.0
ENSG00000228643,0.0
ENSG00000287583,0.0
EIPR1-IT1,0.0
ENSG00000287126,0.0
ENSG00000242540,0.0
SILC1,0.0
ENSG00000286851,0.0
GRASLND,0.0
ENSG00000229727,0.0
ENSG00000287119,0.0
ENSG00000286857,0.0
ENSG00000285591,0.0
ENSG00000242136,0.0
ENSG00000287305,0.0
ENSG00000285872,0.0
ENSG00000285569,0.0
ENSG00000228496,0.0
ENSG00000286427,0.0
ENSG00000225649,0.0
ENSG00000285876,0.0
ENSG00000287291,0.0
ENSG00000287881,0.0
ENSG00000287849,0.0
ENSG00000287284,0.0
HS1BP3-IT1,0.0
ENSG00000287956,0.0
ENSG00000286829,0.0
ENSG00000286645,0.0
ENSG00000286707,0.0
MAPRE3-AS1,0.0
AGBL5-IT1,0.0
ENSG00000270640,0.0
ENSG00000286963,0.0
ENSG00000287658,0.0
ENSG00000285984,0.0
ENSG00000276334,0.0
ENSG00000276517,0.0
ENSG00000274159,0.0
ENSG00000285577,0.0
ENSG00000286415,0.0
ENSG00000285754,0.0
ENSG00000272054,0.0
ENSG00000285925,0.0
SOS1-IT1,0.0
ENSG00000273035,0.0
ENSG00000287255,0.0
ENSG00000285898,0.0
ENSG00000287468,0.0
ENSG00000287145,0.0
ENSG00000286796,0.0
LINC01121,0.0
ENSG00000286728,0.0
ENSG00000285548,0.0
ENSG00000286412,0.0
ENSG00000287867,0.0
ENSG00000287344,0.0
ENSG00000285519,0.0
ENSG00000285755,0.0
ENSG00000286604,0.0
ENSG00000285611,0.0
ENSG00000287640,0.0
ENSG00000267520,0.0
ENSG00000273302,0.0
ENSG00000285857,0.0
ENSG00000286360,0.0
ENSG00000286524,0.0
ENSG00000286480,0.0
ENSG00000287123,0.0
ENSG00000232693,0.0
ENSG00000286002,0.0
ENSG00000286347,0.0
PCBP1-AS1,0.0
TGFA-IT1,0.0
ENSG00000286979,0.0
ENSG00000288065,0.0
ENSG00000272702,0.0
ENSG00000287435,0.0
ENSG00000285068,0.0
ALMS1-IT1,0.0
ENSG00000284902,0.0
ENSG00000287250,0.0
ENSG00000286244,0.0
ENSG00000286623,0.0
ENSG00000286883,0.0
ENSG00000287687,0.0
ENSG00000286739,0.0
ENSG00000271452,0.0
ENSG00000286045,0.0
ENSG00000287474,0.0
ENSG00000287172,0.0
ENSG00000287749,0.0
ENSG00000287026,0.0
ENSG00000287130,0.0
ENSG00000286202,0.0
ENSG00000287025,0.0
ENSG00000286932,0.0
ENSG00000286260,0.0
ENSG00000224879,0.0
ENSG00000286227,0.0
ENSG00000286211,0.0
ENSG00000287625,0.0
TCF7L1-IT1,0.0
ENSG00000286011,0.0
PARTICL,0.0
ENSG00000287628,0.0
ENSG00000287931,0.0
ENSG00000287763,0.0
ENSG00000287670,0.0
ENSG00000286698,0.0
ENSG00000287362,0.0
STARD7-AS1,0.0
ENSG00000286654,0.0
ENSG00000286036,0.0
ENSG00000227987,0.0
ENSG00000287832,0.0
ENSG00000286737,0.0
ENSG00000286047,0.0
ENSG00000286101,0.0
ENSG00000287771,0.0
ENSG00000236525,0.0
ENSG00000234389,0.0
ENSG00000286290,0.0
ENSG00000287793,0.0
PANTR1,0.0
ENSG00000269707,0.0
LINC01159,0.0
ENSG00000287135,0.0
LINC02946,0.0
ENSG00000287308,0.0
ST6GAL2-IT1,0.0
ENSG00000286218,0.0
ENSG00000286769,0.0
ENSG00000230696,0.0
ENSG00000285016,0.0
ENSG00000286904,0.0
ENSG00000287141,0.0
ENSG00000286545,0.0
ENSG00000243389,0.0
ENSG00000287937,0.0
PAX8-AS1,0.0
ENSG00000287165,0.0
ENSG00000286513,0.0
ENSG00000286776,0.0
ENSG00000287451,0.0
ENSG00000286370,0.0
ENSG00000286481,0.0
ENSG00000287871,0.0
ENSG00000287854,0.0
ENSG00000286384,0.0
ENSG00000286206,0.0
ENSG00000286515,0.0
ENSG00000286971,0.0
ENSG00000286400,0.0
ENSG00000286145,0.0
ENSG00000287742,0.0
ENSG00000286873,0.0
ENSG00000286957,0.0
ENSG00000286208,0.0
LINC03124,0.0
ENSG00000287414,0.0
ENSG00000286833,0.0
ENSG00000286068,0.0
NCKAP5-IT1,0.0
ENSG00000286697,0.0
ENSG00000287463,0.0
ENSG00000287147,0.0
ENSG00000244125,0.0
ENSG00000283994,0.0
LINC02993,0.0
ENSG00000286225,0.0
ENSG00000287847,0.0
ENSG00000286167,0.0
ENSG00000286335,0.0
ENSG00000286081,0.0
ENSG00000288066,0.0
ENSG00000286234,0.0
ENSG00000287085,0.0
ENSG00000286207,0.0
ENSG00000227400,0.0
ENSG00000287900,0.0
ENSG00000286679,0.0
ENSG00000287048,0.0
ENSG00000286530,0.0
ENSG00000286621,0.0
ENSG00000287091,0.0
ENSG00000251621,0.0
ENSG00000288091,0.0
ENSG00000288089,0.0
TTC21B-AS1,0.0
CERS6-AS1,0.0
ENSG00000286611,0.0
ENSG00000286115,0.0
ENSG00000288048,0.0
ENSG00000286557,0.0
ENSG00000213963,0.0
ENSG00000236664,0.0
ENSG00000287149,0.0
ENSG00000287536,0.0
ENSG00000287621,0.0
ENSG00000286879,0.0
ENSG00000286807,0.0
ENSG00000286152,0.0
ENSG00000286980,0.0
ENSG00000286797,0.0
ENSG00000287129,0.0
ENSG00000223523,0.0
ENSG00000287418,0.0
ASDURF,0.0
ENSG00000284052,0.0
STAT4-AS1,0.0
ENSG00000288064,0.0
ENSG00000286358,0.0
ENSG00000286868,0.0
ENSG00000286539,0.0
ANKRD44-IT1,0.0
ENSG00000286020,0.0
ENSG00000232732,0.0
ENSG00000287027,0.0
ENSG00000287299,0.0
ENSG00000234431,0.0
ENSG00000287133,0.0
ENSG00000287041,0.0
ENSG00000286223,0.0
ENSG00000287524,0.0
CMKLR2-AS,0.0
KLF7-IT1,0.0
ENSG00000286568,0.0
ENSG00000225111,0.0
ENSG00000231896,0.0
ENSG00000287662,0.0
ENSG00000286249,0.0
CPS1-IT1,0.0
ENSG00000273118,0.0
ENSG00000286965,0.0
VWC2L-IT1,0.0
ENSG00000286836,0.0
RPL37A-DT,0.0
ENSG00000287498,0.0
ENSG00000261338,0.0
CATIP-AS1,0.0
ENSG00000286154,0.0
ENSG00000286606,0.0
ENSG00000287529,0.0
SPEGNB,0.0
ENSG00000286199,0.0
ENSG00000286272,0.0
ENSG00000286170,0.0
ENSG00000261379,0.0
ENSG00000286772,0.0
ENSG00000287791,0.0
FBXO36-IT1,0.0
ENSG00000261829,0.0
ENSG00000224376,0.0
ENSG00000286942,0.0
ENSG00000286399,0.0
ENSG00000261096,0.0
ENSG00000241409,0.0
ENSG00000222001,0.0
UGT1A5,0.0
UGT1A3,0.0
ENSG00000286059,0.0
ENSG00000288040,0.0
ENSG00000235726,0.0
AGAP1-IT1,0.0
ENSG00000286864,0.0
LINC02610,0.0
ENSG00000225057,0.0
ENSG00000286160,0.0
ENSG00000286748,0.0
ENSG00000286307,0.0
ENSG00000287405,0.0
ENSG00000286525,0.0
ENSG00000288082,0.0
ENSG00000286188,0.0
ENSG00000286325,0.0
ENSG00000286183,0.0
GPC1-AS1,0.0
ENSG00000287049,0.0
UICLM,0.0
ENSG00000286588,0.0
ENSG00000288080,0.0
LINC01237,0.0
ENSG00000287971,0.0
CHL1-AS2,0.0
ENSG00000287140,0.0
ENSG00000287505,0.0
ENSG00000286363,0.0
ENSG00000287720,0.0
ENSG00000286579,0.0
ENSG00000288030,0.0
ENSG00000287623,0.0
ENSG00000287878,0.0
ENSG00000287086,0.0
ATP2B2-IT1,0.0
ATP2B2-IT2,0.0
ENSG00000286962,0.0
ENSG00000287964,0.0
ENSG00000285906,0.0
ENSG00000287059,0.0
ENSG00000285969,0.0
ENSG00000288077,0.0
ENSG00000287042,0.0
ENSG00000286689,0.0
ENSG00000285654,0.0
ENSG00000287377,0.0
ENSG00000288050,0.0
ENSG00000285731,0.0
ENSG00000286352,0.0
ENSG00000272477,0.0
SATB1-AS1,0.0
ENSG00000287069,0.0
SGO1-AS1,0.0
THRB-IT1,0.0
THRB-AS1,0.0
LINC00692,0.0
ENSG00000287348,0.0
ENSG00000287774,0.0
ENSG00000261468,0.0
ENSG00000261572,0.0
ENSG00000287981,0.0
ENSG00000287641,0.0
ITGA9-AS1,0.0
ENSG00000287620,0.0
ENSG00000287995,0.0
ENSG00000287958,0.0
ENSG00000287780,0.0
ENSG00000286781,0.0
ENSG00000285885,0.0
EIF1B-AS1,0.0
ENSG00000287415,0.0
ENSG00000287629,0.0
ENSG00000287417,0.0
ENSG00000273328,0.0
ENSG00000285788,0.0
ENSG00000286570,0.0
ENSG00000214773,0.0
RHOA-IT1,0.0
ENSG00000213600,0.0
ENSG00000288063,0.0
ENSG00000287707,0.0
ENSG00000285685,0.0
ENSG00000286419,0.0
GLYCTK-AS1,0.0
ENSG00000286531,0.0
ENSG00000288029,0.0
ENSG00000286353,0.0
ESRG,0.0
ERC2-IT1,0.0
ENSG00000286952,0.0
ENSG00000287502,0.0
PTPRG-AS1,0.0
ENSG00000270059,0.0
MAGI1-IT1,0.0
ENSG00000288039,0.0
ENSG00000285738,0.0
ENSG00000287873,0.0
ENSG00000286967,0.0
ENSG00000287669,0.0
FOXP1-IT1,0.0
ENSG00000287131,0.0
ENSG00000287882,0.0
ENSG00000287595,0.0
ENSG00000287398,0.0
ENSG00000287567,0.0
ENSG00000288105,0.0
ENSG00000287053,0.0
ENSG00000288004,0.0
ENSG00000286567,0.0
ENSG00000287158,0.0
ENSG00000287273,0.0
ENSG00000285780,0.0
ENSG00000286516,0.0
ENSG00000286447,0.0
ENSG00000285614,0.0
ENSG00000286602,0.0
ENSG00000287378,0.0
ENSG00000287421,0.0
ENSG00000286956,0.0
ENSG00000279277,0.0
ENSG00000286492,0.0
CD200R1L-AS1,0.0
ENSG00000288079,0.0
ENSG00000287805,0.0
ENSG00000285836,0.0
ENSG00000287795,0.0
ENSG00000288074,0.0
ENSG00000241596,0.0
ENSG00000286660,0.0
ENSG00000286584,0.0
ENSG00000286735,0.0
ENSG00000287366,0.0
ENSG00000287022,0.0
ENSG00000287207,0.0
ENSG00000260391,0.0
ENSG00000288022,0.0
ENSG00000284624,0.0
ENSG00000287617,0.0
LINC02614,0.0
ENSG00000287232,0.0
ENSG00000287784,0.0
PRR20G,0.0
ENSG00000285600,0.0
ENSG00000287143,0.0
ENSG00000285619,0.0
ENSG00000286806,0.0
ACAD9-DT,0.0
ENSG00000286729,0.0
ENSG00000203644,0.0
ENSG00000285631,0.0
NUDT16-DT,0.0
ENSG00000261167,0.0
ENSG00000285908,0.0
ENSG00000286982,0.0
ENSG00000240086,0.0
ENSG00000286988,0.0
ENSG00000248773,0.0
ENSG00000287155,0.0
RASA2-IT1,0.0
ENSG00000286822,0.0
ENSG00000244327,0.0
ENSG00000287045,0.0
ENSG00000241679,0.0
ENSG00000240888,0.0
ENSG00000261051,0.0
ENSG00000285798,0.0
ENSG00000285557,0.0
ENSG00000287198,0.0
ENSG00000286714,0.0
WWTR1-IT1,0.0
ENSG00000287688,0.0
ENSG00000286273,0.0
ENSG00000287706,0.0
LINC02006,0.0
ARHGEF26-AS1,0.0
ENSG00000214919,0.0
ENSG00000286585,0.0
ENSG00000288032,0.0
ENSG00000287916,0.0
ENSG00000286361,0.0
ENSG00000286892,0.0
ENSG00000271778,0.0
ENSG00000286913,0.0
ENSG00000288087,0.0
ENSG00000287319,0.0
ENSG00000286994,0.0
ENSG00000242795,0.0
SLC7A14-AS1,0.0
ENSG00000244738,0.0
ENSG00000286695,0.0
ENSG00000286856,0.0
TMEM212-IT1,0.0
ENSG00000287899,0.0
ENSG00000287012,0.0
NAALADL2-AS3,0.0
ENSG00000288104,0.0
ENSG00000286003,0.0
LINC01014,0.0
ENSG00000287645,0.0
SOX2-OT,0.0
ENSG00000286453,0.0
ENSG00000287605,0.0
ENSG00000286086,0.0
BCL6-AS1,0.0
ENSG00000287178,0.0
ENSG00000286624,0.0
ENSG00000287206,0.0
LINC02028,0.0
ENSG00000286317,0.0
ENSG00000244675,0.0
ENSG00000287073,0.0
ENSG00000287005,0.0
ACAP2-IT1,0.0
ENSG00000286004,0.0
ENSG00000286168,0.0
ENSG00000286661,0.0
ENSG00000230732,0.0
ENSG00000286017,0.0
ENSG00000286870,0.0
ENSG00000286909,0.0
ENSG00000287286,0.0
ENSG00000275426,0.0
ENSG00000286705,0.0
ENSG00000286205,0.0
ENSG00000254094,0.0
ENSG00000253399,0.0
ENSG00000248399,0.0
ENSG00000287099,0.0
ENSG00000286900,0.0
LINC00955,0.0
STX18-IT1,0.0
LINC01587,0.0
ENSG00000287786,0.0
ENSG00000286176,0.0
ENSG00000287331,0.0
ENSG00000287104,0.0
ENSG00000187904,0.0
ENSG00000287164,0.0
ENSG00000258507,0.0
ENSG00000288075,0.0
ENSG00000287972,0.0
ENSG00000287117,0.0
ENSG00000287154,0.0
ENSG00000287778,0.0
ENSG00000286297,0.0
ENSG00000287360,0.0
ENSG00000286280,0.0
ENSG00000286888,0.0
ENSG00000287081,0.0
ENSG00000286046,0.0
SLIT2-IT1,0.0
ENSG00000286318,0.0
ENSG00000287389,0.0
ENSG00000286321,0.0
ENSG00000286141,0.0
ENSG00000286596,0.0
ENSG00000286212,0.0
ENSG00000286784,0.0
ENSG00000287968,0.0
ENSG00000288321,0.0
ENSG00000287320,0.0
ENSG00000287416,0.0
LINC02616,0.0
ENSG00000288073,0.0
ENSG00000287659,0.0
KLF3-AS1,0.0
ENSG00000287262,0.0
ENSG00000286349,0.0
ENSG00000260296,0.0
ENSG00000286089,0.0
ENSG00000287182,0.0
ENSG00000287762,0.0
ENSG00000250657,0.0
ENSG00000286891,0.0
ENSG00000260878,0.0
ENSG00000260918,0.0
ENSG00000282904,0.0
ENSG00000286294,0.0
ENSG00000287999,0.0
DANCR,0.0
ENSG00000286161,0.0
LNX1-AS2,0.0
ENSG00000249341,0.0
ENSG00000249706,0.0
ENSG00000287534,0.0
ENSG00000287060,0.0
SRD5A3-AS1,0.0
ENSG00000287382,0.0
ENSG00000286093,0.0
ENSG00000287369,0.0
ENSG00000285998,0.0
LINC02619,0.0
ENSG00000286097,0.0
ENSG00000287174,0.0
ENSG00000286664,0.0
LINC02835,0.0
ENSG00000287383,0.0
ENSG00000286848,0.0
ENSG00000287037,0.0
ENSG00000287375,0.0
ENSG00000286074,0.0
ENSG00000287401,0.0
ENSG00000287632,0.0
ENSG00000286490,0.0
ENSG00000286035,0.0
LINC02994,0.0
WDFY3-AS2,0.0
ENSG00000286618,0.0
ENSG00000287181,0.0
ENSG00000287239,0.0
ENSG00000287392,0.0
ENSG00000287552,0.0
ENSG00000287841,0.0
ENSG00000254044,0.0
ENSG00000287512,0.0
ENSG00000286150,0.0
LINC01216,0.0
LINC01217,0.0
LINC01218,0.0
ENSG00000286124,0.0
ENSG00000286242,0.0
ENSG00000286291,0.0
ARHGEF38-IT1,0.0
ENSG00000286147,0.0
LEF1-AS1,0.0
ENSG00000286136,0.0
ENSG00000287845,0.0
ENSG00000287520,0.0
ENSG00000287290,0.0
ENSG00000286637,0.0
ENSG00000286269,0.0
ENSG00000286241,0.0
ENSG00000287692,0.0
ENSG00000287951,0.0
ENSG00000286700,0.0
ENSG00000286734,0.0
ENSG00000286251,0.0
ENSG00000287021,0.0
ENSG00000287748,0.0
ENSG00000286467,0.0
ENSG00000286253,0.0
ENSG00000287441,0.0
ENSG00000287144,0.0
SLC7A11-AS1,0.0
ENSG00000286896,0.0
ENSG00000286320,0.0
ENSG00000287449,0.0
ENSG00000286771,0.0
ENSG00000286055,0.0
ENSG00000285783,0.0
ENSG00000286371,0.0
ENSG00000287292,0.0
ENSG00000249317,0.0
ENSG00000287565,0.0
ENSG00000286711,0.0
ENSG00000286066,0.0
LINC03074,0.0
ENSG00000286720,0.0
ENSG00000287504,0.0
ENSG00000287555,0.0
ENSG00000287642,0.0
ENSG00000287216,0.0
ENSG00000287730,0.0
ENSG00000260244,0.0
ENSG00000286862,0.0
ENSG00000287226,0.0
ENSG00000287822,0.0
ENSG00000286558,0.0
ENSG00000287072,0.0
ENSG00000285563,0.0
ENSG00000287424,0.0
ENSG00000287188,0.0
ENSG00000286302,0.0
ENSG00000287660,0.0
ENSG00000288003,0.0
ENSG00000287298,0.0
ENSG00000286580,0.0
ENSG00000287210,0.0
ENSG00000288025,0.0
ENSG00000286226,0.0
ENSG00000286039,0.0
ENSG00000287544,0.0
ENSG00000287083,0.0
ENSG00000287775,0.0
ENSG00000286860,0.0
ENSG00000287948,0.0
ENSG00000248266,0.0
ENSG00000286119,0.0
ENSG00000286821,0.0
ENSG00000287349,0.0
ENSG00000248206,0.0
ENSG00000287433,0.0
ENSG00000270426,0.0
ENSG00000286256,0.0
ENSG00000287183,0.0
ENSG00000287667,0.0
ENSG00000287169,0.0
ENSG00000287571,0.0
ENSG00000286641,0.0
ENSG00000261434,0.0
SLC9A3-AS1,0.0
ENSG00000287600,0.0
ENSG00000287486,0.0
ENSG00000286388,0.0
ENSG00000288108,0.0
ENSG00000286753,0.0
ENSG00000286986,0.0
ENSG00000287031,0.0
ENSG00000287790,0.0
ENSG00000286254,0.0
ENSG00000285689,0.0
ENSG00000287947,0.0
ENSG00000250001,0.0
ENSG00000248525,0.0
ENSG00000286556,0.0
ENSG00000287581,0.0
ENSG00000286970,0.0
ENSG00000286441,0.0
ENSG00000286377,0.0
H3Y2,0.0
ENSG00000286751,0.0
ENSG00000253104,0.0
ENSG00000287471,0.0
ENSG00000286961,0.0
ENSG00000286134,0.0
ENSG00000287199,0.0
ENSG00000286454,0.0
ENSG00000286238,0.0
ENSG00000286625,0.0
ENSG00000286204,0.0
ENSG00000286432,0.0
ENSG00000286182,0.0
ENSG00000287940,0.0
ENSG00000248624,0.0
ENSG00000249114,0.0
ENSG00000249688,0.0
ENSG00000286741,0.0
ENSG00000286543,0.0
ENSG00000287634,0.0
NIPBL-DT,0.0
CPLANE1-AS1,0.0
ENSG00000286809,0.0
ENSG00000287597,0.0
ENSG00000285552,0.0
ENSG00000285616,0.0
OXCT1-AS1,0.0
ENSG00000286271,0.0
ENSG00000286656,0.0
ANXA2R-OT1,0.0
ENSG00000287540,0.0
ENSG00000288035,0.0
ENSG00000286048,0.0
ENSG00000285831,0.0
ENSG00000287087,0.0
ENSG00000287367,0.0
ENSG00000240535,0.0
ENSG00000285997,0.0
ENSG00000234553,0.0
ENSG00000287709,0.0
ENSG00000286853,0.0
ENSG00000287434,0.0
LINC03122,0.0
ENSG00000287179,0.0
ENSG00000248285,0.0
ENSG00000286314,0.0
ENSG00000285999,0.0
ENSG00000286062,0.0
MAST4-IT1,0.0
ENSG00000286647,0.0
ENSG00000250978,0.0
ENSG00000285804,0.0
ENSG00000261269,0.0
ENSG00000287090,0.0
ENSG00000287701,0.0
ENSG00000287162,0.0
ENSG00000286818,0.0
ENSG00000286721,0.0
ENSG00000287938,0.0
ATG10-IT1,0.0
ENSG00000287783,0.0
ENSG00000287862,0.0
LINC01339,0.0
ENSG00000260871,0.0
ENSG00000255647,0.0
ENSG00000285618,0.0
ENSG00000286638,0.0
ENSG00000286121,0.0
ENSG00000286509,0.0
ENSG00000287180,0.0
ENSG00000287447,0.0
ENSG00000251023,0.0
ENSG00000286577,0.0
ENSG00000270133,0.0
ENSG00000250362,0.0
ENSG00000286828,0.0
ENSG00000286953,0.0
ENSG00000286338,0.0
ENSG00000283462,0.0
ENSG00000286503,0.0
ENSG00000286882,0.0
ENSG00000286839,0.0
TRIM36-IT1,0.0
LINCADL,0.0
ENSG00000285809,0.0
ENSG00000286745,0.0
ENSG00000260686,0.0
ENSG00000251456,0.0
ENSG00000288008,0.0
ENSG00000286615,0.0
ENSG00000248634,0.0
ENSG00000286274,0.0
ENSG00000287390,0.0
MIR3936HG,0.0
ENSG00000287054,0.0
ENSG00000286408,0.0
ENSG00000286403,0.0
ENSG00000254363,0.0
ENSG00000250069,0.0
ENSG00000288095,0.0
ENSG00000273557,0.0
ENSG00000286736,0.0
ENSG00000287527,0.0
ENSG00000287726,0.0
ENSG00000287203,0.0
ARHGAP26-IT1,0.0
ENSG00000249881,0.0
ENSG00000249605,0.0
ENSG00000285605,0.0
ENSG00000271724,0.0
PPP2R2B-IT1,0.0
ENSG00000286468,0.0
ENSG00000287630,0.0
ENSG00000253297,0.0
ENSG00000285736,0.0
ENSG00000287323,0.0
ENSG00000286331,0.0
ENSG00000286657,0.0
ENSG00000288081,0.0
ENSG00000286749,0.0
ENSG00000287695,0.0
ENSG00000287963,0.0
ENSG00000286690,0.0
NIPAL4-DT,0.0
ENSG00000285590,0.0
ENSG00000285549,0.0
ENSG00000253357,0.0
ENSG00000285914,0.0
ENSG00000287814,0.0
ENSG00000287003,0.0
ENSG00000254011,0.0
ENSG00000286350,0.0
ENSG00000250820,0.0
ENSG00000287579,0.0
ENSG00000283235,0.0
ZNF346-IT1,0.0
ENSG00000286634,0.0
GMCL2,0.0
ENSG00000245688,0.0
ENSG00000286713,0.0
MSANTD5,0.0
ENSG00000285865,0.0
HEIH,0.0
ENSG00000286128,0.0
ENSG00000286644,0.0
TRIM52-AS1,0.0
ENSG00000286310,0.0
LIRIL2R,0.0
ENSG00000287265,0.0
ENSG00000286364,0.0
ENSG00000287293,0.0
LINC01622,0.0
ENSG00000286324,0.0
ENSG00000285603,0.0
ENSG00000286512,0.0
ENSG00000287903,0.0
ENSG00000287761,0.0
ENSG00000285694,0.0
ENSG00000285717,0.0
ENSG00000287497,0.0
ENSG00000225092,0.0
ENSG00000285771,0.0
HULC,0.0
ENSG00000285763,0.0
ENSG00000287920,0.0
ENSG00000287593,0.0
ENSG00000286316,0.0
ENSG00000285639,0.0
ENSG00000286281,0.0
ENSG00000286277,0.0
ENSG00000287626,0.0
ENSG00000287347,0.0
ENSG00000286631,0.0
ENSG00000287359,0.0
ENSG00000287559,0.0
ENSG00000286885,0.0
ENSG00000287138,0.0
ENSG00000286590,0.0
ENSG00000287483,0.0
E2F3-IT1,0.0
ENSG00000287404,0.0
ENSG00000286368,0.0
ENSG00000286954,0.0
ENSG00000285801,0.0
ENSG00000286933,0.0
H3C2,0.0
H3C3,0.0
ENSG00000287050,0.0
ENSG00000285571,0.0
LARRPM,0.0
ENSG00000285849,0.0
ENSG00000286652,0.0
ENSG00000285703,0.0
ENSG00000287674,0.0
ENSG00000287252,0.0
ENSG00000287804,0.0
ENSG00000286819,0.0
ENSG00000287279,0.0
HLA-F-AS1,0.0
ENSG00000285761,0.0
ENSG00000286301,0.0
PSORS1C3,0.0
ENSG00000285647,0.0
HCP5,0.0
MICB-DT,0.0
ENSG00000286974,0.0
ENSG00000284954,0.0
ENSG00000273333,0.0
ENSG00000232080,0.0
ENSG00000223837,0.0
SMIM40,0.0
ENSG00000287089,0.0
ENSG00000225339,0.0
ENSG00000286550,0.0
ENSG00000287458,0.0
DINOL,0.0
ENSG00000285888,0.0
ENSG00000287891,0.0
TMEM217B,0.0
ENSG00000286672,0.0
ENSG00000236075,0.0
ENSG00000226454,0.0
ENSG00000287678,0.0
CIMIP3,0.0
ENSG00000288010,0.0
ENSG00000287825,0.0
ENSG00000287055,0.0
ENSG00000287266,0.0
ENSG00000287562,0.0
ENSG00000286417,0.0
ENSG00000287485,0.0
ENSG00000286811,0.0
ENSG00000287137,0.0
ENSG00000286405,0.0
ENSG00000261745,0.0
ENSG00000287745,0.0
ENSG00000261116,0.0
ENSG00000227602,0.0
ENSG00000287598,0.0
ENSG00000287679,0.0
ENSG00000285976,0.0
ENSG00000286680,0.0
ENSG00000285838,0.0
ENSG00000288088,0.0
ENSG00000287300,0.0
ENSG00000287939,0.0
ENSG00000287380,0.0
ENSG00000285963,0.0
KCNQ5-DT,0.0
ENSG00000286340,0.0
LCAL1,0.0
ENSG00000285586,0.0
ENSG00000287816,0.0
ENSG00000288071,0.0
ENSG00000226089,0.0
ENSG00000232031,0.0
ENSG00000286875,0.0
ENSG00000287705,0.0
ENSG00000287294,0.0
SNHG5,0.0
ENSG00000288021,0.0
ENSG00000286278,0.0
ENSG00000286871,0.0
ENSG00000288009,0.0
ENSG00000287789,0.0
ENSG00000285961,0.0
ENSG00000287683,0.0
ENSG00000288085,0.0
ENSG00000287578,0.0
TSTD3,0.0
ENSG00000287397,0.0
ENSG00000287499,0.0
ENSG00000288084,0.0
ENSG00000287616,0.0
ENSG00000227535,0.0
ENSG00000286084,0.0
ENSG00000269919,0.0
ENSG00000286562,0.0
ENSG00000287044,0.0
ENSG00000286691,0.0
ENSG00000287268,0.0
REV3L-IT1,0.0
ENSG00000286616,0.0
ENSG00000286914,0.0
ENSG00000287728,0.0
ENSG00000287097,0.0
ENSG00000287933,0.0
ENSG00000287253,0.0
ENSG00000286339,0.0
ENSG00000287100,0.0
ENSG00000286540,0.0
ENSG00000287992,0.0
ENSG00000287258,0.0
ENSG00000272472,0.0
ENSG00000287818,0.0
ENSG00000285652,0.0
ENSG00000285691,0.0
ENSG00000285941,0.0
ENSG00000237321,0.0
ENSG00000286299,0.0
ENSG00000287731,0.0
ENSG00000286663,0.0
ENSG00000286438,0.0
ENSG00000287413,0.0
ENSG00000286887,0.0
ENSG00000287094,0.0
ENSG00000286313,0.0
ENSG00000288054,0.0
MAP3K5-AS2,0.0
ENSG00000287393,0.0
ENSG00000287820,0.0
ENSG00000286452,0.0
ENSG00000287084,0.0
HYMAI,0.0
ENSG00000285598,0.0
ENSG00000288056,0.0
ENSG00000287976,0.0
ENSG00000287473,0.0
ENSG00000232891,0.0
ENSG00000224029,0.0
ENSG00000287914,0.0
ENSG00000284615,0.0
ENSG00000286553,0.0
ENSG00000287260,0.0
ENSG00000287092,0.0
ENSG00000285797,0.0
ENSG00000286482,0.0
ENSG00000285642,0.0
SYNJ2-IT1,0.0
ENSG00000274023,0.0
ENSG00000287591,0.0
FNDC1-IT1,0.0
ENSG00000286533,0.0
ENSG00000287656,0.0
ENSG00000287558,0.0
ENSG00000286498,0.0
ENSG00000286805,0.0
ENSG00000285610,0.0
ENSG00000285553,0.0
ENSG00000285564,0.0
ENSG00000285726,0.0
ENSG00000285858,0.0
ENSG00000286573,0.0
ENSG00000287550,0.0
ENSG00000287877,0.0
ENSG00000223942,0.0
ENSG00000287189,0.0
ENSG00000286760,0.0
RPS6KA2-IT1,0.0
RAMACL,0.0
ENSG00000287690,0.0
ENSG00000285730,0.0
ENSG00000286674,0.0
ENSG00000287297,0.0
ENSG00000287594,0.0
ENSG00000287056,0.0
ENSG00000224417,0.0
ENSG00000285917,0.0
ENSG00000286826,0.0
ENSG00000285887,0.0
ENSG00000266896,0.0
ENSG00000287823,0.0
ENSG00000288162,0.0
ENSG00000287407,0.0
ENSG00000261003,0.0
FAM157D,0.0
ENSG00000287883,0.0
ENSG00000287342,0.0
ENSG00000286710,0.0
ENSG00000286764,0.0
ENSG00000286874,0.0
ENSG00000287665,0.0
RNF216-IT1,0.0
SMIM10L3,0.0
ENSG00000287860,0.0
LINC03016,0.0
ENSG00000287409,0.0
ENSG00000286639,0.0
ENSG00000230333,0.0
ENSG00000229233,0.0
ENSG00000286376,0.0
ENSG00000287799,0.0
ENSG00000243004,0.0
GIRGL,0.0
ENSG00000285592,0.0
ENSG00000286703,0.0
SNHG26,0.0
ENSG00000285926,0.0
ENSG00000287093,0.0
ENSG00000285716,0.0
ENSG00000285960,0.0
ENSG00000287096,0.0
ENSG00000286725,0.0
ENSG00000285860,0.0
ENSG00000286507,0.0
ENSG00000270182,0.0
ENSG00000286323,0.0
ENSG00000286478,0.0
ENSG00000287489,0.0
ENSG00000285081,0.0
ENSG00000286847,0.0
ENSG00000230751,0.0
ENSG00000251660,0.0
GARS1-DT,0.0
ENSG00000286487,0.0
ENSG00000286300,0.0
NPSR1-AS1,0.0
ENSG00000287249,0.0
ENSG00000287651,0.0
ENSG00000286526,0.0
ENSG00000287032,0.0
ENSG00000287893,0.0
ENSG00000285573,0.0
ENSG00000261184,0.0
AOAH-IT1,0.0
ENSG00000287584,0.0
ENSG00000227658,0.0
HECW1-IT1,0.0
ENSG00000239775,0.0
ENSG00000287574,0.0
ENSG00000260997,0.0
ENSG00000286738,0.0
ENSG00000223829,0.0
ENSG00000286315,0.0
LINC02838,0.0
CDC14C,0.0
ENSG00000286995,0.0
ENSG00000287521,0.0
ENSG00000286658,0.0
ENSG00000285741,0.0
ENSG00000286987,0.0
ENSG00000287039,0.0
ENSG00000286908,0.0
ENSG00000287953,0.0
VSTM2A-OT1,0.0
ENSG00000286404,0.0
ENSG00000285670,0.0
ENSG00000287019,0.0
ENSG00000286477,0.0
ENSG00000286436,0.0
ENSG00000287517,0.0
ENSG00000230000,0.0
ENSG00000268181,0.0
ENSG00000287588,0.0
ENSG00000287699,0.0
ENSG00000287985,0.0
ENSG00000286456,0.0
ENSG00000287317,0.0
ENSG00000287580,0.0
ENSG00000287869,0.0
ENSG00000286342,0.0
LINC03129,0.0
ENSG00000226824,0.0
SPDYE21,0.0
ENSG00000285886,0.0
SPDYE8,0.0
SPDYE9,0.0
ENSG00000274080,0.0
ENSG00000287815,0.0
GTF2I-AS1,0.0
SPDYE13,0.0
SPDYE14,0.0
SPDYE15,0.0
ENSG00000285666,0.0
ENSG00000231183,0.0
ENSG00000287519,0.0
ENSG00000285892,0.0
ENSG00000286855,0.0
MAGI2-AS3,0.0
ENSG00000287488,0.0
STEAP2-AS1,0.0
ENSG00000286411,0.0
ENSG00000287672,0.0
ENSG00000243107,0.0
ENSG00000287932,0.0
ENSG00000286742,0.0
ENSG00000285964,0.0
ENSG00000284707,0.0
ENSG00000286305,0.0
ENSG00000286921,0.0
ENSG00000286923,0.0
ENSG00000287631,0.0
ENSG00000286938,0.0
ENSG00000272219,0.0
ENSG00000286830,0.0
LHFPL3-AS1,0.0
ENSG00000243797,0.0
ENSG00000286076,0.0
ENSG00000286013,0.0
PRKAR2B-AS1,0.0
ENSG00000287186,0.0
ENSG00000228540,0.0
ENSG00000287011,0.0
ENSG00000225457,0.0
ENSG00000287592,0.0
ENSG00000282859,0.0
ENSG00000237870,0.0
ST7-OT4,0.0
ENSG00000287829,0.0
ENSG00000286390,0.0
ENSG00000287827,0.0
ENSG00000287554,0.0
ENSG00000287568,0.0
ENSG00000286722,0.0
ENSG00000286380,0.0
COPG2IT1,0.0
ENSG00000287547,0.0
MKLN1-AS,0.0
ENSG00000286458,0.0
ENSG00000287733,0.0
ENSG00000285904,0.0
ENSG00000285841,0.0
ENSG00000286831,0.0
ENSG00000286569,0.0
ENSG00000230190,0.0
ENSG00000287636,0.0
ENSG00000286180,0.0
ENSG00000286171,0.0
ENSG00000286912,0.0
WDR86-AS1,0.0
PRKAG2-AS2,0.0
ENSG00000286565,0.0
ENSG00000285524,0.0
ENSG00000287744,0.0
ENSG00000286461,0.0
ENSG00000260426,0.0
ENSG00000288051,0.0
ENSG00000283128,0.0
ENSG00000287610,0.0
ENSG00000231515,0.0
ENSG00000285821,0.0
ENSG00000286407,0.0
LINC00689,0.0
ENSG00000287184,0.0
ENSG00000272812,0.0
ENSG00000254207,0.0
ENSG00000287464,0.0
ENSG00000285957,0.0
ENSG00000287970,0.0
ENSG00000287740,0.0
ENSG00000253162,0.0
ENSG00000285861,0.0
ENSG00000286934,0.0
ENSG00000288110,0.0
ENSG00000285977,0.0
ENSG00000286969,0.0
ENSG00000288076,0.0
ENSG00000287747,0.0
FAM90A7,0.0
FAM90A22,0.0
FAM90A23,0.0
FAM90A14,0.0
FAM90A18,0.0
FAM90A16,0.0
FAM90A8,0.0
FAM90A17,0.0
FAM90A19,0.0
FAM90A9,0.0
FAM90A10,0.0
ENSG00000286910,0.0
ENSG00000285675,0.0
ENSG00000285606,0.0
ENSG00000261451,0.0
ENSG00000269918,0.0
ENSG00000255310,0.0
ENSG00000254936,0.0
ENSG00000254556,0.0
ENSG00000286985,0.0
ENSG00000287755,0.0
ENSG00000283674,0.0
ENSG00000287134,0.0
ENSG00000286798,0.0
ENSG00000255076,0.0
ENSG00000287476,0.0
ENSG00000279932,0.0
ENSG00000287303,0.0
ENSG00000285624,0.0
ENSG00000286346,0.0
ENSG00000177725,0.0
ENSG00000285881,0.0
ENSG00000287467,0.0
ENSG00000261026,0.0
ENSG00000253125,0.0
ENSG00000287812,0.0
ENSG00000253142,0.0
TNFRSF10A-DT,0.0
LOXL2-AS1,0.0
ENSG00000287166,0.0
ENSG00000287185,0.0
ENSG00000285890,0.0
ENSG00000253430,0.0
ENSG00000254362,0.0
ENSG00000286804,0.0
ENSG00000254370,0.0
HMBOX1-IT1,0.0
ENSG00000259366,0.0
ENSG00000285601,0.0
ENSG00000260253,0.0
ENSG00000285669,0.0
ENSG00000287590,0.0
ENSG00000287204,0.0
ENSG00000286648,0.0
NRG1-IT1,0.0
NRG1-IT3,0.0
ENSG00000286131,0.0
ENSG00000287152,0.0
ENSG00000286693,0.0
ENSG00000253123,0.0
ENSG00000260949,0.0
ENSG00000286677,0.0
ENSG00000285632,0.0
ENSG00000253586,0.0
ENSG00000253838,0.0
ENSG00000253509,0.0
ENSG00000287535,0.0
ENSG00000286837,0.0
ENSG00000286484,0.0
ENSG00000286554,0.0
ENSG00000285992,0.0
ENSG00000269924,0.0
ENSG00000287959,0.0
ENSG00000286878,0.0
ENSG00000286701,0.0
ENSG00000253849,0.0
ENSG00000253475,0.0
ENSG00000271555,0.0
ENSG00000286471,0.0
ENSG00000286348,0.0
ENSG00000254325,0.0
ENSG00000287301,0.0
ENSG00000288041,0.0
ENSG00000253281,0.0
ENSG00000286578,0.0
ENSG00000254048,0.0
ENSG00000287975,0.0
ENSG00000285971,0.0
ENSG00000287105,0.0
ENSG00000287844,0.0
ENSG00000287615,0.0
ENSG00000254330,0.0
ENSG00000287998,0.0
SNHG6,0.0
ENSG00000287214,0.0
ENSG00000287230,0.0
ENSG00000253726,0.0
ENSG00000237061,0.0
ENSG00000286113,0.0
ENSG00000287352,0.0
ENSG00000253681,0.0
ENSG00000260398,0.0
ENSG00000286675,0.0
MITA1,0.0
ENSG00000287052,0.0
ENSG00000285758,0.0
ENSG00000272518,0.0
ENSG00000286763,0.0
LINC02849,0.0
ENSG00000287927,0.0
WWP1-AS1,0.0
ENSG00000286984,0.0
ENSG00000254219,0.0
ENSG00000288005,0.0
FLJ46284,0.0
ENSG00000287322,0.0
ENSG00000270077,0.0
ENSG00000287654,0.0
ENSG00000253532,0.0
ENSG00000287952,0.0
ENSG00000260368,0.0
LINC03090,0.0
ENSG00000287479,0.0
ENSG00000283959,0.0
ENSG00000286337,0.0
ENSG00000179577,0.0
ZFPM2-AS1,0.0
ENSG00000254141,0.0
ENSG00000287289,0.0
ENSG00000287208,0.0
ENSG00000286766,0.0
ENSG00000287949,0.0
ENSG00000287942,0.0
ENSG00000286946,0.0
ENSG00000287819,0.0
ENSG00000286937,0.0
ENSG00000287826,0.0
ENSG00000253622,0.0
ENSG00000286308,0.0
ENSG00000286282,0.0
ENSG00000253372,0.0
ENSG00000287657,0.0
ENSG00000286955,0.0
LINC02964,0.0
ENSG00000287781,0.0
ENSG00000286266,0.0
ENSG00000286010,0.0
ENSG00000286034,0.0
LINC00824,0.0
ENSG00000287785,0.0
ENSG00000287195,0.0
ASAP1-IT2,0.0
ENSG00000287201,0.0
ENSG00000286535,0.0
ENSG00000253259,0.0
ENSG00000287095,0.0
ENSG00000270137,0.0
PTCSC1,0.0
ENSG00000288067,0.0
ENSG00000286927,0.0
ENSG00000285683,0.0
ENSG00000285817,0.0
PEG13,0.0
ENSG00000261655,0.0
ENSG00000287325,0.0
ENSG00000287677,0.0
ENSG00000287332,0.0
LY6S-AS1,0.0
ENSG00000287576,0.0
ENSG00000287222,0.0
ENSG00000255343,0.0
ENSG00000285599,0.0
ENSG00000288096,0.0
ENSG00000255182,0.0
ENSG00000286681,0.0
ENSG00000287480,0.0
ENSG00000228115,0.0
ENSG00000286684,0.0
ENSG00000287465,0.0
ENSG00000286670,0.0
ENSG00000230001,0.0
ENSG00000287759,0.0
ENSG00000286162,0.0
ENSG00000224972,0.0
ENSG00000285688,0.0
ENSG00000288042,0.0
ENSG00000235389,0.0
ENSG00000286474,0.0
ENSG00000285784,0.0
ENSG00000285637,0.0
ENSG00000234740,0.0
ENSG00000286500,0.0
ENSG00000285911,0.0
ENSG00000260912,0.0
ENSG00000286685,0.0
MIR31HG,0.0
ENSG00000266446,0.0
ENSG00000287696,0.0
ENSG00000287318,0.0
ENSG00000287355,0.0
EMICERI,0.0
ENSG00000260412,0.0
ENSG00000287551,0.0
ENSG00000287038,0.0
ENSG00000286322,0.0
ENSG00000287063,0.0
ENSG00000287495,0.0
ENSG00000286782,0.0
ENSG00000287287,0.0
ENSG00000287986,0.0
ENSG00000287514,0.0
ENSG00000287838,0.0
ENSG00000276412,0.0
ENSG00000275297,0.0
FAM27C,0.0
ENSG00000285580,0.0
ENSG00000287329,0.0
FAM27E3,0.0
ENSG00000275493,0.0
ENSG00000229019,0.0
ENSG00000243888,0.0
ENSG00000274421,0.0
ENSG00000286823,0.0
ENSG00000286840,0.0
ENSG00000286944,0.0
ENSG00000229587,0.0
ENSG00000286332,0.0
ENSG00000286612,0.0
ENSG00000286451,0.0
ENSG00000285987,0.0
ENSG00000285556,0.0
ENSG00000287930,0.0
ENSG00000285634,0.0
ENSG00000287333,0.0
LINC02834,0.0
ENSG00000286842,0.0
DAPK1-IT1,0.0
LINC03026,0.0
ENSG00000287769,0.0
ENSG00000286414,0.0
ENSG00000224945,0.0
ENSG00000285907,0.0
ENSG00000287212,0.0
ENSG00000285650,0.0
ENSG00000288062,0.0
ENSG00000286834,0.0
ENSG00000286850,0.0
ENSG00000288023,0.0
ENSG00000230815,0.0
ENSG00000236095,0.0
ENSG00000285807,0.0
ENSG00000287187,0.0
ENSG00000286835,0.0
ENSG00000287302,0.0
ENSG00000286375,0.0
ENSG00000287070,0.0
ENSG00000285706,0.0
ENSG00000287955,0.0
ENSG00000286536,0.0
ENSG00000287233,0.0
LINC02977,0.0
ENSG00000285820,0.0
ENSG00000269970,0.0
ENSG00000261094,0.0
ENSG00000286718,0.0
MIR600HG,0.0
ENSG00000231227,0.0
ENSG00000227200,0.0
ENSG00000287782,0.0
PBX3-DT,0.0
ENSG00000238010,0.0
ENSG00000286428,0.0
ENSG00000271833,0.0
ENSG00000286196,0.0
ENSG00000273186,0.0
ENSG00000280474,0.0
ENSG00000287234,0.0
LINC00963,0.0
ENSG00000286078,0.0
ENSG00000286547,0.0
ENSG00000224992,0.0
ENSG00000286502,0.0
ENSG00000260190,0.0
ENSG00000260996,0.0
ENSG00000288234,0.0
ENSG00000205740,0.0
ENSG00000287043,0.0
ENSG00000282390,0.0
ENSG00000233052,0.0
ENSG00000287653,0.0
ENSG00000286858,0.0
ENSG00000287560,0.0
ENSG00000287428,0.0
ENSG00000286610,0.0
ENSG00000287175,0.0
ENSG00000287246,0.0
ENSG00000287023,0.0
AKR1C8,0.0
ENSG00000287848,0.0
ENSG00000287566,0.0
ENSG00000287235,0.0
PRKCQ-AS1,0.0
ENSG00000287277,0.0
ENSG00000287120,0.0
ENSG00000287309,0.0
LINC00710,0.0
ENSG00000285994,0.0
ENSG00000285520,0.0
ENSG00000286514,0.0
ENSG00000285671,0.0
ENSG00000287925,0.0
ENSG00000225213,0.0
ENSG00000286958,0.0
ENSG00000235020,0.0
ENSG00000285852,0.0
ENSG00000287613,0.0
ENSG00000286881,0.0
ENSG00000279623,0.0
ENSG00000286832,0.0
ENSG00000233451,0.0
ENSG00000286810,0.0
ENSG00000286924,0.0
ENSG00000287124,0.0
ENSG00000286442,0.0
ENSG00000286951,0.0
ENSG00000285750,0.0
LINC02680,0.0
ENSG00000286413,0.0
LINC01517,0.0
ENSG00000287402,0.0
ENSG00000259994,0.0
ENSG00000285824,0.0
ENSG00000287420,0.0
ENSG00000285630,0.0
ENSG00000272914,0.0
ENSG00000286694,0.0
ENSG00000286409,0.0
ENSG00000287278,0.0
ENSG00000269952,0.0
ENSG00000287945,0.0
ENSG00000287528,0.0
ENSG00000285884,0.0
ENSG00000285712,0.0
ENSG00000287852,0.0
ENSG00000287901,0.0
ENSG00000287173,0.0
FAM245B,0.0
ENSG00000285786,0.0
ARHGAP22-IT1,0.0
ENSG00000251413,0.0
ENSG00000286993,0.0
ENSG00000228403,0.0
ENSG00000241577,0.0
ENSG00000233665,0.0
ENSG00000285803,0.0
ENSG00000286401,0.0
ENSG00000287221,0.0
ENSG00000229711,0.0
ENSG00000235279,0.0
ENSG00000285958,0.0
ENSG00000236958,0.0
ENSG00000236744,0.0
ENSG00000287016,0.0
ENSG00000287969,0.0
ENSG00000288052,0.0
ENSG00000288011,0.0
LINC02929,0.0
ENSG00000286373,0.0
ENSG00000260400,0.0
ENSG00000285871,0.0
ENSG00000287306,0.0
ENSG00000282915,0.0
ENSG00000272627,0.0
PPP3CB-AS1,0.0
ENSG00000225761,0.0
ENSG00000285810,0.0
ENSG00000286715,0.0
ENSG00000268659,0.0
ENSG00000228280,0.0
DLG5-AS1,0.0
ENSG00000288090,0.0
ENSG00000272489,0.0
ENSG00000283913,0.0
ENSG00000287358,0.0
ENSG00000285739,0.0
NRG3-AS1,0.0
ENSG00000286876,0.0
CERNA2,0.0
ENSG00000287057,0.0
ENSG00000287475,0.0
ENSG00000286359,0.0
ADIRF-AS1,0.0
ENSG00000237280,0.0
ENSG00000287077,0.0
ENSG00000286445,0.0
ENSG00000286116,0.0
ENSG00000287150,0.0
ENSG00000286981,0.0
ENSG00000286795,0.0
ENSG00000280660,0.0
ENSG00000244332,0.0
ENSG00000240527,0.0
ENSG00000287009,0.0
ENSG00000286683,0.0
HPS1-AS1,0.0
LBX1-AS1,0.0
ENSG00000286489,0.0
C10orf95-AS1,0.0
ENSG00000286575,0.0
ENSG00000226431,0.0
ENSG00000287419,0.0
ENSG00000287732,0.0
ENSG00000286609,0.0
ENSG00000287047,0.0
ADD3-AS1,0.0
ENSG00000287231,0.0
ENSG00000285676,0.0
ENSG00000260917,0.0
LINC02935,0.0
ENSG00000286289,0.0
ENSG00000287857,0.0
ENSG00000285540,0.0
ENSG00000285582,0.0
ENSG00000285587,0.0
ENSG00000287655,0.0
ENSG00000288172,0.0
LINC02944,0.0
ENSG00000277687,0.0
GRK5-IT1,0.0
LINC02930,0.0
ENSG00000287936,0.0
ENSG00000285715,0.0
ENSG00000285973,0.0
ENSG00000285955,0.0
SPADH,0.0
ENSG00000286344,0.0
ENSG00000287768,0.0
ENSG00000271434,0.0
ENSG00000249456,0.0
ENSG00000228021,0.0
ENSG00000287609,0.0
ENSG00000287326,0.0
ENSG00000227076,0.0
ENSG00000287427,0.0
ENSG00000285615,0.0
ENSG00000287466,0.0
EBF3-AS1,0.0
ENSG00000285529,0.0
ENSG00000286295,0.0
ENSG00000286789,0.0
ENSG00000288107,0.0
ENSG00000287327,0.0
ENSG00000288033,0.0
PANO1,0.0
ENSG00000286275,0.0
ENSG00000287935,0.0
LINC02689,0.0
ENSG00000285581,0.0
ENSG00000229512,0.0
ENSG00000287484,0.0
ENSG00000249086,0.0
H19,0.0
ENSG00000240801,0.0
ENSG00000285644,0.0
ENSG00000287312,0.0
ENSG00000229368,0.0
OR51C1P,0.0
ENSG00000254444,0.0
ENSG00000254641,0.0
ENSG00000275612,0.0
ENSG00000276668,0.0
ENSG00000254951,0.0
TUB-AS1,0.0
ENSG00000286935,0.0
ENSG00000255097,0.0
ENSG00000286561,0.0
ENSG00000286959,0.0
ENSG00000254983,0.0
ENSG00000286521,0.0
ENSG00000255067,0.0
ENSG00000287548,0.0
FAR1-IT1,0.0
ENSG00000286960,0.0
ENSG00000285545,0.0
ENSG00000287898,0.0
ENSG00000285562,0.0
ENSG00000256006,0.0
ENSG00000256588,0.0
ENSG00000286998,0.0
NAV2-IT1,0.0
ENSG00000286382,0.0
ENSG00000287962,0.0
ENSG00000287227,0.0
ENSG00000255496,0.0
ENSG00000287373,0.0
ENSG00000254627,0.0
ENSG00000286626,0.0
ENSG00000251194,0.0
ENSG00000285705,0.0
ENSG00000285740,0.0
ENSG00000255256,0.0
ENSG00000255186,0.0
ENSG00000285751,0.0
ENSG00000254577,0.0
ENSG00000283341,0.0
ENSG00000254409,0.0
ENSG00000255165,0.0
ENSG00000287984,0.0
ENSG00000286418,0.0
ENSG00000254746,0.0
ENSG00000254519,0.0
ENSG00000285658,0.0
ENSG00000286450,0.0
ENSG00000270060,0.0
ENSG00000270072,0.0
TRIM51G,0.0
ENSG00000287538,0.0
ENSG00000286983,0.0
MIR130AHG,0.0
ENSG00000285895,0.0
ENSG00000287264,0.0
PATL1-DT,0.0
ENSG00000269463,0.0
SNHG1,0.0
ENSG00000287412,0.0
ENSG00000286264,0.0
ENSG00000286816,0.0
ENSG00000287821,0.0
ENSG00000287917,0.0
ENSG00000286756,0.0
ZNRD2-DT,0.0
RELA-DT,0.0
ENSG00000286459,0.0
ENSG00000254510,0.0
ENSG00000286688,0.0
ENSG00000287934,0.0
ENSG00000287851,0.0
ENSG00000286369,0.0
ENSG00000261625,0.0
ENSG00000255143,0.0
ENSG00000254484,0.0
ENSG00000227726,0.0
ENSG00000286708,0.0
ENSG00000286948,0.0
ALG1L9P,0.0
ENSG00000285864,0.0
ENSG00000286555,0.0
ENSG00000285693,0.0
ENSG00000260401,0.0
ENSG00000287425,0.0
ENSG00000255440,0.0
ENSG00000286943,0.0
ENSG00000254460,0.0
ENSG00000255434,0.0
ENSG00000254630,0.0
ENSG00000254826,0.0
ENSG00000255081,0.0
ENSG00000261578,0.0
RSF1-IT2,0.0
RSF1-IT1,0.0
ENSG00000285568,0.0
ENSG00000287912,0.0
ENSG00000254698,0.0
ENSG00000254676,0.0
ANKRD42-DT,0.0
ENSG00000285835,0.0
ENSG00000288018,0.0
ENSG00000286665,0.0
DISC1FP1,0.0
ENSG00000285842,0.0
ENSG00000285921,0.0
PGR-AS1,0.0
ENSG00000260966,0.0
ENSG00000285878,0.0
ENSG00000285813,0.0
ENSG00000286345,0.0
ENSG00000287802,0.0
ENSG00000288012,0.0
ENSG00000285696,0.0
ENSG00000287245,0.0
ENSG00000287556,0.0
ENSG00000287028,0.0
ENSG00000288097,0.0
ENSG00000255428,0.0
MIR34BHG,0.0
ALG9-IT1,0.0
ENSG00000255334,0.0
ENSG00000287006,0.0
ENSG00000288070,0.0
ENSG00000270179,0.0
ENSG00000286463,0.0
ENSG00000287897,0.0
CADM1-AS1,0.0
ENSG00000288020,0.0
ENSG00000276505,0.0
ENSG00000269944,0.0
ENSG00000287238,0.0
THY1-AS1,0.0
ENSG00000287545,0.0
ENSG00000288047,0.0
ENSG00000286992,0.0
ENSG00000286731,0.0
ENSG00000286044,0.0
ENSG00000286023,0.0
ENSG00000286497,0.0
MIR100HG,0.0
ENSG00000286341,0.0
ENSG00000285909,0.0
ENSG00000288061,0.0
ENSG00000285561,0.0
CCDC15-DT,0.0
ENSG00000259290,0.0
ENSG00000287666,0.0
ENSG00000287426,0.0
ENSG00000288013,0.0
ENSG00000285980,0.0
NTM-IT,0.0
OPCML-IT2,0.0
OPCML-IT1,0.0
ENSG00000287068,0.0
B3GAT1-DT,0.0
ENSG00000285640,0.0
ENSG00000287251,0.0
LINC02717,0.0
ENSG00000255746,0.0
ENSG00000261799,0.0
ENSG00000256020,0.0
ENSG00000285704,0.0
ENSG00000267285,0.0
ENSG00000285627,0.0
ENSG00000287698,0.0
CACNA1C-IT1,0.0
CACNA1C-IT3,0.0
ENSG00000285555,0.0
ENSG00000285734,0.0
ENSG00000278356,0.0
TSPAN9-IT1,0.0
ENSG00000275850,0.0
THCAT155,0.0
ENSG00000256381,0.0
ENSG00000255608,0.0
ENSG00000286866,0.0
ENSG00000287835,0.0
ENSG00000285523,0.0
CD27-AS1,0.0
ENSG00000276232,0.0
ENSG00000285770,0.0
ENSG00000287713,0.0
ENSG00000288043,0.0
LINC00612,0.0
ENSG00000284634,0.0
ENSG00000257027,0.0
ENSG00000256712,0.0
ENSG00000255790,0.0
ENSG00000286869,0.0
ENSG00000256306,0.0
ENSG00000287928,0.0
ENSG00000261324,0.0
ENSG00000286107,0.0
RERG-IT1,0.0
ENSG00000286303,0.0
ENSG00000287455,0.0
ENSG00000285724,0.0
ENSG00000253284,0.0
ENSG00000287074,0.0
ENSG00000287075,0.0
ENSG00000275567,0.0
ENSG00000274624,0.0
ENSG00000257009,0.0
ENSG00000286752,0.0
ENSG00000256185,0.0
ENSG00000273989,0.0
ENSG00000286566,0.0
ENSG00000285870,0.0
LINC00941,0.0
ENSG00000275097,0.0
ENSG00000275769,0.0
ENSG00000277342,0.0
ENSG00000274964,0.0
ENSG00000276115,0.0
ENSG00000274105,0.0
ENSG00000275854,0.0
ENSG00000286950,0.0
ENSG00000274976,0.0
ENSG00000259937,0.0
ENSG00000273853,0.0
ENSG00000287442,0.0
ENSG00000286576,0.0
ENSG00000285732,0.0
ENSG00000274682,0.0
ENSG00000286591,0.0
ENSG00000274943,0.0
ENSG00000258068,0.0
ENSG00000286671,0.0
ENSG00000278351,0.0
ENSG00000278475,0.0
ENSG00000274591,0.0
PCED1B-AS1,0.0
ENSG00000276390,0.0
ENSG00000277173,0.0
ENSG00000274737,0.0
ENSG00000287537,0.0
ENSG00000257298,0.0
ENSG00000278126,0.0
ENSG00000287051,0.0
ENSG00000257475,0.0
PCBP2-OT1,0.0
ENSG00000285692,0.0
ENSG00000286069,0.0
HOXC-AS3,0.0
HOXC-AS2,0.0
ENSG00000258344,0.0
ENSG00000257509,0.0
ENSG00000273973,0.0
ENSG00000258199,0.0
ENSG00000287715,0.0
ENSG00000287200,0.0
ENSG00000286279,0.0
ENSG00000287014,0.0
ENSG00000286402,0.0
ENSG00000257880,0.0
ENSG00000256571,0.0
ENSG00000287618,0.0
ENSG00000225195,0.0
ENSG00000286682,0.0
ENSG00000276853,0.0
ENSG00000250280,0.0
ENSG00000277945,0.0
ENSG00000286563,0.0
ENSG00000287132,0.0
ENSG00000277223,0.0
TRHDE-AS1,0.0
ENSG00000258294,0.0
ENSG00000273987,0.0
ENSG00000286259,0.0
ENSG00000287030,0.0
ENSG00000286476,0.0
ENSG00000277130,0.0
ENSG00000286043,0.0
ENSG00000286608,0.0
LINC02822,0.0
ENSG00000288102,0.0
ENSG00000286049,0.0
LINC01619,0.0
ENSG00000286907,0.0
ENSG00000287714,0.0
SOCS2-AS1,0.0
ENSG00000258303,0.0
ENSG00000287237,0.0
ENSG00000287454,0.0
ENSG00000286434,0.0
RMST,0.0
ENSG00000286056,0.0
ENSG00000287675,0.0
HELLPAR,0.0
ENSG00000282964,0.0
ENSG00000288092,0.0
ENSG00000286197,0.0
ENSG00000286258,0.0
ENSG00000286410,0.0
ENSG00000286903,0.0
ENSG00000286520,0.0
ENSG00000258355,0.0
ENSG00000287957,0.0
ENSG00000286678,0.0
ENSG00000287202,0.0
ENSG00000274598,0.0
ENSG00000256139,0.0
ENSG00000277595,0.0
ENSG00000277566,0.0
ENSG00000287229,0.0
ENSG00000287982,0.0
ENSG00000286991,0.0
ENSG00000258337,0.0
ENSG00000286354,0.0
LINC00173,0.0
ENSG00000277840,0.0
ENSG00000286233,0.0
ENSG00000286067,0.0
ENSG00000286493,0.0
HNF1A-AS1,0.0
ENSG00000286248,0.0
ENSG00000286586,0.0
ENSG00000287493,0.0
LINC02985,0.0
ENSG00000274427,0.0
ENSG00000278112,0.0
ENSG00000286092,0.0
ENSG00000270130,0.0
ENSG00000270048,0.0
ENSG00000269997,0.0
ENSG00000269938,0.0
ENSG00000270061,0.0
ENSG00000270095,0.0
ENSG00000287242,0.0
ENSG00000287240,0.0
ENSG00000286209,0.0
ENSG00000286386,0.0
ENSG00000286791,0.0
ENSG00000287339,0.0
ENSG00000287365,0.0
ENSG00000287112,0.0
ENSG00000286922,0.0
ENSG00000286662,0.0
ENSG00000287311,0.0
ENSG00000257025,0.0
ENSG00000286246,0.0
ENSG00000286394,0.0
FZD10-AS1,0.0
ENSG00000287792,0.0
ENSG00000287136,0.0
ENSG00000287639,0.0
ENSG00000273568,0.0
ENSG00000286008,0.0
ENSG00000287861,0.0
ENSG00000275485,0.0
ZDHHC20-IT1,0.0
ENSG00000287357,0.0
ENSG00000287530,0.0
ENSG00000288103,0.0
ENSG00000287376,0.0
ENSG00000285806,0.0
ENSG00000287887,0.0
ENSG00000285929,0.0
ENSG00000285935,0.0
ENSG00000285773,0.0
ENSG00000285840,0.0
ENSG00000286286,0.0
ENSG00000287904,0.0
N4BP2L2-IT2,0.0
STARD13-IT1,0.0
STARD13-AS,0.0
ENSG00000287274,0.0
ENSG00000285621,0.0
ENSG00000277386,0.0
ENSG00000286779,0.0
ENSG00000276672,0.0
ENSG00000287650,0.0
SMAD9-IT1,0.0
ENSG00000287477,0.0
ENSG00000277662,0.0
ENSG00000287842,0.0
ENSG00000287029,0.0
ENSG00000274001,0.0
ENSG00000287863,0.0
ENSG00000278462,0.0
ENSG00000287456,0.0
ENSG00000287599,0.0
ENSG00000274929,0.0
ENSG00000274270,0.0
ENSG00000286191,0.0
ENSG00000287722,0.0
ENSG00000287247,0.0
ENSG00000287460,0.0
ENSG00000286537,0.0
ENSG00000286709,0.0
ENSG00000288015,0.0
ENSG00000286469,0.0
ENSG00000287996,0.0
ENSG00000287128,0.0
ENSG00000285566,0.0
ENSG00000286395,0.0
ENSG00000285588,0.0
ENSG00000287876,0.0
ENSG00000286820,0.0
ENSG00000288330,0.0
ENSG00000279463,0.0
ENSG00000228444,0.0
ENSG00000285572,0.0
ENSG00000287018,0.0
MYCBP2-AS2,0.0
ENSG00000285714,0.0
ENSG00000287270,0.0
ENSG00000285902,0.0
ENSG00000284196,0.0
ENSG00000285684,0.0
ENSG00000286746,0.0
ENSG00000286385,0.0
ENSG00000286446,0.0
ENSG00000285680,0.0
ENSG00000286284,0.0
ENSG00000285742,0.0
ENSG00000288016,0.0
ENSG00000288038,0.0
ENSG00000285834,0.0
ENSG00000287880,0.0
ENSG00000285699,0.0
ENSG00000285811,0.0
ENSG00000286422,0.0
MIR17HG,0.0
ENSG00000282997,0.0
GPC5-IT1,0.0
ENSG00000287159,0.0
ENSG00000288001,0.0
ENSG00000286843,0.0
ENSG00000287635,0.0
ENSG00000276809,0.0
ENSG00000286334,0.0
ENSG00000286416,0.0
ENSG00000276573,0.0
ENSG00000276704,0.0
ENSG00000286544,0.0
ENSG00000269189,0.0
LINC01232,0.0
ENSG00000287746,0.0
ENSG00000286757,0.0
ENSG00000288060,0.0
ENSG00000287330,0.0
ENSG00000224356,0.0
FGF14-IT1,0.0
ENSG00000286312,0.0
ENSG00000285789,0.0
ENSG00000287734,0.0
ENSG00000286929,0.0
LINC00343,0.0
ENSG00000287923,0.0
ENSG00000286780,0.0
ENSG00000274204,0.0
ENSG00000287546,0.0
ENSG00000285643,0.0
ENSG00000276740,0.0
NALF1-IT1,0.0
ENSG00000286343,0.0
ENSG00000277246,0.0
ENSG00000285534,0.0
ENSG00000287575,0.0
ANKRD10-IT1,0.0
ARHGEF7-IT1,0.0
ENSG00000285856,0.0
ENSG00000277545,0.0
ENSG00000269356,0.0
ENSG00000269376,0.0
ENSG00000276434,0.0
ENSG00000276916,0.0
ENSG00000276248,0.0
RASA3-IT1,0.0
ENSG00000285672,0.0
ENSG00000287735,0.0
LINC00641,0.0
TRD-AS1,0.0
OXA1L-DT,0.0
ZFHX2-AS1,0.0
ENSG00000258464,0.0
ENSG00000285727,0.0
ENSG00000287765,0.0
ENSG00000278784,0.0
ENSG00000288044,0.0
ENSG00000288100,0.0
ENSG00000287481,0.0
ENSG00000285633,0.0
ENSG00000262119,0.0
ENSG00000286479,0.0
ENSG00000257522,0.0
ENSG00000286040,0.0
ENSG00000287142,0.0
ENSG00000285608,0.0
ENSG00000286527,0.0
ENSG00000287153,0.0
ENSG00000287777,0.0
ENSG00000283098,0.0
ENSG00000258827,0.0
ENSG00000285830,0.0
ENSG00000286123,0.0
ENSG00000286099,0.0
ENSG00000258394,0.0
ENSG00000286464,0.0
ENSG00000286595,0.0
ENSG00000258450,0.0
ENSG00000269906,0.0
ENSG00000270062,0.0
ENSG00000285747,0.0
ENSG00000287990,0.0
ENSG00000258535,0.0
ENSG00000285664,0.0
ENSG00000288045,0.0
ENSG00000286730,0.0
ENSG00000287156,0.0
SAMD4A-AS1,0.0
ENSG00000259868,0.0
ENSG00000286257,0.0
ENSG00000286355,0.0
ENSG00000259969,0.0
ENSG00000258682,0.0
ENSG00000277651,0.0
ENSG00000287833,0.0
ENSG00000286319,0.0
ENSG00000286861,0.0
ENSG00000287385,0.0
ENSG00000287167,0.0
ENSG00000287913,0.0
ENSG00000286424,0.0
ENSG00000287310,0.0
ENSG00000273797,0.0
ENSG00000287643,0.0
ENSG00000286423,0.0
ENSG00000285612,0.0
ENSG00000285518,0.0
ENSG00000286333,0.0
ENSG00000285936,0.0
ENSG00000251393,0.0
ENSG00000258443,0.0
ENSG00000270140,0.0
ENSG00000258559,0.0
ENSG00000258454,0.0
ENSG00000286437,0.0
ENSG00000285966,0.0
ENSG00000287004,0.0
ENSG00000258419,0.0
ENSG00000287118,0.0
ENSG00000286686,0.0
ENSG00000285826,0.0
ENSG00000286582,0.0
ENSG00000278576,0.0
ENSG00000287437,0.0
ENSG00000287663,0.0
ENSG00000258875,0.0
ENSG00000286607,0.0
ENSG00000260711,0.0
ENSG00000286630,0.0
ENSG00000278396,0.0
ENSG00000287668,0.0
ENSG00000288028,0.0
ENSG00000285205,0.0
ENSG00000259143,0.0
TCL6,0.0
ENSG00000258412,0.0
ENSG00000287772,0.0
ENSG00000288034,0.0
ENSG00000287501,0.0
ENSG00000287991,0.0
ENSG00000258904,0.0
ENSG00000259052,0.0
ENSG00000258620,0.0
ENSG00000258576,0.0
ENSG00000288302,0.0
ENSG00000286551,0.0
ENSG00000288252,0.0
ENSG00000288245,0.0
ENSG00000270108,0.0
ENSG00000269940,0.0
ENSG00000269958,0.0
ENSG00000288459,0.0
ENSG00000286636,0.0
ENSG00000287459,0.0
ENSG00000287122,0.0
ENSG00000287345,0.0
ENSG00000274253,0.0
ENSG00000286598,0.0
ENSG00000286973,0.0
ENSG00000287888,0.0
ENSG00000280118,0.0
SNHG14,0.0
ENSG00000287482,0.0
ENSG00000261529,0.0
ENSG00000286884,0.0
ENSG00000287280,0.0
ENSG00000278840,0.0
ENSG00000261426,0.0
ENSG00000259152,0.0
ENSG00000287922,0.0
ENSG00000287894,0.0
ENSG00000259690,0.0
ENSG00000287334,0.0
ENSG00000259644,0.0
ENSG00000285948,0.0
ENSG00000278472,0.0
ENSG00000287840,0.0
ENSG00000287973,0.0
ENSG00000259280,0.0
ENSG00000286786,0.0
THBS1-IT1,0.0
ENSG00000259432,0.0
ENSG00000273786,0.0
ENSG00000260648,0.0
PAK6-AS1,0.0
ENSG00000273855,0.0
ENSG00000259254,0.0
RAD51-AS1,0.0
ENSG00000280036,0.0
OIP5-AS1,0.0
ENSG00000259396,0.0
ENSG00000278493,0.0
ENSG00000286877,0.0
ENSG00000275601,0.0
ENSG00000259659,0.0
ENSG00000259539,0.0
ENSG00000259932,0.0
ENSG00000260035,0.0
ENSG00000285597,0.0
ENSG00000287020,0.0
ENSG00000285934,0.0
ENSG00000287704,0.0
ENSG00000259554,0.0
ENSG00000259740,0.0
ENSG00000287439,0.0
ENSG00000286947,0.0
ENSG00000274654,0.0
ENSG00000259700,0.0
ENSG00000276593,0.0
GABPB1-IT1,0.0
ENSG00000259204,0.0
ENSG00000259701,0.0
ENSG00000259194,0.0
ENSG00000259377,0.0
ENSG00000274954,0.0
ENSG00000274528,0.0
ENSG00000259398,0.0
ENSG00000259935,0.0
ENSG00000287500,0.0
ENSG00000287596,0.0
ENSG00000279145,0.0
ENSG00000276533,0.0
ENSG00000274765,0.0
ENSG00000277548,0.0
ENSG00000285805,0.0
ENSG00000275417,0.0
ENSG00000274667,0.0
TCF12-DT,0.0
ENSG00000275343,0.0
ENSG00000274719,0.0
ENSG00000277229,0.0
ENSG00000277790,0.0
ENSG00000259476,0.0
ENSG00000286897,0.0
ENSG00000259402,0.0
ENSG00000259732,0.0
ENSG00000259771,0.0
ENSG00000259735,0.0
ENSG00000227161,0.0
ENSG00000286495,0.0
ENSG00000287915,0.0
ENSG00000286457,0.0
ENSG00000287508,0.0
ENSG00000273792,0.0
ENSG00000285863,0.0
ENSG00000259682,0.0
ENSG00000287494,0.0
ENSG00000261544,0.0
ENSG00000274995,0.0
ENSG00000259410,0.0
ENSG00000286770,0.0
ENSG00000285919,0.0
ENSG00000288068,0.0
ENSG00000259645,0.0
ENSG00000287741,0.0
ENSG00000274297,0.0
ENSG00000259744,0.0
ENSG00000260586,0.0
ENSG00000260534,0.0
ENSG00000285729,0.0
NPTN-IT1,0.0
ENSG00000287543,0.0
ENSG00000261384,0.0
ENSG00000286696,0.0
ENSG00000287926,0.0
ENSG00000276744,0.0
ENSG00000260288,0.0
ENSG00000287503,0.0
ENSG00000269951,0.0
ENSG00000272418,0.0
ENSG00000287408,0.0
ENSG00000286813,0.0
ENSG00000278600,0.0
ENSG00000287813,0.0
ENSG00000287108,0.0
ENSG00000271725,0.0
ENSG00000286488,0.0
ENSG00000287872,0.0
ENSG00000285974,0.0
ENSG00000259767,0.0
ENSG00000286872,0.0
ENSG00000274128,0.0
ENSG00000285667,0.0
ENSG00000259415,0.0
ENSG00000286505,0.0
ENSG00000259453,0.0
ENSG00000259636,0.0
ENSG00000287391,0.0
ENSG00000287717,0.0
ENSG00000259713,0.0
ENSG00000259561,0.0
ENSG00000273691,0.0
ENSG00000285560,0.0
LINC01585,0.0
ENSG00000287061,0.0
ENSG00000259704,0.0
ENSG00000285661,0.0
ENSG00000285883,0.0
ENSG00000258676,0.0
ENSG00000260337,0.0
ENSG00000260361,0.0
ENSG00000258922,0.0
CHASERR,0.0
ENSG00000285663,0.0
ENSG00000287950,0.0
LINC02852,0.0
ENSG00000286917,0.0
ENSG00000285700,0.0
ENSG00000287267,0.0
ENSG00000287321,0.0
ENSG00000287000,0.0
ENSG00000278022,0.0
ENSG00000287191,0.0
ENSG00000259921,0.0
ENSG00000286893,0.0
ENSG00000287892,0.0
ENSG00000274139,0.0
LINC02348,0.0
ENSG00000261659,0.0
ENSG00000287855,0.0
ENSG00000260316,0.0
ENSG00000276931,0.0
SSTR5-AS1,0.0
ENSG00000261430,0.0
ENSG00000260954,0.0
ENSG00000275092,0.0
ENSG00000260541,0.0
PKD1-AS1,0.0
ENSG00000261123,0.0
ENSG00000285970,0.0
ENSG00000260293,0.0
ENSG00000261288,0.0
ERVK13-1,0.0
GREP1,0.0
ENSG00000262362,0.0
ENSG00000263011,0.0
ENSG00000263235,0.0
LINC02861,0.0
ENSG00000262712,0.0
ENSG00000277170,0.0
ENSG00000277440,0.0
ENSG00000278434,0.0
ENSG00000275056,0.0
ENSG00000285567,0.0
ENSG00000257180,0.0
ENSG00000286635,0.0
ENSG00000260835,0.0
ENSG00000287340,0.0
ENSG00000287522,0.0
ENSG00000263244,0.0
ENSG00000287830,0.0
ENSG00000285543,0.0
ENSG00000260310,0.0
ENSG00000274038,0.0
ENSG00000287121,0.0
ENSG00000287429,0.0
ENSG00000261560,0.0
ENSG00000260723,0.0
ENSG00000260601,0.0
ENSG00000262380,0.0
ENSG00000287905,0.0
ENSG00000286849,0.0
ENSG00000275927,0.0
ENSG00000285850,0.0
ENSG00000286790,0.0
ENSG00000259871,0.0
LINC02858,0.0
ENSG00000287809,0.0
ENSG00000261596,0.0
ENSG00000287739,0.0
ENSG00000286808,0.0
ENSG00000260566,0.0
ENSG00000285613,0.0
ENSG00000259782,0.0
ENSG00000260751,0.0
ENSG00000260482,0.0
ENSG00000275494,0.0
ENSG00000285882,0.0
ENSG00000286712,0.0
ENSG00000261736,0.0
ENSG00000273553,0.0
ENSG00000262721,0.0
ENSG00000262766,0.0
ENSG00000278133,0.0
ENSG00000260757,0.0
ENSG00000259810,0.0
ENSG00000286473,0.0
ENSG00000288300,0.0
ENSG00000287163,0.0
ENSG00000287448,0.0
ENSG00000261131,0.0
ENSG00000262038,0.0
ENSG00000288026,0.0
ENSG00000261538,0.0
ENSG00000261802,0.0
ENSG00000287469,0.0
ENSG00000275155,0.0
ENSG00000287444,0.0
ENSG00000270120,0.0
ENSG00000287718,0.0
ENSG00000287256,0.0
ENSG00000285800,0.0
ENSG00000261291,0.0
ENSG00000259926,0.0
ENSG00000287909,0.0
ENSG00000275191,0.0
ENSG00000287885,0.0
ENSG00000286845,0.0
ENSG00000286357,0.0
ENSG00000285775,0.0
ENSG00000287866,0.0
ENSG00000260198,0.0
ENSG00000261270,0.0
ENSG00000261114,0.0
ENSG00000285979,0.0
ENSG00000260038,0.0
ENSG00000286653,0.0
ENSG00000260600,0.0
ENSG00000286928,0.0
ENSG00000287965,0.0
ENSG00000270165,0.0
ENSG00000262514,0.0
ENSG00000263276,0.0
ENSG00000261469,0.0
ENSG00000259797,0.0
ENSG00000287760,0.0
ENSG00000266801,0.0
DERPC,0.0
ENSG00000265113,0.0
ENSG00000260108,0.0
ENSG00000274093,0.0
ENSG00000260772,0.0
DDX19A-DT,0.0
ENSG00000285710,0.0
ENSG00000260015,0.0
ENSG00000261765,0.0
ENSG00000272330,0.0
ENSG00000259999,0.0
ENSG00000261783,0.0
ENSG00000261476,0.0
ENSG00000286841,0.0
ENSG00000285538,0.0
ENSG00000276007,0.0
ENSG00000287106,0.0
ENSG00000261837,0.0
ENSG00000286894,0.0
ENSG00000260816,0.0
ENSG00000261537,0.0
ENSG00000260479,0.0
ENSG00000285918,0.0
ENSG00000260064,0.0
ENSG00000261061,0.0
ENSG00000286759,0.0
ENSG00000260862,0.0
ENSG00000286528,0.0
ENSG00000285792,0.0
ENSG00000274677,0.0
ENSG00000285848,0.0
ENSG00000260859,0.0
ENSG00000279622,0.0
ENSG00000287787,0.0
ENSG00000287946,0.0
ENSG00000275393,0.0
ENSG00000287125,0.0
ENSG00000286510,0.0
ENSG00000287010,0.0
ENSG00000287161,0.0
ENSG00000285527,0.0
ENSG00000261697,0.0
ENSG00000276337,0.0
ENSG00000260671,0.0
ENSG00000261226,0.0
ENSG00000261692,0.0
ENSG00000287351,0.0
RPH3AL-AS1,0.0
ENSG00000262869,0.0
ENSG00000287553,0.0
ENSG00000236457,0.0
ENSG00000263338,0.0
ENSG00000261916,0.0
ZNF232-AS1,0.0
ENSG00000286190,0.0
ENSG00000286356,0.0
ENSG00000262231,0.0
ENSG00000285593,0.0
ENSG00000271851,0.0
ENSG00000285541,0.0
ENSG00000286617,0.0
ENSG00000287462,0.0
COX10-DT,0.0
ENSG00000287307,0.0
SNHG29,0.0
ENSG00000286743,0.0
ENSG00000266803,0.0
FAM106C,0.0
ENSG00000287114,0.0
ENSG00000287910,0.0
ENSG00000286430,0.0
ENSG00000264167,0.0
FAM106A,0.0
FOXO3B,0.0
ENSG00000228157,0.0
ENSG00000266664,0.0
ENSG00000286799,0.0
ENSG00000287196,0.0
ENSG00000266126,0.0
ENSG00000266839,0.0
ENSG00000287671,0.0
ENSG00000285822,0.0
ENSG00000265801,0.0
ENSG00000286589,0.0
ENSG00000287721,0.0
ENSG00000277450,0.0
SPAG5-AS1,0.0
ENSG00000238007,0.0
ENSG00000264290,0.0
ENSG00000264007,0.0
ENSG00000265625,0.0
hsa-mir-423,0.0
ENSG00000231421,0.0
ENSG00000214719,0.0
ENSG00000265791,0.0
ENSG00000286194,0.0
ENSG00000264456,0.0
ENSG00000266371,0.0
ENSG00000287506,0.0
ENSG00000265222,0.0
ENSG00000263717,0.0
ENSG00000265337,0.0
ENSG00000264598,0.0
AA06,0.0
ENSG00000263485,0.0
ENSG00000265775,0.0
ENSG00000285559,0.0
ENSG00000267074,0.0
ENSG00000271392,0.0
ENSG00000270894,0.0
ENSG00000277911,0.0
ENSG00000277589,0.0
ENSG00000277579,0.0
ENSG00000276054,0.0
ENSG00000276170,0.0
ENSG00000286443,0.0
ENSG00000287644,0.0
ENSG00000287602,0.0
ENSG00000259623,0.0
ENSG00000236194,0.0
ENSG00000278829,0.0
ENSG00000267222,0.0
ENSG00000267632,0.0
ENSG00000287710,0.0
NBR2,0.0
ENSG00000283045,0.0
ENSG00000285668,0.0
MAPT-IT1,0.0
ENSG00000262879,0.0
ENSG00000262265,0.0
NFE2L1-DT,0.0
ENSG00000266222,0.0
ENSG00000257178,0.0
FLJ40194,0.0
ENSG00000250286,0.0
ENSG00000285829,0.0
TOB1-AS1,0.0
ENSG00000264895,0.0
ENSG00000285939,0.0
ENSG00000288036,0.0
ENSG00000283209,0.0
ENSG00000263120,0.0
ENSG00000285785,0.0
ENSG00000286732,0.0
ENSG00000285930,0.0
ENSG00000287337,0.0
ENSG00000286788,0.0
ENSG00000263938,0.0
ENSG00000287664,0.0
ENSG00000267248,0.0
ENSG00000286435,0.0
ENSG00000266934,0.0
ENSG00000285879,0.0
ENSG00000264546,0.0
ENSG00000287457,0.0
ENSG00000286629,0.0
ENSG00000229330,0.0
ENSG00000264754,0.0
ENSG00000288109,0.0
ENSG00000267009,0.0
ENSG00000285931,0.0
ENSG00000286387,0.0
SOX9-AS1,0.0
ENSG00000265010,0.0
ENSG00000288006,0.0
ENSG00000285648,0.0
ENSG00000265800,0.0
ENSG00000263786,0.0
ENSG00000264853,0.0
ENSG00000267543,0.0
ENSG00000272386,0.0
SNHG16,0.0
ENSG00000286750,0.0
ENSG00000287836,0.0
ENSG00000267568,0.0
SNHG20,0.0
ENSG00000287257,0.0
ENSG00000267263,0.0
DNAH17-AS1,0.0
ENSG00000287539,0.0
ENSG00000263278,0.0
ENSG00000262172,0.0
ENSG00000262979,0.0
ENSG00000287403,0.0
RENO1,0.0
ENSG00000287737,0.0
ENSG00000264812,0.0
HEXD-IT1,0.0
ENSG00000287193,0.0
NARF-IT1,0.0
ENSG00000262652,0.0
ENSG00000262410,0.0
ENSG00000265477,0.0
TYMSOS,0.0
ENSG00000263727,0.0
ENSG00000264635,0.0
ENSG00000265179,0.0
ENSG00000286975,0.0
ENSG00000266783,0.0
ENSG00000266513,0.0
ENSG00000285575,0.0
ENSG00000287834,0.0
ENSG00000286126,0.0
ENSG00000264596,0.0
ENSG00000286627,0.0
ENSG00000286649,0.0
ENSG00000273368,0.0
ENSG00000265413,0.0
ENSG00000272788,0.0
ENSG00000287719,0.0
ENSG00000286765,0.0
ENSG00000273284,0.0
ENSG00000287509,0.0
ENSG00000266805,0.0
LINC02856,0.0
ENSG00000285653,0.0
ENSG00000287065,0.0
ENSG00000287563,0.0
ENSG00000286812,0.0
ENSG00000267249,0.0
ENSG00000286926,0.0
ENSG00000267529,0.0
ENSG00000286593,0.0
ENSG00000287723,0.0
ENSG00000265948,0.0
ENSG00000264188,0.0
ENSG00000273232,0.0
ENSG00000265094,0.0
ENSG00000287611,0.0
ENSG00000285595,0.0
ENSG00000266237,0.0
ENSG00000277534,0.0
ENSG00000275805,0.0
ENSG00000286465,0.0
ENSG00000286426,0.0
ENSG00000274578,0.0
ENSG00000287803,0.0
ENSG00000286605,0.0
ENSG00000276282,0.0
ENSG00000274275,0.0
ENSG00000263904,0.0
ENSG00000287994,0.0
ENSG00000266965,0.0
ENSG00000274849,0.0
ENSG00000286890,0.0
ENSG00000285940,0.0
ENSG00000286716,0.0
ENSG00000286559,0.0
ENSG00000286844,0.0
ENSG00000286328,0.0
ENSG00000276174,0.0
ENSG00000287007,0.0
ENSG00000286976,0.0
ENSG00000287209,0.0
ENSG00000285550,0.0
ENSG00000266988,0.0
ENSG00000285790,0.0
ENSG00000267354,0.0
ENSG00000287943,0.0
ENSG00000266968,0.0
ENSG00000285993,0.0
ST8SIA5-DT,0.0
ELOA3BP,0.0
ENSG00000287673,0.0
ZBTB7C-AS1,0.0
ENSG00000263895,0.0
ENSG00000287518,0.0
ENSG00000263916,0.0
ENSG00000267196,0.0
ENSG00000277310,0.0
ENSG00000287381,0.0
ENSG00000286283,0.0
ENSG00000285695,0.0
WDR7-OT1,0.0
ENSG00000286777,0.0
ENSG00000267504,0.0
ENSG00000274354,0.0
ENSG00000285681,0.0
ENSG00000266900,0.0
ENSG00000267766,0.0
ENSG00000269989,0.0
ENSG00000286800,0.0
ENSG00000263720,0.0
ENSG00000287907,0.0
ENSG00000276092,0.0
ENSG00000273584,0.0
ENSG00000285748,0.0
ENSG00000287646,0.0
ENSG00000286642,0.0
ENSG00000287693,0.0
ENSG00000265579,0.0
LINC02864,0.0
LINC02582,0.0
ENSG00000287314,0.0
ENSG00000286529,0.0
ENSG00000287689,0.0
ENSG00000276934,0.0
ENSG00000285915,0.0
ENSG00000287281,0.0
ENSG00000287295,0.0
ENSG00000287993,0.0
ENSG00000263547,0.0
ENSG00000286090,0.0
ENSG00000287680,0.0
ENSG00000286727,0.0
ENSG00000287758,0.0
ENSG00000267655,0.0
ENSG00000286245,0.0
ENSG00000286186,0.0
LINC03101,0.0
ENSG00000267287,0.0
ENSG00000287879,0.0
ENSG00000278000,0.0
LINC01002,0.0
ENSG00000286667,0.0
ENSG00000275162,0.0
ENSG00000267244,0.0
ENSG00000267283,0.0
ENSG00000288156,0.0
ENSG00000286880,0.0
ENSG00000267412,0.0
ENSG00000267749,0.0
ENSG00000276097,0.0
ENSG00000286460,0.0
ENSG00000261342,0.0
ENSG00000287766,0.0
ENSG00000267138,0.0
ENSG00000268670,0.0
ENSG00000269444,0.0
ENSG00000276980,0.0
ENSG00000269139,0.0
ENSG00000286138,0.0
ENSG00000269400,0.0
ENSG00000283108,0.0
ENSG00000287275,0.0
ENSG00000287960,0.0
ZNF561-AS1,0.0
ENSG00000267197,0.0
ENSG00000267174,0.0
ENSG00000267576,0.0
ENSG00000266922,0.0
ENSG00000267274,0.0
ZNF433-AS1,0.0
ENSG00000269560,0.0
ENSG00000285583,0.0
ENSG00000287296,0.0
ENSG00000287254,0.0
ENSG00000267474,0.0
ENSG00000268189,0.0
LINC00661,0.0
LINC00905,0.0
ENSG00000287961,0.0
ENSG00000269578,0.0
ENSG00000269044,0.0
ENSG00000267904,0.0
ENSG00000269799,0.0
ENSG00000268743,0.0
ENSG00000269815,0.0
ENSG00000287533,0.0
ENSG00000267481,0.0
ENSG00000268119,0.0
ENSG00000286157,0.0
ENSG00000260599,0.0
ENSG00000284428,0.0
ENSG00000287399,0.0
ENSG00000269397,0.0
ENSG00000281468,0.0
ENSG00000288017,0.0
ENSG00000287272,0.0
VSTM2B-DT,0.0
ENSG00000286867,0.0
ENSG00000286538,0.0
ENSG00000287859,0.0
ENSG00000288072,0.0
ENSG00000286041,0.0
ENSG00000267054,0.0
ENSG00000273420,0.0
ENSG00000287526,0.0
ENSG00000268683,0.0
ENSG00000268947,0.0
ENSG00000269553,0.0
ENSG00000267672,0.0
ENSG00000286449,0.0
ENSG00000267682,0.0
ENSG00000287496,0.0
ENSG00000268051,0.0
ENSG00000269653,0.0
ENSG00000268499,0.0
ENSG00000286037,0.0
ENSG00000269688,0.0
ENSG00000287271,0.0
ENSG00000205041,0.0
ENSG00000269353,0.0
ENSG00000286177,0.0
ENSG00000277744,0.0
ENSG00000268987,0.0
LNROP,0.0
ENSG00000268605,0.0
ENSG00000286613,0.0
ENSG00000277806,0.0
ENSG00000278492,0.0
ENSG00000287035,0.0
EML2-AS1,0.0
ENSG00000259605,0.0
ENSG00000268460,0.0
ENSG00000286669,0.0
ENSG00000287896,0.0
ENSG00000287603,0.0
ENSG00000286024,0.0
ENSG00000260366,0.0
ZNF473CR,0.0
ENSG00000287001,0.0
ENSG00000268231,0.0
ENSG00000268520,0.0
ENSG00000286236,0.0
ENSG00000260160,0.0
ZNF528-AS1,0.0
ENSG00000288253,0.0
ENSG00000268970,0.0
ENSG00000269825,0.0
ENSG00000287608,0.0
ENSG00000268496,0.0
ENSG00000287170,0.0
ENSG00000286230,0.0
ENSG00000267096,0.0
ENSG00000267298,0.0
ENSG00000267429,0.0
ENSG00000285996,0.0
ENSG00000286125,0.0
ENSG00000269867,0.0
ZNF606-AS1,0.0
ENSG00000286632,0.0
ENSG00000268201,0.0
ENSG00000286158,0.0
ENSG00000286787,0.0
ENSG00000286288,0.0
ENSG00000286108,0.0
ENSG00000287213,0.0
ENSG00000287561,0.0
PLCB1-IT1,0.0
ENSG00000286740,0.0
ENSG00000286470,0.0
ENSG00000286936,0.0
ENSG00000285723,0.0
ENSG00000287754,0.0
ENSG00000287062,0.0
MACROD2-IT1,0.0
ENSG00000286546,0.0
ENSG00000287410,0.0
ENSG00000228809,0.0
ENSG00000287241,0.0
ENSG00000277373,0.0
SCP2D1-AS1,0.0
ENSG00000287430,0.0
ENSG00000232675,0.0
ENSG00000234646,0.0
ENSG00000286117,0.0
ENSG00000286270,0.0
ENSG00000286444,0.0
FAM182A,0.0
MIR663AHG,0.0
FAM242B,0.0
ENSG00000286483,0.0
FRG1BP,0.0
ENSG00000274364,0.0
MCTS2,0.0
HM13-IT1,0.0
ENSG00000278012,0.0
ENSG00000275576,0.0
ENSG00000287850,0.0
ENSG00000286311,0.0
ENSG00000287853,0.0
ENSG00000250917,0.0
ENSG00000272945,0.0
ITCH-IT1,0.0
ENSG00000277558,0.0
ENSG00000286803,0.0
ENSG00000286240,0.0
ENSG00000276603,0.0
ENSG00000277829,0.0
SNHG17,0.0
SNHG11,0.0
ENSG00000277581,0.0
ENSG00000287983,0.0
ENSG00000286083,0.0
ENSG00000286972,0.0
ENSG00000273951,0.0
ENSG00000287570,0.0
ENSG00000276223,0.0
ENSG00000286100,0.0
ENSG00000275894,0.0
ENSG00000285796,0.0
ENSG00000273893,0.0
ENSG00000273451,0.0
ENSG00000287443,0.0
ENSG00000286179,0.0
ENSG00000287335,0.0
ENSG00000287107,0.0
ENSG00000288083,0.0
ENSG00000286063,0.0
ENSG00000286159,0.0
ENSG00000287511,0.0
ENSG00000286250,0.0
ENSG00000286865,0.0
ENSG00000287886,0.0
ENSG00000286587,0.0
ENSG00000286229,0.0
ENSG00000287478,0.0
ENSG00000286006,0.0
ENSG00000287079,0.0
ENSG00000288086,0.0
ENSG00000286052,0.0
APCDD1L-DT,0.0
ENSG00000254419,0.0
ENSG00000285091,0.0
ENSG00000286309,0.0
ENSG00000287752,0.0
ENSG00000286232,0.0
ENSG00000275437,0.0
ENSG00000287324,0.0
ENSG00000286628,0.0
ENSG00000286999,0.0
ENSG00000288187,0.0
ENSG00000286033,0.0
ENSG00000287066,0.0
BTG3-AS1,0.0
ENSG00000228708,0.0
ENSG00000286222,0.0
ENSG00000288094,0.0
ENSG00000287612,0.0
ENSG00000287801,0.0
ENSG00000287109,0.0
ENSG00000233783,0.0
ENSG00000286902,0.0
LINC01697,0.0
ENSG00000231125,0.0
ENSG00000286018,0.0
LINC00189,0.0
BACH1-IT1,0.0
ENSG00000273017,0.0
BACH1-IT3,0.0
ENSG00000286643,0.0
RUNX1-AS1,0.0
CBR1-AS1,0.0
CBR3-AS1,0.0
ENSG00000228107,0.0
ENSG00000286517,0.0
ENSG00000286852,0.0
HLCS-IT1,0.0
ENSG00000270116,0.0
ENSG00000287637,0.0
ENSG00000286717,0.0
DSCR4-IT1,0.0
DSCR10,0.0
ENSG00000287470,0.0
ENSG00000287082,0.0
BRWD1-IT1,0.0
ENSG00000225330,0.0
DSCAM-IT1,0.0
ENSG00000288069,0.0
ENSG00000286425,0.0
PCSEAT,0.0
ENSG00000227698,0.0
UMODL1-AS1,0.0
RSPH1-DT,0.0
ENSG00000231867,0.0
ENSG00000286549,0.0
ENSG00000287507,0.0
ENSG00000241728,0.0
ENSG00000287088,0.0
ENSG00000273027,0.0
ENSG00000286082,0.0
ENSG00000286594,0.0
ENSG00000286886,0.0
ENSG00000276633,0.0
ENSG00000280604,0.0
ENSG00000286224,0.0
DIP2A-IT1,0.0
DUXAP8,0.0
ENSG00000287285,0.0
ANKRD62P1-PARP4P3,0.0
ENSG00000288024,0.0
ENSG00000286195,0.0
ENSG00000286990,0.0
ENSG00000235445,0.0
ENSG00000234913,0.0
FAM246B,0.0
ENSG00000284294,0.0
DGCR11,0.0
ENSG00000281530,0.0
ENSG00000286367,0.0
ENSG00000287146,0.0
ENSG00000287652,0.0
ENSG00000273343,0.0
FAM230B,0.0
FAM246A,0.0
ENSG00000286365,0.0
ENSG00000286127,0.0
ENSG00000287864,0.0
ENSG00000232545,0.0
ENSG00000286070,0.0
ENSG00000230947,0.0
ENSG00000272977,0.0
ENSG00000286326,0.0
ENSG00000287034,0.0
TTC28-AS1,0.0
ENSG00000272858,0.0
ZNRF3-IT1,0.0
ENSG00000273216,0.0
ENSG00000234208,0.0
ENSG00000287967,0.0
ENSG00000273350,0.0
ENSG00000272689,0.0
ENSG00000223831,0.0
ENSG00000278920,0.0
ENSG00000287817,0.0
YWHAH-AS1,0.0
LARGE-IT1,0.0
LARGE-AS1,0.0
LINC02885,0.0
ENSG00000268818,0.0
ENSG00000287269,0.0
ENSG00000261675,0.0
ENSG00000287773,0.0
ENSG00000286485,0.0
ENSG00000287236,0.0
ELFN2,0.0
ENSG00000237862,0.0
ENSG00000279738,0.0
ENSG00000229955,0.0
ENSG00000286144,0.0
ENSG00000286440,0.0
ENSG00000287219,0.0
ENSG00000273096,0.0
ENSG00000288106,0.0
ENSG00000286491,0.0
SMIM45,0.0
ENSG00000286659,0.0
ENSG00000270083,0.0
NDUFA6-DT,0.0
ENSG00000286801,0.0
ENSG00000279175,0.0
ENSG00000280434,0.0
ENSG00000230922,0.0
ENSG00000273353,0.0
ENSG00000280383,0.0
LINC00899,0.0
ENSG00000280384,0.0
ENSG00000285707,0.0
ENSG00000285855,0.0
ENSG00000287225,0.0
ENSG00000281732,0.0
NHIP,0.0
ENSG00000285623,0.0
ENSG00000285722,0.0
ENSG00000286393,0.0
ENSG00000280395,0.0
ENSG00000286508,0.0
DHRSX-IT1,0.0
ENSG00000285756,0.0
ENSG00000286431,0.0
ENSG00000285679,0.0
LINC03113,0.0
LINC03114,0.0
ENSG00000235834,0.0
ENSG00000286724,0.0
ENSG00000283380,0.0
ENSG00000237994,0.0
GK-IT1,0.0
ENSG00000241886,0.0
ENSG00000285900,0.0
ENSG00000287700,0.0
H2AL3,0.0
ENSG00000285709,0.0
ENSG00000287098,0.0
ENSG00000287549,0.0
ENSG00000287223,0.0
ENSG00000285899,0.0
ENSG00000286306,0.0
INE1,0.0
ENSG00000287757,0.0
FLICR,0.0
ENSG00000286031,0.0
ENSG00000287767,0.0
ENSG00000287215,0.0
ENSG00000286118,0.0
KDM5C-IT1,0.0
LINC01278,0.0
ARHGEF9-IT1,0.0
ENSG00000287370,0.0
ENSG00000286077,0.0
FAM226B,0.0
ENSG00000271199,0.0
ENSG00000271533,0.0
ENSG00000288059,0.0
ENSG00000286523,0.0
TRMT2B-AS1,0.0
ENSG00000261101,0.0
ENSG00000286000,0.0
ENSG00000286794,0.0
ENSG00000271147,0.0
ENSG00000286327,0.0
ARMCX5-GPRASP2,0.0
ENSG00000286846,0.0
ENSG00000287619,0.0
AMMECR1-IT1,0.0
ENSG00000287685,0.0
ENSG00000286072,0.0
ENSG00000286767,0.0
ENSG00000237903,0.0
SLC25A5-AS1,0.0
ENSG00000286366,0.0
ENSG00000287379,0.0
ENSG00000286163,0.0
ENSG00000287776,0.0
ENSG00000287024,0.0
ENSG00000240143,0.0
ENSG00000286650,0.0
ENSG00000287160,0.0
ENSG00000287806,0.0
ENSG00000286060,0.0
MIR106AHG,0.0
ENSG00000286964,0.0
LINC00892,0.0
CDR1,0.0
ENSG00000288098,0.0
ENSG00000286085,0.0
ENSG00000287017,0.0
ENSG00000287796,0.0
FMR1-AS1,0.0
FMR1-IT1,0.0
AFF2-IT1,0.0
ENSG00000287585,0.0
ENSG00000287918,0.0
MAGEA3-DT,0.0
MAGEA6-DT,0.0
ENSG00000286939,0.0
PWWP4,0.0
L1CAM-AS1,0.0
F8A2,0.0
ENSG00000286130,0.0
ENSG00000286050,0.0
ENSG00000273906,0.0
PRKY,0.0
LINC00279,0.0
FAM197Y7,0.0
FAM197Y6,0.0
ENSG00000286009,0.0
ENSG00000286201,0.0
ENSG00000288049,0.0
ENSG00000286247,0.0
ENSG00000288057,0.0
ENSG00000286187,0.0
ENSG00000283269,0.0
ACTL10,0.0
C8orf44,0.0
C8orf44-SGK3,0.0
REXO6P,0.0
RMRP,0.0
RNU11,0.0
ENSG00000288545,0.0
ENSG00000288654,0.0
ENSG00000288725,0.0
CEP192P1,0.0
RPPH1,0.0
ZNF285CP,0.0
CCT8L1P,0.0
RPS17P5,0.0
PMS2P4,0.0
VDAC1P1,0.0
PMS2P1,0.0
CROCCP3,0.0
FER1L4,0.0
ENSG00000093100,0.0
HSD17B7P2,0.0
GSTT2,0.0
CRYBB2P1,0.0
RPS10P5,0.0
ENSG00000103200,0.0
RRN3P2,0.0
GOLGA8UP,0.0
ELOCP28,0.0
NHP2P1,0.0
NSUN5P2,0.0
ENSG00000106540,0.0
STAG3L4,0.0
TVP23BP2,0.0
ZNF29P,0.0
ENSG00000108516,0.0
HSD17B1P1,0.0
SDHCP5,0.0
DDX12B,0.0
FMO6P,0.0
BTF3P11,0.0
OTUD4P1,0.0
GLRXP3,0.0
LCN1P1,0.0
DPPA5P4,0.0
SEPTIN7P9,0.0
NACA3P,0.0
ENSG00000121388,0.0
ARL4AP1,0.0
NME2P1,0.0
GUCY1B2,0.0
TYRL,0.0
ZNF137P,0.0
PMS2P5,0.0
HMGB1P1,0.0
PPP4R1L,0.0
NDUFB4P12,0.0
BTN2A3P,0.0
RPL32P21,0.0
HTR5BP,0.0
BPIFB9P,0.0
TUBBP1,0.0
PMS2P3,0.0
POM121L9P,0.0
TBC1D27P,0.0
EIF2S2P4,0.0
CYP2G1P,0.0
TXLNGY,0.0
NAPSB,0.0
CLUHP3,0.0
KRT17P1,0.0
UBE2L2,0.0
HMGB1P5,0.0
GNG5B,0.0
ZDHHC8BP,0.0
ZNF767P,0.0
PLEKHA8P1,0.0
FOLH1B,0.0
KRT87P,0.0
RPL13AP25,0.0
RPL7P9,0.0
RPL14P1,0.0
CDRT15P1,0.0
OR1E3,0.0
LSP1P4,0.0
SNRPA1P1,0.0
TRIM43CP,0.0
CDKN2AIPNLP2,0.0
PCDHB18P,0.0
WASH2P,0.0
RPL32P18,0.0
FKBP6P2,0.0
FRG1BP,0.0
FRMPD2B,0.0
PPIAP26,0.0
ENSG00000150732,0.0
ENSG00000151303,0.0
AKR1C6P,0.0
ZNF37CP,0.0
SMPD4BP,0.0
CLCA3P,0.0
CYP4Z2P,0.0
TDH,0.0
CEP170P1,0.0
CCDC144BP,0.0
CCDC144CP,0.0
UNC93B2,0.0
CIBAR1P1,0.0
SSX8P,0.0
SNX29P1,0.0
OR10J6P,0.0
ATP5POP1,0.0
TUBBP5,0.0
ANKRD18CP,0.0
TCAF2P1,0.0
ZNF890P,0.0
FAM86C2P,0.0
GBA1LP,0.0
POM121L15P,0.0
PRODHLP,0.0
SIGLEC16,0.0
ADCY10P1,0.0
LSP1P3,0.0
DNAJA1P5,0.0
MT2P1,0.0
PRORSD1P,0.0
ALMS1P1,0.0
FAM86KP,0.0
CFAP144P1,0.0
FBXL21P,0.0
INTS4P1,0.0
SEPTIN7P5,0.0
FAM86FP,0.0
ENSG00000165121,0.0
NCF1C,0.0
SHLD2P1,0.0
TRIM51HP,0.0
TRIM53BP,0.0
ENSG00000166104,0.0
OR5P1P,0.0
PKD1L2,0.0
FAM86GP,0.0
HSBP1P2,0.0
OR5M13P,0.0
STRCP1,0.0
SAA3P,0.0
POM121L3P,0.0
NOS2P2,0.0
C3P1,0.0
ZNF355P,0.0
OR2W6P,0.0
DHFRP3,0.0
CMAHP,0.0
SPINT5P,0.0
TPTE2P5,0.0
PMCHL1,0.0
OR7E102P,0.0
PMCHL2,0.0
BRD7P3,0.0
ENSG00000169164,0.0
RPL36P14,0.0
GUSBP12,0.0
BCRP6,0.0
BCRP2,0.0
RBMY1HP,0.0
TSPY14P,0.0
ENSG00000170089,0.0
OR2A20P,0.0
ENSG00000170409,0.0
DPY19L2P2,0.0
OR5E1P,0.0
CELP,0.0
LILRP2,0.0
FAM86JP,0.0
SIGLEC17P,0.0
SSX6P,0.0
NMRAL2P,0.0
OR52P2P,0.0
OR7A2P,0.0
HMGN1P35,0.0
SERHL,0.0
CSPG4P4Y,0.0
GOLGA2P3Y,0.0
CSPG4P3Y,0.0
PRSS30P,0.0
RPL12P13,0.0
ZBTB8OSP2,0.0
ACTE1P,0.0
COX6B1P3,0.0
UNC93B3,0.0
VDAC2P5,0.0
TERF1P1,0.0
FAM86B3P,0.0
ENSG00000173357,0.0
PPIAP7,0.0
ENSG00000173867,0.0
SNURFL,0.0
COMMD5P1,0.0
FAM3C2P,0.0
STAG3L3,0.0
PMS2P6,0.0
PPIAP24,0.0
RPL35P9,0.0
PPIAP80,0.0
RPL10P2,0.0
VN1R6P,0.0
FAM47DP,0.0
PPIAP72,0.0
METTL15P1,0.0
VN2R1P,0.0
PAIP1P2,0.0
ANKRD30BP1,0.0
NF1P5,0.0
ACRP1,0.0
DRD5P2,0.0
GOLGA8DP,0.0
BAK1P1,0.0
RWDD4P2,0.0
EIF3KP1,0.0
OR52B3P,0.0
ARB2BP,0.0
RPL7AP66,0.0
FAM220BP,0.0
RPL36P3,0.0
RPL23P2,0.0
AQP7P4,0.0
ENSG00000176134,0.0
ENSG00000176183,0.0
ENSG00000176232,0.0
CDV3P1,0.0
CYCSP34,0.0
IDSP1,0.0
OR4K3,0.0
OR4H12P,0.0
FOXN3P1,0.0
RPL37AP8,0.0
PFN1P10,0.0
OR10AC1,0.0
DMBT1L1,0.0
NANOGP1,0.0
SCAND2P,0.0
OR10AB1P,0.0
OR52Z1P,0.0
OR51A1P,0.0
ZNF285BP,0.0
METTL1P1,0.0
FKBP9P1,0.0
KRT18P28,0.0
GJA1P1,0.0
ENSG00000176882,0.0
OR7A15P,0.0
TOB2P1,0.0
OR51N1P,0.0
RPL7L1P11,0.0
HCG4,0.0
NAP1L4P1,0.0
PCNPP5,0.0
OR2M1P,0.0
ENSAP3,0.0
OR7E125P,0.0
RPL13AP3,0.0
OR7E8P,0.0
ENSG00000177418,0.0
CBX3P1,0.0
ENSG00000177452,0.0
OR7E149P,0.0
GIMAP3P,0.0
FXNP2,0.0
CDKN2AIPNLP1,0.0
RPS2P2,0.0
YWHAQP4,0.0
CACYBPP2,0.0
SPATA31C2,0.0
ULK4P3,0.0
TWF1P1,0.0
GK4P,0.0
FAR2P2,0.0
RPS3AP5,0.0
H3P16,0.0
RPL10P16,0.0
NECAP1P1,0.0
CKS1BP6,0.0
GAPDHP29,0.0
ACTG1P1,0.0
MRPL42P1,0.0
PPIAP33,0.0
ARMC10P1,0.0
ENSG00000178715,0.0
GLULP4,0.0
H2BC2P,0.0
ENSG00000178836,0.0
NSA2P3,0.0
ENSG00000179038,0.0
TAAR3P,0.0
H3P47,0.0
RPL31P38,0.0
RPS2P28,0.0
OR7E97P,0.0
MEIS3P1,0.0
ENSG00000179342,0.0
HMGN2P46,0.0
OR4K11P,0.0
OR6W1P,0.0
OR13C6P,0.0
EEF1A1P27,0.0
NBPF17P,0.0
DGKZP1,0.0
ATP8B5P,0.0
OR7E22P,0.0
PHC1P1,0.0
PPP1R14BP3,0.0
NAIPP2,0.0
SPDYE7P,0.0
RPA3P1,0.0
ENSG00000180015,0.0
ENSG00000180019,0.0
OR3A4P,0.0
ACER2P1,0.0
HMGN2P9,0.0
XIAPP3,0.0
RPS12P23,0.0
FAR2P1,0.0
HMGB1P14,0.0
RPL23P6,0.0
TPT1P10,0.0
HERC2P3,0.0
NACAP2,0.0
CNEP1R1P1,0.0
EMC3-AS1,0.0
OR10AA1P,0.0
OR6K4P,0.0
SRP9P1,0.0
ZBTB12BP,0.0
RPL21P8,0.0
VN1R3,0.0
EXOC5P1,0.0
OR5AZ1P,0.0
OR51A9P,0.0
SMG1P3,0.0
PIPSL,0.0
OR7E129P,0.0
ENSG00000180803,0.0
PDIA3P1,0.0
OR52B1P,0.0
OR56B3P,0.0
OR7E18P,0.0
OR56B2P,0.0
ENTR1P2,0.0
OR52P1,0.0
HLA-V,0.0
H2BC27P,0.0
OR8G2P,0.0
DLSTP1,0.0
MTHFD2P7,0.0
OR5AK3P,0.0
OR5G1P,0.0
OR9G3P,0.0
CTAGE10P,0.0
HSP90AA6P,0.0
GLRX5P1,0.0
ENSG00000181514,0.0
RPL24P4,0.0
ENSG00000181705,0.0
FDX1P1,0.0
OR5J1P,0.0
KCTD9P2,0.0
OR5D17P,0.0
OR4A21P,0.0
OR4A13P,0.0
PYY3,0.0
GOLGA8CP,0.0
AQP7P2,0.0
PPIAP73,0.0
TRPC2,0.0
PDSS1P1,0.0
CRIP1P4,0.0
OR5F2P,0.0
RPL27AP5,0.0
DNM1P46,0.0
OR2B8P,0.0
WASH6P,0.0
NCF1B,0.0
OR7E115P,0.0
OR4C2P,0.0
CSGALNACT2P1,0.0
ENSG00000182625,0.0
CCNYL2,0.0
FXYD6P3,0.0
SEPHS1P1,0.0
TMEM198B,0.0
FUNDC2P2,0.0
RRP7BP,0.0
RPS27AP20,0.0
GPATCH11P1,0.0
NPM1P14,0.0
TPM3P8,0.0
FAM133CP,0.0
OR2A3P,0.0
POM121L1P,0.0
ENSG00000183171,0.0
HSP90AB3P,0.0
RPL29P16,0.0
NF1P3,0.0
RPSAP19,0.0
ZBTB8OSP1,0.0
OR7E38P,0.0
PKD1P3,0.0
PI4KAP2,0.0
CRIPTOP2,0.0
BPIFA4P,0.0
HMGN3P1,0.0
SMG1P5,0.0
GAPDHP30,0.0
GUSBP1,0.0
SLC9B1P1,0.0
OR4G2P,0.0
RPL21P132,0.0
DUSP5P1,0.0
HTR7P1,0.0
MAGEA13P,0.0
OR7E87P,0.0
ATP5PFP4,0.0
BRD7P2,0.0
TREML3P,0.0
RPL11P4,0.0
RPL7AP28,0.0
ENSG00000184188,0.0
DRD5P1,0.0
RPL23AP82,0.0
IRS3P,0.0
RPL23AP38,0.0
PTGER4P2,0.0
RPL7P26,0.0
SPDYE12,0.0
ZNF840P,0.0
ZNF72BP,0.0
OR7E14P,0.0
OR5AQ1P,0.0
MGAT4EP,0.0
OR4C10P,0.0
UNC93B5,0.0
CYCSP45,0.0
RPL7AP49,0.0
SLC2A3P2,0.0
ZNF733P,0.0
OR7E31P,0.0
RPL9P14,0.0
GOLGA8EP,0.0
GAPDHP24,0.0
CD24P4,0.0
ENSG00000185296,0.0
SSX14P,0.0
FGF7P2,0.0
SDHAP1,0.0
SEPTIN7P13,0.0
WASH3P,0.0
ACTBP7,0.0
RPL14P6,0.0
FTH1P14,0.0
ENSG00000185641,0.0
OR5M5P,0.0
SMG1P4,0.0
RPL12P4,0.0
ENSG00000185839,0.0
OR11N1P,0.0
SDHAP3,0.0
RPS4XP21,0.0
ENSG00000186076,0.0
KRT18P14,0.0
OR9M1P,0.0
ENSG00000186148,0.0
LILRP1,0.0
CIDECP1,0.0
PRSS59P,0.0
FAM86MP,0.0
ENSG00000186244,0.0
OR10D4P,0.0
MST1P2,0.0
CA5BP1,0.0
ATP6V1FP1,0.0
AQP7P1,0.0
ANKRD20A5P,0.0
OR9I2P,0.0
CROCCP5,0.0
SPDYE17,0.0
EEF1GP1,0.0
ENSG00000186678,0.0
DTX2P1,0.0
MST1L,0.0
TPI1P3,0.0
KRT17P2,0.0
CHCHD2P9,0.0
FUNDC2P3,0.0
BAGE2,0.0
ENSG00000187472,0.0
HSD3BP1,0.0
SERPINA13P,0.0
RPL7P48,0.0
PRR13P5,0.0
TPM3P7,0.0
TERF1P2,0.0
TMSB4XP8,0.0
TSPY13P,0.0
KRT18P59,0.0
GTF2IP3,0.0
HSPE1P11,0.0
OR2B7P,0.0
GOLGA6EP,0.0
OR7E25P,0.0
RNFT1P3,0.0
CXXC1P1,0.0
OR5H7P,0.0
HS6ST1P1,0.0
PMS2CL,0.0
ANKRD19P,0.0
KCTD9P3,0.0
HNRNPA1P61,0.0
PDCD6P1,0.0
MEIS3P2,0.0
CTSL3P,0.0
ENSG00000188078,0.0
ALOX15P2,0.0
OR7D1P,0.0
GPAT2P2,0.0
GOLGA6L3P,0.0
ANKRD36P1,0.0
DEFB108F,0.0
OR4P1P,0.0
SRP72P2,0.0
WASF4P,0.0
ACTBP11,0.0
ENSG00000188512,0.0
NPIPP1,0.0
ENSG00000188646,0.0
TSPY7P,0.0
H1-9P,0.0
OR7E90P,0.0
TEKT4P2,0.0
OR13D3P,0.0
TBC1D3P2,0.0
TMSB4XP2,0.0
ZNF322P1,0.0
DPPA3P2,0.0
ENSG00000188850,0.0
RPSAP47,0.0
RPL10AP2,0.0
POTEA,0.0
USP32P1,0.0
DHFRP1,0.0
PROS2P,0.0
SHLD2P3,0.0
RIMKLBP1,0.0
UBE2Q2P1,0.0
RPL32P36,0.0
TNRC18P3,0.0
DPY19L2P1,0.0
SLC25A51P4,0.0
RPS2P46,0.0
FAM90A27P,0.0
ENSG00000189372,0.0
OR7E12P,0.0
USP32P3,0.0
RNU1-75P,0.0
MIR494,0.0
RNU1-15P,0.0
Y_RNA,0.0
SMIM7P1,0.0
IFITM3P3,0.0
ADAM5,0.0
OR11H13P,0.0
RPS2P4,0.0
RNF216P1,0.0
EEF1A1P5,0.0
Metazoa_SRP,0.0
HLA-DRB9,0.0
GUSBP15,0.0
PRSS29P,0.0
OR4Q2,0.0
ENSG00000196390,0.0
ENSG00000196395,0.0
OR10D1P,0.0
ENSG00000196472,0.0
OR9K1P,0.0
BLOC1S6P1,0.0
ANKRD20A19P,0.0
ENSG00000196656,0.0
PDXDC2P-NPIPB14P,0.0
NPIPB10P,0.0
ZNF252P,0.0
RPS26P11,0.0
NXF4,0.0
OR51A6P,0.0
RBMY1A3P,0.0
OR2T32P,0.0
ZNF300P1,0.0
GOLGA6L16P,0.0
ENSG00000197149,0.0
OR4C4P,0.0
OR2B4P,0.0
SSX11P,0.0
TCEA1P1,0.0
ENSG00000197254,0.0
EIF4BP6,0.0
ENSG00000197320,0.0
Metazoa_SRP,0.0
BNIP3P1,0.0
GGT3P,0.0
OR7E85BP,0.0
ADAM3A,0.0
ENSG00000197476,0.0
PRAMENP,0.0
ENSG00000197550,0.0
RPS17P2,0.0
GPX1P1,0.0
KLKP1,0.0
VN1R5,0.0
UBE2Q2P12,0.0
CBX3P7,0.0
PTMAP2,0.0
SLC22A20P,0.0
OR5M12P,0.0
OR7E13P,0.0
NBEAP2,0.0
OR51A8P,0.0
ZNF734P,0.0
SAGE2P,0.0
PTMAP9,0.0
ZNF849P,0.0
ZNF876P,0.0
OR51H2P,0.0
GUSBP13,0.0
CYP2A7P2,0.0
OR5BB1P,0.0
ENSG00000198277,0.0
NUP210P1,0.0
BMS1P9,0.0
OR7A11P,0.0
BZW1P2,0.0
TATDN2P1,0.0
ZNF658B,0.0
OR14L1,0.0
PABPC1P2,0.0
ENSG00000198555,0.0
ENSG00000198580,0.0
PPIAP22,0.0
ABHD17AP1,0.0
OR10R3P,0.0
SMIM11P1,0.0
MTCO3P12,0.0
OR7E103P,0.0
HSD3BP5,0.0
MTND4LP30,0.0
ENSG00000198923,0.0
MIRLET7E,0.0
MIR375,0.0
MIR30E,0.0
MIRLET7A2,0.0
MIR429,0.0
MIR380,0.0
MIR449A,0.0
MIR345,0.0
MIR16-2,0.0
MIR340,0.0
MIR107,0.0
MIR448,0.0
MIR370,0.0
MIR412,0.0
MIR377,0.0
MIR1-1,0.0
MIR381,0.0
MIR339,0.0
MIR103A2,0.0
MIR369,0.0
MIRLET7C,0.0
MIR371A,0.0
MIR425,0.0
MIR103A1,0.0
MIR219A1,0.0
MIR210,0.0
MIR335,0.0
MIR378A,0.0
MIR361,0.0
MIR324,0.0
MIR135B,0.0
MIR101-2,0.0
MIR323A,0.0
MIRLET7F1,0.0
MIR26A1,0.0
MIR129-2,0.0
MIR133B,0.0
MIR342,0.0
MIR148A,0.0
MIR379,0.0
MIR326,0.0
MIR410,0.0
MIR30C2,0.0
MIR372,0.0
MIR302C,0.0
MIR346,0.0
MIR409,0.0
MIR411,0.0
MIR26B,0.0
MIR148B,0.0
MIR383,0.0
MIR365A,0.0
MIR450A1,0.0
MIRLET7D,0.0
MIR101-1,0.0
MIR373,0.0
MIR302D,0.0
MIRLET7G,0.0
MIR337,0.0
MIR30D,0.0
MIR422A,0.0
MIR208A,0.0
MIR96,0.0
MIR126,0.0
MIRLET7A1,0.0
MIR374A,0.0
MIR367,0.0
MIR331,0.0
MIR31,0.0
MIRLET7I,0.0
ENSG00000199196,0.0
RN7SKP72,0.0
Y_RNA,0.0
Y_RNA,0.0
RNA5SP289,0.0
Y_RNA,0.0
Y_RNA,0.0
RNU105C,0.0
RNU6-1123P,0.0
RN7SKP184,0.0
RNU6-500P,0.0
Y_RNA,0.0
Y_RNA,0.0
Y_RNA,0.0
Y_RNA,0.0
RNU6-50P,0.0
ENSG00000199231,0.0
RNU6-834P,0.0
RNA5SP46,0.0
Y_RNA,0.0
Y_RNA,0.0
RNU6-896P,0.0
RNU6-28P,0.0
RNU6-664P,0.0
RNU6-874P,0.0
Y_RNA,0.0
SNORA60,0.0
RNA5S12,0.0
RNU6-349P,0.0
Y_RNA,0.0
RNA5SP26,0.0
RNU6-661P,0.0
ENSG00000199282,0.0
RNU1-58P,0.0
Y_RNA,0.0
RNU6-1094P,0.0
RNU6-502P,0.0
Y_RNA,0.0
Y_RNA,0.0
SNORA21,0.0
RNU6-1312P,0.0
RNA5SP430,0.0
RNU6-208P,0.0
Y_RNA,0.0
RNU6-858P,0.0
RNU6-222P,0.0
SNORD115-34,0.0
RNU4-82P,0.0
RNA5SP347,0.0
RNA5SP52,0.0
RN7SKP25,0.0
ENSG00000199321,0.0
RNA5SP183,0.0
RNU4-39P,0.0
RNU6-1298P,0.0
RNU6-230P,0.0
Y_RNA,0.0
Y_RNA,0.0
RNA5S11,0.0
RNU6-204P,0.0
RNA5S3,0.0
RNU5E-1,0.0
RNU6-766P,0.0
Y_RNA,0.0
RNA5SP432,0.0
RNA5S1,0.0
RNA5SP273,0.0
Y_RNA,0.0
RNU6-1115P,0.0
RNU1-150P,0.0
Y_RNA,0.0
SNORA63E,0.0
RNA5SP327,0.0
Y_RNA,0.0
RNU6-1084P,0.0
U3,0.0
RNA5SP453,0.0
RNU5F-1,0.0
Y_RNA,0.0
RNU6-79P,0.0
RNU6-369P,0.0
SNORD114-7,0.0
ENSG00000199392,0.0
RNU6-600P,0.0
RNA5SP93,0.0
RNA5S5,0.0
Y_RNA,0.0
RNY4P19,0.0
RNA5SP308,0.0
SNORA1B,0.0
RNA5SP301,0.0
Y_RNA,0.0
Y_RNA,0.0
SNORD62,0.0
RNA5SP370,0.0
RN7SKP170,0.0
VTRNA3-1P,0.0
Y_RNA,0.0
RNU1-108P,0.0
SNORD9,0.0
Y_RNA,0.0
Y_RNA,0.0
Y_RNA,0.0
RNU6-543P,0.0
RNU6-845P,0.0
RNA5SP276,0.0
SNORD115-12,0.0
RNA5SP388,0.0
RNA5SP191,0.0
RNU4-35P,0.0
Y_RNA,0.0
RNU6-1216P,0.0
Y_RNA,0.0
Y_RNA,0.0
RNU6-556P,0.0
RNU1-62P,0.0
ENSG00000199470,0.0
Y_RNA,0.0
Y_RNA,0.0
SNORA63,0.0
ENSG00000199474,0.0
RN7SKP104,0.0
Y_RNA,0.0
SNORA31,0.0
RNA5SP389,0.0
RNU6-633P,0.0
RNU4-15P,0.0
Y_RNA,0.0
RNU1-70P,0.0
SNORD115-25,0.0
Y_RNA,0.0
RNU6-1313P,0.0
RNU1-94P,0.0
RNU6-247P,0.0
RNA5SP110,0.0
RNA5SP477,0.0
RNU6-212P,0.0
RNU6-235P,0.0
Y_RNA,0.0
Y_RNA,0.0
RNU6-386P,0.0
RNA5SP226,0.0
RNA5SP295,0.0
RNU6-462P,0.0
Y_RNA,0.0
RNA5SP305,0.0
RNU6-315P,0.0
Y_RNA,0.0
RNA5SP195,0.0
Y_RNA,0.0
Y_RNA,0.0
RNU6-545P,0.0
SNORA63,0.0
RNA5SP361,0.0
RNU6-37P,0.0
RNA5SP502,0.0
Y_RNA,0.0
ENSG00000199566,0.0
Y_RNA,0.0
RNU5A-1,0.0
RNU6-228P,0.0
ENSG00000199571,0.0
RNA5SP174,0.0
SNORD18C,0.0
SNORD114-1,0.0
RNU6-822P,0.0
Y_RNA,0.0
Y_RNA,0.0
RNA5SP119,0.0
Y_RNA,0.0
RNA5SP321,0.0
SNORD114-14,0.0
RNU6-1301P,0.0
Y_RNA,0.0
RNU6-859P,0.0
RNU6-562P,0.0
RNU6-951P,0.0
RNY4P24,0.0
RNA5SP124,0.0
RNA5SP258,0.0
RN7SKP20,0.0
RNU6-989P,0.0
RNU6-1010P,0.0
RNU1-14P,0.0
Y_RNA,0.0
SNORD33,0.0
SNORA63,0.0
RNU4-79P,0.0
Y_RNA,0.0
Y_RNA,0.0
RNA5SP319,0.0
RN7SKP294,0.0
RNU4-90P,0.0
RNU6-1330P,0.0
RNU6-1272P,0.0
RNU1-35P,0.0
RNU6-1266P,0.0
SNORD3G,0.0
Y_RNA,0.0
Y_RNA,0.0
RNU4-21P,0.0
SNORD16,0.0
RNU6-862P,0.0
Y_RNA,0.0
Y_RNA,0.0
RN7SKP185,0.0
RNU1-38P,0.0
RN7SKP173,0.0
RNU6-1128P,0.0
RNU6-446P,0.0
Y_RNA,0.0
RNU6-223P,0.0
Y_RNA,0.0
RNU6-170P,0.0
SNORD115-29,0.0
Y_RNA,0.0
RNU4-23P,0.0
Y_RNA,0.0
Y_RNA,0.0
SNORD115-2,0.0
U8,0.0
Y_RNA,0.0
Y_RNA,0.0
RN7SKP74,0.0
RNU6-655P,0.0
RN7SKP95,0.0
RNU6-1079P,0.0
Y_RNA,0.0
RNA5SP307,0.0
RNU6-227P,0.0
RNU6-552P,0.0
Y_RNA,0.0
SNORD36A,0.0
Y_RNA,0.0
SNORD104,0.0
Y_RNA,0.0
Y_RNA,0.0
Y_RNA,0.0
Y_RNA,0.0
RNU6-363P,0.0
RNU6-78P,0.0
RNA5SP426,0.0
RNU1-76P,0.0
Y_RNA,0.0
Y_RNA,0.0
SNORD115-9,0.0
ENSG00000199783,0.0
RNU6-1287P,0.0
SNORA52,0.0
RNA5SP188,0.0
SNORA80C,0.0
RNY3P2,0.0
RNU6-836P,0.0
RNU6-451P,0.0
RNU6-1233P,0.0
RNU6-924P,0.0
Y_RNA,0.0
SNORD114-5,0.0
Y_RNA,0.0
RNU6-1159P,0.0
RNA5SP383,0.0
RNU1-134P,0.0
RNA5SP491,0.0
RNA5SP374,0.0
RNU6-428P,0.0
RNU6-1260P,0.0
ENSG00000199815,0.0
RNU6-199P,0.0
RNU6-1290P,0.0
RN7SKP291,0.0
Y_RNA,0.0
SNORD115-21,0.0
RNU1-47P,0.0
RNA5SP150,0.0
Y_RNA,0.0
RNA5SP358,0.0
RNA5SP375,0.0
RNU1-72P,0.0
RNU5F-6P,0.0
U3,0.0
RNU6-490P,0.0
U3,0.0
ENSG00000199857,0.0
RNU6-1120P,0.0
RNU6-582P,0.0
Y_RNA,0.0
RNU6-495P,0.0
Y_RNA,0.0
Y_RNA,0.0
Y_RNA,0.0
RNU6-942P,0.0
RNA5SP452,0.0
Y_RNA,0.0
RN7SKP149,0.0
RNVU1-22,0.0
RNU6-888P,0.0
Y_RNA,0.0
RN7SKP90,0.0
Y_RNA,0.0
RNU6-330P,0.0
RNU6-249P,0.0
Y_RNA,0.0
RNU1-17P,0.0
ENSG00000199894,0.0
Y_RNA,0.0
Y_RNA,0.0
Y_RNA,0.0
RNU6-1273P,0.0
RNU6-492P,0.0
RNU5B-2P,0.0
RNA5S10,0.0
Y_RNA,0.0
Y_RNA,0.0
Y_RNA,0.0
SNORD114-16,0.0
RNU4-44P,0.0
RNU6-161P,0.0
RNU6-1252P,0.0
ENSG00000199927,0.0
RNA5SP405,0.0
RNU1-18P,0.0
RNY1P16,0.0
SNORD81,0.0
Y_RNA,0.0
Y_RNA,0.0
RN7SKP75,0.0
SNORD114-19,0.0
RNU6-653P,0.0
Y_RNA,0.0
RNA5SP443,0.0
ENSG00000199959,0.0
SNORD115-14,0.0
SNORD1B,0.0
Y_RNA,0.0
RNU6-605P,0.0
Y_RNA,0.0
SNORD115-19,0.0
SNORD115-3,0.0
RNU6-797P,0.0
RN7SKP243,0.0
SNORA73,0.0
Y_RNA,0.0
RNA5SP264,0.0
RNU6-486P,0.0
VTRNA1-1,0.0
RNA5SP145,0.0
RNU6-986P,0.0
Y_RNA,0.0
Y_RNA,0.0
RNU6-623P,0.0
RNA5SP448,0.0
Y_RNA,0.0
U8,0.0
RNA5SP98,0.0
RNU6-642P,0.0
RNU6-403P,0.0
RNU4-73P,0.0
RNA5SP65,0.0
Y_RNA,0.0
Y_RNA,0.0
RN7SKP115,0.0
RNU6-812P,0.0
Y_RNA,0.0
ENSG00000200051,0.0
Y_RNA,0.0
RN7SKP63,0.0
RNA5SP218,0.0
Y_RNA,0.0
Y_RNA,0.0
RNU4-58P,0.0
ENSG00000200063,0.0
RNY4P9,0.0
Y_RNA,0.0
RNU4-80P,0.0
ENSG00000200072,0.0
ENSG00000200075,0.0
RNA5SP326,0.0
SNORD68,0.0
Y_RNA,0.0
RNU6-433P,0.0
SNORA73B,0.0
SNORD114-31,0.0
Y_RNA,0.0
RN7SKP163,0.0
RNU6-181P,0.0
RNU6-1167P,0.0
RNU6-508P,0.0
RNU6-252P,0.0
RNU6-251P,0.0
RNU6-984P,0.0
RNU6-1249P,0.0
RNU6-774P,0.0
ENSG00000200112,0.0
ENSG00000200113,0.0
RNA5SP123,0.0
Y_RNA,0.0
Y_RNA,0.0
Y_RNA,0.0
RN7SKP77,0.0
RNU6-1021P,0.0
Y_RNA,0.0
RNY1P10,0.0
RNU6-778P,0.0
Y_RNA,0.0
RNU6-544P,0.0
ENSG00000200150,0.0
RN7SKP231,0.0
RNU6-216P,0.0
RNU6-23P,0.0
RNU5B-1,0.0
RN7SKP145,0.0
Y_RNA,0.0
SNORD115-18,0.0
Y_RNA,0.0
RNA5SP350,0.0
RNU5D-1,0.0
Y_RNA,0.0
Y_RNA,0.0
Y_RNA,0.0
RNU6-1309P,0.0
RNU1-19P,0.0
Y_RNA,0.0
RNU6-238P,0.0
RNU1-20P,0.0
RNU6-832P,0.0
U8,0.0
RNU1-21P,0.0
RN7SKP211,0.0
Y_RNA,0.0
RNU1-22P,0.0
ENSG00000200206,0.0
Y_RNA,0.0
Y_RNA,0.0
RNY4P27,0.0
RNU6-992P,0.0
SNORD113-6,0.0
RNU6-745P,0.0
RNU6-839P,0.0
RNU6-697P,0.0
RNU6-179P,0.0
U3,0.0
RNU6-626P,0.0
RNA5SP382,0.0
RNA5SP197,0.0
RNU1-23P,0.0
ENSG00000200235,0.0
SNORA70,0.0
RNA5SP133,0.0
Y_RNA,0.0
RN7SKP79,0.0
RNA5SP263,0.0
RNU6-254P,0.0
RNA5SP214,0.0
RNU6-1147P,0.0
Y_RNA,0.0
RNU6-529P,0.0
RNU6-536P,0.0
Y_RNA,0.0
RNU6-97P,0.0
SNORD35A,0.0
Y_RNA,0.0
Y_RNA,0.0
RNU6-66P,0.0
RNU6-838P,0.0
RNU4-32P,0.0
RNA5SP199,0.0
RNA5SP352,0.0
SNORD114-10,0.0
RNU6-624P,0.0
Y_RNA,0.0
Y_RNA,0.0
ENSG00000200288,0.0
Y_RNA,0.0
RNA5SP393,0.0
ENSG00000200294,0.0
RNU6-527P,0.0
RNU1-83P,0.0
Y_RNA,0.0
RNA5SP483,0.0
RNU6-940P,0.0
RNU6-1255P,0.0
Y_RNA,0.0
Y_RNA,0.0
RNA5SP215,0.0
RN7SKP255,0.0
RNA5-8SP7,0.0
Y_RNA,0.0
SNORD3P1,0.0
SNORA63,0.0
Y_RNA,0.0
RNA5SP391,0.0
RNA5SP62,0.0
RNU6-183P,0.0
Y_RNA,0.0
Y_RNA,0.0
RNA5SP333,0.0
RNU1-49P,0.0
RNU1-105P,0.0
RNA5S8,0.0
Y_RNA,0.0
RNU6-485P,0.0
RNU6-1285P,0.0
Y_RNA,0.0
SNORA71D,0.0
SNORA72,0.0
RNU6-833P,0.0
RNU6-792P,0.0
Y_RNA,0.0
RNU6-511P,0.0
SNORD113-8,0.0
RNU6-666P,0.0
RNA5S17,0.0
RNU5E-8P,0.0
RNU5E-10P,0.0
ENSG00000200377,0.0
RNU5B-4P,0.0
RN7SKP45,0.0
RNA5S4,0.0
ENSG00000200385,0.0
RNU6-618P,0.0
RNU6-509P,0.0
Y_RNA,0.0
Y_RNA,0.0
RNU6-698P,0.0
SNORA38B,0.0
Y_RNA,0.0
SNORD115-24,0.0
RNU6-1099P,0.0
SNORD114-23,0.0
RNU6-1169P,0.0
RNA5SP74,0.0
RNA5SP346,0.0
SNORD114-26,0.0
SNORA63B,0.0
Y_RNA,0.0
Y_RNA,0.0
ENSG00000200422,0.0
RNU6-1155P,0.0
Y_RNA,0.0
Y_RNA,0.0
RNU4-81P,0.0
Y_RNA,0.0
RNA5-8SP2,0.0
Y_RNA,0.0
RNU6-799P,0.0
RNU6-1066P,0.0
RNU6-1339P,0.0
RNU6-1085P,0.0
Y_RNA,0.0
RNU6-1112P,0.0
RNU6-1097P,0.0
RNU6-727P,0.0
SNORD118,0.0
RNA5SP403,0.0
RNU6-112P,0.0
RNU6-1125P,0.0
RN7SKP44,0.0
RNA5SP507,0.0
RN7SKP162,0.0
SNORD115-41,0.0
SNORD114-28,0.0
RNU6-1017P,0.0
RNU6-1244P,0.0
Y_RNA,0.0
SNORD115-11,0.0
RNA5SP322,0.0
RN7SKP203,0.0
U3,0.0
Y_RNA,0.0
RNU6-1205P,0.0
U8,0.0
Y_RNA,0.0
SNORD115-5,0.0
Y_RNA,0.0
Y_RNA,0.0
RNA5SP378,0.0
RNU6-1214P,0.0
Y_RNA,0.0
RNU6-957P,0.0
RNU6-1209P,0.0
RNY4P14,0.0
RNA5SP457,0.0
RNU6-1331P,0.0
SNORD35B,0.0
SNORA33,0.0
ENSG00000200536,0.0
RNY4P6,0.0
U3,0.0
Y_RNA,0.0
U3,0.0
Y_RNA,0.0
RNU6-137P,0.0
Y_RNA,0.0
Y_RNA,0.0
RNU6-1020P,0.0
RNU6-525P,0.0
RNU6-103P,0.0
RNA5SP429,0.0
RNU6-288P,0.0
RNU6-640P,0.0
SNORD115-39,0.0
RNU5F-7P,0.0
RNU6-829P,0.0
RNU6-1284P,0.0
Y_RNA,0.0
RNU6-414P,0.0
Y_RNA,0.0
RNA5SP514,0.0
Y_RNA,0.0
SNORD115-33,0.0
RNU6-824P,0.0
RNVU1-33,0.0
Y_RNA,0.0
RNA5SP50,0.0
Y_RNA,0.0
SNORD114-11,0.0
Y_RNA,0.0
SNORD114-25,0.0
RNA5SP349,0.0
Y_RNA,0.0
Y_RNA,0.0
RNA5SP447,0.0
ENSG00000200620,0.0
RNU6-1059P,0.0
SNORD18A,0.0
RNA5S6,0.0
RNA5SP325,0.0
RNY1P11,0.0
Y_RNA,0.0
SNORD113-7,0.0
Y_RNA,0.0
SNORD114-27,0.0
RNU5F-3P,0.0
SNORD115-37,0.0
RNU6-1210P,0.0
Y_RNA,0.0
RNU6-226P,0.0
RNA5SP114,0.0
Y_RNA,0.0
ENSG00000200652,0.0
RNU4-92P,0.0
SNORA5B,0.0
SNORD116-10,0.0
Y_RNA,0.0
RNU6-1188P,0.0
RNU6-912P,0.0
RN7SKP174,0.0
RN7SKP160,0.0
SNORD18,0.0
SNORD115-4,0.0
RNU6-263P,0.0
RNU6-379P,0.0
Y_RNA,0.0
RNY3P3,0.0
RNA5SP335,0.0
Y_RNA,0.0
U3,0.0
RNU6-674P,0.0
Y_RNA,0.0
RNU6-873P,0.0
ENSG00000200706,0.0
RN7SKP93,0.0
RNA5SP27,0.0
RNA5SP28,0.0
RNU6-682P,0.0
Y_RNA,0.0
RN7SKP103,0.0
RNA5SP260,0.0
RNU6-931P,0.0
SNORD115-8,0.0
RNU6-271P,0.0
RNU1-124P,0.0
RNU6-194P,0.0
ENSG00000200733,0.0
Y_RNA,0.0
RNA5SP472,0.0
RNA5SP161,0.0
Y_RNA,0.0
RNU1-31P,0.0
Y_RNA,0.0
Y_RNA,0.0
ENSG00000200753,0.0
Y_RNA,0.0
RNA5SP68,0.0
RNU6-236P,0.0
SNORD115-16,0.0
RNU6-884P,0.0
RN7SKP113,0.0
RNU6-961P,0.0
Y_RNA,0.0
Y_RNA,0.0
RNU6-478P,0.0
RNU6-105P,0.0
RN7SKP180,0.0
SNORD8,0.0
RNA5SP234,0.0
Y_RNA,0.0
RNU1-65P,0.0
RNU6-631P,0.0
SNORA80A,0.0
RN7SKP250,0.0
RNU4-1,0.0
RNU6-753P,0.0
RNU6-770P,0.0
RNU1-130P,0.0
SNORD115-28,0.0
RNA5SP275,0.0
RNU1-32P,0.0
SNORD115-6,0.0
RNU6-595P,0.0
RNU6-1091P,0.0
SNORA38,0.0
RNU6-899P,0.0
RNU6-1204P,0.0
Y_RNA,0.0
SNORD114-2,0.0
RNU6-324P,0.0
Y_RNA,0.0
RN7SKP134,0.0
SNORD36B,0.0
SNORD114-4,0.0
Y_RNA,0.0
RNA5SP48,0.0
RNU6-82P,0.0
Y_RNA,0.0
Y_RNA,0.0
Y_RNA,0.0
RNA5SP499,0.0
Y_RNA,0.0
Y_RNA,0.0
Y_RNA,0.0
RN7SKP36,0.0
RNU6-457P,0.0
RNU6-810P,0.0
RNA5SP456,0.0
RNA5SP399,0.0
Y_RNA,0.0
RNU6-340P,0.0
RNU6-560P,0.0
SNORD14E,0.0
RNU6-681P,0.0
Y_RNA,0.0
Y_RNA,0.0
RNU1-146P,0.0
RNU6-598P,0.0
Y_RNA,0.0
RNU4-13P,0.0
RNA5SP99,0.0
ENSG00000200891,0.0
RNU6-944P,0.0
RN7SKP245,0.0
ENSG00000200897,0.0
RNU6-1243P,0.0
RNU6-627P,0.0
RNU1-42P,0.0
RNU6-854P,0.0
SNORD46,0.0
RNA5SP435,0.0
RNU6-553P,0.0
Y_RNA,0.0
RNU6-1048P,0.0
RNU6-960P,0.0
RNU6-1090P,0.0
RNU6-694P,0.0
RNU6-501P,0.0
SNORD115-32,0.0
Y_RNA,0.0
RNU6-801P,0.0
SNORA74A,0.0
RNU6-289P,0.0
RN7SKP87,0.0
ENSG00000200969,0.0
RNU5A-8P,0.0
RNU4-87P,0.0
RNU1-7P,0.0
Y_RNA,0.0
Y_RNA,0.0
SNORA3A,0.0
RNA5SP493,0.0
RNU6-819P,0.0
SNORD115-30,0.0
ENSG00000200991,0.0
RNVU1-34,0.0
Y_RNA,0.0
ENSG00000200999,0.0
RNA5SP516,0.0
RNU6-270P,0.0
ENSG00000201003,0.0
Y_RNA,0.0
ENSG00000201009,0.0
RN7SKP224,0.0
Y_RNA,0.0
Y_RNA,0.0
RNA5SP232,0.0
RNU6-280P,0.0
RNU6-374P,0.0
RNU6-743P,0.0
RNY3P11,0.0
SNORD74B,0.0
Y_RNA,0.0
RN7SKP107,0.0
RNU6-151P,0.0
Y_RNA,0.0
RNU6-704P,0.0
RNU1-96P,0.0
Y_RNA,0.0
RNA5SP469,0.0
ENSG00000201036,0.0
RNA5SP242,0.0
ENSG00000201042,0.0
RNU6-268P,0.0
Y_RNA,0.0
Y_RNA,0.0
RNU6-668P,0.0
RNA5SP336,0.0
RNU6-461P,0.0
RN7SKP280,0.0
RNU4-84P,0.0
Y_RNA,0.0
Y_RNA,0.0
Y_RNA,0.0
RNU4-51P,0.0
RNU6-188P,0.0
RN7SKP214,0.0
Y_RNA,0.0
RNU6-173P,0.0
RNA5SP394,0.0
Y_RNA,0.0
RNU6-266P,0.0
RNA5SP387,0.0
RNU6-366P,0.0
RNY1,0.0
Y_RNA,0.0
RNU6-11P,0.0
RNA5SP245,0.0
RNU6-647P,0.0
Y_RNA,0.0
Y_RNA,0.0
RNU1-33P,0.0
RNY1P12,0.0
SNORA58B,0.0
ENSG00000201133,0.0
Y_RNA,0.0
RNU6-777P,0.0
RNU6-353P,0.0
RN7SKP128,0.0
RNU1-151P,0.0
SNORD115-42,0.0
RNA5SP175,0.0
RNA5SP42,0.0
ENSG00000201151,0.0
RNU6-371P,0.0
RNU1-24P,0.0
SNORA62,0.0
Y_RNA,0.0
RN7SKP10,0.0
RNU6-454P,0.0
RNU4-36P,0.0
RNU6-1229P,0.0
RNA5SP368,0.0
RNU1-132P,0.0
RNU6-853P,0.0
Y_RNA,0.0
RNU6-1322P,0.0
RNU6-115P,0.0
RNU6-670P,0.0
RNVU1-3,0.0
RNU4-68P,0.0
RNA5SP202,0.0
RNU4-33P,0.0
Y_RNA,0.0
RNU6-879P,0.0
RN7SKP118,0.0
Y_RNA,0.0
Y_RNA,0.0
SNORD42,0.0
RNA5SP139,0.0
Y_RNA,0.0
Y_RNA,0.0
Y_RNA,0.0
RNU4-40P,0.0
RNU6-1305P,0.0
Y_RNA,0.0
SNORA63D,0.0
RNU4-50P,0.0
Y_RNA,0.0
SNORD114-9,0.0
RNU6-978P,0.0
RNY1P1,0.0
RNU6-654P,0.0
ENSG00000201245,0.0
SNORD114-13,0.0
RNU4-10P,0.0
RNU6-990P,0.0
RNU6-1075P,0.0
SNORD114-6,0.0
SNORD73B,0.0
RNU6-755P,0.0
RNU1-112P,0.0
RNU6-776P,0.0
RNA5SP192,0.0
Y_RNA,0.0
Y_RNA,0.0
Y_RNA,0.0
RNA5SP524,0.0
RN7SKP171,0.0
RNU6-1047P,0.0
RN7SKP76,0.0
RNU1-34P,0.0
RNU6-153P,0.0
RNU6-1019P,0.0
RNU4-41P,0.0
Y_RNA,0.0
RNU6-1164P,0.0
SNORD115-27,0.0
RNA5SP130,0.0
SNORA65,0.0
RNU6-512P,0.0
Y_RNA,0.0
Y_RNA,0.0
RNA5SP72,0.0
Y_RNA,0.0
RN7SKP227,0.0
ENSG00000201316,0.0
RNU4-59P,0.0
SNORD114-30,0.0
RNA5S9,0.0
RNU6-361P,0.0
RNA5SP142,0.0
SNORD115-22,0.0
U3,0.0
SNORD32B,0.0
SNORD115-23,0.0
Y_RNA,0.0
Y_RNA,0.0
RNU6-421P,0.0
RNU4-38P,0.0
Y_RNA,0.0
U3,0.0
RNA5SP69,0.0
RNU105B,0.0
Y_RNA,0.0
Y_RNA,0.0
RNA5S14,0.0
RNA5SP500,0.0
RN7SKP193,0.0
RNA5SP433,0.0
Y_RNA,0.0
RN7SKP37,0.0
Y_RNA,0.0
RNU6-522P,0.0
U3,0.0
Y_RNA,0.0
Y_RNA,0.0
RNU6-1251P,0.0
SNORA70,0.0
RNY4P23,0.0
RNU4-76P,0.0
RNU6-558P,0.0
ENSG00000201384,0.0
RNU6-1163P,0.0
SNORA68B,0.0
RNU6-1141P,0.0
RNU6-1078P,0.0
SNORA71,0.0
RNA5SP140,0.0
RN7SKP257,0.0
U8,0.0
SNORD14B,0.0
Y_RNA,0.0
ENSG00000201407,0.0
ENSG00000201410,0.0
Y_RNA,0.0
RNA5SP141,0.0
RNA5SP204,0.0
RNA5SP512,0.0
Y_RNA,0.0
RN7SKP246,0.0
Y_RNA,0.0
RN7SKP71,0.0
RNU6-1277P,0.0
Y_RNA,0.0
RNU6-335P,0.0
RNU4-24P,0.0
RNU6-660P,0.0
RNU4-67P,0.0
RNA5SP515,0.0
RNU6-646P,0.0
Y_RNA,0.0
RNU6-309P,0.0
RNU6-1082P,0.0
RNA5SP509,0.0
SNORA63C,0.0
Y_RNA,0.0
RNU6-1317P,0.0
SNORA55,0.0
RNU4-4P,0.0
Y_RNA,0.0
ENSG00000201465,0.0
Y_RNA,0.0
ENSG00000201467,0.0
RNA5SP379,0.0
RNY4P7,0.0
RNU6-164P,0.0
RNA5SP353,0.0
SNORD115-17,0.0
Y_RNA,0.0
SNORD45B,0.0
Y_RNA,0.0
RNU4-75P,0.0
RNA5SP78,0.0
RNU1-141P,0.0
RN7SKP275,0.0
Y_RNA,0.0
RNU6-312P,0.0
ENSG00000201500,0.0
Y_RNA,0.0
ENSG00000201502,0.0
RN7SKP217,0.0
Y_RNA,0.0
SNORA71C,0.0
ENSG00000201516,0.0
RNU6-707P,0.0
RNA5SP513,0.0
RNU6-645P,0.0
RNA5SP205,0.0
RNU6-450P,0.0
RNA5SP478,0.0
Y_RNA,0.0
RNA5SP194,0.0
RN7SKP237,0.0
Y_RNA,0.0
ENSG00000201541,0.0
SNORA62,0.0
SNORA16B,0.0
RNU4-85P,0.0
Y_RNA,0.0
Y_RNA,0.0
Y_RNA,0.0
RNU6-726P,0.0
Y_RNA,0.0
Y_RNA,0.0
SNORD114-15,0.0
RNVU1-6,0.0
RNU6-973P,0.0
Y_RNA,0.0
RN7SKP50,0.0
Y_RNA,0.0
Y_RNA,0.0
RNA5SP510,0.0
SNORD114-17,0.0
RNU4-56P,0.0
Y_RNA,0.0
RNU1-93P,0.0
RNU6-343P,0.0
RN7SKP78,0.0
RN7SKP191,0.0
Y_RNA,0.0
RNU6-593P,0.0
RNA5S2,0.0
RNU6-99P,0.0
ENSG00000201592,0.0
RNA5SP517,0.0
RNA5SP132,0.0
Y_RNA,0.0
RNU6-219P,0.0
RN7SKP124,0.0
Y_RNA,0.0
RNU6-740P,0.0
RNU4-16P,0.0
RNU4-42P,0.0
RNU4-28P,0.0
RNA5SP84,0.0
RN7SKP15,0.0
RNU6-200P,0.0
RNU1-91P,0.0
RNA5SP505,0.0
ENSG00000201619,0.0
RNA5SP51,0.0
RNU6-621P,0.0
RNU6-923P,0.0
Y_RNA,0.0
Y_RNA,0.0
RNU4-7P,0.0
Y_RNA,0.0
SNORD115-48,0.0
Y_RNA,0.0
RNY4P16,0.0
RN7SKP28,0.0
RNU6-1187P,0.0
RNU6-865P,0.0
SNORA14A,0.0
Y_RNA,0.0
RNU4-91P,0.0
RNY4P34,0.0
RNU6-7,0.0
RNU6-283P,0.0
RNU12-2P,0.0
ENSG00000201660,0.0
RNU6-60P,0.0
Y_RNA,0.0
RN7SKP6,0.0
ENSG00000201666,0.0
Y_RNA,0.0
RNA5SP90,0.0
SNORD113-4,0.0
U3,0.0
SNORD32A,0.0
Y_RNA,0.0
SNORD115-15,0.0
Y_RNA,0.0
Y_RNA,0.0
RN7SKP239,0.0
RNU6-1107P,0.0
SNORD114-29,0.0
RNY1P2,0.0
RNA5SP334,0.0
RNVU1-24,0.0
SNORD113-3,0.0
ENSG00000201701,0.0
RNA5SP396,0.0
RNU6-818P,0.0
RNA5SP359,0.0
RNU6-686P,0.0
ENSG00000201710,0.0
RNU6-1303P,0.0
RNA5SP125,0.0
RN7SKP133,0.0
Y_RNA,0.0
Y_RNA,0.0
RNU6-304P,0.0
RNA5SP173,0.0
RNA5SP479,0.0
ENSG00000201733,0.0
RNA5SP160,0.0
RNU1-133P,0.0
Y_RNA,0.0
RNU6-563P,0.0
RNU6-34P,0.0
RNU6-828P,0.0
RNU6-534P,0.0
Y_RNA,0.0
RNU6-119P,0.0
SNORD52,0.0
Y_RNA,0.0
RN7SKP55,0.0
RNU6-336P,0.0
RNA5SP267,0.0
RNA5SP302,0.0
RNU6-384P,0.0
SNORA5C,0.0
Y_RNA,0.0
RNU6-1325P,0.0
Y_RNA,0.0
RNU6-275P,0.0
RN7SKP226,0.0
SNORD117,0.0
Y_RNA,0.0
Y_RNA,0.0
RNU6-1071P,0.0
RNA5SP189,0.0
SNORA63,0.0
RN7SKP9,0.0
RN7SKP130,0.0
RNU6-392P,0.0
Y_RNA,0.0
RNU5E-4P,0.0
RNU6-1180P,0.0
RNU4-8P,0.0
ENSG00000201807,0.0
U8,0.0
U8,0.0
SNORA71,0.0
RNA5SP488,0.0
RNU6-915P,0.0
RNU6-526P,0.0
SNORA73,0.0
RNY4P17,0.0
Y_RNA,0.0
RNU4-9P,0.0
RNA5SP149,0.0
SNORD48,0.0
RNU6-1131P,0.0
RNU6-867P,0.0
ENSG00000201827,0.0
Y_RNA,0.0
SNORD115-1,0.0
SNORD114-3,0.0
Y_RNA,0.0
RNA5SP166,0.0
SNORD31B,0.0
Y_RNA,0.0
RNU6-702P,0.0
RNA5SP331,0.0
Y_RNA,0.0
RNA5SP298,0.0
ENSG00000201863,0.0
Y_RNA,0.0
Y_RNA,0.0
RNU6-294P,0.0
RN7SKP178,0.0
RNA5SP97,0.0
Y_RNA,0.0
ENSG00000201882,0.0
Y_RNA,0.0
Y_RNA,0.0
Y_RNA,0.0
RNU6-967P,0.0
RN7SKP153,0.0
SNORA72,0.0
SNORD114-24,0.0
RNY1P13,0.0
RN7SKP48,0.0
SNORD115-38,0.0
RNU6-590P,0.0
RNU1-140P,0.0
RN7SKP189,0.0
Y_RNA,0.0
Y_RNA,0.0
RNU6-1022P,0.0
RNA5SP442,0.0
RNU1-43P,0.0
RNA5SP485,0.0
RNA5S15,0.0
RNA5SP172,0.0
Y_RNA,0.0
Y_RNA,0.0
RNA5SP224,0.0
RNA5SP363,0.0
SNORD115-10,0.0
SNORA72,0.0
SNORA70,0.0
SNORD113-9,0.0
RNU6-673P,0.0
RNY3P1,0.0
ENSG00000201957,0.0
Y_RNA,0.0
RNA5SP126,0.0
Y_RNA,0.0
RNA5-8SP4,0.0
RN7SKP22,0.0
RNA5SP138,0.0
SNORD115-20,0.0
SNORA62,0.0
Y_RNA,0.0
Y_RNA,0.0
Y_RNA,0.0
Y_RNA,0.0
SNORD115-35,0.0
SNORA23,0.0
RNA5SP428,0.0
RNU1-36P,0.0
Y_RNA,0.0
Y_RNA,0.0
Y_RNA,0.0
RNU6-619P,0.0
RNU6-806P,0.0
Y_RNA,0.0
Y_RNA,0.0
SNORD81,0.0
RNU6-934P,0.0
RNU6-1240P,0.0
RNU6-1134P,0.0
Y_RNA,0.0
RNU6-580P,0.0
SNORD38A,0.0
RNU6-399P,0.0
Y_RNA,0.0
RNU6-215P,0.0
Y_RNA,0.0
RNA5SP223,0.0
Y_RNA,0.0
RNA5SP324,0.0
SNORD114-20,0.0
RNU6-391P,0.0
RNU6-382P,0.0
RNA5SP152,0.0
RNA5SP19,0.0
RN7SKP80,0.0
ENSG00000202059,0.0
RNA5SP455,0.0
RNA5SP79,0.0
RNU4-66P,0.0
RNU6-1175P,0.0
Y_RNA,0.0
RNU6-715P,0.0
Y_RNA,0.0
Y_RNA,0.0
RNU6-1280P,0.0
RNU6-290P,0.0
RNU6-1306P,0.0
RNA5SP190,0.0
SNORD58C,0.0
RNU6-1172P,0.0
RNU6-234P,0.0
Y_RNA,0.0
RNU4-12P,0.0
VTRNA1-2,0.0
RNU6-690P,0.0
RNU6-302P,0.0
RNY4P3,0.0
RNU1-100P,0.0
Y_RNA,0.0
Y_RNA,0.0
SNORD114-18,0.0
Y_RNA,0.0
Y_RNA,0.0
RNA5SP329,0.0
RNU6-407P,0.0
RNY4P28,0.0
RNU4-11P,0.0
RNU6-742P,0.0
RNU5E-7P,0.0
RNA5SP117,0.0
RNU1-114P,0.0
Y_RNA,0.0
RNU6-1327P,0.0
RNA5-8SP5,0.0
RNA5SP128,0.0
Y_RNA,0.0
Y_RNA,0.0
ENSG00000202183,0.0
RNU6-1283P,0.0
RNU6-497P,0.0
RNA5SP355,0.0
SNORD115-31,0.0
SNORA30B,0.0
Y_RNA,0.0
SNORD113-1,0.0
RNA5SP427,0.0
Y_RNA,0.0
7SK,0.0
RNU1-115P,0.0
Y_RNA,0.0
RNU6-1034P,0.0
RNU6-169P,0.0
Y_RNA,0.0
RNU1-51P,0.0
ENSG00000202216,0.0
RN7SKP47,0.0
Y_RNA,0.0
Y_RNA,0.0
RNA5SP240,0.0
RNU6-282P,0.0
RNU6-1138P,0.0
ENSG00000202231,0.0
U3,0.0
RNU6-53P,0.0
RNU6-396P,0.0
RNU6-737P,0.0
RN7SKP186,0.0
RNU6-1276P,0.0
RNU6-728P,0.0
RNU5E-5P,0.0
Y_RNA,0.0
SNORD14C,0.0
Y_RNA,0.0
Y_RNA,0.0
RNA5S16,0.0
RNU6-1318P,0.0
RN7SKP69,0.0
SNORD115-44,0.0
RNA5SP22,0.0
RNA5SP77,0.0
RNU6-596P,0.0
U3,0.0
U8,0.0
SNORD114-12,0.0
Y_RNA,0.0
Y_RNA,0.0
ENSG00000202275,0.0
Y_RNA,0.0
Y_RNA,0.0
RNA5SP235,0.0
ENSG00000202283,0.0
RNU6-117P,0.0
RNA5SP37,0.0
SNORD114-22,0.0
RNU6-1335P,0.0
RNY3P12,0.0
RNU6-487P,0.0
RNU6-1130P,0.0
Y_RNA,0.0
RNU6-996P,0.0
Y_RNA,0.0
Y_RNA,0.0
RNU1-64P,0.0
SNORD6,0.0
RNU1-84P,0.0
Y_RNA,0.0
RNA5SP131,0.0
RNA5SP366,0.0
RNU6-609P,0.0
RNA5SP167,0.0
Y_RNA,0.0
RNA5SP238,0.0
ENSG00000202335,0.0
RNU6-359P,0.0
RNU6-8,0.0
RNU4-45P,0.0
RNU6-1051P,0.0
ENSG00000202343,0.0
RN7SKP208,0.0
Y_RNA,0.0
RNU1-16P,0.0
RNU6-326P,0.0
RN7SKP204,0.0
RNY3,0.0
RNA5SP277,0.0
Y_RNA,0.0
RNU6-652P,0.0
RN7SKP249,0.0
Y_RNA,0.0
SNORA62,0.0
Y_RNA,0.0
SNORD115-43,0.0
SNORA62,0.0
SNORA25B,0.0
SNORA70,0.0
RNU1-55P,0.0
Y_RNA,0.0
RNA5SP279,0.0
Y_RNA,0.0
RNA5SP211,0.0
Y_RNA,0.0
SNORA70,0.0
RN7SKP292,0.0
RN7SKP1,0.0
RNU6-61P,0.0
Y_RNA,0.0
SNORD82,0.0
Y_RNA,0.0
RN7SKP187,0.0
Y_RNA,0.0
RNVU1-21,0.0
Y_RNA,0.0
RNA5SP259,0.0
RNY3P13,0.0
Y_RNA,0.0
RN7SKP269,0.0
Y_RNA,0.0
RNA5SP30,0.0
RNU6-827P,0.0
RNU6-744P,0.0
RNU6-108P,0.0
RNU4-48P,0.0
RNA5SP88,0.0
RNU6-438P,0.0
RNU6-54P,0.0
ENSG00000202434,0.0
Y_RNA,0.0
SNORD42,0.0
RNY4P10,0.0
RNU5E-6P,0.0
RNU6-669P,0.0
SNORA63,0.0
Y_RNA,0.0
Y_RNA,0.0
RNU4-17P,0.0
Y_RNA,0.0
Y_RNA,0.0
RNU4-20P,0.0
RNA5SP248,0.0
RN7SKP81,0.0
RNA5SP283,0.0
Y_RNA,0.0
RNU6-81P,0.0
SNORD14,0.0
RNU6-499P,0.0
RNU6-597P,0.0
RNU6-716P,0.0
Y_RNA,0.0
RNU6-898P,0.0
SNORD116,0.0
SNORD115-36,0.0
RNA5SP151,0.0
SNORD34,0.0
Y_RNA,0.0
RN7SKP230,0.0
RNU6-805P,0.0
Y_RNA,0.0
VTRNA1-3,0.0
ENSG00000202517,0.0
RNA5S7,0.0
Y_RNA,0.0
Y_RNA,0.0
RNA5S13,0.0
RNU6-650P,0.0
SNORD18B,0.0
RNU6-395P,0.0
Y_RNA,0.0
RNU6-1329P,0.0
Y_RNA,0.0
U8,0.0
RNU4-2,0.0
Y_RNA,0.0
MIR539,0.0
MIR421,0.0
MIR146B,0.0
MIR582,0.0
MIR488,0.0
ENSG00000203262,0.0
Metazoa_SRP,0.0
GPR160P1,0.0
SNF8P1,0.0
ENSG00000203396,0.0
SHISA5P2,0.0
OR6C71P,0.0
Metazoa_SRP,0.0
ACTBP6,0.0
BTBD7P1,0.0
FAM32BP,0.0
E2F3P2,0.0
Metazoa_SRP,0.0
ENSG00000203437,0.0
ENSG00000203462,0.0
HMGB1P39,0.0
OR2N1P,0.0
TAS2R2,0.0
ENSG00000203531,0.0
OR52J1P,0.0
Metazoa_SRP,0.0
OR1F2P,0.0
RHOT1P2,0.0
ENSG00000203647,0.0
ENSG00000203648,0.0
OR2W5P,0.0
OR10T1P,0.0
MSTO2P,0.0
S100A7P1,0.0
CCDC162P,0.0
ENSG00000203825,0.0
HSD3BP4,0.0
HSD3BP2,0.0
CHIAP2,0.0
HSP90B3P,0.0
LCN1P2,0.0
MYCLP1,0.0
ARMCX7P,0.0
BMP2KL,0.0
ECEL1P1,0.0
GGTA1,0.0
LRRC37A5P,0.0
BMS1P1,0.0
GGNBP1,0.0
RPL12P1,0.0
RPL12P16,0.0
HNRNPCP2,0.0
CYP21A1P,0.0
SSX20P,0.0
ENSG00000204399,0.0
CASP12,0.0
ENSG00000204429,0.0
POTEKP,0.0
CTSLP6,0.0
TRIM51BP,0.0
ENSG00000204456,0.0
TBC1D3P4,0.0
GUCY2EP,0.0
DEFB122,0.0
CFTRP3,0.0
ENSG00000204556,0.0
HLA-J,0.0
ARPP19P2,0.0
SSX9P,0.0
LINC02210,0.0
RPS26P8,0.0
CST9LP2,0.0
CST9LP1,0.0
CST13P,0.0
OR2U1P,0.0
UBTFL3,0.0
UBTFL5,0.0
CNN2P12,0.0
ENSG00000204745,0.0
ZNG1DP,0.0
REG1CP,0.0
ZNF204P,0.0
ENSG00000204790,0.0
FGF7P7,0.0
FGF7P5,0.0
ADGRF5P2,0.0
FGF7P3,0.0
NAT8B,0.0
ENSG00000204894,0.0
CD177P1,0.0
ARHGEF34P,0.0
PRSS3P4,0.0
OR4D8P,0.0
CRTC1P1,0.0
OR5G5P,0.0
GRM5P1,0.0
ENSG00000205044,0.0
HSP90AA4P,0.0
COX17P1,0.0
REXO1L1P,0.0
SLC10A5P1,0.0
KRT17P7,0.0
OR7E36P,0.0
KRT17P5,0.0
DGAT2L7P,0.0
KRT17P4,0.0
GCNT2P1,0.0
OR6C72P,0.0
GOLGA2P1,0.0
MT1CP,0.0
MT1DP,0.0
HNRNPA1P20,0.0
SNRPGP6,0.0
NBPF22P,0.0
SPDYE18,0.0
LINC03009,0.0
OR52A4P,0.0
SMG1P2,0.0
POM121B,0.0
DYNLL1P1,0.0
STAG3L1,0.0
FKBP6P1,0.0
ENSG00000205596,0.0
ENSG00000205625,0.0
ENSG00000205644,0.0
ENSG00000205695,0.0
CYP2D7,0.0
CFAP144P2,0.0
PKD1P4,0.0
RP9P,0.0
RPL31P5,0.0
CATSPER2P1,0.0
ENSG00000205794,0.0
TPTE2P6,0.0
OR7E91P,0.0
RPS3AP47,0.0
FAM90A2P,0.0
OR7E136P,0.0
ENSG00000205898,0.0
PDPK2P,0.0
PPP1R12BP2,0.0
HSP90AB2P,0.0
USP17L6P,0.0
HSP90AA5P,0.0
ENSG00000205976,0.0
DEFB109C,0.0
OR7E161P,0.0
DEFB109B,0.0
DEFA7P,0.0
IGLL3P,0.0
ENSG00000206090,0.0
EGFEM1P,0.0
MAPK6P1,0.0
P2RX6P,0.0
RPL23AP57,0.0
HERC2P9,0.0
GYG2P1,0.0
C4orf46P1,0.0
HBZP1,0.0
ANKRD20A9P,0.0
HNRNPA1P4,0.0
HLA-H,0.0
ENSG00000206356,0.0
PPIAP30,0.0
Y_RNA,0.0
RNU6-1292P,0.0
RNVU1-7,0.0
RNU6-46P,0.0
RNU1-28P,0.0
RNU6-354P,0.0
RNU6-132P,0.0
ENSG00000206592,0.0
RNU6-47P,0.0
RNU6-877P,0.0
RNU1-27P,0.0
SNORA57,0.0
RNU6-1286P,0.0
RNU6-841P,0.0
RNU6-25P,0.0
RNU6-431P,0.0
SNORD58A,0.0
SNORA22B,0.0
RNU6-425P,0.0
RNU6-946P,0.0
RNU6-1296P,0.0
SNORD116-11,0.0
SNORD24,0.0
SNORA2A,0.0
RNU6-1336P,0.0
RNU6-477P,0.0
RNU6-338P,0.0
RNU6-741P,0.0
RNY1P5,0.0
RNU6-1264P,0.0
SNORD45C,0.0
SNORD116-14,0.0
SNORA69,0.0
RNU6-979P,0.0
RNU1-39P,0.0
RNU6-1,0.0
RNU6-969P,0.0
RNU1-63P,0.0
SNORD60,0.0
RNU6-657P,0.0
SNORA80B,0.0
SNORA22,0.0
RNU6-1062P,0.0
Y_RNA,0.0
SNORA70H,0.0
RNU6-672P,0.0
Y_RNA,0.0
Y_RNA,0.0
RNU6-449P,0.0
RNU6-1279P,0.0
Y_RNA,0.0
Y_RNA,0.0
ENSG00000206647,0.0
ENSG00000206649,0.0
SNORA70G,0.0
Y_RNA,0.0
RNU1-1,0.0
RNU6-608P,0.0
SNORD116-17,0.0
RNU6-1039P,0.0
Y_RNA,0.0
Y_RNA,0.0
SNORA70,0.0
Y_RNA,0.0
Y_RNA,0.0
RNU6-573P,0.0
Y_RNA,0.0
RNU6-471P,0.0
Y_RNA,0.0
RNU6-945P,0.0
RNU6-32P,0.0
Y_RNA,0.0
Y_RNA,0.0
RNU6-144P,0.0
Y_RNA,0.0
SNORD21,0.0
RNU6-730P,0.0
Y_RNA,0.0
RNU6-157P,0.0
RNU6-1189P,0.0
RNU6-1036P,0.0
RNU1-109P,0.0
SNORD116-18,0.0
Y_RNA,0.0
Y_RNA,0.0
SNORA56,0.0
RNU6-442P,0.0
RNY1P8,0.0
RNU1-73P,0.0
Y_RNA,0.0
RNU6-723P,0.0
RNU6-1040P,0.0
RNU1-11P,0.0
RNU6-128P,0.0
Y_RNA,0.0
Y_RNA,0.0
Y_RNA,0.0
RNU6-1227P,0.0
RNU6-1080P,0.0
RNU6-147P,0.0
Y_RNA,0.0
RNU6-26P,0.0
Y_RNA,0.0
Y_RNA,0.0
RNU6-444P,0.0
RNU6-133P,0.0
Y_RNA,0.0
RNU6-546P,0.0
Y_RNA,0.0
Y_RNA,0.0
RNU6-1074P,0.0
RNU6-1056P,0.0
RNU6-756P,0.0
RNU6-1027P,0.0
RNU6-259P,0.0
SNORD116-9,0.0
Y_RNA,0.0
RNU6-1126P,0.0
RNU6-468P,0.0
ENSG00000206731,0.0
RNU6-936P,0.0
RNU6-641P,0.0
Y_RNA,0.0
RNVU1-18,0.0
Y_RNA,0.0
Y_RNA,0.0
Y_RNA,0.0
RNU6-484P,0.0
RNU6-620P,0.0
RNU6-643P,0.0
RNU6-142P,0.0
RNU6-245P,0.0
RNU6-1083P,0.0
Y_RNA,0.0
RNU6-1323P,0.0
SNORD101,0.0
SNORA30,0.0
Y_RNA,0.0
RNU6-317P,0.0
RNU6-787P,0.0
SNORA6,0.0
RNU6-418P,0.0
RNU6-10P,0.0
RNU6-152P,0.0
RNU6-203P,0.0
RNU6-435P,0.0
RNU6-949P,0.0
Y_RNA,0.0
RNU6-116P,0.0
Y_RNA,0.0
RNU6-44P,0.0
RNU6-211P,0.0
SNORD37,0.0
ENSG00000206776,0.0
RNU6-637P,0.0
RNU6-213P,0.0
Y_RNA,0.0
SNORA75B,0.0
Y_RNA,0.0
RNU6-224P,0.0
Y_RNA,0.0
SNORA15B-2,0.0
RNU6-701P,0.0
RNU6-76P,0.0
RNU6-629P,0.0
Y_RNA,0.0
RNU1-129P,0.0
Y_RNA,0.0
Y_RNA,0.0
RNU6-811P,0.0
Y_RNA,0.0
SNORA32,0.0
RNY3P7,0.0
RNU6-639P,0.0
RNU6-926P,0.0
RNU6-968P,0.0
RNU6-1293P,0.0
Y_RNA,0.0
Y_RNA,0.0
RNU6-815P,0.0
Y_RNA,0.0
SNORA10,0.0
RNU6-38P,0.0
Y_RNA,0.0
Y_RNA,0.0
RNU6-483P,0.0
Y_RNA,0.0
Y_RNA,0.0
RNU6-849P,0.0
RNU6-260P,0.0
RNU1-138P,0.0
Y_RNA,0.0
Y_RNA,0.0
RNU6-974P,0.0
RNU6-1032P,0.0
RNVU1-30,0.0
RNU6V,0.0
RNU6-20P,0.0
SNORA1,0.0
RNU1-74P,0.0
RNU6-1029P,0.0
SNORA5A,0.0
RNU6-746P,0.0
Y_RNA,0.0
RNU6-409P,0.0
RNU6-413P,0.0
RNU6-206P,0.0
Y_RNA,0.0
RNU6-209P,0.0
Y_RNA,0.0
Y_RNA,0.0
RNU6-890P,0.0
ENSG00000206849,0.0
Y_RNA,0.0
RNU6-895P,0.0
ENSG00000206853,0.0
RNY3P5,0.0
RNU6-571P,0.0
RNU6-214P,0.0
Y_RNA,0.0
RNU6-767P,0.0
Y_RNA,0.0
RNU5A-6P,0.0
RNU6-207P,0.0
Y_RNA,0.0
RNU6-187P,0.0
RNU6-356P,0.0
SNORA70F,0.0
RNU6-398P,0.0
RNU6-533P,0.0
RNU6-761P,0.0
RNU6-1103P,0.0
ENSG00000206878,0.0
RNU6-1310P,0.0
RNU6-190P,0.0
RNA5SP87,0.0
SNORA75,0.0
SNORA70,0.0
RNU6-1008P,0.0
RNU6-48P,0.0
RNU6-1200P,0.0
RNU6-217P,0.0
RNU6-42P,0.0
Y_RNA,0.0
RNU6-1124P,0.0
SNORA9B,0.0
ENSG00000206898,0.0
RNU6-36P,0.0
RNU6-98P,0.0
SNORA72,0.0
SNORA24B,0.0
Y_RNA,0.0
RNU6-458P,0.0
RNU6-1013P,0.0
RNU1-136P,0.0
SNORA70J,0.0
SNORA29,0.0
Y_RNA,0.0
Y_RNA,0.0
ENSG00000206913,0.0
Y_RNA,0.0
RNU6-439P,0.0
RNU1-52P,0.0
RNU6-1181P,0.0
RNY1P6,0.0
RNU6-481P,0.0
RNU6-80P,0.0
RNU6-432P,0.0
RNU6-689P,0.0
Y_RNA,0.0
RNU6-1024P,0.0
Y_RNA,0.0
Y_RNA,0.0
RNU6-1042P,0.0
RNU6-4P,0.0
RNU6-514P,0.0
RNU4-52P,0.0
SNORA70B,0.0
RNU4-31P,0.0
RNU6-281P,0.0
SNORD15A,0.0
RNU6-708P,0.0
SNORA20B,0.0
SNORA36A,0.0
RNU6-1324P,0.0
Y_RNA,0.0
Y_RNA,0.0
SNORA50A,0.0
RNU6-1201P,0.0
Y_RNA,0.0
SNORA70,0.0
Y_RNA,0.0
RNU6-793P,0.0
ENSG00000206961,0.0
RNU6-74P,0.0
RNU6-675P,0.0
Y_RNA,0.0
RNU6-5P,0.0
Y_RNA,0.0
RNU6-1316P,0.0
RNU6-474P,0.0
RNU6-17P,0.0
RNU6-1145P,0.0
RNU6-1144P,0.0
RNU6-13P,0.0
ENSG00000206976,0.0
ENSG00000206977,0.0
Y_RNA,0.0
SNORD61,0.0
RNU6-662P,0.0
RNU6-40P,0.0
Y_RNA,0.0
RNU6-49P,0.0
RNU6-198P,0.0
U8,0.0
SNORD63,0.0
Y_RNA,0.0
RNU6-610P,0.0
RNU6-574P,0.0
Y_RNA,0.0
RNU6-842P,0.0
RNU6-524P,0.0
Y_RNA,0.0
RNU6-622P,0.0
RNU6-820P,0.0
SNORD116-2,0.0
ENSG00000207002,0.0
RNU6-611P,0.0
RNU6-301P,0.0
RNU1-2,0.0
RNU6-891P,0.0
SNORA54,0.0
Y_RNA,0.0
RNU6-318P,0.0
RNY4P13,0.0
RNU6-72P,0.0
RNU6-804P,0.0
SNORD116-3,0.0
SNORA36C,0.0
RNU6-167P,0.0
Y_RNA,0.0
Y_RNA,0.0
ENSG00000207022,0.0
RNU6-975P,0.0
Y_RNA,0.0
Y_RNA,0.0
RNU6-472P,0.0
ENSG00000207027,0.0
RNU6-43P,0.0
SNORD59A,0.0
Y_RNA,0.0
RNU6-154P,0.0
Y_RNA,0.0
RNY3P14,0.0
RNU6-339P,0.0
Y_RNA,0.0
RNU6-3P,0.0
RNU6-196P,0.0
RNU6-1226P,0.0
RNU6-532P,0.0
RNU6-886P,0.0
SNORD51,0.0
Y_RNA,0.0
SNORA27,0.0
RNU6-378P,0.0
RNU6-937P,0.0
RNU1-8P,0.0
RNU6-784P,0.0
RNU6-480P,0.0
Y_RNA,0.0
SNORA15B-1,0.0
SNORD116-1,0.0
RNU5A-2P,0.0
SNORA72,0.0
RNU6-463P,0.0
Y_RNA,0.0
RNU6-1207P,0.0
RNU6-39P,0.0
Y_RNA,0.0
Y_RNA,0.0
RNU6-1113P,0.0
RNU6-1119P,0.0
Y_RNA,0.0
RNU6-616P,0.0
RNU6-171P,0.0
RNU6-22P,0.0
SNORA72,0.0
Y_RNA,0.0
RNU6-242P,0.0
SNORA7B,0.0
RNU6-921P,0.0
RNU6-517P,0.0
Y_RNA,0.0
Y_RNA,0.0
SNORD116-8,0.0
ENSG00000207094,0.0
RNU6-424P,0.0
RNU6-614P,0.0
SNORA70,0.0
RNU6-166P,0.0
ENSG00000207100,0.0
Y_RNA,0.0
RNU6-434P,0.0
Y_RNA,0.0
Y_RNA,0.0
SNORD38C,0.0
RNVU1-32,0.0
SNORA25,0.0
RNU6-16P,0.0
RNU6-348P,0.0
RNU6-364P,0.0
RNU6-31P,0.0
Y_RNA,0.0
SNORD14D,0.0
U3,0.0
RNU6-1230P,0.0
RNU6-591P,0.0
Y_RNA,0.0
RNU6-163P,0.0
Y_RNA,0.0
RNU6-729P,0.0
RNA5SP187,0.0
ENSG00000207130,0.0
Y_RNA,0.0
Y_RNA,0.0
SNORD116-7,0.0
RNU6-106P,0.0
RNU6-452P,0.0
RNU6-769P,0.0
SNORD116-13,0.0
RNU6-869P,0.0
Y_RNA,0.0
Y_RNA,0.0
RNU6-1297P,0.0
SNORA18,0.0
Y_RNA,0.0
ENSG00000207147,0.0
Y_RNA,0.0
RNU6-465P,0.0
RNU6-185P,0.0
Y_RNA,0.0
RNU6-933P,0.0
RNU1-46P,0.0
RNY1P14,0.0
RNU6-505P,0.0
RNY3P4,0.0
RNU6-929P,0.0
RNU6-1289P,0.0
Y_RNA,0.0
RNU6-549P,0.0
RNU6-905P,0.0
Y_RNA,0.0
SNORA70,0.0
SNORA68,0.0
RNU6-1340P,0.0
SNORA15,0.0
RNU6-24P,0.0
RNU6-1215P,0.0
ENSG00000207171,0.0
RNU6-1162P,0.0
Y_RNA,0.0
SNORD116-15,0.0
RNU1-67P,0.0
Y_RNA,0.0
ENSG00000207177,0.0
RNU6-1122P,0.0
RNU6-411P,0.0
SNORA14B,0.0
RNU1-44P,0.0
RNU6-843P,0.0
RNU6-1157P,0.0
RNA5SP122,0.0
SNORA10B,0.0
Y_RNA,0.0
RNU6-809P,0.0
SNORD116-5,0.0
RNU6-649P,0.0
Y_RNA,0.0
RNU6-1026P,0.0
Y_RNA,0.0
Y_RNA,0.0
SNORD116-12,0.0
RNU6-1195P,0.0
SNORD38D,0.0
RNU6-45P,0.0
RNU1-148P,0.0
RNU6-800P,0.0
RNU6-71P,0.0
RNU6-393P,0.0
RNVU1-15,0.0
RNU6-1035P,0.0
Y_RNA,0.0
RNU6-790P,0.0
Y_RNA,0.0
Y_RNA,0.0
RNU6-102P,0.0
SNORD3H,0.0
SNORA80D,0.0
Y_RNA,0.0
RNU1-57P,0.0
SNORA70E,0.0
RNU6-456P,0.0
Y_RNA,0.0
RNU6-692P,0.0
RNU6-900P,0.0
Y_RNA,0.0
Y_RNA,0.0
SNORA37,0.0
RNU6-125P,0.0
Y_RNA,0.0
RNU6-110P,0.0
Y_RNA,0.0
SNORD45A,0.0
RNU6-1065P,0.0
Y_RNA,0.0
SNORA70,0.0
SNORD116-29,0.0
Y_RNA,0.0
RNU6-1005P,0.0
SNORA72,0.0
RNU6-342P,0.0
Y_RNA,0.0
RNU6-1117P,0.0
RNU6-880P,0.0
RNU6-18P,0.0
Y_RNA,0.0
RNU6-35P,0.0
RNU6-738P,0.0
SNORD116-16,0.0
RNU6-15P,0.0
Y_RNA,0.0
RNU6-1241P,0.0
RNU6-1081P,0.0
SNORA70C,0.0
RN7SKP62,0.0
RNU6-601P,0.0
Y_RNA,0.0
SNORA70I,0.0
RNU6-441P,0.0
RNU6-1160P,0.0
RNA5SP284,0.0
RNU6-831P,0.0
SNORD116-24,0.0
SNORD20,0.0
Y_RNA,0.0
Y_RNA,0.0
Y_RNA,0.0
Y_RNA,0.0
RNU6-1274P,0.0
RNU6-1235P,0.0
Y_RNA,0.0
RNU6-30P,0.0
Y_RNA,0.0
Y_RNA,0.0
Y_RNA,0.0
RNU6-851P,0.0
RNU6-140P,0.0
SNORD7,0.0
RNU6-83P,0.0
ENSG00000207299,0.0
Y_RNA,0.0
Y_RNA,0.0
Y_RNA,0.0
SNORA8,0.0
Y_RNA,0.0
RNU6-1152P,0.0
RNU6-145P,0.0
RNU6-878P,0.0
RNU4-70P,0.0
RNU6-1127P,0.0
RNU6-429P,0.0
SNORA2B,0.0
Y_RNA,0.0
Y_RNA,0.0
RNU6-1184P,0.0
Y_RNA,0.0
Y_RNA,0.0
RNU6-160P,0.0
RNU1-89P,0.0
RNU6-901P,0.0
RNY1P4,0.0
Y_RNA,0.0
RNU6-883P,0.0
RNU6-636P,0.0
Y_RNA,0.0
RNU6-73P,0.0
RNU6-1263P,0.0
RNU6-146P,0.0
RNU6-680P,0.0
RNU6-12P,0.0
RNU6-658P,0.0
RNU6-296P,0.0
RNVU1-1,0.0
RNA5SP64,0.0
Y_RNA,0.0
RNU6-225P,0.0
SNORA22C,0.0
RNU6-1222P,0.0
RNU6-306P,0.0
RNVU1-17,0.0
Y_RNA,0.0
RNU6-540P,0.0
RNU6-1257P,0.0
Y_RNA,0.0
RNU6-2,0.0
RNU6-925P,0.0
RNU6-14P,0.0
RNU6-178P,0.0
RNU6-422P,0.0
Y_RNA,0.0
RNU6-939P,0.0
Y_RNA,0.0
RNU6-297P,0.0
RNU6-29P,0.0
Y_RNA,0.0
RNU6-665P,0.0
Y_RNA,0.0
Y_RNA,0.0
SNORD116-23,0.0
RNU6-748P,0.0
Y_RNA,0.0
Y_RNA,0.0
RNU6-950P,0.0
Y_RNA,0.0
Y_RNA,0.0
Y_RNA,0.0
RNU6-310P,0.0
Y_RNA,0.0
Y_RNA,0.0
RNU1-4,0.0
Y_RNA,0.0
SNORA20,0.0
RNU6-136P,0.0
RNU6-1060P,0.0
Y_RNA,0.0
RNU6-1179P,0.0
RNU6-1011P,0.0
Y_RNA,0.0
RNU6-959P,0.0
Y_RNA,0.0
Y_RNA,0.0
SNORA64,0.0
SNORA41,0.0
ENSG00000207407,0.0
Y_RNA,0.0
ENSG00000207410,0.0
Y_RNA,0.0
RNU6-455P,0.0
RNU6-768P,0.0
RNU6-1151P,0.0
Y_RNA,0.0
Y_RNA,0.0
ENSG00000207419,0.0
Y_RNA,0.0
SNORD38B,0.0
RNU6-813P,0.0
Y_RNA,0.0
Y_RNA,0.0
RNU6-95P,0.0
U8,0.0
RNU6-906P,0.0
U8,0.0
RNU6-246P,0.0
RNU6-1072P,0.0
RNU6-114P,0.0
Y_RNA,0.0
Y_RNA,0.0
RNU6-541P,0.0
RNU6-21P,0.0
SNORD116-6,0.0
RNU6-417P,0.0
SNORD56B,0.0
SNORD15B,0.0
RNU6-520P,0.0
RNU6-19P,0.0
Y_RNA,0.0
RNU6-291P,0.0
RNU6-606P,0.0
RNU6-535P,0.0
RNU6-1104P,0.0
RNU6-331P,0.0
RNU6-997P,0.0
RNU6-476P,0.0
RNY3P9,0.0
RNU6-1311P,0.0
SNORD116-19,0.0
RNU6-253P,0.0
RNU6-376P,0.0
Y_RNA,0.0
Y_RNA,0.0
SNORA19,0.0
RNU6-41P,0.0
Y_RNA,0.0
RNY1P7,0.0
SNORA80E,0.0
RNU6-286P,0.0
Y_RNA,0.0
Y_RNA,0.0
RNU6-1067P,0.0
Y_RNA,0.0
RNU6-1044P,0.0
Y_RNA,0.0
RNU6-987P,0.0
RNU6-713P,0.0
SNORA46,0.0
Y_RNA,0.0
RNY3P10,0.0
SNORA7A,0.0
Y_RNA,0.0
Y_RNA,0.0
SNORD102,0.0
RNVU1-14,0.0
ENSG00000207502,0.0
ENSG00000207503,0.0
RNU6-1031P,0.0
RNU6-1105P,0.0
RNU6-9,0.0
RNU6-1237P,0.0
RNU6-771P,0.0
Y_RNA,0.0
RNU1-3,0.0
RNU6-555P,0.0
SNORA41B,0.0
RNU6-59P,0.0
SNORA66,0.0
RNU6-33P,0.0
Y_RNA,0.0
MIR548C,0.0
MIR25,0.0
MIR217,0.0
MIR521-2,0.0
MIR99B,0.0
MIR608,0.0
MIR633,0.0
MIR647,0.0
MIR578,0.0
MIR635,0.0
MIR34C,0.0
MIR23B,0.0
MIR203A,0.0
MIR433,0.0
MIR615,0.0
MIR550A2,0.0
MIR661,0.0
MIR649,0.0
MIR587,0.0
MIR583,0.0
MIR662,0.0
MIR526B,0.0
MIR199B,0.0
MIR30B,0.0
MIR606,0.0
MIR181D,0.0
MIR135A2,0.0
MIR544A,0.0
MIR593,0.0
MIR508,0.0
MIR215,0.0
MIR520A,0.0
MIR181A2,0.0
MIR490,0.0
MIR124-3,0.0
MIR520E,0.0
MIR598,0.0
MIR206,0.0
MIR191,0.0
MIR554,0.0
MIR200A,0.0
MIR127,0.0
MIR491,0.0
MIR149,0.0
MIR604,0.0
MIR181C,0.0
MIR193A,0.0
MIR515-2,0.0
MIR515-1,0.0
MIR3074,0.0
MIR585,0.0
MIR516A2,0.0
MIR619,0.0
MIR194-1,0.0
MIR128-2,0.0
MIR562,0.0
MIR581,0.0
MIR651,0.0
MIR526A1,0.0
MIR7-3,0.0
MIR641,0.0
MIR588,0.0
MIR505,0.0
MIR521-1,0.0
MIR499A,0.0
MIR595,0.0
MIR99A,0.0
MIR193B,0.0
MIR510,0.0
MIR571,0.0
MIR512-2,0.0
MIR512-1,0.0
MIR655,0.0
MIR153-1,0.0
MIR138-2,0.0
MIR570,0.0
MIR28,0.0
MIR621,0.0
MIR558,0.0
MIR128-1,0.0
MIR489,0.0
MIR548AA2,0.0
MIR548A2,0.0
MIR183,0.0
MIR592,0.0
MIR602,0.0
MIR184,0.0
MIR659,0.0
MIR573,0.0
MIR32,0.0
MIR518A2,0.0
MIR597,0.0
MIR211,0.0
MIR7-2,0.0
MIR548AA1,0.0
MIR129-1,0.0
MIR518F,0.0
MIR141,0.0
MIR525,0.0
MIR627,0.0
MIR200C,0.0
MIR584,0.0
MIR572,0.0
MIR551B,0.0
MIR623,0.0
MIR186,0.0
MIR520B,0.0
MIR222,0.0
MIR455,0.0
MIR449B,0.0
MIR556,0.0
MIR200B,0.0
MIR506,0.0
MIR218-1,0.0
MIR517A,0.0
MIR520D,0.0
MIR657,0.0
MIR181B2,0.0
MIR520C,0.0
MIR218-2,0.0
MIR590,0.0
MIR487A,0.0
MIR495,0.0
MIR10B,0.0
MIR575,0.0
MIR299,0.0
MIR553,0.0
ENSG00000207751,0.0
MIR199A1,0.0
MIR487B,0.0
MIR450A2,0.0
MIR580,0.0
MIR93,0.0
MIR532,0.0
MIR181A1,0.0
MIR329-1,0.0
MIR329-2,0.0
MIR617,0.0
MIR626,0.0
MIR516A1,0.0
MIR188,0.0
MIR586,0.0
MIR550A1,0.0
MIR642A,0.0
MIR548A1,0.0
MIR551A,0.0
MIR3591,0.0
MIR15B,0.0
MIR648,0.0
MIR625,0.0
MIR150,0.0
MIR542,0.0
MIR500A,0.0
MIR519C,0.0
MIR26A2,0.0
MIR187,0.0
MIR216A,0.0
MIR520G,0.0
MIR504,0.0
MIR646,0.0
MIR518A1,0.0
MIR599,0.0
MIR483,0.0
MIR95,0.0
MIR27A,0.0
MIR519E,0.0
MIR34B,0.0
MIR605,0.0
MIR147A,0.0
MIR563,0.0
MIR124-2,0.0
MIR105-2,0.0
MIR545,0.0
MIR640,0.0
MIR519B,0.0
MIR596,0.0
MIR30A,0.0
MIR517B,0.0
MIR517C,0.0
MIR33B,0.0
MIR520H,0.0
MIR518B,0.0
MIR125B2,0.0
MIR27B,0.0
MIR514A2,0.0
MIR514A3,0.0
MIR514A1,0.0
MIR498,0.0
MIR221,0.0
MIR513B,0.0
MIR513A1,0.0
MIR610,0.0
ENSG00000207922,0.0
MIR559,0.0
MIR196A2,0.0
MIR516B2,0.0
MIR135A1,0.0
MIR302A,0.0
MIR603,0.0
MIR577,0.0
MIR33A,0.0
MIR9-1,0.0
MIR654,0.0
MIR204,0.0
MIR511,0.0
MIR567,0.0
MIR552,0.0
MIR136,0.0
MIR634,0.0
MIR574,0.0
MIR516B1,0.0
MIR152,0.0
MIR328,0.0
MIR561,0.0
MIR624,0.0
MIR138-1,0.0
MIR579,0.0
MIR105-1,0.0
MIR656,0.0
MIR153-2,0.0
MIR496,0.0
MIR30C1,0.0
MIR569,0.0
MIR629,0.0
MIR620,0.0
MIR507,0.0
MIR660,0.0
MIR125B1,0.0
MIR638,0.0
MIR589,0.0
MIR557,0.0
MIR181B1,0.0
MIR607,0.0
MIR154,0.0
MIR527,0.0
MIR23A,0.0
MIR519D,0.0
MIR548B,0.0
MIR613,0.0
MIR513A2,0.0
MIR518E,0.0
MIR576,0.0
MIR493,0.0
MIR182,0.0
MIR601,0.0
MIR519A1,0.0
MIR134,0.0
MIR100,0.0
MIR325,0.0
MIR301A,0.0
MIR644A,0.0
MIR509-1,0.0
MIR431,0.0
MIR643,0.0
MIR549A,0.0
MIR323B,0.0
MIR503,0.0
MIR16-1,0.0
MIR125A,0.0
MIR130A,0.0
MIRLET7F2,0.0
MIR652,0.0
MIR653,0.0
MIR362,0.0
MIR140,0.0
MIR645,0.0
MIR618,0.0
MIR185,0.0
MIR199A2,0.0
MIR591,0.0
MIR485,0.0
MIR616,0.0
MIR548A3,0.0
MIR609,0.0
MIR106B,0.0
MIR320A,0.0
SNORA40B,0.0
SNORD94,0.0
SNORD73A,0.0
SNORA35,0.0
SNORD96B,0.0
SNORA49,0.0
SNORD12C,0.0
MT-TL1,0.0
SNORD83B,0.0
SNORD83A,0.0
SNORA48,0.0
SNORD105,0.0
SNORD41,0.0
MT-TF,0.0
MT-TV,0.0
MT-RNR2,0.0
MT-TI,0.0
MT-TQ,0.0
MT-TM,0.0
MT-TW,0.0
MT-TA,0.0
MT-TN,0.0
MT-TC,0.0
MT-TY,0.0
MT-TS1,0.0
MT-TD,0.0
MT-TK,0.0
MT-TG,0.0
MT-TR,0.0
MT-TH,0.0
RNU6ATAC4P,0.0
MT-TS2,0.0
MT-TL2,0.0
MT-TE,0.0
MT-TT,0.0
MT-TP,0.0
RNU6ATAC2P,0.0
RNU6ATAC3P,0.0
MIR196A1,0.0
SNORA40,0.0
RNU6ATAC5P,0.0
RNU6ATAC26P,0.0
MIR190A,0.0
GNRHR2,0.0
AKR7L,0.0
MT-RNR1,0.0
MIR320D1,0.0
MIR320E,0.0
MIR454,0.0
MIR216B,0.0
MIR526A2,0.0
MIR501,0.0
MIR320B1,0.0
MIR3065,0.0
MIR670,0.0
MIR770,0.0
MIR760,0.0
MIR766,0.0
MIR759,0.0
MIR769,0.0
MIR765,0.0
MIR758,0.0
MIR767,0.0
MIR802,0.0
MIR762,0.0
MIR676,0.0
MIR708,0.0
MIR509-2,0.0
MIR509-3,0.0
MIR548U,0.0
MIR550A3,0.0
MIR374B,0.0
MIR548BA,0.0
MIR543,0.0
MIR320C2,0.0
MIR764,0.0
MIR301B,0.0
TAS2R15P,0.0
RNU6-1168P,0.0
ENSG00000212134,0.0
SNORD67,0.0
RNU6-696P,0.0
RNA5SP372,0.0
RNU6-1320P,0.0
U8,0.0
U8,0.0
RNU6-910P,0.0
RNU6-1106P,0.0
ENSG00000212149,0.0
RNU1-82P,0.0
RNA5SP377,0.0
RNU6-576P,0.0
RNU6-1319P,0.0
SNORD66,0.0
RNU6-205P,0.0
ENSG00000212161,0.0
SNORD91A,0.0
U3,0.0
RNU6-763P,0.0
ENSG00000212168,0.0
RNU1-77P,0.0
RNA5SP86,0.0
RNU1-149P,0.0
ENSG00000212175,0.0
RNA5SP207,0.0
ENSG00000212181,0.0
U3,0.0
RNU6-440P,0.0
RNU6-258P,0.0
ENSG00000212187,0.0
RNU6-328P,0.0
RNU6-298P,0.0
ENSG00000212191,0.0
U3,0.0
RNU6-127P,0.0
RNA5SP91,0.0
Y_RNA,0.0
ENSG00000212206,0.0
RNU6-1321P,0.0
U3,0.0
SNORA48B,0.0
RNU6-913P,0.0
RNU6-816P,0.0
RNU6-604P,0.0
RNU6-220P,0.0
ENSG00000212224,0.0
RNU6-907P,0.0
ENSG00000212228,0.0
ENSG00000212229,0.0
RNU6-747P,0.0
SNORD17,0.0
RNA5SP18,0.0
RNA5SP244,0.0
RNU6-930P,0.0
Y_RNA,0.0
RNA5SP219,0.0
RNU6-360P,0.0
RNU6-278P,0.0
RNU6-750P,0.0
U8,0.0
RNA5SP376,0.0
RNU6-1176P,0.0
RNA5SP176,0.0
RNU6-308P,0.0
RNU6-724P,0.0
SNORD65C,0.0
RNA5SP185,0.0
ENSG00000212266,0.0
RNU6-788P,0.0
ENSG00000212270,0.0
ENSG00000212273,0.0
RNA5SP292,0.0
SNORD81,0.0
ENSG00000212279,0.0
RNA5SP256,0.0
RNU6-578P,0.0
SNORD89,0.0
RNA5SP339,0.0
RNU6-239P,0.0
ENSG00000212293,0.0
SNORD28B,0.0
SNORD72,0.0
RNU6-821P,0.0
RNU6-1009P,0.0
ENSG00000212302,0.0
RNU6-1154P,0.0
SNORD12,0.0
RNU6-679P,0.0
Y_RNA,0.0
RNA5SP23,0.0
SNORD70B,0.0
RNA5SP109,0.0
RNU6-1307P,0.0
RNU6-1228P,0.0
Y_RNA,0.0
U3,0.0
RNU6-129P,0.0
Y_RNA,0.0
RNU6-882P,0.0
RNU6-316P,0.0
RNU6-244P,0.0
RNA5SP297,0.0
RNU6-780P,0.0
RNA5SP213,0.0
Y_RNA,0.0
RNA5SP210,0.0
ENSG00000212338,0.0
RNU6-739P,0.0
ENSG00000212342,0.0
RNU6-823P,0.0
RNU6-700P,0.0
ENSG00000212347,0.0
RNU6-1300P,0.0
RNU6-1242P,0.0
RNU6-837P,0.0
RNU6-550P,0.0
RNU6-1177P,0.0
ENSG00000212363,0.0
RNA5SP332,0.0
RNU6-1246P,0.0
RNU6-1000P,0.0
RNU6-482P,0.0
ENSG00000212371,0.0
RNA5SP171,0.0
RNU6-401P,0.0
ENSG00000212377,0.0
ENSG00000212378,0.0
RNU6-269P,0.0
SNORD115-45,0.0
RNU6-159P,0.0
ENSG00000212383,0.0
SNORD113-2,0.0
RNU6-817P,0.0
RNU6-1055P,0.0
RNU6-796P,0.0
RNU6-1275P,0.0
ENSG00000212391,0.0
Y_RNA,0.0
ENSG00000212395,0.0
RNA5SP323,0.0
ENSG00000212397,0.0
RNU6-1248P,0.0
SNORA74B,0.0
Y_RNA,0.0
RNU6-663P,0.0
RNY4P18,0.0
RNU6-932P,0.0
SNORD115,0.0
RNU11-3P,0.0
SNORD77B,0.0
ENSG00000212415,0.0
RNY4P36,0.0
RNU6-1111P,0.0
ENSG00000212421,0.0
U3,0.0
RNU1-119P,0.0
RNA5SP105,0.0
SNORD115,0.0
RNU11-6P,0.0
SNORA75,0.0
RNA5SP252,0.0
U3,0.0
SNORA75,0.0
RNU6-1269P,0.0
RNU6-243P,0.0
SNORA53,0.0
ENSG00000212445,0.0
RNU6-131P,0.0
SNORD90,0.0
Y_RNA,0.0
RNU6-241P,0.0
RNU11-4P,0.0
SNORD69,0.0
RNA5SP286,0.0
ENSG00000212455,0.0
RNU6-644P,0.0
ENSG00000212458,0.0
RNU6-695P,0.0
RNU6-460P,0.0
ENSG00000212461,0.0
SNORA12,0.0
RNU6-952P,0.0
RNU6-754P,0.0
RNU6-1158P,0.0
RNU1-101P,0.0
RNU6-400P,0.0
U3,0.0
RNU6-530P,0.0
RNU6-1197P,0.0
RNU6-1109P,0.0
ENSG00000212490,0.0
SNORD19,0.0
RNU6-332P,0.0
RNU6-1093P,0.0
RNA5SP465,0.0
SNORD86,0.0
RNA5SP300,0.0
RNA5SP299,0.0
RNU6-972P,0.0
U3,0.0
Y_RNA,0.0
RNU6-1268P,0.0
ENSG00000212517,0.0
RNU11-5P,0.0
RNU6-1250P,0.0
RNU6-918P,0.0
RNA5SP212,0.0
RNU6-466P,0.0
RNA5SP63,0.0
SNORD115-47,0.0
ENSG00000212529,0.0
ENSG00000212532,0.0
SNORA75,0.0
SNORD70,0.0
RNU6-808P,0.0
RNA5SP474,0.0
U3,0.0
U3,0.0
RNU6-510P,0.0
RNA5SP496,0.0
RNU6-337P,0.0
RNU6-995P,0.0
RNA5SP354,0.0
RNU1-78P,0.0
U3,0.0
SNORD116,0.0
RNU6-192P,0.0
Y_RNA,0.0
ENSG00000212558,0.0
RNA5SP35,0.0
RNU6-630P,0.0
RNU6-381P,0.0
RNU6-1326P,0.0
ENSG00000212565,0.0
ENSG00000212567,0.0
RNU6-1254P,0.0
Y_RNA,0.0
RNA5SP482,0.0
RNU6-903P,0.0
RNA5SP467,0.0
ENSG00000212579,0.0
SNORA75,0.0
U8,0.0
RNU6-587P,0.0
ENSG00000212586,0.0
SNORA40C,0.0
SNORA26,0.0
ENSG00000212589,0.0
ENSG00000212590,0.0
SNORA75,0.0
U8,0.0
RNA5SP525,0.0
RNU6-876P,0.0
U3,0.0
RNU6-279P,0.0
RNA5SP53,0.0
ENSG00000212604,0.0
RNU1-56P,0.0
SNORA3B,0.0
ENSG00000212608,0.0
RNU1-139P,0.0
U3,0.0
SNORD30,0.0
RNU6-1239P,0.0
SNORD58,0.0
ENSG00000212618,0.0
SNORA75,0.0
RNU6-493P,0.0
ENSG00000212624,0.0
RNA5SP397,0.0
ENSG00000212626,0.0
RNA5SP241,0.0
RPL17P39,0.0
ENSG00000212695,0.0
ENSG00000212712,0.0
DEFB117,0.0
HMGN2P8,0.0
ST13P5,0.0
RPL15P3,0.0
RPS26P3,0.0
RPL23AP4,0.0
ENSG00000212952,0.0
HNRNPA1P40,0.0
ENSG00000212989,0.0
RPS26P6,0.0
BTF3P12,0.0
PTTG3P,0.0
RPS15AP36,0.0
VN2R17P,0.0
ENSG00000213016,0.0
PABPN1P1,0.0
COX20P1,0.0
CFL1P4,0.0
KIAA1191P3,0.0
NDUFA3P3,0.0
AURKAP1,0.0
RPL23AP80,0.0
ENSG00000213036,0.0
RPL17P8,0.0
ENSG00000213045,0.0
EEF1A1P32,0.0
OR5S1P,0.0
HNRNPA1P34,0.0
TPM3P1,0.0
RPL5P5,0.0
EEF1B2P7,0.0
ENSG00000213058,0.0
ENSG00000213060,0.0
PFN1P11,0.0
RPL29P7,0.0
ENSG00000213065,0.0
ENSG00000213067,0.0
ENSG00000213068,0.0
KRT8P40,0.0
HMGB3P6,0.0
LPAL2,0.0
CHP1P2,0.0
RPL31P11,0.0
ENSG00000213076,0.0
ENSG00000213078,0.0
ENSG00000213080,0.0
ARPC1BP1,0.0
PPP1R14BP2,0.0
VPS26CP1,0.0
ENSG00000213087,0.0
PDCL3P5,0.0
SCYL2P1,0.0
PHB1P1,0.0
KRT18P68,0.0
NPM1P46,0.0
AHCYP5,0.0
BTF3L4P3,0.0
RPL7AP37,0.0
RNF11P1,0.0
COX5BP2,0.0
TUBB8P8,0.0
ENSG00000213115,0.0
MEMO1P2,0.0
CHCHD2P4,0.0
LIN28AP1,0.0
RPL23AP46,0.0
TXNL4AP1,0.0
RPL32P31,0.0
EEF1DP5,0.0
YWHAZP4,0.0
PPP1R14BP5,0.0
ARF1P2,0.0
ELK2AP,0.0
ENSG00000213144,0.0
RPL23AP60,0.0
JPT1P1,0.0
CNN2P9,0.0
ENSG00000213150,0.0
RPL7AP60,0.0
ENSG00000213153,0.0
ZCCHC10P1,0.0
RPL32P10,0.0
GAPDHP36,0.0
CEND1P1,0.0
Metazoa_SRP,0.0
RPL8P4,0.0
SAR1AP2,0.0
ENSG00000213172,0.0
RPL28P1,0.0
RPL13P6,0.0
PRDX2P4,0.0
RPL22P1,0.0
RPL17P41,0.0
RPL36AP48,0.0
OR10N1P,0.0
OR10D5P,0.0
RPS7P8,0.0
SAE1P1,0.0
COPS5P1,0.0
YBX1P4,0.0
BTF3L4P2,0.0
CDK7P1,0.0
NUDCP1,0.0
FABP5P10,0.0
STRADBP1,0.0
ENSG00000213209,0.0
RPL32P17,0.0
KRT18P64,0.0
NCLP1,0.0
ENSG00000213216,0.0
TOMM40P4,0.0
NOC2LP1,0.0
ENSG00000213226,0.0
RPL12P38,0.0
PPP1R2P10,0.0
RPL23AP62,0.0
ST13P10,0.0
EEF1A1P16,0.0
YWHAZP2,0.0
PTMAP10,0.0
ENSG00000213238,0.0
NPM1P32,0.0
H3P4,0.0
ENSG00000213247,0.0
RBMS2P1,0.0
ENSG00000213252,0.0
RPL12P42,0.0
YWHAZP5,0.0
EEF1B2P6,0.0
VDAC2P3,0.0
NIP7P2,0.0
RPS6P26,0.0
RPL6P25,0.0
RPL7AP9,0.0
IFITM9P,0.0
MARCKSL1P1,0.0
ENSG00000213280,0.0
RPL23AP45,0.0
ENSG00000213287,0.0
PGK1P2,0.0
RPL31P39,0.0
RPL28P5,0.0
RPL22P10,0.0
ENSG00000213296,0.0
HNRNPA3P6,0.0
HMGB3P11,0.0
RPL31P37,0.0
RPS12P32,0.0
RPL18AP13,0.0
HNRNPCP6,0.0
RPL18P11,0.0
RPL9P18,0.0
CYCSP19,0.0
RPL7AP34,0.0
ENSG00000213315,0.0
ENSG00000213318,0.0
RPS7P11,0.0
ENSG00000213328,0.0
ENSG00000213331,0.0
SLC25A5P6,0.0
NPM1P50,0.0
CLNS1AP1,0.0
ATF4P1,0.0
RPL21P18,0.0
PCNPP3,0.0
GAPDHP44,0.0
CNN2P8,0.0
NAA50P2,0.0
RPL36P12,0.0
FTH1P12,0.0
RPS3P6,0.0
ENSG00000213365,0.0
ST13P11,0.0
RANP6,0.0
NAP1L1P3,0.0
GAPDHP71,0.0
PP1P,0.0
EIF4E2P1,0.0
RPL7AP39,0.0
ENSG00000213386,0.0
ENSG00000213393,0.0
RPSAP46,0.0
RPS2P17,0.0
RPL12P18,0.0
CISD1P1,0.0
ANXA2P1,0.0
C1QBPP2,0.0
RBM22P2,0.0
HNRNPA1P33,0.0
ENSG00000213414,0.0
RPL7AP17,0.0
RBMX2P2,0.0
HSPD1P1,0.0
ABRAXAS1P1,0.0
RPL17P34,0.0
RPLP1P6,0.0
VTI1BP2,0.0
ATP6V0CP3,0.0
YBX2P1,0.0
OR5AC1,0.0
H2AZP1,0.0
RPL18AP3,0.0
NPM1P7,0.0
RPS23P2,0.0
GAPDHP28,0.0
VDAC1P7,0.0
OR6C69P,0.0
AKR1B1P2,0.0
FTH1P3,0.0
PPIAP82,0.0
RPL32P15,0.0
HMGB1P37,0.0
RPL31P51,0.0
CFL1P2,0.0
KIAA1191P1,0.0
NDUFAF4P2,0.0
EIF4A1P8,0.0
ENSG00000213486,0.0
ASS1P4,0.0
ENSG00000213488,0.0
FBLIM1P1,0.0
NT5C3AP1,0.0
ACTN4P1,0.0
RPL26P13,0.0
TPT1P13,0.0
LAP3P2,0.0
PPIAP16,0.0
IMPDH1P5,0.0
ENSG00000213514,0.0
RPL36P7,0.0
RAC1P5,0.0
FAM32CP,0.0
SETP8,0.0
ENSG00000213527,0.0
RPL32P22,0.0
MTHFD2P5,0.0
GNG5P1,0.0
KRT8P41,0.0
YBX1P6,0.0
TXN2P1,0.0
RPL7AP43,0.0
RARRES2P2,0.0
VN1R64P,0.0
PPIAP81,0.0
ENSG00000213549,0.0
RPLP0P6,0.0
ENSG00000213556,0.0
RPL31P43,0.0
HMGN2P32,0.0
HNRNPA1P64,0.0
ENSG00000213560,0.0
ENSG00000213561,0.0
HNRNPA1P13,0.0
GTF3C6P2,0.0
LDHAP5,0.0
RPL29P5,0.0
ENSG00000213587,0.0
ENSG00000213590,0.0
PPIAP42,0.0
GAPDHP25,0.0
RPL31P4,0.0
SLX1A-SULT1A3,0.0
KRT18P19,0.0
NAA50P1,0.0
ENSG00000213605,0.0
AKR1B10P1,0.0
OR4A45P,0.0
SLC25A14P1,0.0
RPL7AP50,0.0
FAM220CP,0.0
RPL11P3,0.0
RPL21P70,0.0
RPSAP54,0.0
BOLA3P3,0.0
EEF1DP4,0.0
RPL7AP4,0.0
ENSG00000213642,0.0
VN1R37P,0.0
SAPCD2P1,0.0
SLC25A1P3,0.0
ENSG00000213650,0.0
HMGB3P30,0.0
RPL22P22,0.0
ENSG00000213655,0.0
RPL31P44,0.0
RSU1P3,0.0
ENSG00000213661,0.0
RPL21P58,0.0
RPS16P8,0.0
PGGT1BP1,0.0
RPL21P86,0.0
OLA1P2,0.0
SLC25A5P3,0.0
SNRPA1P2,0.0
LDHBP2,0.0
ENSG00000213690,0.0
SEC14L1P1,0.0
RPS7P14,0.0
CTBP2P6,0.0
CAPZA1P3,0.0
RPL17P50,0.0
SETP22,0.0
RPL13AP9,0.0
EEF1A1P15,0.0
RHOG2P,0.0
HMGB1P10,0.0
SLC16A14P1,0.0
PHB1P7,0.0
PIGCP1,0.0
FABP5P5,0.0
ENSG00000213717,0.0
HMGN2P30,0.0
PRDX2P2,0.0
RPS2P52,0.0
SSBP3P3,0.0
RPS16P2,0.0
POLD2P1,0.0
RAB5CP1,0.0
ANAPC10P1,0.0
BRI3P2,0.0
PPIAP68,0.0
SERBP1P1,0.0
RPS10P14,0.0
WASHC3P1,0.0
ENSG00000213750,0.0
ENSG00000213752,0.0
CENPBD2P,0.0
KPNA4P1,0.0
RPL29P15,0.0
RPS3AP20,0.0
MT1P1,0.0
ACTBP2,0.0
FAM210CP,0.0
KRT8P37,0.0
EIF1P7,0.0
ENSG00000213774,0.0
ENSG00000213777,0.0
HNRNPA1P32,0.0
RPL29P21,0.0
PSMC1P2,0.0
RPL35P4,0.0
AKR1B1P3,0.0
NHP2P2,0.0
RPL7AP38,0.0
OLA1P1,0.0
ENSG00000213791,0.0
RPL7AP41,0.0
ZNF321P,0.0
CNN2P4,0.0
RPL13P2,0.0
CFL1P5,0.0
TMX2P1,0.0
SUGT1P2,0.0
RPL31P18,0.0
ENSG00000213851,0.0
CNN2P6,0.0
VDAC1P2,0.0
ACTBP15,0.0
RPL21P75,0.0
RPL7AP62,0.0
EEF1B2P2,0.0
YBX1P10,0.0
ENSG00000213867,0.0
TAF9BP1,0.0
RPL32P11,0.0
PPIAP86,0.0
ENSG00000213875,0.0
RPL7AP64,0.0
CFL1P7,0.0
RPL7AP7,0.0
NPM1P6,0.0
CYB5AP4,0.0
RPL13AP7,0.0
RPL3P6,0.0
RPL31P8,0.0
RPS17P1,0.0
CYP2A7P1,0.0
OR2G1P,0.0
RPL13P,0.0
RPL5P8,0.0
HNRNPH1P2,0.0
NPM1P33,0.0
MSRB1P1,0.0
RPL22P16,0.0
SEPHS1P6,0.0
ENSG00000213939,0.0
RPL13AP13,0.0
RPL31P10,0.0
KRT18P17,0.0
DNAJB1P1,0.0
RPS10P2,0.0
ATP5PDP3,0.0
ENSG00000213956,0.0
KRT18P29,0.0
ENSG00000213959,0.0
API5P2,0.0
CHCHD4P4,0.0
ENSG00000213970,0.0
HNRNPA3P17,0.0
ENSG00000213976,0.0
RPL7AP14,0.0
ACTR2P2,0.0
RPL36AP9,0.0
PGAM1P7,0.0
ATP5PBP3,0.0
PCNAP3,0.0
KRT18P38,0.0
RPL32P23,0.0
RPSAP61,0.0
RRM2P3,0.0
RBM39P1,0.0
FTLP4,0.0
RPL23AP29,0.0
ATP5PBP4,0.0
ARPC3P5,0.0
CLDN7P1,0.0
ENSG00000214035,0.0
PGAM1P4,0.0
IMPDH1P2,0.0
RPS11P7,0.0
ARF4P3,0.0
RPL7P17,0.0
RPL6P5,0.0
ENSG00000214067,0.0
MANEALP1,0.0
FTH1P29,0.0
RPL21P17,0.0
RPL23AP39,0.0
CPSF1P1,0.0
GNAQP1,0.0
CYP4F30P,0.0
RPL9P21,0.0
RPS18P14,0.0
PLAC9P1,0.0
TPT1P5,0.0
LDHAP4,0.0
PAFAH1B2P1,0.0
PRDX1P1,0.0
SNRPEP9,0.0
SNRPNP2,0.0
ENSG00000214132,0.0
SDHAP4,0.0
ACTN4P2,0.0
RPL7P60,0.0
ENSG00000214144,0.0
ENAHP1,0.0
SDC4P,0.0
AMZ2P1,0.0
PLEKHM1P1,0.0
PPIAP23,0.0
PTMAP5,0.0
XPOTP1,0.0
RNF152P1,0.0
UBE2V1P2,0.0
HMGN2P31,0.0
TTC41P,0.0
EEF1A1P12,0.0
TPM3P2,0.0
RPS4XP1,0.0
HNRNPA1P43,0.0
KRT18P10,0.0
NGRNP1,0.0
CTAGE14P,0.0
TUBBP2,0.0
HNRNPA1P10,0.0
ENSG00000214243,0.0
SETP21,0.0
PUDPP3,0.0
CTAGE11P,0.0
AZGP1P2,0.0
ENSG00000214254,0.0
RPS2P6,0.0
RPL10AP12,0.0
ANKRD36BP1,0.0
RPSAP53,0.0
KCTD9P4,0.0
STARP1,0.0
RPS3AP33,0.0
LGMNP1,0.0
AGGF1P1,0.0
ENSG00000214278,0.0
DTWD1P1,0.0
HMGN2P39,0.0
KRT8P14,0.0
RAD51AP1P1,0.0
PDCL3P3,0.0
HMGB3P13,0.0
RPL39P5,0.0
FOXO1B,0.0
ALDOAP2,0.0
MRPS21P6,0.0
MAF1P1,0.0
Metazoa_SRP,0.0
AZGP1P1,0.0
ATP5MC1P6,0.0
CXADRP1,0.0
CBX1P4,0.0
CBX1P2,0.0
RPL31P1,0.0
SLC9B1P2,0.0
ABCD1P5,0.0
PDPR2P,0.0
CTAGE16P,0.0
ATP5PBP2,0.0
OR4F13P,0.0
OR1X5P,0.0
PAFAH1B1P1,0.0
RPL18P10,0.0
RPS3AP36,0.0
EIF4EP5,0.0
CYB5AP2,0.0
RPLP2P1,0.0
NFYBP1,0.0
RPS3AP26,0.0
TUBAP2,0.0
RAP1BP2,0.0
KRT18P13,0.0
FAM149B1P1,0.0
LRRC37A4P,0.0
NPM1P10,0.0
CYCSP6,0.0
GOLGA2P8,0.0
NIFKP1,0.0
FAM185BP,0.0
RCN1P2,0.0
RPL7P29,0.0
TPT1P6,0.0
SMARCE1P6,0.0
RPSAP28,0.0
RPL7P1,0.0
OR7E148P,0.0
KRT42P,0.0
ENSG00000214525,0.0
RPS10P30,0.0
KRT18P33,0.0
RPS15AP1,0.0
RPS4XP3,0.0
GTF2IRD2P1,0.0
SDHCP2,0.0
COPS8P2,0.0
LRRC37A11P,0.0
ZC3H11C,0.0
RPL21P41,0.0
RBBP4P4,0.0
GAPDHP15,0.0
HMGN2P15,0.0
ZNF971P,0.0
PGGT1BP2,0.0
ENSG00000214593,0.0
CTBP2P5,0.0
NPM1P36,0.0
ADAM24P,0.0
RPS19P1,0.0
SLC6A10P,0.0
POLR3DP1,0.0
NDUFB5P2,0.0
RPSAP6,0.0
RPS15AP20,0.0
COMMD4P1,0.0
ENSG00000214651,0.0
HNRNPA3P3,0.0
RPLP1P5,0.0
KRT8P26,0.0
SLC29A4P2,0.0
SLC29A4P1,0.0
C14orf119P1,0.0
RPL6P12,0.0
RPL9P16,0.0
ANKRD49P4,0.0
NPAP1P2,0.0
COMMD4P2,0.0
KRT18P49,0.0
RPL5P35,0.0
MRPS5P3,0.0
GOT2P6,0.0
ENSG00000214748,0.0
SRSF8CP,0.0
RPL36AP2,0.0
RPL21P1,0.0
HNRNPA1P15,0.0
SEPTIN7P2,0.0
ENSG00000214776,0.0
RPS3AP21,0.0
ENSG00000214788,0.0
KRT18P42,0.0
TUBA5P,0.0
NPM1P31,0.0
CYCSP55,0.0
ARL8BP2,0.0
IMPDH1P3,0.0
MPRIPP1,0.0
HMGB1P4,0.0
KRT16P3,0.0
NXT1P1,0.0
EI24P3,0.0
DDX12P,0.0
UPF3AP2,0.0
RPL23AP6,0.0
LINC01347,0.0
ZFYVE9P2,0.0
ENSG00000214846,0.0
PPIAP79,0.0
APOC1P1,0.0
KRT16P1,0.0
SEM1P1,0.0
SRSF9P1,0.0
TPM3P4,0.0
MED28P1,0.0
RPL5P31,0.0
OR7E5P,0.0
TMEM14DP,0.0
ENSG00000214883,0.0
FAM177A1P1,0.0
RPS9P1,0.0
ENSG00000214890,0.0
USP8P1,0.0
RPSAP55,0.0
RPS15AP3,0.0
DUTP8,0.0
ENSG00000214908,0.0
RPL23AP3,0.0
ENSG00000214917,0.0
RPL36AP52,0.0
KRT8P6,0.0
NT5DC1P2,0.0
CHCHD3P3,0.0
PPIAP29,0.0
VDAC2P1,0.0
ENSG00000214980,0.0
RPL7AP26,0.0
AKAP17BP,0.0
CCNB2P1,0.0
GAPDHP77,0.0
RPL23AP59,0.0
RPL15P20,0.0
MESTP4,0.0
HSPD1P7,0.0
CHCHD2P2,0.0
DNAJA1P3,0.0
RPL24P7,0.0
RPL13P12,0.0
GNL3LP1,0.0
DSTNP4,0.0
FDPSP5,0.0
VENTXP2,0.0
GLULP6,0.0
PRDX2P1,0.0
HNRNPCP10,0.0
PKMP5,0.0
RPL21P2,0.0
DUSP8P1,0.0
XRCC6P5,0.0
GTF3C6P1,0.0
NPM1P24,0.0
RPS5P3,0.0
KRT18P11,0.0
EEF1A1P29,0.0
ENSG00000215094,0.0
IFITM8P,0.0
ENSG00000215097,0.0
TERF1P4,0.0
TTC3P1,0.0
UGT2B25P,0.0
SOCS6P1,0.0
AMD1P4,0.0
SYT14P1,0.0
ENSG00000215146,0.0
KRT18P32,0.0
ABCD1P2,0.0
ENSG00000215154,0.0
ENSG00000215156,0.0
GUSBP18,0.0
OR7E122P,0.0
TCEA1P3,0.0
ATXN7L3P1,0.0
MAPK6P4,0.0
RPS12P16,0.0
PGAM4P1,0.0
ENSG00000215198,0.0
YWHAZP6,0.0
KRT18P60,0.0
RBMXP2,0.0
UBA52P6,0.0
CYP51A1P3,0.0
NUTF2P5,0.0
RPL7P33,0.0
ENSG00000215237,0.0
ENSG00000215263,0.0
RPL10AP3,0.0
AKR1C7P,0.0
USP10P3,0.0
TOMM40P2,0.0
RPS7P6,0.0
HMGB3P24,0.0
CHMP5P1,0.0
SRSF6P1,0.0
ENSG00000215288,0.0
TMCO5B,0.0
ENSG00000215297,0.0
WHAMMP4,0.0
ENSG00000215304,0.0
ENSG00000215310,0.0
NPM1P12,0.0
RPL6P30,0.0
THUMPD1P1,0.0
EIF5P1,0.0
ASS1P10,0.0
GPX1P2,0.0
KRT18P23,0.0
ZNF705CP,0.0
SLC25A5P1,0.0
MRPL3P1,0.0
PPIAP1,0.0
C1QBPP1,0.0
FAM90A24,0.0
HSPD1P8,0.0
TMED11P,0.0
BOD1P2,0.0
RPL37P3,0.0
DEFB108C,0.0
FAM90A5,0.0
DEFT1P,0.0
ENSG00000215380,0.0
RPL29P6,0.0
ACTG1P3,0.0
ENSG00000215398,0.0
HMGB3P7,0.0
ENSG00000215409,0.0
PSMA6P1,0.0
PEX12P1,0.0
CTAGE12P,0.0
RPL29P35,0.0
SRMP1,0.0
RPS2P54,0.0
ZNF663P,0.0
BCRP4,0.0
RPS8P3,0.0
RPS10P29,0.0
RPL27AP,0.0
RCN1P1,0.0
CES5AP1,0.0
OR7E37P,0.0
BCRP3,0.0
CALM2P3,0.0
ARL2BPP3,0.0
HNRNPA1P7,0.0
KLHL12P1,0.0
TPTE2P4,0.0
RBMY2DP,0.0
ENSG00000215512,0.0
IFIT1P1,0.0
RPS4XP4,0.0
ZNF736P11Y,0.0
RBMY2CP,0.0
BCRP7,0.0
DKKL1P1,0.0
FRG1JP,0.0
KRT18P3,0.0
ANKRD20A11P,0.0
CNN2P7,0.0
ENSG00000215567,0.0
GRK6P1,0.0
ESRRAP1,0.0
BCORP1,0.0
ASS1P6,0.0
SRSF10P2,0.0
KANK1P1,0.0
TSPY24P,0.0
ZNF92P1Y,0.0
ZNF962P,0.0
KRT18P35,0.0
GUSBP9,0.0
MFFP1,0.0
MRPL20P1,0.0
TAF9BP2,0.0
ENSG00000215765,0.0
ARHGAP27P1-BPTFP1-KPNA2P3,0.0
LRRC37A14P,0.0
CFL1P6,0.0
ENSG00000215795,0.0
ENSG00000215796,0.0
RSL24D1P4,0.0
RFKP1,0.0
ENSG00000215805,0.0
KRT18P65,0.0
BTNL10P,0.0
ZNF847P,0.0
KRT18P12,0.0
QRSL1P1,0.0
FMO9P,0.0
ENSG00000215835,0.0
SDHAP2,0.0
ENSG00000215838,0.0
ENSG00000215840,0.0
MPTX1,0.0
ENSG00000215861,0.0
NBPF7P,0.0
KRT18P57,0.0
THAP3P1,0.0
ENSG00000215871,0.0
FEN1P1,0.0
CAPNS1P1,0.0
ST13P20,0.0
MARCKSL1P2,0.0
ZNF859P,0.0
RPL23AP17,0.0
HSPA5P1,0.0
EEF1A1P46,0.0
SELENOWP1,0.0
RPL36P5,0.0
CROCCP2,0.0
BRWD1P1,0.0
MMP23A,0.0
MIR942,0.0
MIR190B,0.0
MIR873,0.0
MIR892A,0.0
MIR921,0.0
MIR300,0.0
MIR297,0.0
MIR876,0.0
MIR933,0.0
MIR208B,0.0
MIR450B,0.0
MIR888,0.0
MIR874,0.0
MIR298,0.0
MIR938,0.0
MIR891A,0.0
MIR944,0.0
MIR934,0.0
MIR891B,0.0
MIR875,0.0
MIR890,0.0
MIR887,0.0
MIR892B,0.0
MIR889,0.0
MIR877,0.0
MIR885,0.0
MIR941-2,0.0
MIR513C,0.0
MIR541,0.0
MIR8485,0.0
MIR920,0.0
MIR941-4,0.0
FABP12P1,0.0
ENSG00000216285,0.0
KRT19P2,0.0
NAA40P1,0.0
RPL13AP15,0.0
ENSG00000216324,0.0
H1-12P,0.0
RPL10P10,0.0
ENSG00000216352,0.0
ENSG00000216359,0.0
ENSG00000216360,0.0
MRPL42P2,0.0
RPL37P15,0.0
RPL7AP36,0.0
ENSG00000216378,0.0
RPL12P2,0.0
PIMREGP2,0.0
H2AC2P,0.0
DUTP5,0.0
RAET1M,0.0
RPSAP43,0.0
ENSG00000216475,0.0
RPL21P69,0.0
ENSG00000216516,0.0
EEF1GP6,0.0
ENSG00000216519,0.0
ENSG00000216523,0.0
ENSG00000216548,0.0
ENSG00000216613,0.0
RPL27AP7,0.0
ENSG00000216621,0.0
GAPDHP72,0.0
OR2W4P,0.0
RPL7P25,0.0
RPL7AP35,0.0
ENSG00000216642,0.0
GLRX3P2,0.0
ENSG00000216663,0.0
CCNYL3,0.0
RPL8P1,0.0
ENSG00000216687,0.0
CIR1P3,0.0
COX6A1P3,0.0
MTND4P13,0.0
RPL21P68,0.0
ENSG00000216721,0.0
NUDT19P3,0.0
ANXA2P3,0.0
HMGA1P7,0.0
RPL6P17,0.0
VN1R13P,0.0
ENSG00000216775,0.0
PRRC2CP1,0.0
RPL7L1P20,0.0
MTCH1P1,0.0
ENSG00000216809,0.0
ENSG00000216811,0.0
RPS12P14,0.0
R3HDM2P2,0.0
TUBB2BP1,0.0
ZNF736P10Y,0.0
FGF7P4,0.0
RBMXP1,0.0
ENSG00000216844,0.0
MTCYBP36,0.0
RPL17P26,0.0
DHFRP5,0.0
RPS2P55,0.0
RPL22P12,0.0
ZNF603P,0.0
RPL31P32,0.0
SOCS5P5,0.0
ENSG00000216906,0.0
TNPO3P2,0.0
GPR89P,0.0
RPL15P9,0.0
RPL7P58,0.0
ENSG00000216966,0.0
RPL21P65,0.0
HSPD1P10,0.0
CYP2AC1P,0.0
ENSG00000217004,0.0
RPL10P1,0.0
TPT1P4,0.0
RPS18P8,0.0
ENSG00000217041,0.0
MTCO3P31,0.0
ENSG00000217060,0.0
ENSG00000217067,0.0
ENSG00000217078,0.0
MTCO2P33,0.0
HMGB3P19,0.0
RPS29P13,0.0
PPIAP31,0.0
ENSG00000217120,0.0
RPS10P13,0.0
ENSG00000217135,0.0
ENSG00000217139,0.0
LARP1P1,0.0
MTCO2P31,0.0
ANKRD18EP,0.0
MTHFD2P2,0.0
FAM136FP,0.0
MTCYBP2,0.0
RPL21P63,0.0
ENSG00000217195,0.0
TFGP1,0.0
GSTA12P,0.0
ENSG00000217231,0.0
RPL34P16,0.0
CBX3P9,0.0
POM121L4P,0.0
TXNP7,0.0
RAB1AP2,0.0
ENSG00000217275,0.0
SSBP3P6,0.0
UQCRFS1P3,0.0
OR2W2P,0.0
PRELID1P1,0.0
RPS7P5,0.0
SSXP10,0.0
ENSG00000217331,0.0
ENSG00000217334,0.0
TUBB4BP7,0.0
AK4P5,0.0
RPL21P61,0.0
PSMC1P11,0.0
RPS4XP9,0.0
PRELID1P2,0.0
DDX18P3,0.0
ISCA1P1,0.0
ENSG00000217447,0.0
ENSG00000217477,0.0
HMGB1P17,0.0
ENSG00000217483,0.0
ENSG00000217488,0.0
ENSG00000217495,0.0
ENSG00000217512,0.0
ENSG00000217514,0.0
RPS16P5,0.0
IQCB2P,0.0
ENSG00000217557,0.0
CRIPTOP4,0.0
ENSG00000217576,0.0
MDH1P2,0.0
ENSG00000217612,0.0
YWHAZP10,0.0
ENSG00000217631,0.0
PTGES3P2,0.0
ENSG00000217644,0.0
H2BC16P,0.0
PARLP2,0.0
PIMREGP3,0.0
UBE2V1P15,0.0
RPS3AP24,0.0
NUS1P4,0.0
SERPINB8P1,0.0
RPS10P3,0.0
NDUFB4P4,0.0
CCT7P1,0.0
ENSG00000217746,0.0
NDUFAB1P1,0.0
ENSG00000217769,0.0
FEM1AP3,0.0
ENSG00000217776,0.0
LDHAL6FP,0.0
ENSG00000217786,0.0
ASS1P9,0.0
ENSG00000217801,0.0
UBE2D3P5,0.0
FAT1P1,0.0
HNRNPDP2,0.0
SNRPEP6,0.0
RBMXP5,0.0
H4C10P,0.0
OR4F7P,0.0
ENSG00000217878,0.0
KRT18P48,0.0
ZNF839P1,0.0
HSPE1P8,0.0
SEPTIN14P6,0.0
NOC2LP2,0.0
KRT19P1,0.0
ZKSCAN8P2,0.0
THAP12P5,0.0
ELF2P2,0.0
ENSG00000218029,0.0
ENSG00000218048,0.0
RPL31P33,0.0
ADAMTS7P4,0.0
RSL24D1P1,0.0
PERPP3,0.0
DNAJA1P4,0.0
EXOSC8P1,0.0
ENSG00000218125,0.0
ERHP2,0.0
KRT18P22,0.0
ENSG00000218173,0.0
ENSG00000218175,0.0
SLC25A5P7,0.0
KRT8P43,0.0
ENSG00000218187,0.0
POM121L14P,0.0
HLFP1,0.0
RPS20P32,0.0
RPS27AP11,0.0
FTH1P26,0.0
TATDN2P2,0.0
ENSG00000218227,0.0
NEPNP,0.0
RPA3P2,0.0
RPS4XP7,0.0
ENSG00000218274,0.0
H2AC9P,0.0
MORF4L1P1,0.0
RPL22P14,0.0
ENSG00000218313,0.0
MTMR9P1,0.0
HNRNPA1P1,0.0
LYPLA1P3,0.0
RPS3AP23,0.0
RAET1K,0.0
SUMO2P13,0.0
SLC25A20P1,0.0
ENSG00000218410,0.0
ENSG00000218418,0.0
NDUFS5P1,0.0
ENSG00000218426,0.0
NIP7P3,0.0
HNRNPA1P19,0.0
RPS27P15,0.0
RPS25P7,0.0
ACTG1P18,0.0
RPL6P18,0.0
ENSG00000218483,0.0
FCF1P10,0.0
ENSG00000218499,0.0
H2AZP3,0.0
SPTLC1P2,0.0
ENSG00000218520,0.0
ITGAEP1,0.0
ENSG00000218536,0.0
OR4K12P,0.0
ENSG00000218561,0.0
ENSG00000218565,0.0
HNRNPA1P37,0.0
ANKRD18FP,0.0
GAPDHP63,0.0
ENSG00000218586,0.0
ENSG00000218596,0.0
ENSG00000218617,0.0
ENSG00000218631,0.0
RPL7P28,0.0
RPL5P20,0.0
BRD7P4,0.0
ENSG00000218682,0.0
RPL5P21,0.0
H2AC10P,0.0
ST13P16,0.0
ENSG00000218713,0.0
RPL12P23,0.0
B3GALNT2P1,0.0
KRT18P44,0.0
ENSG00000218730,0.0
ENSG00000218732,0.0
DBIP1,0.0
RPL36P9,0.0
RPL18AP8,0.0
ENSG00000218757,0.0
ENSG00000218766,0.0
FAM8A6P,0.0
MTATP6P31,0.0
HSPD1P16,0.0
ENSG00000218793,0.0
GSTM2P1,0.0
AP3S1P1,0.0
ENSG00000218809,0.0
ENSG00000218813,0.0
ENSG00000218834,0.0
ENSG00000218857,0.0
CNN3P1,0.0
SLC25A6P6,0.0
ENSG00000218872,0.0
NUFIP1P1,0.0
SUMO2P12,0.0
TUBB8P2,0.0
PTMAP3,0.0
NACAP7,0.0
IMPDH1P9,0.0
FTH1P15,0.0
ANKRD39P1,0.0
CCNG1P1,0.0
ARL4AP5,0.0
RPS15AP19,0.0
RPS3AP2,0.0
ENSG00000219039,0.0
TRIM51FP,0.0
SOD1P1,0.0
NPM1P37,0.0
MTND4LP19,0.0
ENSG00000219088,0.0
DHFRP6,0.0
HNRNPA3P12,0.0
RPL21P19,0.0
RPL23AP48,0.0
TYMSP1,0.0
RPS4XP8,0.0
PPIAP87,0.0
ENSG00000219150,0.0
HMGB1P20,0.0
FTH1P19,0.0
CACYBPP3,0.0
ENSG00000219190,0.0
ENSG00000219201,0.0
RPL12P47,0.0
ENSG00000219240,0.0
AMZ2P2,0.0
RPS6P7,0.0
NPM1P38,0.0
OR2E1P,0.0
DNAJC2P1,0.0
RPS20P2,0.0
VN1R8P,0.0
ENSG00000219284,0.0
PIP5K1P1,0.0
MRPL42P3,0.0
ENSG00000219298,0.0
ENSG00000219302,0.0
ESDP1,0.0
ENSG00000219329,0.0
RPL31P52,0.0
RPSAP72,0.0
ZNF299P,0.0
ENSG00000219375,0.0
ENSG00000219384,0.0
ATF1P1,0.0
ENSG00000219391,0.0
ZNF602P,0.0
HSPA8P15,0.0
NGRNP4,0.0
ENSG00000219409,0.0
MBL3P,0.0
BTBD10P2,0.0
RPL23P8,0.0
ENSG00000219453,0.0
RPSAP42,0.0
RPS2P29,0.0
ENSG00000219487,0.0
TPT1P8,0.0
ENSG00000219492,0.0
ENSG00000219500,0.0
FTH1P8,0.0
ENSG00000219529,0.0
SELENOKP2,0.0
RPL17P25,0.0
ENSG00000219549,0.0
ENSG00000219553,0.0
ENSG00000219559,0.0
ZPR1P1,0.0
NGRNP2,0.0
HNRNPA1P58,0.0
NCSTNP1,0.0
ENSG00000219604,0.0
HIGD1AP16,0.0
ENSG00000219619,0.0
ENSG00000219622,0.0
CYCSP17,0.0
BMPR1AP1,0.0
GCNT1P4,0.0
ENSG00000219666,0.0
BECN1P2,0.0
ENSG00000219681,0.0
NUP50P2,0.0
FGF7P8,0.0
ENSG00000219699,0.0
PTCHD3P3,0.0
ENSG00000219702,0.0
RAP1BP3,0.0
MARK2P18,0.0
RPL26P20,0.0
NUP50P4,0.0
CD83P1,0.0
RPL32P16,0.0
ENSG00000219755,0.0
ENSG00000219757,0.0
ENSG00000219758,0.0
VN1R11P,0.0
RPSAP45,0.0
RPL21P67,0.0
ENSG00000219784,0.0
OSTCP6,0.0
PPIAP9,0.0
ATP5PBP6,0.0
ARF1P1,0.0
RPL23AP47,0.0
RPL31P28,0.0
ENSG00000219867,0.0
BRK1P1,0.0
GAPDHP42,0.0
ZSCAN12P1,0.0
RPL35P3,0.0
ENSG00000219928,0.0
GAPDHP67,0.0
RPL12P8,0.0
SPTLC1P3,0.0
KRT18P50,0.0
ENSG00000219951,0.0
BTF3P7,0.0
ENSG00000219992,0.0
RPS26P29,0.0
ENSG00000220030,0.0
RPL7P27,0.0
ENSG00000220076,0.0
LAP3P1,0.0
ENSG00000220105,0.0
RPL21P64,0.0
MTCYBP4,0.0
MRPL32P1,0.0
ENSG00000220130,0.0
ENSG00000220131,0.0
CPSF1P2,0.0
ENSG00000220139,0.0
ENSG00000220154,0.0
HNRNPA1P12,0.0
MTRES1P1,0.0
HMGB3P18,0.0
ENSG00000220204,0.0
OR4F1P,0.0
RPS24P12,0.0
ENSG00000220240,0.0
ZNF402P,0.0
ACTBP8,0.0
ENSG00000220291,0.0
HNRNPH1P1,0.0
RPL35AP18,0.0
H2BC19P,0.0
ENSG00000220326,0.0
MTCO1P56,0.0
PPIAP74,0.0
H3P28,0.0
GPR166P,0.0
ENSG00000220370,0.0
GSTA8P,0.0
KRT8P42,0.0
FCF1P5,0.0
PTPN11P3,0.0
TUBB3P1,0.0
ENSG00000220446,0.0
ENSG00000220447,0.0
RPS3P4,0.0
SLC25A51P1,0.0
YAP1P1,0.0
EIF4EBP2P3,0.0
ENSG00000220506,0.0
MTND4LP20,0.0
PGAM1P10,0.0
ASS1P1,0.0
ENSG00000220522,0.0
ENSG00000220537,0.0
ENSG00000220540,0.0
PPIHP2,0.0
RPL5P19,0.0
ENSG00000220556,0.0
HMGB1P13,0.0
PKMP3,0.0
VN1R12P,0.0
RPL35P2,0.0
DDX18P6,0.0
TUBBP9,0.0
SSR1P1,0.0
ENSG00000220600,0.0
RPL34P14,0.0
KRASP1,0.0
ENSG00000220643,0.0
ENSG00000220660,0.0
RCC2P7,0.0
TFB2MP1,0.0
RPL17P23,0.0
ENSG00000220695,0.0
OR1F12P,0.0
ENSG00000220725,0.0
H3P27,0.0
MTND3P20,0.0
CMPK1P1,0.0
ENSG00000220739,0.0
RPL5P18,0.0
C11orf98P2,0.0
ISG20L2P1,0.0
RPL21P28,0.0
VN1R10P,0.0
BOLA2P3,0.0
RPSAP44,0.0
MTMR9LP,0.0
RPL21P119,0.0
LINC01881,0.0
NDUFA5P9,0.0
RPL21P16,0.0
RPS18P9,0.0
HSPE1P26,0.0
MRPL35P1,0.0
DNAJC19P6,0.0
H3C9P,0.0
MESTP1,0.0
ENSG00000220913,0.0
ENSG00000220918,0.0
ENSG00000220920,0.0
OSTCP4,0.0
HNRNPA1P41,0.0
ENSG00000220949,0.0
ENSG00000220960,0.0
ENSG00000220986,0.0
SNORD88C,0.0
RNU6ATAC29P,0.0
MIR1323,0.0
RNU6ATAC19P,0.0
MIR1250,0.0
MIR1231,0.0
ENSG00000221031,0.0
MIR1272,0.0
MIR1193,0.0
RNU6ATAC7P,0.0
MIR1286,0.0
U3,0.0
ENSG00000221042,0.0
U3,0.0
U3,0.0
RNU6ATAC38P,0.0
MIR1266,0.0
MIR1302-3,0.0
RNU6ATAC6P,0.0
ENSG00000221060,0.0
MIR1296,0.0
MIR1233-2,0.0
SNORD111,0.0
MIR320D2,0.0
ENSG00000221083,0.0
MIR1302-5,0.0
ENSG00000221093,0.0
SNORA11B,0.0
RNU6ATAC30P,0.0
SNORD110,0.0
MIR1224,0.0
U3,0.0
ENSG00000221139,0.0
ENSG00000221148,0.0
SNORA11F,0.0
MIR1207,0.0
ENSG00000221184,0.0
MIR548M,0.0
MIR1184-2,0.0
MIR1253,0.0
MIR1262,0.0
RNU6ATAC15P,0.0
MIR548E,0.0
RNU6ATAC27P,0.0
MIR1305,0.0
MIR548L,0.0
MIR1285-2,0.0
MIR1258,0.0
SNORD88A,0.0
ENSG00000221245,0.0
MIR1263,0.0
RNU6ATAC37P,0.0
MIR1208,0.0
MIR548P,0.0
MIR1284,0.0
MIR1255A,0.0
MIR1302-8,0.0
MIR1237,0.0
MIR548I2,0.0
MIR1289-2,0.0
MIR663B,0.0
MIR548T,0.0
ENSG00000221300,0.0
SNORA79,0.0
MIR548I3,0.0
MIR1200,0.0
MIR548Q,0.0
U3,0.0
MIR548K,0.0
RNU6ATAC18P,0.0
U3,0.0
MIR548F5,0.0
MIR1288,0.0
RNU6ATAC20P,0.0
MIR1228,0.0
MIR548G,0.0
MIR1265,0.0
RNU6ATAC23P,0.0
SNORD88B,0.0
RNU6ATAC8P,0.0
MIR1295A,0.0
MIR1302-6,0.0
MIR1229,0.0
ENSG00000221398,0.0
SNORD3J,0.0
MIR320B2,0.0
MIR1238,0.0
MIR1227,0.0
SNORA81,0.0
MIR1283-1,0.0
MIR1294,0.0
MIR548F3,0.0
RNU4ATAC16P,0.0
RNU6ATAC31P,0.0
MIR548F4,0.0
MIR1301,0.0
U3,0.0
MIR1202,0.0
SNORA11C,0.0
U3,0.0
MIR1277,0.0
MIR1271,0.0
MIR548AJ2,0.0
RNU6ATAC11P,0.0
SNORA11D,0.0
MIR1827,0.0
MIR1251,0.0
SNORA2C,0.0
MIR320C1,0.0
MIR548I4,0.0
U3,0.0
ENSG00000221498,0.0
SNORD100,0.0
MIR1245A,0.0
RNU6ATAC40P,0.0
MIR548O,0.0
SNORD111B,0.0
RNU6ATAC16P,0.0
MIR1285-1,0.0
MIR1185-1,0.0
RNU6ATAC41P,0.0
MIR1184-1,0.0
MIR548H1,0.0
SNORD99,0.0
MIR1180,0.0
MIR1255B2,0.0
MIR1283-2,0.0
MIR1303,0.0
RNU6ATAC10P,0.0
MIR1269A,0.0
RNU6ATAC42P,0.0
RNU6ATAC33P,0.0
RNU6ATAC21P,0.0
MIR1226,0.0
MIR1261,0.0
MIR548F1,0.0
MIR1249,0.0
RNU4ATAC2P,0.0
MIR1184-3,0.0
MIR1293,0.0
ENSG00000221611,0.0
MIR1185-2,0.0
MIR548H4,0.0
MIR1302-4,0.0
MIR1179,0.0
U3,0.0
MIR1276,0.0
U3,0.0
ENSG00000221639,0.0
MIR1268A,0.0
SNORA77,0.0
MIR1233-1,0.0
MIR1267,0.0
MIR1225,0.0
MIR1290,0.0
MIR548N,0.0
U3,0.0
RNU6ATAC,0.0
MIR1278,0.0
MIR1275,0.0
MIR548H3,0.0
MIR302E,0.0
SNORA11E,0.0
MIR1298,0.0
ENSG00000221711,0.0
SNORA11,0.0
SNORA3C,0.0
RNU6ATAC25P,0.0
MIR548I1,0.0
MIR1203,0.0
SNORD93,0.0
MIR1197,0.0
SNORA11G,0.0
ENSG00000221753,0.0
MIR1260A,0.0
MIR548J,0.0
MIR1289-1,0.0
MIR1302-7,0.0
MIR1205,0.0
MIR548F2,0.0
MIR1183,0.0
MIR1252,0.0
MIR1282,0.0
MIR548H2,0.0
SNORD23,0.0
RNU6ATAC34P,0.0
MIR1256,0.0
DPP3P2,0.0
ENSG00000221849,0.0
ENSG00000221857,0.0
MRPS21P3,0.0
FAM218BP,0.0
DENND10P1,0.0
KIR2DS4,0.0
TTC4P1,0.0
URAHP,0.0
ENSG00000222024,0.0
RNU6-1165P,0.0
RNA5SP177,0.0
RNU4-62P,0.0
RNU4-86P,0.0
RN7SKP154,0.0
RN7SKP285,0.0
MIR1915,0.0
Y_RNA,0.0
RNU2-3P,0.0
RN7SKP110,0.0
RNU6-721P,0.0
RNU6-908P,0.0
RNU2-65P,0.0
ENSG00000222095,0.0
RN7SKP32,0.0
RN7SKP232,0.0
RN7SKP117,0.0
RNA5SP317,0.0
RN7SKP148,0.0
RN7SKP16,0.0
RNU6-985P,0.0
RNA5SP487,0.0
RNU6-648P,0.0
RNA5SP390,0.0
RNU2-9P,0.0
RNA5SP36,0.0
RNU6-380P,0.0
SNORA73,0.0
RNU4-37P,0.0
RNY4P30,0.0
RNA5SP239,0.0
RN7SKP218,0.0
Y_RNA,0.0
RN7SKP151,0.0
RN7SKP266,0.0
RNU6-257P,0.0
RN7SKP146,0.0
RNU4-30P,0.0
RNA5SP181,0.0
RN7SKP26,0.0
RNA5SP156,0.0
ENSG00000222185,0.0
RNU4-26P,0.0
RNA5SP266,0.0
Y_RNA,0.0
RNA5SP407,0.0
RNA5SP129,0.0
RNA5SP56,0.0
RN7SKP65,0.0
RNU6-588P,0.0
RN7SKP129,0.0
RNU2-17P,0.0
Y_RNA,0.0
RNU6-447P,0.0
RNA5SP158,0.0
RNU2-54P,0.0
RNA5SP89,0.0
RNA5SP163,0.0
RNU2-43P,0.0
RN7SKP156,0.0
RNA5SP431,0.0
MIR1471,0.0
RNA5SP201,0.0
RNU6-262P,0.0
RNA5SP95,0.0
RNU6-101P,0.0
RN7SKP199,0.0
RN7SKP114,0.0
RNU6-757P,0.0
RNU6-892P,0.0
RNA5SP425,0.0
RNU2-33P,0.0
RN7SKP111,0.0
RNU6-584P,0.0
RNA5SP193,0.0
RNU6-1043P,0.0
RNU2-36P,0.0
RNU6-1156P,0.0
RNU2-21P,0.0
RNA5SP371,0.0
RNU6-935P,0.0
Y_RNA,0.0
RNA5SP198,0.0
RNA5SP178,0.0
RN7SKP267,0.0
RNU6-1118P,0.0
RNA5SP118,0.0
RNU6-1050P,0.0
MIR1912,0.0
RNU6-855P,0.0
RNU2-2P,0.0
RNU6-1076P,0.0
Y_RNA,0.0
RN7SKP225,0.0
RNU6-174P,0.0
RN7SKP139,0.0
RNU6-613P,0.0
SNORD19C,0.0
RNA5SP237,0.0
RNY1P15,0.0
RN7SKP221,0.0
RNU2-29P,0.0
RNU6-710P,0.0
RNU2-20P,0.0
RNU6-355P,0.0
RNU6-1186P,0.0
RNU4-34P,0.0
SNORD12B,0.0
SNORA36B,0.0
RN7SKP202,0.0
RN7SKP127,0.0
RN7SKP152,0.0
RNA5SP44,0.0
RNA5SP203,0.0
RN7SKP158,0.0
RN7SKP86,0.0
RNU2-28P,0.0
Y_RNA,0.0
Y_RNA,0.0
RN7SKP229,0.0
RNU6-554P,0.0
RNU6-791P,0.0
RN7SKP281,0.0
RNU4-65P,0.0
RNA5SP80,0.0
Y_RNA,0.0
RN7SKP125,0.0
RNU2-59P,0.0
RNA5SP274,0.0
RNA5SP113,0.0
RNA5SP511,0.0
Y_RNA,0.0
RNU2-50P,0.0
RNA5SP338,0.0
RNA5SP231,0.0
RNU6-955P,0.0
Y_RNA,0.0
RNU6-141P,0.0
Y_RNA,0.0
RN7SKP278,0.0
RNU6-1077P,0.0
RNU6-994P,0.0
RNU2-26P,0.0
RN7SKP56,0.0
RN7SKP150,0.0
RNU6-1140P,0.0
RN7SKP143,0.0
RN7SKP59,0.0
RNA5SP296,0.0
RNU6-121P,0.0
RNA5SP293,0.0
RN7SKP271,0.0
RNU2-5P,0.0
Y_RNA,0.0
RNA5SP261,0.0
RN7SKP7,0.0
RNU2-23P,0.0
RNU6-77P,0.0
RNU6-285P,0.0
SNORA79B,0.0
RNU6-712P,0.0
RN7SKP200,0.0
RN7SKP177,0.0
RNA5SP475,0.0
RNU4-25P,0.0
Y_RNA,0.0
Y_RNA,0.0
Y_RNA,0.0
Y_RNA,0.0
RN7SKP223,0.0
RN7SKP240,0.0
RNA5SP451,0.0
RNU6-519P,0.0
RN7SKP109,0.0
Y_RNA,0.0
MIR1468,0.0
RNU6-705P,0.0
RNU2-39P,0.0
RN7SKP220,0.0
RNU6-735P,0.0
RNA5SP251,0.0
RNA5SP60,0.0
RNU6-1064P,0.0
RNU4-43P,0.0
RNU6-1025P,0.0
RN7SKP61,0.0
RNA5SP345,0.0
Y_RNA,0.0
RNU2-47P,0.0
RNU2-66P,0.0
RN7SKP222,0.0
RNA5SP494,0.0
ENSG00000222588,0.0
RN7SKP159,0.0
RNU6-887P,0.0
RN7SKP235,0.0
RNU2-49P,0.0
Y_RNA,0.0
ENSG00000222604,0.0
RNU6-628P,0.0
RNA5SP504,0.0
RNU4-69P,0.0
RNU6-402P,0.0
RNU2-52P,0.0
Y_RNA,0.0
Y_RNA,0.0
RN7SKP27,0.0
RN7SKP254,0.0
RNU6-1100P,0.0
RNU2-15P,0.0
RNU2-48P,0.0
RNU2-37P,0.0
RNU2-42P,0.0
RN7SKP131,0.0
RNU6-1203P,0.0
RN7SKP54,0.0
RNU2-51P,0.0
RNU2-16P,0.0
Y_RNA,0.0
RNU2-70P,0.0
RNU6-248P,0.0
Y_RNA,0.0
RNU2-8P,0.0
RNU4-55P,0.0
RN7SKP123,0.0
U3,0.0
RNU6-394P,0.0
RNA5SP146,0.0
RN7SKP213,0.0
RNU6-1267P,0.0
RNA5SP38,0.0
RN7SKP119,0.0
RNU4-72P,0.0
RNU6-733P,0.0
RN7SKP120,0.0
Y_RNA,0.0
Y_RNA,0.0
RN7SKP182,0.0
RN7SKP39,0.0
RN7SKP89,0.0
RN7SKP51,0.0
RN7SKP38,0.0
MIR1911,0.0
RN7SKP188,0.0
RNU2-63P,0.0
RNU2-7P,0.0
RNU4-64P,0.0
RNY4P29,0.0
RNU4-6P,0.0
RNA5SP328,0.0
RNA5SP229,0.0
RNU6-1190P,0.0
RN7SKP166,0.0
RNA5SP25,0.0
RNU4-46P,0.0
RN7SKP206,0.0
RNU4-53P,0.0
RNU6-684P,0.0
RN7SKP106,0.0
RNU2-40P,0.0
Y_RNA,0.0
RN7SKP121,0.0
RNU6-233P,0.0
RNA5SP144,0.0
RN7SKP212,0.0
RN7SKP91,0.0
RNU2-38P,0.0
RNU4-14P,0.0
RNU6-67P,0.0
RNU6-860P,0.0
RNU4-83P,0.0
RNU6-383P,0.0
RNU2-62P,0.0
RNA5SP225,0.0
RNU4-47P,0.0
RNU2-68P,0.0
RNU4-27P,0.0
RN7SKP286,0.0
MIR1537,0.0
RNA5SP120,0.0
RNA5SP100,0.0
RNA5SP136,0.0
RN7SKP168,0.0
RNU6-321P,0.0
RN7SKP42,0.0
RNA5SP21,0.0
Y_RNA,0.0
RNA5SP59,0.0
RNU6-920P,0.0
RN7SKP136,0.0
RNU6-1086P,0.0
RNU6-565P,0.0
RNU6-1328P,0.0
RNU4-78P,0.0
RN7SKP33,0.0
RN7SKP261,0.0
Y_RNA,0.0
Y_RNA,0.0
RN7SKP29,0.0
RNU6-1068P,0.0
RNU6-1133P,0.0
RN7SKP97,0.0
RNU6-193P,0.0
RNU6-564P,0.0
RNA5SP29,0.0
RNA5SP104,0.0
RNA5SP501,0.0
RNU2-41P,0.0
RNU6-1148P,0.0
RN7SKP205,0.0
RNU6-172P,0.0
RN7SKP284,0.0
SNORD63B,0.0
RNU6-370P,0.0
Y_RNA,0.0
RN7SKP58,0.0
RN7SKP262,0.0
RNA5SP41,0.0
RNA5SP265,0.0
MIR1913,0.0
RNU6-272P,0.0
ENSG00000222966,0.0
RN7SKP8,0.0
RNA5SP222,0.0
RNU6-651P,0.0
RNU2-25P,0.0
RN7SKP228,0.0
RN7SKP94,0.0
RN7SKP167,0.0
RN7SKP216,0.0
RNA5SP127,0.0
RNU2-14P,0.0
RNU5A-5P,0.0
RN7SKP68,0.0
RNU4-22P,0.0
Y_RNA,0.0
RN7SKP259,0.0
RNU2-61P,0.0
RNA5SP184,0.0
SNORD29,0.0
RN7SKP137,0.0
RN7SKP73,0.0
RN7SKP264,0.0
RNA5SP344,0.0
RNU6-1135P,0.0
RNA5SP306,0.0
Y_RNA,0.0
RNU6-55P,0.0
RN7SKP247,0.0
ENSG00000223027,0.0
RNU6-284P,0.0
RN7SKP268,0.0
RN7SKP144,0.0
RN7SKP161,0.0
RNU6-130P,0.0
RNA5SP369,0.0
RNU6-847P,0.0
RN7SKP169,0.0
Y_RNA,0.0
RNU6-1245P,0.0
RNU6-325P,0.0
RN7SKP126,0.0
RNA5SP31,0.0
RNU2-55P,0.0
Y_RNA,0.0
RNA5SP155,0.0
RNU6-602P,0.0
RMRPP5,0.0
RNA5SP115,0.0
RNU5E-9P,0.0
RNU2-72P,0.0
MIR1538,0.0
RNA5SP247,0.0
RN7SKP296,0.0
RN7SKP102,0.0
RN7SKP181,0.0
RNU2-32P,0.0
RN7SKP263,0.0
RN7SKP140,0.0
RNA5SP304,0.0
RN7SKP207,0.0
RNA5SP450,0.0
RN7SKP252,0.0
RN7SKP112,0.0
RNU4-88P,0.0
RNU2-18P,0.0
RNY1P3,0.0
RNA5SP280,0.0
RN7SKP142,0.0
RNA5SP209,0.0
RN7SKP17,0.0
RNU4-61P,0.0
RNA5SP39,0.0
RNU6-373P,0.0
RNU6-1199P,0.0
Y_RNA,0.0
RNU6-177P,0.0
RN7SKP100,0.0
RNU6-293P,0.0
RNU6-1001P,0.0
RNU2-22P,0.0
RN7SKP297,0.0
RNA5SP221,0.0
RNU6-1217P,0.0
RNU4-74P,0.0
RNU6-607P,0.0
RNU6-938P,0.0
Y_RNA,0.0
RN7SKP192,0.0
SNORD71,0.0
RNU6-1054P,0.0
RN7SKP270,0.0
RNA5SP294,0.0
RNU4-63P,0.0
RNU2-64P,0.0
Y_RNA,0.0
RNU6-785P,0.0
RNU6-575P,0.0
RNA5SP508,0.0
RN7SKP194,0.0
RNA5SP492,0.0
RNU6-387P,0.0
RNU6-592P,0.0
RN7SKP53,0.0
Y_RNA,0.0
RN7SKP172,0.0
RNA5SP498,0.0
RNU6-57P,0.0
RN7SKP85,0.0
RN7SKP165,0.0
RNU6-195P,0.0
RNU6-954P,0.0
RNA5SP107,0.0
RNA5SP270,0.0
SNORD83,0.0
RNY3P8,0.0
RN7SKP108,0.0
Y_RNA,0.0
Y_RNA,0.0
RN7SKP30,0.0
RNU6-1304P,0.0
RN7SKP101,0.0
RNU6-722P,0.0
RNU6-516P,0.0
RN7SKP279,0.0
RNA5SP111,0.0
RN7SKP293,0.0
RN7SKP273,0.0
RNU2-71P,0.0
RNU6-1052P,0.0
RNU6-603P,0.0
RNU2-6P,0.0
RN7SKP3,0.0
H2BP1,0.0
KLF2P3,0.0
ENSG00000223353,0.0
FTH1P10,0.0
CDY15P,0.0
ENSG00000223368,0.0
ENSG00000223375,0.0
ENSG00000223377,0.0
H2ACP1,0.0
SDCBP2P1,0.0
RDXP2,0.0
RBM22P7,0.0
PRR3P1,0.0
ENSG00000223402,0.0
XKRYP5,0.0
USP9YP18,0.0
RPL17P17,0.0
RPS26P15,0.0
LIMK2P1,0.0
ENSG00000223419,0.0
ENSG00000223421,0.0
ENSG00000223422,0.0
RBM7P1,0.0
ENSG00000223428,0.0
ENSG00000223429,0.0
MTND6P21,0.0
RPS29P9,0.0
TMSB4XP3,0.0
RPL6P21,0.0
ENSG00000223450,0.0
HMGN2P18,0.0
ENSG00000223455,0.0
HTATSF1P1,0.0
TCAF1P1,0.0
GAPDHP69,0.0
CALM1P1,0.0
VN1R42P,0.0
TRPC6P1,0.0
MAPK6P2,0.0
NEFHP1,0.0
CHCHD2P5,0.0
ENSG00000223495,0.0
H2BL1P,0.0
SLC35C2P1,0.0
RNF14P4,0.0
ENSG00000223503,0.0
RPL35AP5,0.0
SLC20A1P1,0.0
RPL23AP53,0.0
WHAMMP1,0.0
ATP6V0E1P2,0.0
ENSG00000223514,0.0
CSNK1A1P1,0.0
KIF28P,0.0
EEF1A1P8,0.0
ENSG00000223538,0.0
ENSG00000223539,0.0
RPS15AP5,0.0
TCEAL4P1,0.0
ENSG00000223544,0.0
MTND5P28,0.0
SNRPBP1,0.0
TMSB4XP4,0.0
SMPD4P1,0.0
USP9YP23,0.0
TRIM60P17,0.0
ENSG00000223559,0.0
CYP4F32P,0.0
ENSG00000223565,0.0
TNRC18P2,0.0
RPL3P11,0.0
ENSG00000223570,0.0
TPMTP4,0.0
RBMX2P3,0.0
RPL17P9,0.0
TVP23CP1,0.0
ENSG00000223589,0.0
FNDC3CP,0.0
ENSG00000223593,0.0
LYPLA1P1,0.0
ENSG00000223599,0.0
EEF1A1P41,0.0
ENSG00000223602,0.0
CRPP1,0.0
RPL17P13,0.0
ENSG00000223605,0.0
SUPT20HL2,0.0
ENSG00000223612,0.0
ENSG00000223615,0.0
MTCO1P17,0.0
RBM48P1,0.0
AK4P4,0.0
GSTA6P,0.0
ENSG00000223624,0.0
CYCSP32,0.0
ENSG00000223628,0.0
DEFA8P,0.0
UBE2Q2P5Y,0.0
RBMY2EP,0.0
RPL30P3,0.0
UHRF2P1,0.0
NEFHP2,0.0
RAB9AP3,0.0
HMGB3P10,0.0
KRT8P51,0.0
NDUFB4P8,0.0
EEF1A1P24,0.0
RPL34P3,0.0
ENSG00000223672,0.0
RPL34P26,0.0
OR2AD1P,0.0
ENSG00000223679,0.0
RPSAP65,0.0
IFNWP18,0.0
RPS24P14,0.0
ENSG00000223691,0.0
ADH5P3,0.0
GOLGA6L11P,0.0
ZDHHC20P2,0.0
IGSF3P2,0.0
NSUN5P1,0.0
SFR1P2,0.0
TRIM64EP,0.0
CRYGGP,0.0
DNAJA1P1,0.0
RPL15P11,0.0
YWHAQP10,0.0
UQCRFS1P2,0.0
TFDP1P2,0.0
RAD17P2,0.0
ENSG00000223728,0.0
RPL6P28,0.0
SUPT20HL1,0.0
RPL18AP14,0.0
OR51B3P,0.0
HSP90AB5P,0.0
RPS15AP15,0.0
ENSG00000223740,0.0
PSMD4P1,0.0
RBMY2GP,0.0
ELOCP30,0.0
SIRPB3P,0.0
ENSG00000223753,0.0
TSSC2,0.0
MED15P9,0.0
GEMIN8P3,0.0
CD99P1,0.0
RPL29P8,0.0
ENSG00000223779,0.0
RPS21P8,0.0
ENSG00000223787,0.0
DIS3L2P1,0.0
COX5BP8,0.0
RPS20P14,0.0
ENSG00000223804,0.0
BOLA3P4,0.0
KRT8P28,0.0
IGKV1OR2-2,0.0
PPIAP89,0.0
CFL1P1,0.0
EEF1A1P1,0.0
TERF1P6,0.0
DAZAP2P1,0.0
BANF1P4,0.0
ENSG00000223836,0.0
ENSG00000223841,0.0
VN1R40P,0.0
ENSG00000223847,0.0
ENSG00000223849,0.0
RAB9AP2,0.0
ENSG00000223861,0.0
NPM1P19,0.0
ENSG00000223866,0.0
ENSG00000223867,0.0
ENSG00000223869,0.0
SAP18P2,0.0
NBEAP3,0.0
RPS27P1,0.0
RPS8P10,0.0
PPIAP53,0.0
FAM90A13,0.0
ENSG00000223886,0.0
ENSG00000223889,0.0
ENSG00000223890,0.0
GNL2P1,0.0
CCNJP2,0.0
ENSG00000223897,0.0
SEC13P1,0.0
RPL23P4,0.0
HMGB1P12,0.0
ENSG00000223905,0.0
ENSG00000223908,0.0
EEF1A1P36,0.0
DPPA2P1,0.0
RPL18AP9,0.0
ENSG00000223917,0.0
ENSG00000223918,0.0
ENSG00000223920,0.0
MTND1P27,0.0
ASS1P2,0.0
NUP35P1,0.0
ENSG00000223931,0.0
KRT8P8,0.0
RPL6P31,0.0
ENSG00000223948,0.0
H2ACP2,0.0
MTND6P1,0.0
ENSG00000223958,0.0
AFG3L1P,0.0
UBBP3,0.0
THAP12P8,0.0
ZNF587P1,0.0
ENSG00000223967,0.0
RPS27P11,0.0
RRBP1P1,0.0
DDX11L1,0.0
PAFAH1B1P2,0.0
BNIP3P42,0.0
EXTL2P1,0.0
ENSG00000223977,0.0
ZNF736P1Y,0.0
SNRPD2P2,0.0
HNRNPRP1,0.0
COX6A1P5,0.0
RPL26P28,0.0
RPL32P35,0.0
ENSG00000224001,0.0
YES1P1,0.0
ATP5F1CP1,0.0
USP12P2,0.0
RPL36AP46,0.0
ENSG00000224012,0.0
ENSG00000224014,0.0
ENSG00000224016,0.0
RPL21P32,0.0
ENSG00000224025,0.0
CDY8P,0.0
SFPQP1,0.0
CDYLP1,0.0
HMGN1P4,0.0
MTND4P6,0.0
PAEPP1,0.0
ENSG00000224054,0.0
GAPDHP55,0.0
RBISP5,0.0
HSPA8P16,0.0
ARSLP1,0.0
SRSF3P4,0.0
TUBB4BP5,0.0
RPL32P6,0.0
SRIP2,0.0
ENSG00000224067,0.0
ENSG00000224069,0.0
HMGN1P6,0.0
DNMT3AP1,0.0
VEZTP1,0.0
UBE2FP1,0.0
SLC44A3-AS1,0.0
UBTFL8,0.0
MTCO1P11,0.0
RPL23AP41,0.0
ENSG00000224092,0.0
RPS24P8,0.0
ENSG00000224097,0.0
ENSG00000224104,0.0
CYP4F25P,0.0
MTRF1LP2,0.0
ENSG00000224114,0.0
PTPN2P2,0.0
ATG12P2,0.0
POM121L10P,0.0
UBE2SP2,0.0
DPPA2P2,0.0
ENSG00000224134,0.0
ENSG00000224136,0.0
ASH2LP1,0.0
USP9YP28,0.0
ENSG00000224155,0.0
HMGB1P9,0.0
CICP10,0.0
RPS26P54,0.0
UQCRHP3,0.0
ENSG00000224163,0.0
HSFY6P,0.0
ENSG00000224172,0.0
SDHDP6,0.0
SNX18P9,0.0
UBE2D3P4,0.0
RPS23P10,0.0
GSTT3P,0.0
ENSG00000224207,0.0
ZCRB1P1,0.0
TRIM60P5Y,0.0
PRPF4BP1,0.0
SEC61GP1,0.0
RPS6P8,0.0
HAUS1P2,0.0
OR2L1P,0.0
KCTD5P1,0.0
OR2J4P,0.0
MRRFP1,0.0
MICOS10P3,0.0
CYCSP49,0.0
KRT224P,0.0
ENSG00000224245,0.0
ENSG00000224252,0.0
MTCO1P39,0.0
PDCL3P6,0.0
BBLNP2,0.0
RPSAP18,0.0
CYCSP12,0.0
RABGEF1P3,0.0
ENSAP1,0.0
ENSG00000224278,0.0
RPS29P31,0.0
ENSG00000224280,0.0
ENSG00000224282,0.0
MTCYBP11,0.0
IFIT6P,0.0
RPL38P6,0.0
OLFM5P,0.0
MRPL49P1,0.0
ENSG00000224297,0.0
MTATP6P16,0.0
OR51P1P,0.0
ENSG00000224302,0.0
ANKRD30BP2,0.0
MCCD1P2,0.0
TCERG1P1,0.0
RPL7P7,0.0
GTF2IP5,0.0
RPL12P14,0.0
DPRXP1,0.0
THAP5P1,0.0
ENSG00000224331,0.0
GAPDHP20,0.0
ACTR2P1,0.0
ENSG00000224335,0.0
FAM197Y1,0.0
FAM8A3P,0.0
MTCYBP45,0.0
SC4MOP,0.0
RPL21P21,0.0
AKR7A2P2,0.0
KNOP1P3,0.0
BICD1P1,0.0
RPL36P6,0.0
CDKN2AIPNLP3,0.0
ENSG00000224352,0.0
ACE3P,0.0
MTND2P5,0.0
ATG3P1,0.0
ENSG00000224365,0.0
ENSG00000224366,0.0
OACYLP,0.0
ARAFP2,0.0
ENSG00000224370,0.0
HLA-N,0.0
METTL15P3,0.0
RPL7P57,0.0
OR6D1P,0.0
DPPA2P3,0.0
USP9YP22,0.0
ENSG00000224410,0.0
HSP90AA2P,0.0
ENSG00000224412,0.0
ENSG00000224414,0.0
ENSG00000224415,0.0
IFNA22P,0.0
KRT18P27,0.0
ATP5MFP1,0.0
SSBP3P2,0.0
SLC31A1P1,0.0
ENSG00000224427,0.0
MKRN5P,0.0
ENSG00000224431,0.0
NF1P6,0.0
ENSG00000224436,0.0
PIGUP1,0.0
RPL23AP14,0.0
RPSAP10,0.0
RPL4P7,0.0
NME2P2,0.0
H3P26,0.0
ENSG00000224448,0.0
ATP5PBP1,0.0
RSL24D1P6,0.0
GUSBP6,0.0
C4BPAP1,0.0
RPL39P14,0.0
PGAM1P6,0.0
SOCS2P2,0.0
CDCA4P2,0.0
ENSG00000224469,0.0
MTCO3P19,0.0
CCND3P1,0.0
RPL7AP40,0.0
RPL36P16,0.0
CDHR18P,0.0
HSFY4P,0.0
ENSG00000224484,0.0
USP9YP7,0.0
HCG19P,0.0
SAMM50P1,0.0
ENSG00000224493,0.0
HNRNPA3P14,0.0
RPL36P4,0.0
MAPKAPK5P1,0.0
POLR2KP2,0.0
ENSG00000224518,0.0
HMGN1P19,0.0
KRT8P45,0.0
ENSG00000224523,0.0
CYCSP42,0.0
ENSG00000224529,0.0
PPIAP10,0.0
MEP1AP4,0.0
SAGE4P,0.0
TFDP1P1,0.0
SNRPGP15,0.0
RPL31P36,0.0
EIF4BP3,0.0
ZNF619P1,0.0
ENSG00000224548,0.0
NDUFA4P1,0.0
HMGB3P21,0.0
RPS26P20,0.0
ENSG00000224555,0.0
ENSG00000224556,0.0
HLA-DPB2,0.0
ENSG00000224560,0.0
CIAO2AP2,0.0
ENSG00000224567,0.0
C9orf78P2,0.0
ENSG00000224570,0.0
USP9YP13,0.0
RPL7AP78,0.0
ENSG00000224579,0.0
UBE2V1P13,0.0
ENSG00000224585,0.0
ORC1P1,0.0
MTND3P16,0.0
RPL21P72,0.0
RPL29P19,0.0
RPS5P2,0.0
BMS1P12,0.0
ENSG00000224600,0.0
RPS26P5,0.0
ENSG00000224603,0.0
ENSG00000224604,0.0
TBPL1P1,0.0
ENSG00000224617,0.0
KLHL25P1,0.0
MEF2AP1,0.0
OR9R1P,0.0
TUBB8P6,0.0
RPL37P10,0.0
CDK5RAP3P1,0.0
RPL36AP30,0.0
ENSG00000224630,0.0
RPS27AP16,0.0
NUDT19P2,0.0
ZNF736P6Y,0.0
PDSS1P2,0.0
SRSF1P1,0.0
RPS28P5,0.0
ENSG00000224647,0.0
ENSG00000224653,0.0
SMSP1,0.0
RBMY2BP,0.0
ATP6V1G1P3,0.0
RPL36AP53,0.0
ENSG00000224667,0.0
IPO8P1,0.0
ENSG00000224669,0.0
ENSG00000224670,0.0
RPL17P10,0.0
EIF3EP2,0.0
PDIA3P2,0.0
GAPDHP46,0.0
MED15P4,0.0
PLA2G12AP1,0.0
ENSG00000224681,0.0
SOCS5P2,0.0
RPL36AP29,0.0
RPL36AP12,0.0
ELOCP23,0.0
E2F6P2,0.0
UBE2D3P3,0.0
ENSG00000224692,0.0
MTND6P7,0.0
NEFMP1,0.0
MED28P4,0.0
RPS17P13,0.0
OR11M1P,0.0
ENSG00000224719,0.0
ENSG00000224722,0.0
GUSBP10,0.0
CEP57L1P1,0.0
FCF1P7,0.0
IMPDH1P8,0.0
MAGEA7P,0.0
ENSG00000224735,0.0
MTCYBP21,0.0
SHMT1P1,0.0
VN1R21P,0.0
HMGN1P34,0.0
C1DP3,0.0
ENSG00000224762,0.0
FDPSP8,0.0
MUC20P1,0.0
HSPA8P7,0.0
BRAFP1,0.0
RPSAP50,0.0
OR4F2P,0.0
CENPIP1,0.0
EIF4A2P4,0.0
MIPEPP2,0.0
S100A15A,0.0
ENSG00000224785,0.0
CETN4P,0.0
KRT18P39,0.0
IQCF4P,0.0
RPL32P1,0.0
ENSG00000224797,0.0
RPS27AP6,0.0
TUBB4BP2,0.0
ARL5AP4,0.0
DUX4L9,0.0
BEND3P2,0.0
ENSG00000224815,0.0
NAP1L4P2,0.0
BTF3P4,0.0
USP21P1,0.0
LINC00265-2P,0.0
TOMM20P1,0.0
OR2X1P,0.0
TMEM183BP,0.0
BTF3P9,0.0
ENSG00000224836,0.0
GCSHP5,0.0
RPL12P17,0.0
MTND5P24,0.0
RPL35AP36,0.0
RPL29P11,0.0
GXYLT1P2,0.0
YBX1P1,0.0
ENSG00000224864,0.0
USP9YP25,0.0
ENSG00000224869,0.0
CDY13P,0.0
MTCYBP29,0.0
ENSG00000224881,0.0
ENSG00000224886,0.0
NFYCP2,0.0
ARL14EPP1,0.0
RPS4XP16,0.0
VPS26BP1,0.0
SIGLEC30P,0.0
SBF1P2,0.0
SRP14P1,0.0
RPL21P91,0.0
TIMM8BP2,0.0
ENSG00000224917,0.0
TACC1P1,0.0
NDUFA5P10,0.0
KRT8P30,0.0
ENSG00000224931,0.0
SUCLA2P1,0.0
EEDP1,0.0
ENSG00000224946,0.0
VN1R25P,0.0
ATP5MC1P8,0.0
RPL37P24,0.0
SRIP3,0.0
KCTD10P1,0.0
PSAT1P4,0.0
TRAPPC2P3,0.0
TBC1D3P6,0.0
ENSG00000224967,0.0
SUMO2P3,0.0
PARP4P2,0.0
CD84P1,0.0
RPL23AP85,0.0
ENSG00000224981,0.0
PPP1R8P1,0.0
ENSG00000224987,0.0
ENSG00000224988,0.0
RPL29P12,0.0
VTA1P1,0.0
OR51A5P,0.0
RPL7AP77,0.0
TWF1P2,0.0
ENSG00000225011,0.0
KCTD9P1,0.0
LINC00328-2P,0.0
ENSG00000225017,0.0
ENSG00000225018,0.0
UBE2D3P1,0.0
RPL37P11,0.0
KIF4CP,0.0
PFDN1P1,0.0
IFNWP4,0.0
EIF4BP7,0.0
CDK4P1,0.0
RPL18AP2,0.0
MTND5P27,0.0
ENSG00000225046,0.0
HMGB3P22,0.0
PRPF38AP1,0.0
ENSG00000225055,0.0
MDM4P1,0.0
RPL23AP2,0.0
VTCN1P1,0.0
RPS26P58,0.0
OR7E116P,0.0
ENSG00000225078,0.0
FTH1P22,0.0
PFN1P4,0.0
DAP3P1,0.0
SNORA71A,0.0
RPL3P7,0.0
SETP20,0.0
BCRP1,0.0
ATP6V1E1P1,0.0
DPY19L2P5,0.0
OR52K3P,0.0
ZBTB45P1,0.0
TCEAL9P1,0.0
ARSDP1,0.0
ENSG00000225118,0.0
EEF1B2P5,0.0
ENSG00000225122,0.0
ENSG00000225123,0.0
RPL23AP36,0.0
RANP4,0.0
PSME2P2,0.0
MORF4L1P4,0.0
PGBD4P5,0.0
DYNC1I2P1,0.0
RPL21P22,0.0
RPS12P10,0.0
GOLGA2P7,0.0
TUBAP9,0.0
TOMM22P5,0.0
HSPE1P24,0.0
NPM1P39,0.0
RTRAFP2,0.0
TXNP2,0.0
BRI3P1,0.0
ENSG00000225170,0.0
DUTP6,0.0
HRGP1,0.0
ATP5MGP4,0.0
ENSG00000225182,0.0
COX7BP3,0.0
PPIAP8,0.0
REREP1Y,0.0
ENSG00000225191,0.0
ZNF33BP1,0.0
RPS12P26,0.0
RPL10P17,0.0
SSX13P,0.0
ENSG00000225200,0.0
DUXAP9,0.0
AKR1B1P6,0.0
SMARCE1P1,0.0
HSPA7,0.0
PLA2G12AP2,0.0
CHCHD4P5,0.0
RPS27AP12,0.0
ARL2BPP10,0.0
ENSG00000225236,0.0
GEMIN7P1,0.0
RPL21P107,0.0
ENSG00000225240,0.0
COX6B1P7,0.0
ENSG00000225244,0.0
RPS2P1,0.0
RPL5P25,0.0
ENSG00000225253,0.0
ARMC8P1,0.0
TRAPPC2P5,0.0
ST13P6,0.0
ZNRF2P2,0.0
RPL8P2,0.0
CICP12,0.0
NOLC1P1,0.0
RPL21P27,0.0
NUP210P2,0.0
MTND1P18,0.0
KLHL5P1,0.0
ENSG00000225286,0.0
OFD1P13Y,0.0
RPL29P29,0.0
ABCD1P4,0.0
OSTCP2,0.0
MTND4P4,0.0
ENSG00000225297,0.0
ENSG00000225304,0.0
ASS1P11,0.0
DNAJC19P4,0.0
CDCA3P1,0.0
HBAP1,0.0
USP9YP19,0.0
ENSG00000225333,0.0
HMGB3P1,0.0
RPL23AP18,0.0
RPL21P66,0.0
NIPAL1P1,0.0
SNX18P3,0.0
SLC25A5P8,0.0
ANKRD49P2,0.0
RPL31P53,0.0
RPL7AP52,0.0
ARL6IP1P2,0.0
ENSG00000225356,0.0
RPF2P1,0.0
MIPEPP1,0.0
ENSG00000225360,0.0
ATP6V0E1P1,0.0
CRIPTO3,0.0
CAPZA1P2,0.0
ENSG00000225370,0.0
CICP8,0.0
RPS5P7,0.0
ENSG00000225384,0.0
ENSG00000225385,0.0
MRPL36P1,0.0
ENSG00000225394,0.0
ENSG00000225397,0.0
PGM5P4,0.0
RAB28P5,0.0
TGIF2P1,0.0
ENSG00000225402,0.0
RPL26P34,0.0
RPS15AP17,0.0
ELF2P4,0.0
ACKR4P1,0.0
RPL36AP28,0.0
AKR1C5P,0.0
RPL21P3,0.0
RBMS1P1,0.0
TNPO1P1,0.0
NDUFB4P7,0.0
MTND1P12,0.0
KRT41P,0.0
RPL36AP27,0.0
RPS15AP10,0.0
ENSG00000225448,0.0
RAB6C-AS1,0.0
ENSG00000225451,0.0
TPI1P4,0.0
ENSG00000225460,0.0
FDPSP1,0.0
ZNF70P1,0.0
OFD1P10Y,0.0
ENSG00000225469,0.0
TPT1P15,0.0
ENSG00000225475,0.0
MTCO3P5,0.0
ENSG00000225477,0.0
ENSG00000225478,0.0
ENSG00000225480,0.0
RPS6P14,0.0
RPL22P4,0.0
ENSG00000225486,0.0
RPL35AP7,0.0
UBE2Q2P4Y,0.0
GBP1P1,0.0
RTRAFP1,0.0
RPL15P4,0.0
SNRPFP3,0.0
GAPDHP16,0.0
ENSG00000225505,0.0
ENSG00000225507,0.0
SSX15P,0.0
AIFM1P1,0.0
PCDH8P1,0.0
RPL29P20,0.0
MTND1P34,0.0
ENSG00000225522,0.0
SP3P,0.0
ENSG00000225531,0.0
PAWRP1,0.0
STIP1P3,0.0
OR5BE1P,0.0
MPPE1P2,0.0
SELENOKP3,0.0
ENSG00000225551,0.0
MTCO3P20,0.0
UBE2D3P2,0.0
FAM197Y8,0.0
ENSG00000225568,0.0
CCT4P2,0.0
RPL35P5,0.0
DRAXINP1,0.0
PA2G4P5,0.0
TRIM53AP,0.0
COX6A1P6,0.0
IPPKP1,0.0
RPS27P7,0.0
ENSG00000225594,0.0
ENSG00000225603,0.0
CDY20P,0.0
RBMY2UP,0.0
ENSG00000225616,0.0
PPIAP17,0.0
TBL1YP1,0.0
ENSG00000225625,0.0
MTND2P28,0.0
HNRNPA3P15,0.0
PABPC1P12,0.0
PGAM1P2,0.0
SNRPEP5,0.0
RPL35AP4,0.0
SBDSP1,0.0
EIF2S2P5,0.0
RNF19BPY,0.0
TAF13P2,0.0
ENSG00000225660,0.0
RPL14P5,0.0
RPL14P2,0.0
YWHAZP8,0.0
SAR1AP3,0.0
RPL23AP27,0.0
FCF1P6,0.0
CCNT2P1,0.0
TMED2P1,0.0
IPO7P2,0.0
ENSG00000225678,0.0
ENSG00000225681,0.0
TSPY5P,0.0
TREML5P,0.0
LAGE3P1,0.0
HNRNPA1P35,0.0
EIF4A1P13,0.0
ENSG00000225705,0.0
PDE4DIPP8,0.0
ENSG00000225711,0.0
ATP5MC2P1,0.0
RPL30P1,0.0
PSMA1P1,0.0
ELOCP13,0.0
NMNAT1P2,0.0
ENSG00000225720,0.0
RPL24P9,0.0
MTND6P15,0.0
ASH2LP3,0.0
ENSG00000225726,0.0
ENSG00000225727,0.0
TMEM230P1,0.0
NEK4P1,0.0
NPM1P18,0.0
ELOCP6,0.0
ENSG00000225741,0.0
TRNT1P1,0.0
RPS17P17,0.0
DHRS4L1,0.0
CROCCP1,0.0
RPS29P3,0.0
SIRPAP1,0.0
DDX39AP1,0.0
ENSG00000225779,0.0
LSM3P3,0.0
ENSG00000225795,0.0
MTND4P23,0.0
UBDP1,0.0
RABEPKP1,0.0
WARS1P1,0.0
MRPS11P1,0.0
DNAJC19P5,0.0
RBMY2KP,0.0
ENSG00000225813,0.0
GRPEL2P2,0.0
GTF3AP5,0.0
RPL7P45,0.0
SFTPA3P,0.0
RPS18P1,0.0
RPL36AP25,0.0
ENSG00000225840,0.0
GGCTP3,0.0
NIPA2P1,0.0
RPL36P8,0.0
MKRN7P,0.0
HLA-S,0.0
ENSG00000225854,0.0
PCNPP2,0.0
MATR3P1,0.0
ENSG00000225864,0.0
ENSG00000225869,0.0
ENSG00000225871,0.0
ENSG00000225876,0.0
SERBP1P2,0.0
BMS1P11,0.0
ENSG00000225893,0.0
TRAPPC2P8,0.0
ELOCP36,0.0
ENSG00000225898,0.0
HSPE1P13,0.0
MTND2P9,0.0
MORF4L1P7,0.0
ENSG00000225906,0.0
RPS27P16,0.0
ENSG00000225911,0.0
RPL26P36,0.0
RPL7P59,0.0
RIMKLBP2,0.0
RPL21P92,0.0
ENSG00000225923,0.0
ENSG00000225925,0.0
CACYBPP1,0.0
ENSG00000225931,0.0
RPS14P5,0.0
FAM133FP,0.0
BANF1P5,0.0
ENSG00000225943,0.0
RIOK3P1,0.0
ENSG00000225947,0.0
ENSG00000225949,0.0
ENSG00000225957,0.0
MTND4P3,0.0
ENSG00000225965,0.0
RPS3AP51,0.0
MTND1P23,0.0
CKS1BP2,0.0
OR7E19P,0.0
HMGB1P26,0.0
SNRPEP7,0.0
RPL23AP34,0.0
OR4A8,0.0
NDUFA12P1,0.0
GTF2IP14,0.0
PPIAP37,0.0
SEPTIN14P3,0.0
ENSG00000226010,0.0
OFD1P1Y,0.0
MRPS18BP1,0.0
ENSG00000226014,0.0
CCT8P1,0.0
RPL36AP55,0.0
CDK2AP2P3,0.0
COX5BP7,0.0
ENSG00000226025,0.0
PFN1P12,0.0
HLA-DQB3,0.0
NANOGNBP1,0.0
RFKP5,0.0
PPIAP21,0.0
ENSG00000226040,0.0
CDY10P,0.0
ENSG00000226045,0.0
AP1S2P1,0.0
YBX1P8,0.0
TLK2P1,0.0
MEMO1P1,0.0
PAICSP1,0.0
MTND4P32,0.0
PHF2P2,0.0
ENSG00000226058,0.0
HMGB3P20,0.0
PCMTD1P1,0.0
PGBD4P6,0.0
ZBTB45P2,0.0
ZP3P2,0.0
HNRNPA3P4,0.0
ENSG00000226072,0.0
PRSS44P,0.0
PHKG1P1,0.0
RPL6P4,0.0
USP12PX,0.0
RPS10P10,0.0
RPL17P6,0.0
UQCRFS1P1,0.0
EIF3LP3,0.0
RBMY2AP,0.0
RPS28P8,0.0
RPL7P3,0.0
ENSG00000226096,0.0
SEC11B,0.0
SEPTIN7P3,0.0
RPL36AP54,0.0
RAB28P1,0.0
ENSG00000226110,0.0
FCF1P4,0.0
NDUFB4P5,0.0
USP9YP6,0.0
ENSG00000226117,0.0
MTND3P1,0.0
C3orf49P1,0.0
AHCTF1P1,0.0
PSMC1P12,0.0
RPL26P9,0.0
PPIAP66,0.0
RPS3AP46,0.0
ATP6V1FP2,0.0
ENSG00000226141,0.0
RPL35P8,0.0
RPS27AP3,0.0
KRT16P6,0.0
TUBBP10,0.0
SLC25A39P1,0.0
CHP1P3,0.0
RPL23AP76,0.0
OR52E3P,0.0
CLCP2,0.0
ENSG00000226160,0.0
EIF4A1P5,0.0
FGFR3P6,0.0
ENSG00000226166,0.0
ENSG00000226168,0.0
RANP7,0.0
TRIM64FP,0.0
ELOCP21,0.0
HNRNPA1P3,0.0
CLK3P2,0.0
GAPDHP75,0.0
ENSG00000226199,0.0
RPS3AP27,0.0
RBISP1,0.0
WASH8P,0.0
ENSG00000226211,0.0
UBQLN4P2,0.0
RPS12P5,0.0
RPL19P1,0.0
CICP22,0.0
RPL26P19,0.0
H2BP7,0.0
TSPY16P,0.0
PRELID3BP1,0.0
RPLP0P1,0.0
UFC1P1,0.0
NPIPB14P,0.0
RPL39P41,0.0
KRT18P24,0.0
ENSG00000226241,0.0
RPS17P8,0.0
RPL37AP1,0.0
KRT18P36,0.0
SUPT4H1P1,0.0
MRPL35P3,0.0
PTP4A1P3,0.0
UBE2V2P1,0.0
GTF2H2B,0.0
PIMREGP1,0.0
PHKBP1,0.0
ENSG00000226268,0.0
ZNF736P2Y,0.0
STUB1P1,0.0
PSPHP1,0.0
RPL12P10,0.0
ENSG00000226280,0.0
ARPC3P1,0.0
NUP35P2,0.0
TMEM191A,0.0
CDCA4P3,0.0
RPS3AP10,0.0
RPL17P14,0.0
RAD23BP3,0.0
RPSAP62,0.0
PDCL3P1,0.0
NPY6R,0.0
HNRNPDLP1,0.0
SMARCE1P2,0.0
MTCYBP12,0.0
ZKSCAN8P1,0.0
RPS3AP38,0.0
ENSG00000226324,0.0
RPSAP49,0.0
ENSG00000226329,0.0
RPL23AP28,0.0
MRPS16P3,0.0
ENSG00000226338,0.0
RPS26P56,0.0
USP8P2,0.0
MTCYBP39,0.0
NMD3P1,0.0
CST12P,0.0
ZDHHC1P1,0.0
VN2R10P,0.0
TAF9P1,0.0
RPS6P20,0.0
KRT8P38,0.0
ACTG1P24,0.0
RPL10AP6,0.0
TERF1P5,0.0
CCDC12P1,0.0
USP9YP11,0.0
ELL2P4,0.0
MAPK6P6,0.0
MTATP6P21,0.0
IFNA20P,0.0
ENSG00000226394,0.0
MRPS21P5,0.0
ENSG00000226396,0.0
ENSG00000226400,0.0
ENSG00000226401,0.0
ENSG00000226405,0.0
RBMX2P1,0.0
RPL23P11,0.0
ENSG00000226410,0.0
ENSG00000226411,0.0
OR8T1P,0.0
MTCYBP38,0.0
TPI1P1,0.0
SLC25A5P5,0.0
HMGN2P7,0.0
RPL15P13,0.0
ENSG00000226429,0.0
AKTIPP2,0.0
ANKRD18DP,0.0
H3P43,0.0
ENSG00000226439,0.0
GAPDHP32,0.0
ACTR3BP7,0.0
NOTCH2P1,0.0
RPL7AP51,0.0
CDY5P,0.0
CYP2D8P,0.0
RPL22P3,0.0
OR10G5P,0.0
RPA2P2,0.0
ENSG00000226468,0.0
ADAM1B,0.0
RPS29P33,0.0
PPIAP62,0.0
ENSG00000226474,0.0
ENSG00000226477,0.0
UPF3AP1,0.0
OR7H1P,0.0
ACTR3BP2,0.0
RPL7L1P21,0.0
RBM22P3,0.0
RPL36AP17,0.0
FTOP1,0.0
RPL26P27,0.0
RPSAP21,0.0
ENSG00000226499,0.0
ENSG00000226500,0.0
USF1P1,0.0
KRT8P27,0.0
TMEM167AP1,0.0
IPMKP1,0.0
ENSG00000226509,0.0
ENSG00000226515,0.0
ENSG00000226521,0.0
ENSG00000226523,0.0
RPS7P10,0.0
MTND1P1,0.0
ENSG00000226532,0.0
SUSD2P1,0.0
ENSG00000226535,0.0
SETP15,0.0
OR7E33P,0.0
MLXP1,0.0
GAPDHP73,0.0
RPL36P10,0.0
MYL6P1,0.0
RPL7P22,0.0
ENSG00000226545,0.0
SSU72P1,0.0
SCDP1,0.0
ENSG00000226552,0.0
IMPDH1P7,0.0
MTCL1P1,0.0
AGKP1,0.0
NPM1P49,0.0
TRAF6P1,0.0
ENSG00000226558,0.0
FTH1P20,0.0
ENSG00000226565,0.0
ENSG00000226570,0.0
SNORD57,0.0
RPL36P17,0.0
MICC,0.0
MTCYBP31,0.0
RPL39P40,0.0
UBE2V1P5,0.0
UBE2V1P10,0.0
ENSG00000226592,0.0
ENSG00000226595,0.0
IFNWP9,0.0
FTLP3,0.0
OFD1P2Y,0.0
OR52M2P,0.0
RPL21P110,0.0
RPL13AP27,0.0
RPL13AP16,0.0
RBM17P1,0.0
NOP56P2,0.0
SLC9A3P3,0.0
UBE2V1P1,0.0
PPIAP28,0.0
ENSG00000226636,0.0
SHISA5P1,0.0
ACTG1P12,0.0
RPL7P37,0.0
PSMD10P2,0.0
OR13Z1P,0.0
RPL23AP30,0.0
CHMP1AP1,0.0
MTND4P10,0.0
SSR1P2,0.0
HSPA9P1,0.0
SPATA31B2P,0.0
BCAS2P3,0.0
ENSG00000226671,0.0
IGBP1P1,0.0
PWWP2AP1,0.0
NXNP1,0.0
ANKRD20A10P,0.0
MTND4P25,0.0
RPL15P14,0.0
NPM1P4,0.0
SDCBPP1,0.0
SNRPGP8,0.0
EEF1DP2,0.0
ENSG00000226723,0.0
HRGP2,0.0
TMEM256P2,0.0
RPL35AP30,0.0
SNRPGP12,0.0
ENSG00000226744,0.0
OAZ1P1,0.0
ENSG00000226750,0.0
FOXN3P2,0.0
VPS25P1,0.0
RPSAP33,0.0
FABP7P1,0.0
ENSG00000226767,0.0
GAPDHP54,0.0
ENSG00000226773,0.0
HIKESHIP1,0.0
KRTAP3-4P,0.0
TBCAP1,0.0
TLK1P1,0.0
WBP11P2,0.0
HNRNPA3P1,0.0
MTND1P20,0.0
OSTCP8,0.0
RUVBL2P1,0.0
ENSG00000226804,0.0
MROH5,0.0
ENSG00000226810,0.0
ENSG00000226814,0.0
SLC6A6P1,0.0
ENSG00000226820,0.0
SUGT1P1,0.0
NPM1P11,0.0
MED15P3,0.0
RPL32P19,0.0
HMGB1P32,0.0
ENSG00000226838,0.0
MTND6P11,0.0
PAICSP3,0.0
ENSG00000226843,0.0
EEF1GP3,0.0
PRPS1P1,0.0
RPSAP17,0.0
DUTP3,0.0
RBX1P1,0.0
SHROOM2P1,0.0
SSX21P,0.0
ENSG00000226870,0.0
CDY14P,0.0
TRPC6P10,0.0
ZNF877P,0.0
GSTM3P2,0.0
H3P44,0.0
RPS29P10,0.0
E2F6P3,0.0
ENSG00000226886,0.0
RPLP1P10,0.0
CHCHD2P1,0.0
ENSG00000226905,0.0
H2BP6,0.0
ISCA2P1,0.0
RPL19P4,0.0
ENSG00000226918,0.0
PDZPH1P,0.0
RPS14P4,0.0
GTF2IP2,0.0
NRBF2P2,0.0
CEP164P1,0.0
IL9RP3,0.0
ALG1L5P,0.0
RPL13AP8,0.0
MTNAP1P1,0.0
LCEP4,0.0
RPS4XP2,0.0
OR6K5P,0.0
ENSG00000226952,0.0
POLE4P1,0.0
MTCO1P21,0.0
PPIAP60,0.0
RAC1P6,0.0
RHEBP2,0.0
HAUS4P1,0.0
NEDD8P1,0.0
ENSG00000226971,0.0
RPL12P19,0.0
ENSG00000226973,0.0
COX6A1P2,0.0
HMGN1P24,0.0
ABHD17AP6,0.0
CENPCP1,0.0
ENSG00000226984,0.0
PRELID1P5,0.0
ENSG00000226987,0.0
COA1P1,0.0
ENSG00000226991,0.0
MTATP6P30,0.0
ENSG00000226999,0.0
HSPD1P14,0.0
NBPF2P,0.0
SNRPEP10,0.0
ENSG00000227004,0.0
RPS24P19,0.0
FUNDC2P4,0.0
OR7E96P,0.0
ENSG00000227015,0.0
IL6STP1,0.0
OR7E101P,0.0
OR51A3P,0.0
RPS2P36,0.0
ENSG00000227034,0.0
MTATP6P18,0.0
GTF2IP7,0.0
ENSG00000227040,0.0
ENSG00000227048,0.0
FDX1P2,0.0
ENSG00000227055,0.0
RPL6P2,0.0
ENSG00000227058,0.0
ENSG00000227062,0.0
RPL41P1,0.0
NAA20P1,0.0
DPPA3P1,0.0
CNN2P2,0.0
ENSG00000227072,0.0
SDHDP2,0.0
ENSG00000227077,0.0
ENSG00000227080,0.0
RPS27P3,0.0
RBMX2P5,0.0
HMGB3P8,0.0
RPS28P7,0.0
OR2AS1P,0.0
PIGQP1,0.0
PARP1P1,0.0
CRIP1P3,0.0
ENSG00000227113,0.0
BTF3P13,0.0
ENSG00000227120,0.0
RPL12P44,0.0
ENSG00000227133,0.0
OTX2P2,0.0
ENSG00000227138,0.0
ENSG00000227141,0.0
MTCO1P44,0.0
OR2T7,0.0
MKRN6P,0.0
ENSG00000227158,0.0
DDX11L16,0.0
THEM7P,0.0
ENSG00000227163,0.0
STSP1,0.0
MYL6P3,0.0
NSA2P5,0.0
AIMP1P2,0.0
PGBP,0.0
LRRC2P1,0.0
VN1R28P,0.0
HDGFP1,0.0
RPL21P31,0.0
CNN2P1,0.0
SUB1P1,0.0
RBMY2JP,0.0
PFN1P9,0.0
RPL31P12,0.0
WARS2P1,0.0
H3P45,0.0
PFN1P6,0.0
RPS25P4,0.0
MTND1P14,0.0
WASH7P,0.0
CICP17,0.0
ENSG00000227236,0.0
TTC39DP,0.0
ENSG00000227241,0.0
ENSG00000227242,0.0
SLAMF6P1,0.0
TRIM60P13,0.0
ENSG00000227249,0.0
TRIM60P9Y,0.0
VDAC1P12,0.0
CDRT15P2,0.0
ENSG00000227257,0.0
HMGN2P22,0.0
YWHAZP7,0.0
HCG4B,0.0
ACTR3BP5,0.0
GXYLT1P7,0.0
DONSONP1,0.0
ENSG00000227270,0.0
RPL39P25,0.0
MTND6P10,0.0
RPL35AP12,0.0
MARK2P10,0.0
ARID3BP1,0.0
HSFY3P,0.0
ENSG00000227291,0.0
ELL2P1,0.0
ARAFP3,0.0
KRT16P2,0.0
SSX19P,0.0
ENSG00000227304,0.0
RPL31P19,0.0
RPL21P20,0.0
ENSG00000227312,0.0
MTND4P15,0.0
ENSG00000227329,0.0
RPL7AP22,0.0
RPL23AP43,0.0
THRAP3P1,0.0
RPL15P1,0.0
HAUS6P1,0.0
HNRNPKP2,0.0
MTND5P25,0.0
CEACAMP7,0.0
PPIAP88,0.0
NANOGP6,0.0
RAB28P3,0.0
ENSG00000227358,0.0
RPS24P7,0.0
SLC9B1P4,0.0
CDK8P2,0.0
ENSG00000227370,0.0
ENSG00000227371,0.0
FTH1P16,0.0
PPIAP2,0.0
EIF4A2P2,0.0
RPL35AP2,0.0
SALL1P1,0.0
ENSG00000227393,0.0
RPL11P1,0.0
EIF2AP4,0.0
ENSG00000227397,0.0
RPL21P82,0.0
RPL37P1,0.0
KRT8P20,0.0
RNF6P1,0.0
AMYP1,0.0
ACNATP,0.0
STK33P1,0.0
ENSG00000227413,0.0
ENSG00000227416,0.0
ENSG00000227417,0.0
OR10U1P,0.0
MRPS21P2,0.0
VN1R33P,0.0
MDH1P1,0.0
H3P9,0.0
RPL31P22,0.0
RNF19BPX,0.0
FCF1P1,0.0
RPS8P4,0.0
ATP5MC1P4,0.0
H3P30,0.0
ENSG00000227444,0.0
OR10R1P,0.0
XGY1,0.0
FGF7P6,0.0
HNRNPA1P63,0.0
MTND4P30,0.0
PSME2P6,0.0
GPN3P1,0.0
RPL39P16,0.0
TSSK5P,0.0
RPL6P24,0.0
CCNJP1,0.0
ENSG00000227493,0.0
USP9YP14,0.0
PABPC1P6,0.0
ENSG00000227499,0.0
SLIRPP1,0.0
ENSG00000227511,0.0
ILRUNP1,0.0
ENSG00000227514,0.0
C1DP4,0.0
TUBB4BP8,0.0
RPS20P15,0.0
RPL7P6,0.0
ENSG00000227532,0.0
AP1M2P1,0.0
SOCS5P4,0.0
ENSG00000227537,0.0
HNRNPFP1,0.0
SFR1P1,0.0
ENSG00000227545,0.0
OR4A2P,0.0
ENSG00000227556,0.0
MTND3P9,0.0
RPS15AP30,0.0
RNF11P2,0.0
SNX18P26,0.0
ENSG00000227573,0.0
RPS3AP53,0.0
STAU2P1,0.0
ADGRF5P1,0.0
RPS3AP37,0.0
MTND4P5,0.0
ENSG00000227585,0.0
RPS26P39,0.0
ATP5MC1P5,0.0
PIGFP3,0.0
PHB1P16,0.0
WASF1P1,0.0
TOMM22P3,0.0
SUMO2P2,0.0
TMEM183AP1,0.0
QRSL1P2,0.0
ENSG00000227615,0.0
ENSG00000227616,0.0
ALG1L8P,0.0
PHB1P11,0.0
ENSG00000227623,0.0
SNRPEP3,0.0
ENSG00000227625,0.0
SLC25A15P1,0.0
ENSG00000227632,0.0
RBMY2YP,0.0
USP9YP21,0.0
HNRNPA1P14,0.0
HIGD1AP11,0.0
RPL7P54,0.0
MTND6P32,0.0
ISCA1P6,0.0
SERPINA7P1,0.0
MTCO3P18,0.0
RPL7P2,0.0
CYCSP24,0.0
ENSG00000227667,0.0
ZNF731P,0.0
ENSG00000227679,0.0
ATP5F1AP2,0.0
CROCCP4,0.0
HNRNPA3P2,0.0
SRP68P2,0.0
MED28P3,0.0
GSTM3P1,0.0
RPL23AP74,0.0
ENSG00000227700,0.0
SDAD1P3,0.0
SNRNP40P1,0.0
ENSG00000227710,0.0
ENSG00000227711,0.0
MTND6P18,0.0
GOLGA6L25,0.0
RPSAP64,0.0
ENSG00000227722,0.0
POLR2MP1,0.0
ENSG00000227728,0.0
MTND6P5,0.0
CYCSP5,0.0
MTCO3P16,0.0
OR8B1P,0.0
PSMD14P1,0.0
CALR4P,0.0
ENSG00000227745,0.0
ENSG00000227747,0.0
RPL36AP31,0.0
ENSG00000227755,0.0
HCG9P5,0.0
VTI1BP4,0.0
ENSG00000227760,0.0
GUSBP8,0.0
MYL12BP2,0.0
ENSG00000227766,0.0
RPL7P12,0.0
ENSG00000227775,0.0
AKR1D1P1,0.0
RPL7AP19,0.0
NDUFB3P5,0.0
ZNF965P,0.0
ENSG00000227785,0.0
MTCO3P43,0.0
MTCYBP7,0.0
SPECC1P1,0.0
RPS10P9,0.0
MTND4LP9,0.0
CDPF1P1,0.0
DNAJB3,0.0
RPL21P90,0.0
OR5W1P,0.0
ENSG00000227813,0.0
MRPS17P9,0.0
ENSG00000227815,0.0
ARHGAP42P1,0.0
SLC9A7P1,0.0
PKD1P2,0.0
TRIM60P3Y,0.0
ST13P21,0.0
ENSG00000227834,0.0
CARM1P1,0.0
ENSG00000227836,0.0
TRIM60P11Y,0.0
KRTAP8-3P,0.0
MTND5P31,0.0
ENSG00000227842,0.0
ENSG00000227845,0.0
UGT1A11P,0.0
PPIAP93,0.0
SEPTIN2P1,0.0
RPS29P17,0.0
ENSG00000227854,0.0
DPY19L2P3,0.0
MTND5P18,0.0
HNRNPA1P31,0.0
ARL5AP1,0.0
ELOCP11,0.0
USP9YP12,0.0
FAM136GP,0.0
GRAMD4P1,0.0
RPL23AP89,0.0
ENSG00000227878,0.0
PSPC1P1,0.0
ASS1P5,0.0
THAP12P6,0.0
ATP6V0E1P4,0.0
RPS26P13,0.0
PSMA2P3,0.0
OR5P4P,0.0
MED6P1,0.0
ENSG00000227910,0.0
KRT8P44,0.0
ELOCP16,0.0
ENSG00000227919,0.0
SPTLC1P5,0.0
ENSG00000227923,0.0
RBPJP6,0.0
ENSG00000227934,0.0
MTND2P30,0.0
RPL3P2,0.0
UQCRBP2,0.0
FRMD8P1,0.0
ENSG00000227948,0.0
CYCSP46,0.0
ENSG00000227950,0.0
RPL18AP17,0.0
ENSG00000227962,0.0
ENSG00000227965,0.0
BUB3P1,0.0
NPM1P22,0.0
NR1H5P,0.0
ENSG00000227971,0.0
THAP12P3,0.0
PIN4P1,0.0
COX6A1P7,0.0
RPL7P30,0.0
BRK1P2,0.0
TRIM60P18,0.0
CRIPTOP1,0.0
ENSG00000227992,0.0
ENSG00000227994,0.0
RAB11AP1,0.0
MTND5P1,0.0
RPL7AP65,0.0
DHX9P1,0.0
MYCLP2,0.0
RPL36AP7,0.0
ZNF680P1,0.0
ENSG00000228015,0.0
ENSG00000228019,0.0
HNRNPA1P46,0.0
CYP1D1P,0.0
RPL21P76,0.0
HMGN2P21,0.0
HSPD1P9,0.0
VN1R51P,0.0
ENSG00000228039,0.0
ENSG00000228040,0.0
EIF3JP1,0.0
M6PRP1,0.0
DNAJA1P6,0.0
MTCO3P40,0.0
TOP3BP1,0.0
WBP11P3,0.0
RPL21P87,0.0
RANP5,0.0
CFL1P3,0.0
SEC63P1,0.0
MTCO3P29,0.0
RPL7P47,0.0
UBBP5,0.0
ENSG00000228076,0.0
HLA-U,0.0
ENSG00000228081,0.0
ENSG00000228085,0.0
PNKDP1,0.0
COX6CP15,0.0
ENSG00000228095,0.0
MTATP6P11,0.0
ENSG00000228098,0.0
ST13P19,0.0
TPT1P2,0.0
ENSG00000228112,0.0
MYL6P5,0.0
PHB1P3,0.0
MTND1P17,0.0
ENSG00000228123,0.0
AKIRIN1P2,0.0
ENSG00000228132,0.0
UBE2V1P14,0.0
ENSG00000228143,0.0
CASP16P,0.0
RPL3P1,0.0
ENSG00000228154,0.0
TLE1P1,0.0
ENSG00000228161,0.0
MTND1P11,0.0
ENSG00000228167,0.0
HNRNPA1P21,0.0
PPIAP19,0.0
C11orf98P3,0.0
GEMIN8P4,0.0
ENSG00000228181,0.0
MTND2P25,0.0
SNX19P1,0.0
ENSG00000228187,0.0
RPL23AP16,0.0
ENSG00000228191,0.0
ELOCP14,0.0
ETFRF1P1,0.0
RPL5P27,0.0
PTPN2P1,0.0
RPS3P3,0.0
ENSG00000228207,0.0
PNPP1,0.0
RPL7AP12,0.0
HYAL6P,0.0
OFD1P17,0.0
PNRC2P1,0.0
ATF4P3,0.0
NPM1P30,0.0
NACA4P,0.0
CRLF3P3,0.0
GAPDHP1,0.0
GLRXP1,0.0
TXNP5,0.0
ENSG00000228238,0.0
MOB1AP1,0.0
UBBP2,0.0
NUTF2P3,0.0
COL6A4P2,0.0
ENSG00000228257,0.0
ENSG00000228259,0.0
PSMD8P1,0.0
KATNBL1P6,0.0
LYPLA2P1,0.0
ENSG00000228286,0.0
ENSG00000228289,0.0
ARL4AP3,0.0
ENSG00000228292,0.0
BMS1P17,0.0
RPL7P55,0.0
ENSG00000228303,0.0
OR4K6P,0.0
PRELID1P6,0.0
OR2S1P,0.0
GAPDHP45,0.0
CYP4F29P,0.0
GUSBP11,0.0
MTATP6P19,0.0
SPATA2P1,0.0
ENSG00000228327,0.0
PGK1P1,0.0
ENSG00000228330,0.0
RPL17P43,0.0
ENSG00000228335,0.0
OR9H1P,0.0
PPIAP69,0.0
AMD1P1,0.0
ENSG00000228341,0.0
ENSG00000228345,0.0
FTLP17,0.0
EFCAB14P1,0.0
RPS26P4,0.0
ENSG00000228354,0.0
ENSG00000228360,0.0
SAR1AP1,0.0
ENSG00000228366,0.0
ENSG00000228367,0.0
ENSG00000228373,0.0
RPL9P13,0.0
RPS20P25,0.0
GAS2L1P2,0.0
MYL6BP1,0.0
HMGN2P25,0.0
ENSG00000228399,0.0
ENSG00000228407,0.0
CCT6P1,0.0
ELOCP24,0.0
CDY4P,0.0
ARL8BP1,0.0
PTMAP1,0.0
ENSG00000228429,0.0
ARL5AP3,0.0
DHFRP2,0.0
OR7E23P,0.0
ENSG00000228438,0.0
MTND5P6,0.0
UGT1A2P,0.0
ANKRD49P1,0.0
NLRP7P1,0.0
SDAD1P1,0.0
RPS15AP9,0.0
CYP2C59P,0.0
RPS19P7,0.0
ENSG00000228464,0.0
TRAPPC2P10,0.0
TUBB4AP1,0.0
ENSG00000228471,0.0
LIN28AP2,0.0
CSTP1,0.0
ENSG00000228477,0.0
ENSG00000228480,0.0
RPL21P50,0.0
RAB11FIP1P1,0.0
TMSB10P1,0.0
RPL15P18,0.0
EEF1A1P11,0.0
DAP3P2,0.0
ENSG00000228510,0.0
ENSG00000228513,0.0
SURF6P1,0.0
RANBP1P1,0.0
ENSG00000228522,0.0
DNAJB6P4,0.0
ENSG00000228525,0.0
ENSG00000228530,0.0
SUMO2P21,0.0
PMS2P12,0.0
OR7E26P,0.0
ENSG00000228550,0.0
SNRPGP9,0.0
HSPA8P17,0.0
RPS15AP13,0.0
HSFY7P,0.0
ENSG00000228572,0.0
TUBB1P2,0.0
ENSG00000228585,0.0
SPCS2P4,0.0
CFTRP1,0.0
PAICSP2,0.0
MTND4P1,0.0
RPL7P52,0.0
POLR2CP1,0.0
RPL39P,0.0
PDCL2P1,0.0
HNF4GP1,0.0
HK2P1,0.0
CENPNP2,0.0
ENSG00000228626,0.0
FCF1P2,0.0
PHKG1P2,0.0
RPL31P13,0.0
HNRNPCP7,0.0
MYO5BP3,0.0
RPL23AP58,0.0
VN1R35P,0.0
PSMD10P1,0.0
ENSG00000228664,0.0
RPS27P6,0.0
KRT18P1,0.0
ENSG00000228667,0.0
NANOGP2,0.0
PPIAP59,0.0
ENSG00000228681,0.0
ENSG00000228685,0.0
ENSG00000228687,0.0
COL11A2P1,0.0
MTND4P18,0.0
CES1P1,0.0
ENSG00000228700,0.0
ENSG00000228702,0.0
ENSG00000228711,0.0
NAB1P1,0.0
ENSG00000228721,0.0
MTND2P12,0.0
PPIAP91,0.0
ENSG00000228729,0.0
RPS3AP30,0.0
ENSG00000228751,0.0
EIF4BP2,0.0
RPL13AP19,0.0
PABPC1P8,0.0
ENSG00000228757,0.0
FAF2P1,0.0
ZNF885P,0.0
RPL7L1P8,0.0
KRT8P18,0.0
ABCF2P2,0.0
ENSG00000228770,0.0
ENSG00000228771,0.0
ENSG00000228776,0.0
ENSG00000228780,0.0
RPL21P84,0.0
MRPL45P2,0.0
H3P29,0.0
ENSG00000228790,0.0
FAM207BP,0.0
MTCYBP42,0.0
ENSG00000228806,0.0
MRPS18CP6,0.0
HMGB3P4,0.0
PABPC1P11,0.0
ENSG00000228814,0.0
MARK2P13,0.0
AK3P5,0.0
ENSG00000228818,0.0
AGKP2,0.0
RPSAP1,0.0
PDE4DIPP10,0.0
LAMTOR3P1,0.0
ENSG00000228827,0.0
TLK2P2,0.0
ENSG00000228829,0.0
ENSG00000228833,0.0
ATP5MFP2,0.0
CBX3P6,0.0
ENSG00000228844,0.0
ATP5MC2P4,0.0
RPS20P13,0.0
CDY12P,0.0
MTCO3P4,0.0
ENSG00000228855,0.0
ENSG00000228860,0.0
RPL23AP12,0.0
MYLKP1,0.0
COX4I1P2,0.0
CSP1,0.0
RPS24P10,0.0
RPL35AP6,0.0
CICP9,0.0
RPL23AP26,0.0
EEF1DP1,0.0
ENSG00000228897,0.0
MTCO1P43,0.0
HMGN2P36,0.0
ST6GALNAC2P1,0.0
RASA4CP,0.0
OR1H1P,0.0
OR7E128P,0.0
ENSG00000228922,0.0
KPNA2P2,0.0
RPS13P2,0.0
MTCO1P3,0.0
ENSG00000228935,0.0
MTA3P1,0.0
SNRPD2P1,0.0
ENSG00000228940,0.0
UBE3AP2,0.0
ENSG00000228943,0.0
CLUHP2,0.0
SLC25A6P5,0.0
UGT1A12P,0.0
ENSG00000228953,0.0
RPL7AP82,0.0
ENSG00000228957,0.0
PIGPP3,0.0
OR2A9P,0.0
OR7E93P,0.0
RPSAP60,0.0
HOMER2P1,0.0
UBTFL6,0.0
ENSG00000228974,0.0
SUMO2P8,0.0
PPIAP55,0.0
ENSG00000228981,0.0
ENSG00000228982,0.0
SLC47A1P1,0.0
ENSG00000228984,0.0
PHF10P1,0.0
RPL5P32,0.0
MTND1P9,0.0
ORMDL1P1,0.0
PERPP2,0.0
SEPTIN7P8,0.0
ACTBP14,0.0
ENSG00000229002,0.0
EXOSC3P1,0.0
TMPRSS11GP,0.0
ENSG00000229010,0.0
ENSG00000229013,0.0
RPL30P13,0.0
ENSG00000229016,0.0
PMS2P7,0.0
AKR7A2P1,0.0
RPL6P3,0.0
RAB1AP1,0.0
HSFY1P1,0.0
KRT223P,0.0
CDCA4P1,0.0
ENSG00000229030,0.0
MTCO1P25,0.0
ENSG00000229032,0.0
SPRR2C,0.0
VDAC1P8,0.0
MRPL32P2,0.0
HMGN1P2,0.0
DUTP1,0.0
MND1P1,0.0
RPS29P14,0.0
RPS3AP54,0.0
ENSG00000229060,0.0
ENSG00000229064,0.0
ENSG00000229067,0.0
TMPOP1,0.0
HMGN2P24,0.0
ENSG00000229079,0.0
MTCO3P30,0.0
OR5AW1P,0.0
PSMA6P2,0.0
RPS26P18,0.0
MTND1P10,0.0
ENSG00000229090,0.0
HSPA8P8,0.0
OR51AB1P,0.0
CALM2P2,0.0
ELOCP20,0.0
YY1P2,0.0
BTBD6P1,0.0
ABHD17AP4,0.0
ENSG00000229110,0.0
ENSG00000229112,0.0
ENSG00000229115,0.0
RPLP0P9,0.0
CYCSP4,0.0
ACTG1P2,0.0
EIF4A1P10,0.0
RPS7P4,0.0
CDY6P,0.0
HCG4P8,0.0
ENSG00000229143,0.0
ACTBP1,0.0
SNX18P4,0.0
SMPD4P2,0.0
CRYGEP,0.0
ENSG00000229156,0.0
TSPY23P,0.0
TCP1P1,0.0
NAP1L1P2,0.0
GDI2P1,0.0
RPL19P20,0.0
RPS26P59,0.0
ENSG00000229172,0.0
SRMP3,0.0
MRPS16P1,0.0
ATP5PDP2,0.0
ADAM1A,0.0
RPS15AP28,0.0
PTGES3P3,0.0
SERPINH1P1,0.0
RBMY2NP,0.0
KCTD9P6,0.0
ENSG00000229212,0.0
ENSG00000229213,0.0
CYCSP11,0.0
ENSG00000229220,0.0
HNRNPA1P66,0.0
KRT18P4,0.0
BTF3L4P4,0.0
MT1P3,0.0
FEM1AP1,0.0
KRT18P53,0.0
RBMY1KP,0.0
RPL37P18,0.0
HMGN1P37,0.0
PPP1R12BP1,0.0
EEF1A1P48,0.0
PNPT1P1,0.0
ENSG00000229247,0.0
WBP2P1,0.0
USP9YP31,0.0
HNRNPA1P8,0.0
OR8C1P,0.0
ST13P13,0.0
LRRC37A12P,0.0
POM121L8P,0.0
PES1P2,0.0
ENSG00000229273,0.0
EEF1DP6,0.0
GPR53P,0.0
ENSG00000229286,0.0
FABP5P4,0.0
ENSG00000229288,0.0
TUBB8P1,0.0
TAF9P2,0.0
PPIAP25,0.0
ENSG00000229305,0.0
RPP40P1,0.0
HMGB1P45,0.0
KRT8P12,0.0
ENSG00000229322,0.0
NUTF2P7,0.0
RPL17P15,0.0
PGBD4P8,0.0
SREK1IP1P1,0.0
NME2P3,0.0
RPL7AP83,0.0
CDY22P,0.0
MTCO2P12,0.0
ENSG00000229347,0.0
ACTG1P9,0.0
KRTAP9-11P,0.0
CYCSP51,0.0
DPY19L1P1,0.0
PIN1P1,0.0
PPP1R2P5,0.0
UBTFL7,0.0
ENSG00000229365,0.0
HMGN2P19,0.0
DENRP4,0.0
USP24P1,0.0
CICP3,0.0
HMGB1P16,0.0
OR8B9P,0.0
MICD,0.0
HLA-DRB6,0.0
ENSG00000229398,0.0
ENSG00000229399,0.0
ENSG00000229405,0.0
OFD1P4Y,0.0
ENSG00000229409,0.0
ENSG00000229413,0.0
USP9YP8,0.0
NPM1P25,0.0
RALGAPA1P1,0.0
H3P10,0.0
RPL27AP8,0.0
ANKRD26P4,0.0
PIP5K1P2,0.0
ENSG00000229436,0.0
ENSG00000229440,0.0
THEMIS3P,0.0
ENSG00000229447,0.0
RPS10P18,0.0
RLIMP1,0.0
WDR4P2,0.0
ACTG1P11,0.0
RPL39P18,0.0
RGS17P1,0.0
ROBO2P1,0.0
KSR1P1,0.0
ENSG00000229486,0.0
TERF2IPP1,0.0
ENSG00000229497,0.0
RPL17P1,0.0
RPL21P37,0.0
ENSG00000229505,0.0
PHKG1P4,0.0
ENSG00000229509,0.0
GAS2L1P1,0.0
FLT1P1,0.0
UBE2V1P3,0.0
ENSG00000229519,0.0
KRT16P4,0.0
ENSG00000229530,0.0
ENSG00000229532,0.0
HNRNPA1P53,0.0
GAPDHP26,0.0
ENSG00000229547,0.0
GAPDHP17,0.0
USP9YP17,0.0
RPL21P24,0.0
ENSG00000229559,0.0
LYARP1,0.0
ZFYVE9P1,0.0
ENSG00000229567,0.0
SMC4P1,0.0
GAPDHP58,0.0
EIF4BP4,0.0
RPL21P44,0.0
TNPO1P3,0.0
MSX2P1,0.0
SUCLA2P3,0.0
ENSG00000229594,0.0
ENSG00000229595,0.0
MYL12BP3,0.0
PRDX3P1,0.0
ENSG00000229601,0.0
MTATP8P2,0.0
RPL21P93,0.0
GOLGA2P4,0.0
SUMO1P2,0.0
ENSG00000229616,0.0
MTND5P2,0.0
METTL21AP1,0.0
PIGCP2,0.0
BSNDP4,0.0
ENSG00000229629,0.0
ENSG00000229635,0.0
KRT8P21,0.0
RPL4P4,0.0
CYP2C56P,0.0
NAMPTP1,0.0
RPSAP22,0.0
ENSG00000229652,0.0
RPL13AP11,0.0
PABPC1P9,0.0
RPL26P6,0.0
BUD31P2,0.0
ENSG00000229662,0.0
DPY19L4P1,0.0
UBE2V1P9,0.0
ENSG00000229668,0.0
PKP4P1,0.0
RPL17P28,0.0
ENSG00000229682,0.0
SNORD56,0.0
ENSG00000229687,0.0
ANKRD33BP1,0.0
MTCO2P1,0.0
SKP2P1,0.0
ENSG00000229695,0.0
KARS1P1,0.0
RPL29P17,0.0
MTND2P20,0.0
EIF2S2P2,0.0
SKP1P3,0.0
MARK2P12,0.0
USP9YP36,0.0
LCEP2,0.0
EEF1DP3,0.0
RPL23AP19,0.0
ENSG00000229721,0.0
OR2AQ1P,0.0
ENSG00000229725,0.0
ENSG00000229730,0.0
ENSG00000229731,0.0
ENSG00000229733,0.0
FTLP16,0.0
ENSG00000229738,0.0
ENSG00000229742,0.0
SDHDP5,0.0
BPY2DP,0.0
ENSG00000229747,0.0
COTL1P1,0.0
RPL7P10,0.0
RPS27AP15,0.0
CXCR2P1,0.0
RPL31P20,0.0
RPL7AP21,0.0
DYNLT3P2,0.0
MRPS18AP1,0.0
MTCO1P52,0.0
RPS20P1,0.0
ENSG00000229762,0.0
RPL21P62,0.0
RRN3P4,0.0
SLC25A38P1,0.0
SNRPFP2,0.0
MTCYBP32,0.0
RPS21P1,0.0
KRT18P26,0.0
ATP8A2P2,0.0
RPS15P5,0.0
ENSG00000229808,0.0
RPL35AP21,0.0
CCNB1IP1P1,0.0
DDX50P1,0.0
ENSG00000229817,0.0
DNAJC8P4,0.0
RPS15AP39,0.0
RPL12P34,0.0
ENSG00000229826,0.0
ENSG00000229827,0.0
PDE4DIPP1,0.0
DUTP4,0.0
ENSG00000229830,0.0
ENSG00000229831,0.0
ENSG00000229834,0.0
KHSRPP1,0.0
ENSG00000229836,0.0
ISCA1P2,0.0
MTATP6P13,0.0
PYHIN5P,0.0
ENSG00000229853,0.0
ENSG00000229857,0.0
ENSG00000229858,0.0
RPL19P2,0.0
RPL31P54,0.0
RPL21P89,0.0
RPSAP20,0.0
EIF1P1,0.0
PAICSP5,0.0
ENSG00000229878,0.0
IMMTP1,0.0
ENSG00000229885,0.0
ENSG00000229886,0.0
HNRNPA1P6,0.0
ACTP1,0.0
ENSG00000229892,0.0
SEPTIN7P7,0.0
ENSG00000229899,0.0
HSPD1P21,0.0
SNRPGP11,0.0
DEFB108A,0.0
TRIM60P16,0.0
HNRNPA1P18,0.0
ENSG00000229911,0.0
ENSG00000229914,0.0
RPL7P46,0.0
ELOCP3,0.0
RPS4XP5,0.0
IL9RP1,0.0
RHEBP1,0.0
ENSG00000229930,0.0
YWHAZP3,0.0
MTCYBP9,0.0
ENSG00000229939,0.0
TSPY22P,0.0
EIF4EP2,0.0
B3GNT2P1,0.0
B3GALNT1P1,0.0
ENSG00000229949,0.0
MTND2P2,0.0
RPS3AP7,0.0
ENSG00000229968,0.0
LIPT1P1,0.0
ENSG00000229977,0.0
PRAMEF36P,0.0
HMGN2P48,0.0
GTF3AP6,0.0
ENSG00000229985,0.0
HBBP1,0.0
AKR1B1P1,0.0
HMGB3P9,0.0
RPL5P4,0.0
ENSG00000230003,0.0
ANKRD36BP2,0.0
MTCO2P3,0.0
CTSLP4,0.0
PPIAP39,0.0
YWHAQP9,0.0
FNTAP2,0.0
ENSG00000230025,0.0
ENSG00000230026,0.0
CDY11P,0.0
UBBP1,0.0
CCNYL5,0.0
AK3P3,0.0
TMSB4XP6,0.0
CDK8P1,0.0
FAM90A15,0.0
HIGD2AP1,0.0
MTND3P2,0.0
ENSG00000230053,0.0
DDX6P1,0.0
RPL21P81,0.0
FAM197Y3,0.0
HSPD1P6,0.0
LRRC37A15P,0.0
RPL4P6,0.0
ENSG00000230073,0.0
RPL10P6,0.0
MTAPP2,0.0
STK24P1,0.0
ENSG00000230080,0.0
HSPE1P28,0.0
ENSG00000230083,0.0
VN1R96P,0.0
ENSG00000230087,0.0
KRT16P5,0.0
ENSG00000230092,0.0
ME2P1,0.0
TUBB3P2,0.0
ENSG00000230104,0.0
SNRPCP15,0.0
H3P11,0.0
ENSG00000230112,0.0
RPS3AP11,0.0
ENSG00000230118,0.0
ENSG00000230119,0.0
ECEL1P3,0.0
DLEC1P1,0.0
EEF1A1P39,0.0
MTND2P39,0.0
ENSG00000230132,0.0
SLC39A1P1,0.0
SEPHS1P4,0.0
ENSG00000230147,0.0
AIDAP1,0.0
ATP5MC1P1,0.0
MTND1P28,0.0
ENSG00000230160,0.0
ENSG00000230161,0.0
CT45A11P,0.0
MAS1LP1,0.0
AURKAP2,0.0
RPL35AP24,0.0
RPL30P16,0.0
HNRNPA1P28,0.0
RPL22P18,0.0
ENSG00000230175,0.0
RPL12P49,0.0
RNF10P1,0.0
CNOT6LP1,0.0
ENSG00000230187,0.0
RPL21P83,0.0
RABGEF1P2,0.0
IFITM3P4,0.0
ENSG00000230192,0.0
RPL34P35,0.0
DDX43P3,0.0
RPL37P4,0.0
ENSG00000230199,0.0
ATP6V0CP1,0.0
RPL29P4,0.0
RPS3AP55,0.0
FTH1P5,0.0
RPL4P5,0.0
IFNNP1,0.0
OR8V1P,0.0
FTLP18,0.0
HSPB1P2,0.0
CIBAR1P2,0.0
ENSG00000230221,0.0
PHB1P9,0.0
MTND5P14,0.0
SIAH1P1,0.0
H3P1,0.0
FMO7P,0.0
GNA13P1,0.0
RPL34P19,0.0
ENSG00000230241,0.0
FKBP1AP3,0.0
RAD23BP2,0.0
ENSG00000230245,0.0
SPATA31C1,0.0
HNRNPH3P1,0.0
RPS24P21,0.0
PHB1P4,0.0
MTND2P4,0.0
FGFR1OP2P1,0.0
OR52J2P,0.0
HERC2P4,0.0
ENSG00000230271,0.0
BRI3P3,0.0
PGAM1P3,0.0
SERBP1P4,0.0
ENSG00000230276,0.0
HNRNPA1P59,0.0
RPL7P61,0.0
RPS12P24,0.0
ENSG00000230284,0.0
ENSG00000230287,0.0
ENSG00000230291,0.0
GTF2IP23,0.0
SNRPEP11,0.0
MTND3P4,0.0
CICP6,0.0
ENSG00000230305,0.0
BANF1P2,0.0
OR6C5P,0.0
TOMM20P4,0.0
SLC25A53P1,0.0
XRCC6P3,0.0
BEND7P1,0.0
MTCO2P27,0.0
HMGN1P33,0.0
MTCO1P42,0.0
ENSG00000230328,0.0
HMGN2P3,0.0
ENSG00000230331,0.0
DNAJB5P1,0.0
MTND4P19,0.0
ENSG00000230339,0.0
FANCD2P2,0.0
ENSG00000230343,0.0
RPL35AP3,0.0
RPS21P2,0.0
ENSG00000230355,0.0
NCAPD2P1,0.0
TPI1P2,0.0
DDX10P2,0.0
VN1R32P,0.0
ACTG1P23,0.0
RPL4P3,0.0
RPL23AP52,0.0
KARS1P2,0.0
GOLGA6L5P,0.0
GSTA11P,0.0
MEMO1P4,0.0
ELOCP7,0.0
RPL6P19,0.0
RPSAP25,0.0
ENSG00000230386,0.0
RPSAP23,0.0
ANAPC1P3,0.0
SPTLC1P1,0.0
HINT2P1,0.0
RBBP8P1,0.0
RPS3AP52,0.0
RPL23P5,0.0
ENSG00000230407,0.0
TCEA1P2,0.0
OR3D1P,0.0
ELOCP12,0.0
OR5M4P,0.0
ARL2BPP7,0.0
RSU1P1,0.0
ENSG00000230428,0.0
TFAMP1,0.0
LRRC37A6P,0.0
CTF2P,0.0
RPL7P4,0.0
NEK2P4,0.0
RPS29P6,0.0
PA2G4P4,0.0
GPM6BP1,0.0
ENSG00000230459,0.0
VENTXP4,0.0
CLUHP5,0.0
RPL5P26,0.0
ATP6V1G1P7,0.0
OFD1P9Y,0.0
ENSG00000230477,0.0
ENSG00000230478,0.0
RPL34P11,0.0
ATP5MC2P3,0.0
OR51A10P,0.0
ENSG00000230485,0.0
SRD5A2P1,0.0
ENSG00000230495,0.0
MTCO2P7,0.0
EEF1B2P8,0.0
ANKRD30BP3,0.0
ENSG00000230502,0.0
RPL7AP8,0.0
RPL19P21,0.0
HMGB1P49,0.0
ENSG00000230520,0.0
ENSG00000230521,0.0
COL6A4P1,0.0
NOS2P3,0.0
CEACAMP9,0.0
MTND5P7,0.0
BASP1P1,0.0
PNPLA10P,0.0
SNX3P1X,0.0
ENSG00000230546,0.0
HMGB1P11,0.0
MTND4P27,0.0
ENSG00000230551,0.0
ENSG00000230556,0.0
CEACAMP2,0.0
RPL17P12,0.0
FAM133DP,0.0
CALM1P2,0.0
SF3A3P1,0.0
ACCSLP1,0.0
ENSG00000230571,0.0
KMT2CP5,0.0
OR6R1P,0.0
TMLHEP1,0.0
RPL19P5,0.0
ACTG1P14,0.0
GTF2IRD1P1,0.0
CCT5P2,0.0
PHB1P12,0.0
IMP3P1,0.0
RPSAP8,0.0
PPIAP40,0.0
RSL24D1P2,0.0
GPAA1P2,0.0
OR2H4P,0.0
ENSG00000230603,0.0
TSEN15P2,0.0
MTCYBP6,0.0
ENSG00000230607,0.0
COX7CP4,0.0
HMGB1P27,0.0
DYNLL1P7,0.0
ENSG00000230617,0.0
H3P12,0.0
ENSG00000230621,0.0
UQCRHP1,0.0
RPS23P8,0.0
FAM136EP,0.0
CYP4F60P,0.0
RPL36P1,0.0
ENSG00000230637,0.0
ENSG00000230638,0.0
VN1R36P,0.0
ENSG00000230643,0.0
KLF2P2,0.0
ENSG00000230650,0.0
MTCO2P25,0.0
OR7E55P,0.0
ENSG00000230659,0.0
YY1P1,0.0
TNPO1P2,0.0
THAP12P1,0.0
CEACAM22P,0.0
NDUFS5P5,0.0
PABPC1P3,0.0
CEACAMP4,0.0
GRPEL2P3,0.0
DDTP1,0.0
MRPL35P4,0.0
SAP18P3,0.0
FBXW4P1,0.0
RPL31P30,0.0
TMEM184CP1,0.0
HAPSTR2,0.0
CTAGE13P,0.0
GGTLC4P,0.0
ENSG00000230715,0.0
KRT8P7,0.0
ENSG00000230718,0.0
RPL17P5,0.0
RBMY2WP,0.0
RPL10P3,0.0
ENSG00000230739,0.0
PRELID1P7,0.0
SDAD1P2,0.0
MTATP6P23,0.0
RHOQP3,0.0
NFU1P1,0.0
SNAP23P1,0.0
MTND1P4,0.0
RFKP4,0.0
VN1R108P,0.0
RPS29P5,0.0
RPLP0P4,0.0
ENSG00000230781,0.0
RPS3AP13,0.0
ENSG00000230785,0.0
PSAT1P3,0.0
CTDSPL2P2,0.0
SMARCE1P5,0.0
HLA-K,0.0
ENSG00000230796,0.0
RPS2P16,0.0
ATP5MFP7,0.0
CDRT15P14,0.0
UBA52P4,0.0
RPS6P15,0.0
ENSG00000230813,0.0
USP9YP24,0.0
MTND2P16,0.0
ZNF736P5Y,0.0
ENSG00000230820,0.0
ASH2LP4,0.0
CBX1P1,0.0
ENSG00000230828,0.0
ENSG00000230829,0.0
SSBL4P,0.0
RPEP3,0.0
ENSG00000230835,0.0
RPL31P2,0.0
ENSG00000230840,0.0
RPL23AP15,0.0
GSTA10P,0.0
OCLNP1,0.0
GOT2P2,0.0
VPS51P5,0.0
RPL10P11,0.0
USP9YP20,0.0
YRDCP3,0.0
CCNB1IP1P2,0.0
ENSG00000230863,0.0
TSEN15P1,0.0
ENSG00000230867,0.0
AGAP10P,0.0
FBXW11P1,0.0
RPS6P23,0.0
MFSD13B,0.0
RBMX2P4,0.0
ENSG00000230882,0.0
HMGB1P25,0.0
SHC1P1,0.0
RPS18P12,0.0
FAM204CP,0.0
XKRYP2,0.0
PPIHP1,0.0
NPM1P51,0.0
MTCO1P53,0.0
ENSG00000230926,0.0
TMBIM7P,0.0
ENSG00000230929,0.0
GXYLT1P1,0.0
ENSG00000230932,0.0
ENSG00000230934,0.0
RPS3P1,0.0
ENSG00000230936,0.0
HMGN1P5,0.0
HNRNPA1P68,0.0
AURKBP1,0.0
MTND2P21,0.0
GPS2P2,0.0
ENSG00000230953,0.0
CAPZA1P1,0.0
ENSG00000230958,0.0
ENSG00000230964,0.0
SNX18P13,0.0
ENSG00000230973,0.0
ENSG00000230977,0.0
ENSG00000230979,0.0
RPL36AP39,0.0
DSTNP1,0.0
DDX3P2,0.0
ENSG00000230987,0.0
RPL23AP11,0.0
FAM201B,0.0
RPL12P15,0.0
FGFR3P1,0.0
RAB42P1,0.0
MTND5P8,0.0
CCNB1IP1P3,0.0
CECR9,0.0
RPL39P39,0.0
RPL7P32,0.0
CDC20P1,0.0
CUBNP1,0.0
ENSG00000231011,0.0
RPS27P10,0.0
EIF4A1P3,0.0
ENSG00000231020,0.0
RPS3AP9,0.0
XKRYP4,0.0
ENSG00000231029,0.0
CEP19P1,0.0
ENSG00000231034,0.0
RPL7L1P9,0.0
ENSG00000231043,0.0
GCNT1P3,0.0
OR52B5P,0.0
TRAPPC2LP1,0.0
MSANTD2P1,0.0
FARSBP1,0.0
RPL6P6,0.0
NPM1P9,0.0
ENSG00000231069,0.0
OR52Y1P,0.0
IDI1P3,0.0
GAPDHP64,0.0
RPL22P24,0.0
TSSK1A,0.0
FDPSP7,0.0
TRMT1P1,0.0
GYG1P3,0.0
NDUFB4P3,0.0
BMS1P19,0.0
ENSG00000231100,0.0
PRAMEF30P,0.0
PRELID3BP11,0.0
MTHFD2P3,0.0
BTF3P10,0.0
FAM25EP,0.0
SPATA20P1,0.0
UBE2V1P11,0.0
HLA-T,0.0
ENSG00000231136,0.0
RBM22P5,0.0
ENSG00000231139,0.0
EEF1A1P40,0.0
ARHGAP42P2,0.0
HMGB1P7,0.0
MTND2P15,0.0
ENSG00000231153,0.0
PTP4A1P1,0.0
OFD1P8Y,0.0
COX11P1,0.0
RPL7P56,0.0
TUBB4BP6,0.0
YBX1P2,0.0
EEF1B2P1,0.0
ENSG00000231181,0.0
CCNQP3,0.0
IFNA11P,0.0
ENSG00000231198,0.0
MTND5P19,0.0
KRT8P10,0.0
ZNF826P,0.0
HNRNPA1P25,0.0
ENSG00000231207,0.0
RPL17P49,0.0
PRAMEF32P,0.0
ARF4P4,0.0
ARPP19P1,0.0
ENSG00000231232,0.0
SKP1P1,0.0
CTNNBL1P1,0.0
OR6K1P,0.0
KLF2P1,0.0
RPS3AP3,0.0
PSMC1P3,0.0
C1DP1,0.0
ENSG00000231251,0.0
PCED1CP,0.0
ZSWIM5P2,0.0
ANAPC1P2,0.0
HMGN2P10,0.0
ARAFP1,0.0
COBLP1,0.0
ENSG00000231271,0.0
E2F4P1,0.0
OR9S24P,0.0
SALL4P6,0.0
RPL36AP6,0.0
ENSG00000231296,0.0
SEPTIN14P24,0.0
EZH2P1,0.0
RPL13AP,0.0
RPL36P2,0.0
RPS3P2,0.0
CLIC1P1,0.0
RPL31P29,0.0
ENSG00000231317,0.0
RPL13AP17,0.0
TPT1P7,0.0
ENSG00000231331,0.0
RPL34P6,0.0
ACTG1P10,0.0
VDAC1P6,0.0
ENSG00000231344,0.0
BEND3P1,0.0
RPL7L1P22,0.0
WBP1P1,0.0
ENSG00000231353,0.0
MTFR1P1,0.0
ENSG00000231357,0.0
RPL31P34,0.0
RPS29P23,0.0
RPL39P17,0.0
RPS26P40,0.0
RPSAP40,0.0
RPL15P22,0.0
AKR1B1P8,0.0
CDY17P,0.0
HMGN2P16,0.0
NDUFAF4P4,0.0
RNF2P1,0.0
NBPF21P,0.0
NAP1L5P1,0.0
MOB4P1,0.0
FMN2P1,0.0
SNX18P8,0.0
ENSG00000231392,0.0
ARL4AP4,0.0
ENSG00000231397,0.0
ENSG00000231398,0.0
SNRPEP8,0.0
WASF5P,0.0
RAC1P3,0.0
RPL36AP8,0.0
DUX4L31,0.0
RPL39P15,0.0
ENSG00000231416,0.0
IRX1P1,0.0
RAB9AP5,0.0
FAR2P4,0.0
HSP90AA3P,0.0
RBMY3AP,0.0
LARP1BP1,0.0
PPP4R2P2,0.0
TIMM8AP1,0.0
RPS16P4,0.0
ENSG00000231454,0.0
RNASEH1P2,0.0
HLA-DPA2,0.0
PPP4R2P3,0.0
PHF10P2,0.0
PRDX3P2,0.0
HMGB3P2,0.0
HMGN2P34,0.0
FCF1P9,0.0
SNRPGP13,0.0
ENSG00000231484,0.0
ENSG00000231489,0.0
RPL7L1P2,0.0
JKAMPP1,0.0
RPL21P35,0.0
MTND4LP1,0.0
PTMAP4,0.0
NMD3P2,0.0
RPL34P20,0.0
E2F6P4,0.0
CCNQP2,0.0
CBX1P5,0.0
SEPTIN14P1,0.0
ENSG00000231525,0.0
HINT1P1,0.0
MTCO3P10,0.0
ELOCP9,0.0
RPS6P2,0.0
RSL24D1P11,0.0
RPL3P5,0.0
ENSG00000231547,0.0
OR55B1P,0.0
ATP5MKP1,0.0
PTCHD3P2,0.0
IGBP1P3,0.0
MRM3P1,0.0
RSL24D1P3,0.0
ENSG00000231559,0.0
CEACAMP5,0.0
RPL7AP44,0.0
EIF4A1P11,0.0
NEK2P2,0.0
MTND2P19,0.0
S100A11P7,0.0
ENSG00000231569,0.0
PPIAP63,0.0
MTCO2P20,0.0
RPL7P21,0.0
MTND4LP21,0.0
ENSG00000231583,0.0
FAHD2CP,0.0
RPS23P9,0.0
SNORD62B,0.0
SHQ1P1,0.0
ENSG00000231590,0.0
ENSG00000231593,0.0
ENSG00000231600,0.0
ENSG00000231603,0.0
PIK3CDP1,0.0
ENSG00000231615,0.0
ANAPC15P1,0.0
RPS29P7,0.0
SLC47A1P2,0.0
ATP5F1BP1,0.0
YWHAQP8,0.0
KRT17P6,0.0
SPATA31B1P,0.0
RFESDP1,0.0
EMP2P1,0.0
RPS8P6,0.0
OGFOD1P1,0.0
OR7E111P,0.0
PPP2R2DP1,0.0
ENSG00000231675,0.0
EIF1P3,0.0
ANKRD11P2,0.0
RPL21P43,0.0
ENSG00000231694,0.0
NANOGP5,0.0
ENSG00000231699,0.0
ENSG00000231700,0.0
BMS1P13,0.0
ENSG00000231702,0.0
CYCSP43,0.0
PABPC1P1,0.0
H3P5,0.0
COX6CP2,0.0
CDY23P,0.0
CHMP4AP1,0.0
CAPZBP1,0.0
VN1R110P,0.0
HMGN2P38,0.0
RPS2P18,0.0
GAPDHP59,0.0
ENSG00000231741,0.0
ENSG00000231743,0.0
ENSG00000231744,0.0
ENSG00000231747,0.0
NANOGP10,0.0
EMBP1,0.0
ENSG00000231762,0.0
SLC66A2P1,0.0
PPP1R11P2,0.0
MTCO2P5,0.0
MTND4P21,0.0
RBISP6,0.0
DBIL5P,0.0
H2BP9,0.0
RPL31P50,0.0
DOC2GP,0.0
PA2G4P6,0.0
ANP32BP2,0.0
DNAJB6P3,0.0
RPL21P85,0.0
NANOGP9,0.0
RPL36AP35,0.0
SNRPCP9,0.0
NPM1P48,0.0
SMC3P1,0.0
ENSG00000231827,0.0
MTHFD1P1,0.0
RPS7P2,0.0
DPY19L4P2,0.0
FAM192BP,0.0
HMGB3P14,0.0
KRTCAP2P1,0.0
UBE2V2P4,0.0
ENSG00000231855,0.0
MORF4L1P5,0.0
ENSG00000231859,0.0
ENSG00000231866,0.0
KRT17P3,0.0
TSPY18P,0.0
ENSG00000231875,0.0
SNRPFP1,0.0
TXNL1P1,0.0
NDUFB1P1,0.0
MTND5P15,0.0
WDR95P,0.0
MARK2P14,0.0
GOT2P1,0.0
SETP10,0.0
COX7BP6,0.0
GAPDHP37,0.0
MAP1LC3BP1,0.0
GAMTP2,0.0
TPRKBP1,0.0
RARRES2P3,0.0
SALL4P5,0.0
ENSG00000231916,0.0
ENSG00000231922,0.0
ENSG00000231923,0.0
SEPHS1P7,0.0
HMGB3P31,0.0
ENSG00000231930,0.0
ENSG00000231931,0.0
RPS7P3,0.0
HNRNPA1P36,0.0
MTND2P24,0.0
DPY19L1P2,0.0
MTND2P22,0.0
HNRNPA1P9,0.0
GNAI2P2,0.0
MTCO1P59,0.0
RPL17P29,0.0
ENSG00000231967,0.0
ENSG00000231978,0.0
RPL7L1P12,0.0
MCF2L2P1,0.0
ENSG00000231984,0.0
OFD1P3Y,0.0
ANXA2P2,0.0
RPL7AP76,0.0
ENSG00000231996,0.0
CLCN3P1,0.0
ZNF736P12Y,0.0
CAP1P2,0.0
ENSG00000232009,0.0
HSPE1P25,0.0
FAAHP1,0.0
LSM12P1,0.0
ENSG00000232027,0.0
ELOCP15,0.0
ENSG00000232032,0.0
ENSG00000232036,0.0
RPL21P29,0.0
DEFT1P2,0.0
PSMD10P3,0.0
ENSG00000232042,0.0
HNRNPCP9,0.0
ENSG00000232050,0.0
NPM1P34,0.0
ENSG00000232059,0.0
SLC4A1APP1,0.0
USP9YP33,0.0
ENSG00000232068,0.0
RPS29P28,0.0
MRPL35P2,0.0
RPL31P7,0.0
HCFC2P1,0.0
ENSG00000232089,0.0
POLR2DP1,0.0
PNLIPP1,0.0
YPEL5P1,0.0
VPS51P2,0.0
ENSG00000232101,0.0
MTCO3P2,0.0
RPL32P28,0.0
VN1R54P,0.0
ENSG00000232111,0.0
NPLP1,0.0
ENSG00000232115,0.0
MTCO3P45,0.0
IMPDH1P10,0.0
RPS15AP12,0.0
ENSG00000232135,0.0
DUXAP7,0.0
IFNWP5,0.0
RPS25P9,0.0
PSAT1P2,0.0
ENSG00000232145,0.0
FMO11P,0.0
FERP1,0.0
ST13P4,0.0
MTCYBP15,0.0
ENSG00000232155,0.0
C11orf98P1,0.0
RAB9BP1,0.0
ENSG00000232161,0.0
RPLP1P13,0.0
ENSG00000232165,0.0
ENSG00000232166,0.0
ENSG00000232167,0.0
P2RY10BP,0.0
ENSG00000232172,0.0
OR2H5P,0.0
ENSG00000232174,0.0
ENSG00000232175,0.0
ENSG00000232176,0.0
MTND4P24,0.0
MTATP6P29,0.0
CNOT7P2,0.0
TERF1P7,0.0
FTH1P7,0.0
TOMM22P2,0.0
MTCO2P34,0.0
RPL3P8,0.0
CHORDC1P1,0.0
SLC25A6P2,0.0
TET1P1,0.0
CDY18P,0.0
ENSG00000232208,0.0
OR2L6P,0.0
FTLP8,0.0
RGL4P1,0.0
CNN2P10,0.0
ARSFP1,0.0
RPL36AP16,0.0
TPM4P1,0.0
CDY3P,0.0
RPS29P8,0.0
RBPJP5,0.0
ENSG00000232240,0.0
DYNLT3P1,0.0
ZYG11AP1,0.0
ENSG00000232249,0.0
CSF2RBP1,0.0
BTF3L4P1,0.0
ENSG00000232261,0.0
ACTR3P2,0.0
FTH1P1,0.0
SLC30A6P1,0.0
IFNWP15,0.0
MTND1P32,0.0
ELOBP3,0.0
ALDH7A1P2,0.0
PAICSP7,0.0
ENSG00000232296,0.0
DFFBP1,0.0
CLCP1,0.0
PSMC1P13,0.0
MXRA7P1,0.0
ENSG00000232327,0.0
ARL5AP5,0.0
RPS27AP2,0.0
ENSG00000232334,0.0
ENSG00000232337,0.0
RPL4P2,0.0
ENSG00000232344,0.0
RPS17P16,0.0
YBX1P7,0.0
ENSG00000232350,0.0
ENSG00000232355,0.0
TRPC6P3,0.0
ATP5MGP2,0.0
VDAC1P9,0.0
FTLP2,0.0
PPIAP35,0.0
BAG1P1,0.0
MTCYBP3,0.0
GPR79,0.0
ENSG00000232375,0.0
RPL29P28,0.0
RPL22P23,0.0
ZDHHC20P4,0.0
OR52U1P,0.0
ENSG00000232383,0.0
RPS3AP25,0.0
SKA2P1,0.0
ENSG00000232389,0.0
NDUFA5P1,0.0
RANP2,0.0
GOT2P7,0.0
RPL5P6,0.0
TMPRSS11CP,0.0
RAD17P1,0.0
RPL27P5,0.0
PPIAP70,0.0
ENSG00000232409,0.0
ENSG00000232418,0.0
IL9RP2,0.0
KNOP1P4,0.0
USP9YP29,0.0
RPL21P131,0.0
RPL31P15,0.0
ENSG00000232431,0.0
GXYLT1P3,0.0
RPS26P42,0.0
RPL18AP7,0.0
ENSG00000232446,0.0
MTND5P3,0.0
ENSG00000232450,0.0
ENSG00000232454,0.0
FAM131C2P,0.0
SLC16A6P1,0.0
OR4F14P,0.0
BMPR1AP2,0.0
ENSG00000232463,0.0
H3P31,0.0
TMA16P2,0.0
ENSG00000232471,0.0
EEF1B2P3,0.0
HSFY5P,0.0
KRT8P52,0.0
ENSG00000232482,0.0
DEPDC1P2,0.0
MFAP1P1,0.0
SAPCD2P3,0.0
NPM1P13,0.0
RPL12P11,0.0
RPL3P12,0.0
ADIPOR1P1,0.0
ENSG00000232499,0.0
ENSG00000232502,0.0
CYCSP8,0.0
MRPL45P1,0.0
OR2AH1P,0.0
RPL21P25,0.0
ENSG00000232515,0.0
CSPG4BP,0.0
ZNF886P,0.0
SS18L2P1,0.0
VDAC1P13,0.0
ENSG00000232528,0.0
KMT5AP2,0.0
OR5H8,0.0
RPL36P19,0.0
ENSG00000232546,0.0
SRD5A1P1,0.0
MTCO1P14,0.0
CLK2P1,0.0
RSU1P2,0.0
PRCPP1,0.0
TPMTP3,0.0
CRB3P1,0.0
RPL23AP35,0.0
RPL3P4,0.0
ENSG00000232576,0.0
ENSG00000232578,0.0
MTCO1P27,0.0
ENSG00000232582,0.0
GPR143YP,0.0
OFD1P12Y,0.0
EEF1A1P3,0.0
ENSG00000232594,0.0
CST2P1,0.0
ENSG00000232599,0.0
ANAPC15P2,0.0
ENSG00000232603,0.0
HMGN2P11,0.0
TIMM9P2,0.0
CCT6P4,0.0
RPL31P35,0.0
USP9YP9,0.0
PPP4R2P5,0.0
ENSG00000232617,0.0
TSPY17P,0.0
C4BPAP2,0.0
ENSG00000232622,0.0
RPL23AP31,0.0
ENSG00000232626,0.0
ENSG00000232627,0.0
PRPS1P2,0.0
MTND2P23,0.0
NEFLP1,0.0
ENSG00000232644,0.0
ENSG00000232646,0.0
POLR3KP1,0.0
FAM136BP,0.0
SLC44A3P1,0.0
LDHBP1,0.0
ENSG00000232663,0.0
LARP1BP3,0.0
PHB1P10,0.0
ENSG00000232668,0.0
ACTG1P21,0.0
ADH5P2,0.0
SPTLC1P4,0.0
RPL12P9,0.0
HSPE1P9,0.0
ELOCP17,0.0
BDH2P1,0.0
RPL21P108,0.0
WTAPP2,0.0
NUTM2HP,0.0
AP1B1P2,0.0
MARK2P9,0.0
RPS12P3,0.0
MTND3P8,0.0
ENSG00000232716,0.0
TRIM51JP,0.0
GAPDHP48,0.0
MROH4P,0.0
RPS17P7,0.0
TRIM80P,0.0
YWHAEP1,0.0
PHB2P1,0.0
FAM8A4P,0.0
ATP5MC1P7,0.0
ATG4AP1,0.0
ENSG00000232736,0.0
RHOQP2,0.0
ELF2P3,0.0
USP9YP16,0.0
ENSG00000232750,0.0
ENSG00000232751,0.0
MTCO3P21,0.0
ETF1P1,0.0
ENSG00000232760,0.0
TRIM60P8Y,0.0
ENSG00000232765,0.0
KIAA1143P2,0.0
ENSG00000232768,0.0
PPP1R26P5,0.0
MTND4P22,0.0
DEFB130D,0.0
BMS1P22,0.0
MRPL51P2,0.0
RPL23AP50,0.0
GAPDHP74,0.0
FRG2FP,0.0
TIMM9P3,0.0
OR7L1P,0.0
ENSG00000232789,0.0
OR11I1P,0.0
FTH1P25,0.0
DNAJC19P8,0.0
HNRNPDP1,0.0
SCAND3P1,0.0
FAM207CP,0.0
ENSG00000232798,0.0
CRYGFP,0.0
SLC7A15P,0.0
SDCBPP3,0.0
NIP7P1,0.0
VDAC1P10,0.0
S100A11P6,0.0
DUX4L50,0.0
RPS2P32,0.0
TXNP1,0.0
PRR13P1,0.0
GSTO3P,0.0
FAM136CP,0.0
ENSG00000232834,0.0
BRWD1P3,0.0
KAT7P1,0.0
SNX18P2,0.0
TRAPPC2P9,0.0
SLC25A6P3,0.0
RPL7AP18,0.0
ATP5MFP3,0.0
CICP4,0.0
LUZP4P1,0.0
KATNBL1P2,0.0
RPL34P27,0.0
ENSG00000232862,0.0
NUCKS1P1,0.0
RPL36AP34,0.0
SEC1P,0.0
CTAGE3P,0.0
RPL23AP93,0.0
HMGN2P35,0.0
GLRX5P2,0.0
NDUFB4P10,0.0
RPS10P21,0.0
PHKA1P1,0.0
RPLP0P5,0.0
ENSG00000232887,0.0
RPS11P5,0.0
ENSG00000232889,0.0
MRPS31P2,0.0
ENSG00000232897,0.0
CDY9P,0.0
CYCSP10,0.0
ENSG00000232905,0.0
ENSG00000232906,0.0
HSD17B7P1,0.0
RAB9AP1,0.0
TRAPPC2P4,0.0
RNF14P1,0.0
HMGN2P27,0.0
HSPE1P6,0.0
RPL21P26,0.0
MTND6P24,0.0
ELOCP4,0.0
MRPS16P2,0.0
RPL8P5,0.0
USP12PY,0.0
DDX3P1,0.0
RPL23AP87,0.0
GGCTP2,0.0
ENSG00000232944,0.0
RPL35AP20,0.0
ZNF519P1,0.0
IPO7P1,0.0
ENSG00000232952,0.0
HSPA8P18,0.0
MTARC2P1,0.0
HMGN2P20,0.0
RPS12P18,0.0
EIF4EP4,0.0
POLHP1,0.0
MTCO1P57,0.0
TRIM60P10Y,0.0
ENSG00000232979,0.0
MTCO1P51,0.0
MTCO1P45,0.0
ENSG00000232983,0.0
ENSG00000232989,0.0
MTATP6P7,0.0
AHCYP4,0.0
RPL7P14,0.0
ENSG00000232999,0.0
CICP26,0.0
UBTFL11,0.0
RPEP4,0.0
SLC9A3P1,0.0
HDAC1P2,0.0
TBC1D3P7,0.0
SLC25A6P1,0.0
ENSG00000233018,0.0
CHORDC1P5,0.0
CRYZP1,0.0
MTCO1P5,0.0
ENSG00000233028,0.0
ENSG00000233031,0.0
KRTAP8-2P,0.0
ENSG00000233037,0.0
MTND5P30,0.0
FAM204BP,0.0
RPL15P5,0.0
ENSG00000233055,0.0
EEF1A1P14,0.0
SAR1AP4,0.0
RPSAP59,0.0
RPS15AP6,0.0
FTH1P6,0.0
RPL23AP25,0.0
ENSG00000233090,0.0
ENSG00000233105,0.0
RPL12P3,0.0
SUCLA2P2,0.0
ENSG00000233109,0.0
RAB1C,0.0
COX7BP4,0.0
FAM90A11,0.0
UBE2V1P8,0.0
USP9YP15,0.0
VN1R20P,0.0
CTAGE7P,0.0
ACTBP12,0.0
ZNF736P3Y,0.0
ENSG00000233129,0.0
RPS15AP14,0.0
FAM90A3,0.0
NPEPPSP2,0.0
MTND3P17,0.0
RPS27P18,0.0
ENSG00000233139,0.0
BPIFB5P,0.0
SYF2P2,0.0
HMGA1P8,0.0
HSFY8P,0.0
ENSG00000233157,0.0
RPS24P6,0.0
RPL31P16,0.0
MORF4L1P6,0.0
RPS12P17,0.0
EEF1A1P26,0.0
ENSG00000233170,0.0
VN1R34P,0.0
OR7E157P,0.0
KLF4P1,0.0
RPL12P29,0.0
RPS24P13,0.0
ENSG00000233196,0.0
TMEM256P1,0.0
MAPRE1P3,0.0
WBP1P2,0.0
RPS3AP1,0.0
GRPEL2P1,0.0
ENSG00000233216,0.0
MROH3P,0.0
SSBP3P1,0.0
LPCAT2BP,0.0
CNOT7P1,0.0
HNRNPA1P49,0.0
ENSG00000233235,0.0
DEFA9P,0.0
VKORC1P1,0.0
UBE2E4P,0.0
MTND6P9,0.0
CRIP1P1,0.0
RPL21P134,0.0
FABP3P2,0.0
RPSAP63,0.0
CAPZA1P4,0.0
ENSG00000233264,0.0
HMGB1P31,0.0
ENSG00000233268,0.0
SNRPEP4,0.0
PNPT1P2,0.0
AMMECR1LP1,0.0
ENSG00000233275,0.0
RPS26P2,0.0
MTCYBP10,0.0
MTND3P10,0.0
ENSG00000233287,0.0
RPL7AP61,0.0
ENSG00000233292,0.0
FAM90A20,0.0
RASA4DP,0.0
HIGD1AP4,0.0
EIF4A1P1,0.0
OR4C14P,0.0
SRSF3P6,0.0
RPS6P12,0.0
MTCO1P54,0.0
HMGA1P5,0.0
RPL31P45,0.0
PPIAP32,0.0
EEF1A1P34,0.0
MIPEPP3,0.0
USP32P2,0.0
PFN1P1,0.0
RPS16P3,0.0
RNFT1P2,0.0
RPL36AP14,0.0
UBE2FP3,0.0
ATP6V1G1P4,0.0
ERP29P1,0.0
ENSG00000233352,0.0
RPS7P9,0.0
RPL30P15,0.0
ZNF90P2,0.0
GTF2IP4,0.0
ACTR1AP1,0.0
MTND4P20,0.0
USP9YP34,0.0
RPS2P48,0.0
AK4P3,0.0
NKAPP1,0.0
ENSG00000233383,0.0
MTCO3P8,0.0
TRMT112P8,0.0
PRKAR1AP1,0.0
TARDBPP1,0.0
ENSG00000233406,0.0
RPS25P3,0.0
IFITM3P7,0.0
KRT18P67,0.0
EIF3FP3,0.0
PPIAP65,0.0
PDE4DIPP3,0.0
MTIF2P1,0.0
CBLL1P1,0.0
AGGF1P2,0.0
ENSG00000233437,0.0
HMGA1P6,0.0
CYP2AB1P,0.0
PPP6R2P1,0.0
ENSG00000233444,0.0
RPL17P11,0.0
PDK1P2,0.0
ENSG00000233447,0.0
PMS2P9,0.0
MTATP6P14,0.0
ENSG00000233454,0.0
ENSG00000233455,0.0
ENSG00000233457,0.0
ENSG00000233459,0.0
RPL35AP31,0.0
HAX1P1,0.0
ST6GALNAC4P1,0.0
KRT18P62,0.0
RAD1P2,0.0
EEF1A1P6,0.0
PPIAP38,0.0
ENSG00000233484,0.0
RPSAP69,0.0
PAXBP1P1,0.0
ENSG00000233494,0.0
HNRNPA1P60,0.0
OR5B1P,0.0
HNRNPLP1,0.0
ENSG00000233511,0.0
ENSG00000233514,0.0
RPL7P35,0.0
PHB1P5,0.0
RANP8,0.0
RFC5P1,0.0
DEFA10P,0.0
MKNK2P1,0.0
TEDDM2P,0.0
RPL31P47,0.0
CHTF8P1,0.0
EIF3KP2,0.0
CYCSP33,0.0
CYCSP44,0.0
CYCSP35,0.0
MTCYBP8,0.0
LSM1P1,0.0
RPL7AP46,0.0
NFU1P2,0.0
ENSG00000233558,0.0
KRT8P39,0.0
RPS3AP8,0.0
OR52E7P,0.0
RPL29P9,0.0
ENSG00000233575,0.0
HTR3C2P,0.0
EIF4EP1,0.0
KRT8P15,0.0
ENSG00000233583,0.0
ACAA2P1,0.0
ENSG00000233586,0.0
CYP51A1P2,0.0
BTF3P5,0.0
MTND2P29,0.0
RPL19P6,0.0
NCOR1P3,0.0
JTBP1,0.0
OR6C66P,0.0
RPL10P19,0.0
DDX11L10,0.0
HNRNPA1P42,0.0
ENSG00000233619,0.0
CYP2T1P,0.0
PGAM1P11,0.0
ENSG00000233626,0.0
ENSG00000233632,0.0
GOT2P5,0.0
KRTAP13-5P,0.0
OR52T1P,0.0
NENFP1,0.0
ENSG00000233648,0.0
CICP1,0.0
CICP7,0.0
NDUFA5P4,0.0
CALM2P4,0.0
ENSG00000233663,0.0
NDUFS5P3,0.0
ENSG00000233668,0.0
CENPNP1,0.0
ANAPC1P1,0.0
ENSG00000233674,0.0
FDPSP6,0.0
DDX39BP1,0.0
HNRNPA1P27,0.0
CEACAMP1,0.0
ENSG00000233683,0.0
OR6L1P,0.0
PIEZO1P1,0.0
ZNF622P1,0.0
EBAG9P1,0.0
ENSG00000233691,0.0
RPL37P13,0.0
ENSG00000233703,0.0
RPL22P11,0.0
ENSG00000233708,0.0
MTND4P28,0.0
ENSG00000233710,0.0
EIF4EBP2P1,0.0
ENSG00000233712,0.0
ENSG00000233713,0.0
MTFR2P1,0.0
RPS29P29,0.0
GOT2P3,0.0
ENSG00000233720,0.0
ENSG00000233724,0.0
ENSG00000233727,0.0
H2AZP6,0.0
ENSG00000233737,0.0
CICP2,0.0
RPL27P7,0.0
RPL36AP13,0.0
CICP27,0.0
RRAS2P2,0.0
RPL21P36,0.0
RPS15P4,0.0
MTCO1P20,0.0
CDRT15P12,0.0
PSMA6P3,0.0
CICP5,0.0
MED14P1,0.0
ENSG00000233778,0.0
HNRNPA1P30,0.0
ZNF90P3,0.0
CDC27P1,0.0
ENSG00000233787,0.0
PUDPP2,0.0
ENSG00000233805,0.0
AMZ2P3,0.0
MOB1AP2,0.0
H3P32,0.0
LCEP1,0.0
MKRN10P,0.0
CCNQP1,0.0
RPL26P15,0.0
EIF4HP1,0.0
ENSG00000233832,0.0
ETF1P3,0.0
ENSG00000233836,0.0
EIF3LP2,0.0
DPH3P1,0.0
ENSG00000233839,0.0
CYCSP48,0.0
SELENOTP1,0.0
ADH5P4,0.0
MGAT2P1,0.0
SLC9B1P3,0.0
LLPHP3,0.0
RPSAP27,0.0
ENSG00000233870,0.0
TOR1BP1,0.0
RPL7P44,0.0
MFN1P1,0.0
GAPDHP68,0.0
ENSG00000233877,0.0
NFYCP1,0.0
ENSG00000233887,0.0
MTCO2P17,0.0
PAIP1P1,0.0
RPL17P35,0.0
ENSG00000233902,0.0
LONRF2P2,0.0
ENSG00000233908,0.0
UBE2V1P4,0.0
GTF2F2P2,0.0
RPL10P9,0.0
UBE2Q2P10,0.0
ZDHHC20P1,0.0
ENSG00000233918,0.0
RPS15AP40,0.0
RPSAP13,0.0
MT1XP1,0.0
ENSG00000233933,0.0
RPL21P38,0.0
RPL27AP4,0.0
RPL12P45,0.0
ENSG00000233943,0.0
LINC00265-3P,0.0
RPS29P4,0.0
ASS1P3,0.0
RCC2P3,0.0
FTLP15,0.0
AHCYP3,0.0
BTF3P6,0.0
ENSG00000233962,0.0
ATP8A2P3,0.0
UBE2SP1,0.0
RPS20P10,0.0
ENSG00000233974,0.0
RPL22P21,0.0
FDPSP2,0.0
ENSG00000233983,0.0
RPSAP14,0.0
ENSG00000233990,0.0
GDI2P2,0.0
ENSG00000233995,0.0
KDM3AP1,0.0
SETP5,0.0
ENSG00000234001,0.0
MTATP6P27,0.0
ENSG00000234004,0.0
GAPDHP22,0.0
PPP1R2P2,0.0
RPL5P34,0.0
GNG10P1,0.0
ENSG00000234017,0.0
CHIAP3,0.0
RBPMS2P1,0.0
TMEM97P1,0.0
RPS3AP44,0.0
RAC1P8,0.0
TXNP6,0.0
NDUFA5P7,0.0
RPL10P12,0.0
ENSG00000234041,0.0
ENSG00000234042,0.0
NUDT9P1,0.0
ENSG00000234044,0.0
CIAO2AP1,0.0
CASKP1,0.0
EDDM3CP,0.0
ENSG00000234061,0.0
TM9SF5P,0.0
PRAMEF29P,0.0
MTND4P26,0.0
TAS2R62P,0.0
RPL5P10,0.0
GAPDHP53,0.0
MTX2P1,0.0
CBX3P10,0.0
RPL35AP,0.0
ENSG00000234080,0.0
ELOCP10,0.0
ENSG00000234085,0.0
ENSG00000234087,0.0
RPS15AP7,0.0
RPS15AP11,0.0
MTND4P11,0.0
KRT19P4,0.0
SRP14P2,0.0
TPT1P1,0.0
COX6A1P1,0.0
RPL7P36,0.0
TSPY25P,0.0
LEFTY3P,0.0
IDH1P1,0.0
RPL13AP6,0.0
METAP2P1,0.0
ENSG00000234120,0.0
GPM6BP3,0.0
RHBDF1P1,0.0
CSN1S2AP,0.0
EEF1GP8,0.0
AP2B1P1,0.0
ELOCP8,0.0
RPL23AP83,0.0
UGT1A13P,0.0
COX6CP13,0.0
NAP1L4P3,0.0
AKAP8P1,0.0
ELOBP1,0.0
RPEP2,0.0
RBPMSLP,0.0
MTND4LP11,0.0
ELOBP4,0.0
ENSG00000234175,0.0
HSPA8P1,0.0
DEFA11P,0.0
MTCYBP1,0.0
AIMP1P1,0.0
ENSG00000234189,0.0
RPS26P38,0.0
ENSG00000234200,0.0
BMI1P1,0.0
H3P3,0.0
PIGPP2,0.0
FHP1,0.0
RBPJP7,0.0
CDCA4P4,0.0
NDUFS5P2,0.0
RPL7L1P1,0.0
NCLP2,0.0
ANAPC1P4,0.0
MTCO2P8,0.0
CFL1P8,0.0
SYNCRIPP1,0.0
DNAJB6P6,0.0
RPL7P13,0.0
PTCD2P2,0.0
SOD2P1,0.0
ENSG00000234259,0.0
ENSG00000234262,0.0
TULP3P1,0.0
RPS27P19,0.0
ENSG00000234269,0.0
RPL36P20,0.0
ENSG00000234271,0.0
RPL30P2,0.0
COX7BP2,0.0
SDR42E1P3,0.0
ENSG00000234282,0.0
GAPDHP49,0.0
RPS27P4,0.0
OR1AA1P,0.0
PSIP1P1,0.0
SGO1P2,0.0
SLC25A18P1,0.0
SAPCD2P4,0.0
OSTCP5,0.0
RPS12P2,0.0
ST13P18,0.0
RPL9P2,0.0
MRPS10P2,0.0
RPL7AP16,0.0
BCAS2P2,0.0
CYCSP53,0.0
RPS4XP11,0.0
ENSG00000234337,0.0
ENSG00000234338,0.0
ENSG00000234340,0.0
ELF2P1,0.0
GLUD1P9,0.0
ENSG00000234353,0.0
RPS26P47,0.0
FTH1P27,0.0
ENSG00000234356,0.0
RPL7AP42,0.0
ELK1P1,0.0
ENSG00000234360,0.0
PPIAP27,0.0
PFN1P3,0.0
TATDN1P1,0.0
RPSAP31,0.0
SNX18P7,0.0
UBTFL2,0.0
HMGB1P48,0.0
MED15P7,0.0
ENSG00000234382,0.0
CTBP2P8,0.0
RCC2P1,0.0
OR7E162P,0.0
TXNP3,0.0
ENSG00000234391,0.0
PPIAP34,0.0
ENSG00000234398,0.0
RBMY2XP,0.0
ELK2BP,0.0
SPRYD7P1,0.0
ENSG00000234406,0.0
MPV17L2P1,0.0
RPL5P7,0.0
CICP13,0.0
ZNF37BP,0.0
SLC25A5P4,0.0
UBE2WP1,0.0
ENSG00000234424,0.0
ANKRD11P1,0.0
ENSG00000234436,0.0
KRT18P2,0.0
ENSG00000234441,0.0
ENSG00000234442,0.0
ENSG00000234448,0.0
ENSG00000234450,0.0
ENSG00000234451,0.0
ENSG00000234457,0.0
OR7E130P,0.0
COX6CP12,0.0
HDGFL3P1,0.0
SLC25A1P2,0.0
ZNF101P2,0.0
AP1B1P1,0.0
MTCO2P18,0.0
OR7E46P,0.0
RPL27P6,0.0
ALDH7A1P4,0.0
HNRNPA1P51,0.0
RHOXF1P1,0.0
MRPS21P1,0.0
RPL13AP20,0.0
ENSG00000234500,0.0
FYTTD1P1,0.0
TLR12P,0.0
ENSG00000234513,0.0
PPP1R2P1,0.0
PTGES3P1,0.0
ENSG00000234521,0.0
ENSG00000234522,0.0
NDUFB1P2,0.0
RPL12P43,0.0
GAPDHP19,0.0
CSNK1G2P1,0.0
ENSG00000234537,0.0
ZNF114P1,0.0
CHEK2P5,0.0
PTGES3P5,0.0
PPIAP90,0.0
API5P1,0.0
RPL22P7,0.0
TPMTP2,0.0
HSPA8P20,0.0
COX6B1P1,0.0
RPL7AP71,0.0
BIN2P1,0.0
RAD1P1,0.0
ZFRP1,0.0
RPS21P7,0.0
CTSLP8,0.0
MTND1P26,0.0
TSPY19P,0.0
CCT6P3,0.0
ENSG00000234586,0.0
MRPL50P1,0.0
FABP5P14,0.0
RPL13AP24,0.0
GNG5P5,0.0
TJAP1P1,0.0
MTCO1P58,0.0
ENSG00000234604,0.0
ENSG00000234607,0.0
OR2AT2P,0.0
H2AZP5,0.0
RPSAP9,0.0
RPL7P11,0.0
PUDPP1,0.0
ENSG00000234624,0.0
NUS1P3,0.0
WDR82P1,0.0
NECAP1P2,0.0
RPS19P6,0.0
ENSG00000234639,0.0
OTX2P1,0.0
YWHAEP5,0.0
ENSG00000234648,0.0
AGPAT5P1,0.0
OR7E155P,0.0
RPL21P73,0.0
HMGN2P5,0.0
ACTL11P,0.0
OR6C64P,0.0
MTCYBP5,0.0
VN2R3P,0.0
VDAC2P4,0.0
ENSG00000234683,0.0
NUS1P2,0.0
MTCO1P8,0.0
PRDX3P3,0.0
VDAC1P3,0.0
PRUNE1P1,0.0
UPF3AP3,0.0
TUBB8P11,0.0
ENSG00000234713,0.0
ENSG00000234716,0.0
ATP5F1AP8,0.0
FCRL4P1,0.0
HDAC1P1,0.0
ENSG00000234726,0.0
MTND4LP16,0.0
RPEP5,0.0
RPS25P10,0.0
KRT18P15,0.0
RPL17P18,0.0
EIF5AP4,0.0
USP9YP26,0.0
ENSG00000234748,0.0
FAM90A21P,0.0
RPS2P53,0.0
RPL15P16,0.0
MGAT4FP,0.0
E2F6P1,0.0
ELL2P3,0.0
WASH4P,0.0
GULOP,0.0
ENSG00000234780,0.0
TPT1P9,0.0
ENSG00000234784,0.0
EEF1GP5,0.0
HSPA8P3,0.0
NUTF2P4,0.0
ENSG00000234792,0.0
RFTN1P1,0.0
RPS3AP6,0.0
PCMTD1P3,0.0
MORF4,0.0
FAM197Y2,0.0
FAM151AP1,0.0
RPL26P29,0.0
ENSG00000234811,0.0
ENSG00000234812,0.0
ENSG00000234813,0.0
SVIL2P,0.0
H2AC5P,0.0
ENSG00000234819,0.0
MRPS33P4,0.0
XRCC6P2,0.0
FAM197Y9,0.0
PHB1P13,0.0
ENSG00000234837,0.0
PPIAP78,0.0
RPS26P30,0.0
ENSG00000234841,0.0
MTCO2P16,0.0
CDC42P2,0.0
MTND2P3,0.0
RPL23AP42,0.0
NDUFA5P3,0.0
ATP5F1AP1,0.0
ENSG00000234863,0.0
ADH5P5,0.0
ENSG00000234872,0.0
HSPE1P1,0.0
PIGFP2,0.0
EIF3EP1,0.0
MTND5P26,0.0
OFD1P15Y,0.0
KPNB1P1,0.0
HNRNPDLP2,0.0
ENSG00000234894,0.0
OR52X1P,0.0
OR7E62P,0.0
CHEK2P3,0.0
MTND6P13,0.0
ENSG00000234903,0.0
ENSG00000234907,0.0
IL6RP1,0.0
TEX21P,0.0
TSEN15P3,0.0
ATP5PDP4,0.0
HMGN1P18,0.0
MARK2P15,0.0
ENSG00000234932,0.0
CDC42P1,0.0
MTND5P29,0.0
ENSG00000234937,0.0
MTND2P18,0.0
ENSG00000234941,0.0
SDHCP3,0.0
RBMY2OP,0.0
FABP5P13,0.0
FABP5P7,0.0
AARSD1P1,0.0
FTH1P2,0.0
RPL7AP20,0.0
RPL7AP47,0.0
ENSG00000234983,0.0
FMO10P,0.0
ENSG00000234985,0.0
CUBNP2,0.0
RPS3AP28,0.0
ACTG1P25,0.0
SNRPCP19,0.0
EIF4A1P2,0.0
ENSG00000235002,0.0
USP9YP30,0.0
ENSG00000235008,0.0
JCADP1,0.0
COX20P2,0.0
REREP2Y,0.0
GEMIN2P1,0.0
RPL17P48,0.0
HMGN1P30,0.0
DNAJC9P1,0.0
MTND6P12,0.0
MTCO3P1,0.0
TECRP1,0.0
PPIAP3,0.0
RPL7P8,0.0
ENSG00000235055,0.0
VDAC1P4,0.0
UBE2V1P7,0.0
BCRP5,0.0
SLC25A5P2,0.0
RPL24P2,0.0
ENSG00000235069,0.0
ENSG00000235071,0.0
GAPDHP52,0.0
MTND5P23,0.0
ENSG00000235081,0.0
SUMO1P3,0.0
ENSG00000235083,0.0
CHCHD2P6,0.0
ENSG00000235088,0.0
ENSG00000235089,0.0
RPL7L1P3,0.0
ENSG00000235094,0.0
GPCPD1P1,0.0
SETP9,0.0
ADI1P1,0.0
ENSG00000235105,0.0
IFNA12P,0.0
RPS17P10,0.0
HSPE1P27,0.0
ENSG00000235113,0.0
CHCHD2P8,0.0
KRT8P17,0.0
ENSG00000235128,0.0
FABP7P2,0.0
RPL35AP22,0.0
PSMA5P1,0.0
HSP90AB6P,0.0
COX6CP17,0.0
RPSAP16,0.0
ENSG00000235147,0.0
HMGB3P23,0.0
RCBTB2P1,0.0
RPL7AP81,0.0
CDK5P1,0.0
MTND1P31,0.0
RPL39P3,0.0
RPL26P37,0.0
ENSG00000235181,0.0
ENSG00000235182,0.0
SRP14P3,0.0
ENSG00000235186,0.0
ENSG00000235190,0.0
ENSG00000235196,0.0
ZNF33CP,0.0
CYP2C58P,0.0
TBC1D3P3,0.0
TATDN2P3,0.0
TUBBP6,0.0
RPL7AP13,0.0
TMSB10P2,0.0
OR6E1P,0.0
DNAJC17P1,0.0
ENSG00000235219,0.0
ENSG00000235224,0.0
RPL31P17,0.0
ENSG00000235226,0.0
VN1R38P,0.0
MRPS18BP2,0.0
SUMO2P1,0.0
ACTRT1P1,0.0
ENSG00000235240,0.0
ENSG00000235241,0.0
ENSG00000235243,0.0
OR13C1P,0.0
ENSG00000235251,0.0
EEF1A1P50,0.0
TMEM185AP1,0.0
FKBP4P7,0.0
NDUFB4P6,0.0
RPL5P28,0.0
RPL22P17,0.0
ENSG00000235267,0.0
ENSG00000235274,0.0
KRT18P16,0.0
ZNF652P1,0.0
DYNLL1P3,0.0
SNORD62A,0.0
ENSG00000235286,0.0
BRD7P6,0.0
HLA-W,0.0
RPL7AP25,0.0
FAUP1,0.0
MRPL53P1,0.0
HLA-Z,0.0
GAPDHP34,0.0
ENSG00000235308,0.0
GXYLT1P6,0.0
KRTAP19-10P,0.0
RPL23AP69,0.0
DUSP8P5,0.0
MTND4LP13,0.0
COTL1P2,0.0
SRSF3P5,0.0
RPL31P62,0.0
ENSG00000235329,0.0
RPL12P25,0.0
RPSAP76,0.0
PVRIG2P,0.0
BTG3P1,0.0
DUSP5P2,0.0
GEMIN2P2,0.0
TRNT1P2,0.0
ENSG00000235349,0.0
ENSG00000235350,0.0
SGCEP1,0.0
RPS29P16,0.0
SNRPGP10,0.0
SAPCD2P2,0.0
RPL36AP15,0.0
DNM1P51,0.0
ACO2P2,0.0
SSR4P1,0.0
ENSG00000235377,0.0
MRPS10P1,0.0
RPL7P31,0.0
MTND4P31,0.0
ENSG00000235386,0.0
ENSG00000235390,0.0
ENSG00000235400,0.0
SNORA71B,0.0
DRG1P1,0.0
KRT18P63,0.0
RPSAP24,0.0
TIPINP1,0.0
RPL29P30,0.0
ENSG00000235421,0.0
KATNBL1P3,0.0
SUMO2P10,0.0
RPS7P13,0.0
ENSG00000235429,0.0
ZSWIM5P1,0.0
ENSG00000235432,0.0
MTATP6P17,0.0
DPY19L2P4,0.0
ESRRAP2,0.0
RPS2P15,0.0
PSMB3P2,0.0
TRAPPC13P1,0.0
COX7CP2,0.0
PNPLA4P1,0.0
HAUS6P3,0.0
RPS26P31,0.0
TAB3P1,0.0
ENSG00000235463,0.0
RPL10AP5,0.0
MRPL50P4,0.0
EIF4A1P7,0.0
RAB9AP4,0.0
RPL21P135,0.0
ACO2P1,0.0
ANAPC1P6,0.0
DBF4P1,0.0
SNX19P2,0.0
CASP4LP,0.0
RPS2P7,0.0
ENSG00000235510,0.0
OFD1P18Y,0.0
LLPHP2,0.0
USP9YP27,0.0
MTCO1P23,0.0
FTLP1,0.0
FECHP1,0.0
MTND1P33,0.0
RPS11P1,0.0
ENSG00000235546,0.0
NDUFB11P1,0.0
HEBP2P1,0.0
EIF1P2,0.0
ANKRD26P2,0.0
RPL6P27,0.0
SRSF6P2,0.0
SUMO1P4,0.0
GUSBP17,0.0
NOP56P1,0.0
SNX18P14,0.0
RPS15AP37,0.0
ENSG00000235574,0.0
RPL38P5,0.0
ENSG00000235581,0.0
ENSG00000235582,0.0
ENSG00000235583,0.0
GAPDHP65,0.0
ENSG00000235592,0.0
ENSG00000235594,0.0
GAPDHP23,0.0
RRM2P4,0.0
POU5F1P3,0.0
ENSG00000235605,0.0
AK4P6,0.0
NSRP1P1,0.0
ST13P2,0.0
ENSG00000235617,0.0
FAM21EP,0.0
RPL36AP33,0.0
OR7E110P,0.0
KRT18P66,0.0
SNRPFP4,0.0
NUS1P1,0.0
MTND6P14,0.0
ENSG00000235639,0.0
ELOAP1,0.0
PTP4A1P5,0.0
RPL10P5,0.0
MTND1P2,0.0
MTFR2P2,0.0
MXRA5Y,0.0
G3BP1P1,0.0
ENSG00000235653,0.0
H3P6,0.0
RPL36P18,0.0
RPL21P40,0.0
ENSG00000235672,0.0
ENSG00000235673,0.0
LDHAP2,0.0
NPM1P26,0.0
OR5AN2P,0.0
ENSG00000235679,0.0
ENSG00000235681,0.0
ENSG00000235683,0.0
ENSG00000235685,0.0
PPIAP20,0.0
ENSG00000235689,0.0
CUBNP3,0.0
HIGD2AP2,0.0
PA2G4P2,0.0
CYCSP52,0.0
PCBP2P1,0.0
ENSG00000235705,0.0
CDCA7P2,0.0
ENSG00000235713,0.0
KRT18P46,0.0
GABPAP,0.0
ENSG00000235721,0.0
ENSG00000235729,0.0
OR2AF1P,0.0
HMGN1P36,0.0
RPL7AP72,0.0
TRIM60P19,0.0
ENSG00000235738,0.0
ENSG00000235742,0.0
CTBP2P2,0.0
SEPTIN14P12,0.0
ENSG00000235756,0.0
ARHGAP42P3,0.0
MTCO3P46,0.0
SNRPGP5,0.0
BRD7P5,0.0
ENSG00000235775,0.0
RPL7AP70,0.0
ENSG00000235778,0.0
HNRNPA1P29,0.0
RPL35AP8,0.0
MTND3P21,0.0
ENSG00000235797,0.0
MTCO2P23,0.0
ENSG00000235804,0.0
SOCS5P3,0.0
MYL6P2,0.0
ENSG00000235810,0.0
ENSG00000235811,0.0
ADAM21P1,0.0
PRELID1P3,0.0
ENSG00000235817,0.0
VN1R17P,0.0
IFITM4P,0.0
TUBB8P9,0.0
RPL36AP26,0.0
TBCAP2,0.0
CNN2P3,0.0
ENSG00000235833,0.0
KIF3AP1,0.0
HSP90AB7P,0.0
LDHAP7,0.0
OR7E145P,0.0
CTBP2P1,0.0
ENSG00000235859,0.0
ENSG00000235861,0.0
HSPA8P6,0.0
GAPDHP31,0.0
ENSG00000235869,0.0
ENSG00000235871,0.0
FEM1AP4,0.0
FAR1P1,0.0
PKMP2,0.0
ENSG00000235893,0.0
ENSG00000235895,0.0
CCSER2P1,0.0
ENSG00000235907,0.0
ENSG00000235912,0.0
MRPS18CP7,0.0
MTCO2P11,0.0
THRAP3P3,0.0
RPL13P14,0.0
ZNRF2P3,0.0
RPS29P15,0.0
TPT1P14,0.0
HSPE1P12,0.0
ENSG00000235932,0.0
RPL21P30,0.0
MTND1P21,0.0
ZNF815P,0.0
ENSG00000235945,0.0
H2BW3P,0.0
ENSG00000235951,0.0
CICP20,0.0
COX7CP1,0.0
ENSG00000235959,0.0
RPL7AP53,0.0
MCCD1P1,0.0
FXYD6P2,0.0
COX5BP3,0.0
FBXL12P1,0.0
CHEK2P4,0.0
VN2R19P,0.0
TPM2P1,0.0
H2BP8,0.0
ENSG00000235981,0.0
ENSG00000235988,0.0
RPL23AP20,0.0
ENSG00000235991,0.0
GRAMD4P2,0.0
ENSG00000235993,0.0
UBE2V1P6,0.0
TAAR7P,0.0
ENSG00000236004,0.0
ENSG00000236005,0.0
MTCO1P46,0.0
HIGD1AP12,0.0
TMX1P1,0.0
ENSG00000236018,0.0
ENSG00000236025,0.0
ENSG00000236026,0.0
NSA2P1,0.0
CHIAP1,0.0
COX6CP18,0.0
ENSG00000236042,0.0
FABP5P2,0.0
RPL13AP12,0.0
SSBL5P,0.0
GAPDHP14,0.0
RPL17P36,0.0
HSPB1P1,0.0
GSTM5P1,0.0
NT5ELP,0.0
SRSF2P1,0.0
ENSG00000236073,0.0
SLC6A14P1,0.0
SKP1P4,0.0
YAP1P2,0.0
OR13E1P,0.0
ACTG1P4,0.0
HMGN2P28,0.0
LDHAP3,0.0
BNIP3P2,0.0
ENSG00000236099,0.0
RAC1P7,0.0
PRELID3BP10,0.0
ENSG00000236108,0.0
OR2AM1P,0.0
RPL6P1,0.0
ENSG00000236114,0.0
ENSG00000236118,0.0
HAUS6P2,0.0
CEACAMP11,0.0
HMGN2P23,0.0
MED13P1,0.0
RPL17P52,0.0
ADORA2BP1,0.0
DUX4L26,0.0
ENSG00000236146,0.0
RPL23AP37,0.0
MRPS36P1,0.0
ZPLD2P,0.0
CHCHD4P3,0.0
RFC3P1,0.0
ENSG00000236159,0.0
ENSG00000236160,0.0
PRADC1P1,0.0
GAPDHP57,0.0
ENSG00000236168,0.0
RPL12P26,0.0
SSU72P6,0.0
PRAMEF35P,0.0
ENSG00000236180,0.0
ENOPH1P1,0.0
TCEA1P4,0.0
HNRNPDLP3,0.0
GJA6P,0.0
RPL18AP15,0.0
ENSG00000236190,0.0
RPS15AP25,0.0
MRM3P2,0.0
ENSG00000236205,0.0
MTCO1P7,0.0
PPP1R11P1,0.0
C1DP2,0.0
VEZF1P1,0.0
MTCYBP24,0.0
ENSG00000236235,0.0
ENSG00000236238,0.0
DDX5P1,0.0
RPL6P29,0.0
ENSG00000236246,0.0
TMEM258P1,0.0
ENSG00000236252,0.0
SLC25A3P1,0.0
MTND4P14,0.0
EI24P2,0.0
TIMM8BP1,0.0
PPIAP64,0.0
ENSG00000236261,0.0
RPL26P30,0.0
ENSG00000236274,0.0
NIPA2P5,0.0
PEBP1P3,0.0
NDUFB9P2,0.0
VN1R31P,0.0
NPM1P8,0.0
EEF1GP7,0.0
GUSBP5,0.0
EEF1A1P23,0.0
MTND4LP12,0.0
EEF1E1P1,0.0
RPL34P34,0.0
VN1R53P,0.0
OR7E109P,0.0
ENSG00000236317,0.0
ENSG00000236319,0.0
BMP6P1,0.0
RPL32P5,0.0
ENSG00000236327,0.0
RPL5P9,0.0
POM121L13P,0.0
EI24P4,0.0
PSMC1P10,0.0
SUCLG2P2,0.0
EI24P1,0.0
OR51B8P,0.0
RRAS2P1,0.0
EIF3MP1,0.0
POU5F1P5,0.0
ZNF736P4Y,0.0
VENTXP7,0.0
KRTAP10-13P,0.0
ENSG00000236386,0.0
ENSG00000236391,0.0
ENSG00000236395,0.0
DDX11L2,0.0
KRTAP21-4P,0.0
SLC4A1APP2,0.0
UBQLN1P1,0.0
HMGB1P18,0.0
NRADDP,0.0
NDUFAF4P3,0.0
ENSG00000236413,0.0
CTSLP1,0.0
CHCHD3P1,0.0
RPL31P64,0.0
GPM6BP2,0.0
KRT8P29,0.0
ENSG00000236431,0.0
RPL37P21,0.0
TSPY12P,0.0
FAM157A,0.0
RPS27P8,0.0
COPRSP1,0.0
ANKRD54P1,0.0
ENSG00000236450,0.0
DENRP1,0.0
HNRNPA1P22,0.0
SNX2P2,0.0
EEF1A1P44,0.0
KRT43P,0.0
GCNT1P1,0.0
TRIM26BP,0.0
ENSG00000236476,0.0
RPS24P1,0.0
ENSG00000236478,0.0
PKMP1,0.0
MTND2P40,0.0
RRM2P2,0.0
ENSG00000236487,0.0
RPL34P10,0.0
ENSG00000236491,0.0
EIF2S2P3,0.0
GPS2P1,0.0
CD24P1,0.0
TRPC6P8,0.0
ENSG00000236504,0.0
ENSG00000236505,0.0
RPL21P133,0.0
RPL29P1,0.0
KLF2P4,0.0
NPAP1P4,0.0
NPM1P40,0.0
ARF4P2,0.0
KPNA2P1,0.0
RPS12P4,0.0
H3P36,0.0
ZNF863P,0.0
HNRNPA1P54,0.0
VN2R9P,0.0
MED28P7,0.0
RPS27AP7,0.0
ENSG00000236550,0.0
RPL13AP5,0.0
ASNSP3,0.0
ENSG00000236555,0.0
IFITM3P1,0.0
YWHAQP5,0.0
HNRNPA3P5,0.0
TCF3P1,0.0
HNRNPA1P73,0.0
RAD23BP1,0.0
ENSG00000236571,0.0
ENSG00000236574,0.0
ENSG00000236576,0.0
SNRPGP14,0.0
RPL36P13,0.0
PRPF38AP2,0.0
ENSG00000236583,0.0
MTATP6P4,0.0
S100A11P2,0.0
RPS27AP14,0.0
MED15P5,0.0
CRLF3P1,0.0
ELOCP26,0.0
RANP1,0.0
LYPLA2P3,0.0
ENSG00000236606,0.0
EEF1DP8,0.0
EIF4A1P6,0.0
SOCS5P1,0.0
KRTAP19-11P,0.0
ENSG00000236615,0.0
BAK1P2,0.0
XKRYP3,0.0
MTND5P17,0.0
UBA5P1,0.0
ENSG00000236638,0.0
LAMTOR5P1,0.0
ENSG00000236647,0.0
ENSG00000236654,0.0
SLC6A14P3,0.0
RPL27AP3,0.0
KRT18P5,0.0
ENSG00000236674,0.0
MTX1LP,0.0
RPL23AP24,0.0
PSMC3P1,0.0
DSTNP5,0.0
HMGA1P1,0.0
BZW1P1,0.0
MTCO2P21,0.0
ENSG00000236690,0.0
NDUFA4P2,0.0
MTCO1P10,0.0
HNRNPA1P47,0.0
EIF1AXP1,0.0
ENSG00000236701,0.0
CNOT4P1,0.0
ENSG00000236710,0.0
ENSG00000236712,0.0
ENSG00000236713,0.0
RBMY2QP,0.0
RPL27P9,0.0
ENSG00000236731,0.0
RPL21P137,0.0
RPL31P63,0.0
UQCRC2P1,0.0
CLIC4P1,0.0
ENSG00000236741,0.0
YRDCP2,0.0
ENSG00000236748,0.0
ENSG00000236750,0.0
RPL19P16,0.0
TRMT112P4,0.0
COX7A2P2,0.0
RPL17P16,0.0
ENSG00000236770,0.0
ENSG00000236773,0.0
ENSG00000236775,0.0
RPL21P23,0.0
ENSG00000236777,0.0
ENSG00000236779,0.0
RPS15AP27,0.0
SDR42E1P5,0.0
TSPY15P,0.0
OR2AI1P,0.0
ENSG00000236792,0.0
BCRP8,0.0
ENSG00000236796,0.0
SPA17P1,0.0
RPL24P8,0.0
SDAD1P4,0.0
RPS3AP12,0.0
RPL7AP15,0.0
ENSG00000236807,0.0
SNX25P1,0.0
GAPDHP2,0.0
BTF3P8,0.0
ENSG00000236814,0.0
ANKRD20A7P,0.0
ARL5AP2,0.0
RAB28P2,0.0
ENSG00000236829,0.0
YME1L1P1,0.0
CBY1P1,0.0
RPL24P6,0.0
ENSG00000236847,0.0
RPL23AP95,0.0
SSBL2P,0.0
OR2R1P,0.0
RAP1BP1,0.0
RPL39P29,0.0
RPS20P24,0.0
RPL23AP23,0.0
ENSG00000236867,0.0
POMPP1,0.0
PPIAP36,0.0
DDX11L5,0.0
TMSB4XP1,0.0
SETD6P1,0.0
MTATP6P26,0.0
RPS26P57,0.0
ENSG00000236887,0.0
RPS20P5,0.0
ENSG00000236890,0.0
ASS1P7,0.0
TIMM9P1,0.0
ENSG00000236905,0.0
ENSG00000236907,0.0
OR2P1P,0.0
RPS13P3,0.0
DNAJA1P2,0.0
PHKG1P3,0.0
ENSG00000236928,0.0
RPL35AP37,0.0
SDHDP4,0.0
CEACAMP8,0.0
PTGES3P4,0.0
ENSG00000236940,0.0
ENSG00000236941,0.0
ENSG00000236942,0.0
MIX23P2,0.0
HNRNPA1P70,0.0
NF1P8,0.0
ENSG00000236957,0.0
SULT1D1P,0.0
ENSG00000236960,0.0
OR52N3P,0.0
ENSG00000236966,0.0
GGT8P,0.0
FABP5P1,0.0
GAPDHP51,0.0
RPL6P20,0.0
ENSG00000236978,0.0
BLOC1S2P1,0.0
NDUFA5P8,0.0
CTDSPL2P1,0.0
RPL12P12,0.0
GAPDHP21,0.0
YBX1P9,0.0
ENSG00000236998,0.0
PTMAP6,0.0
RPL36AP11,0.0
ZNRF2P1,0.0
HIGD1AP15,0.0
KRT18P52,0.0
LAPTM4BP1,0.0
LRRFIP2P1,0.0
ENSG00000237016,0.0
USP9YP3,0.0
RPL21P33,0.0
PARD6BP1,0.0
ENSG00000237026,0.0
RPSAP7,0.0
CASP3P1,0.0
RPS28P4,0.0
DPH3P2,0.0
RPL27P8,0.0
MICG,0.0
RPL34P1,0.0
FUCA1P1,0.0
MTCO1P48,0.0
EIF3IP1,0.0
NANOGP4,0.0
RPL5P2,0.0
ENSG00000237072,0.0
RPL38P2,0.0
COX5BP6,0.0
RPL31P42,0.0
ENSG00000237085,0.0
RPL7AP48,0.0
PCNPP4,0.0
MKRN8P,0.0
GYG1P2,0.0
FABP5P15,0.0
RPL36AP5,0.0
RPL21P111,0.0
ENSG00000237115,0.0
CYP2F2P,0.0
PIEZO1P2,0.0
MTND2P11,0.0
ENSG00000237127,0.0
MTCYBP34,0.0
MRPS6P2,0.0
ENSG00000237131,0.0
DDX10P1,0.0
ENSG00000237137,0.0
RPS26P41,0.0
HSPE1P16,0.0
DNAJC19P1,0.0
HIGD1AP2,0.0
MCFD2P1,0.0
ENSG00000237158,0.0
ENSG00000237160,0.0
ENSG00000237161,0.0
RPS20P9,0.0
ENSG00000237163,0.0
SLC25A15P2,0.0
RPL12P27,0.0
RPS7P15,0.0
ENSG00000237171,0.0
ENSG00000237173,0.0
NME1P1,0.0
ENSG00000237176,0.0
H3P7,0.0
CYP46A4P,0.0
ENSG00000237182,0.0
KRTAP9-10P,0.0
VN1R66P,0.0
RPS8P5,0.0
ENSG00000237193,0.0
SNAI1P1,0.0
DLGAP5P1,0.0
BNIP3P43,0.0
RPL7P34,0.0
IMPDH1P4,0.0
RBM17P3,0.0
ENSG00000237210,0.0
SETP4,0.0
RPL23AP22,0.0
RPS9P2,0.0
DEFB131D,0.0
ENSG00000237217,0.0
SULT1C5P,0.0
OR13K1P,0.0
RPS3AP39,0.0
ENSG00000237227,0.0
KRTAP2-5P,0.0
ENSG00000237236,0.0
BMS1P10,0.0
BTF3P15,0.0
ENSG00000237249,0.0
ENSG00000237251,0.0
MMADHCP1,0.0
PGAM3P,0.0
MTND2P8,0.0
PPIAP67,0.0
Metazoa_SRP,0.0
MAPK6P3,0.0
FTH1P11,0.0
ENSG00000237265,0.0
ENSG00000237268,0.0
RBMY2TP,0.0
OR51R1P,0.0
RSL24D1P8,0.0
GTF3AP1,0.0
S100A11P10,0.0
ANO7L1,0.0
RLIMP2,0.0
H3P2,0.0
HNRNPA1P2,0.0
EIF4BP9,0.0
SMG1P1,0.0
ENSG00000237297,0.0
ENSG00000237299,0.0
MTCO1P19,0.0
OFD1P11Y,0.0
HIGD1AP8,0.0
HSPE1P22,0.0
SRRM1P3,0.0
ENSG00000237308,0.0
MTND2P6,0.0
RPL12P39,0.0
ENSG00000237317,0.0
ENSG00000237319,0.0
RPL7L1P10,0.0
ENSG00000237323,0.0
MTRES1P2,0.0
ENSG00000237329,0.0
ENSG00000237345,0.0
RPL28P6,0.0
ENSG00000237349,0.0
CDC42P6,0.0
ITPK1P1,0.0
OR52S1P,0.0
ENSG00000237358,0.0
CHCHD4P2,0.0
ENSG00000237363,0.0
CBX1P3,0.0
NT5DC1P1,0.0
RPL21P121,0.0
CNN2P11,0.0
HLA-DPA3,0.0
NDUFA9P1,0.0
ART2BP,0.0
ENSG00000237409,0.0
NRBF2P3,0.0
XRCC6P1,0.0
ENSG00000237418,0.0
RPSAP2,0.0
ZIK1P1,0.0
TOMM22P1,0.0
ASH2LP2,0.0
RPS7P12,0.0
RPSAP11,0.0
ENSG00000237434,0.0
ASS1P12,0.0
ENSG00000237439,0.0
HNRNPA1P57,0.0
OR13D2P,0.0
ENSG00000237444,0.0
RHEBP3,0.0
CDC27P2,0.0
TAAR4P,0.0
RPL23AP71,0.0
CDK2AP2P2,0.0
ID2B,0.0
TUBB4BP3,0.0
MTCO3P41,0.0
USP9YP35,0.0
TUBB8P10,0.0
DCLRE1CP1,0.0
ATP5PFP2,0.0
RPL7P53,0.0
ENSG00000237478,0.0
RPS27AP8,0.0
VN1R48P,0.0
RPS27AP17,0.0
OR2L9P,0.0
ENSG00000237493,0.0
MMACHCP1,0.0
ENSG00000237503,0.0
RPSAP15,0.0
GPAT2P1,0.0
PTP4A1P7,0.0
NONOP2,0.0
UQCR10P1,0.0
ENSG00000237539,0.0
RPL36AP36,0.0
MTCO3P17,0.0
XKRYP6,0.0
RPS6P3,0.0
ENSG00000237550,0.0
RPL21P74,0.0
ENSG00000237553,0.0
ENSG00000237555,0.0
YWHABP1,0.0
CDY7P,0.0
CD24P5,0.0
TUBAP1,0.0
ENSG00000237572,0.0
PYY2,0.0
GCSHP3,0.0
RPL34P8,0.0
RAC1P4,0.0
ENSG00000237586,0.0
HMGN1P32,0.0
RPL17P24,0.0
ENSG00000237601,0.0
HMGB3P12,0.0
ENSG00000237606,0.0
OR4C50P,0.0
Metazoa_SRP,0.0
USP9YP32,0.0
ENSG00000237617,0.0
BTBD7P2,0.0
OR3B1P,0.0
GCNT1P5,0.0
OR9A1P,0.0
ELOCP18,0.0
NICN2P,0.0
OXCT2P1,0.0
MTCO2P19,0.0
UQCRHP2,0.0
NIFKP9,0.0
PARK7P2,0.0
S100A11P1,0.0
DUX4L29,0.0
ANKRD26P3,0.0
ENSG00000237639,0.0
RPL28P2,0.0
HMGB3P5,0.0
TMEM229BP1,0.0
OR11Q1P,0.0
PERPP1,0.0
RNASEH2CP1,0.0
TNIP2P1,0.0
SOCS2P1,0.0
DNAJC19P7,0.0
ENSG00000237666,0.0
RPS15AP38,0.0
ENSG00000237669,0.0
KRR1P1,0.0
GSTA7P,0.0
RPL30P4,0.0
VDAC1P11,0.0
PRKCIP1,0.0
RPSAP35,0.0
IFNWP2,0.0
ATP5PFP1,0.0
MSL3P3,0.0
TRIM51EP,0.0
SPIN2P1,0.0
EEF1A1P28,0.0
MTCO3P11,0.0
ENSG00000237717,0.0
NUDT5P1,0.0
MTND1P29,0.0
RPS27P17,0.0
RPS5P8,0.0
RNGTTP1,0.0
CT75,0.0
NPAP1P3,0.0
FBP2P1,0.0
RPL22P8,0.0
ZNF101P1,0.0
EIF3JP3,0.0
UQCRBP1,0.0
RPS27P9,0.0
NCKAP1P1,0.0
ENSG00000237754,0.0
EEF1A1P30,0.0
BANF1P3,0.0
GGTA2P,0.0
SPATA31D2P,0.0
ENSG00000237774,0.0
PLLPP1,0.0
ENSG00000237783,0.0
RPS20P12,0.0
GLYR1P1,0.0
RPL18AP16,0.0
CICP11,0.0
AMD1P2,0.0
HNRNPA1P39,0.0
FAUP2,0.0
ENSG00000237810,0.0
RPL21P109,0.0
RPS3AP29,0.0
ST13P7,0.0
CDY19P,0.0
RPL23AP33,0.0
RPS15AP29,0.0
PA2G4P1,0.0
ETS2P1,0.0
ENSG00000237835,0.0
FAM21FP,0.0
KRTAP19-9P,0.0
SMU1P1,0.0
ENSG00000237846,0.0
ENSG00000237848,0.0
NFYAP1,0.0
GOLGA6L24,0.0
LINC00674,0.0
EEF1A1P31,0.0
SLC6A14P2,0.0
ENSG00000237861,0.0
ENSG00000237868,0.0
POU5F1P4,0.0
DLGAP5P2,0.0
ENSG00000237875,0.0
AKR1B1P4,0.0
PPIAP13,0.0
ENSG00000237885,0.0
RPL23AP32,0.0
RPL29P31,0.0
UBE2V1P16,0.0
MATR3P3,0.0
ENSG00000237901,0.0
TSPY21P,0.0
ENSG00000237904,0.0
MUPP,0.0
MTCO1P18,0.0
SRP68P3,0.0
FTLP19,0.0
RPL37P12,0.0
PARP4P1,0.0
ENSG00000237920,0.0
ENSG00000237922,0.0
RPL21P112,0.0
ENSG00000237926,0.0
RPL31P3,0.0
RPL31P14,0.0
CLIC4P3,0.0
ENSG00000237936,0.0
IDI1P1,0.0
MTATP6P20,0.0
PPIL1P1,0.0
RPL7AP73,0.0
RPS13P5,0.0
ENSG00000237955,0.0
TRIAP1P1,0.0
RPL36AP10,0.0
ENSG00000237961,0.0
PRXL2CP1,0.0
RAD52P1,0.0
ENSG00000237968,0.0
TMEM161BP1,0.0
ENSG00000237971,0.0
TUBG1P,0.0
MTCO1P12,0.0
ENSG00000237974,0.0
EIF4HP2,0.0
DNAJB12P1,0.0
CDC42P7,0.0
PTENP1,0.0
RPL35P1,0.0
RCC2P2,0.0
ACTG1P19,0.0
PSME2P1,0.0
SNRPCP1,0.0
NPAP1P6,0.0
RPL10P4,0.0
COX6CP10,0.0
ENSG00000238013,0.0
ENSG00000238015,0.0
ODAD2P1,0.0
DDX39BP2,0.0
ZDHHC4P1,0.0
TMEM38BP1,0.0
RALBP1P2,0.0
S100A11P5,0.0
OOSP1P1,0.0
ATP6V0E1P3,0.0
SALL4P2,0.0
TMEM230P2,0.0
MTND5P22,0.0
MTND1P30,0.0
ART2P,0.0
ENSG00000238049,0.0
ISCUP1,0.0
RPL36AP24,0.0
HSPE1P21,0.0
ENSG00000238061,0.0
LRRC57P1,0.0
ENSG00000238066,0.0
XKRYP1,0.0
RPLP0P7,0.0
CDC26P1,0.0
RBMY2HP,0.0
RPSAP32,0.0
MRPL48P1,0.0
NMNAT1P3,0.0
ENSG00000238079,0.0
ENSG00000238081,0.0
NUDCP2,0.0
ENSG00000238084,0.0
ENSG00000238085,0.0
PPP1R26P1,0.0
FMO8P,0.0
OFD1P7Y,0.0
ENSG00000238090,0.0
CEACAMP6,0.0
ENSG00000238094,0.0
ABCA17P,0.0
RPL9P7,0.0
GOLGA2P5,0.0
ENSG00000238108,0.0
RNF14P3,0.0
ENSG00000238110,0.0
RPS13P4,0.0
RAD21P1,0.0
SLC25A24P2,0.0
SLC9A3P2,0.0
GOLM2P1,0.0
USP9YP10,0.0
ARPC3P2,0.0
ENSG00000238138,0.0
ENSG00000238139,0.0
TRPC6P4,0.0
TUBAP8,0.0
ENSG00000238149,0.0
ENSG00000238150,0.0
MLLT10P1,0.0
OR7E140P,0.0
ENSG00000238153,0.0
USP9YP4,0.0
OR7E117P,0.0
ENSG00000238162,0.0
ENSG00000238165,0.0
ENSG00000238166,0.0
IFITM3P5,0.0
RPS2P35,0.0
RPL39P6,0.0
RPL21P34,0.0
AHCYP2,0.0
RPS27P5,0.0
SPRING1P2,0.0
HMGB1P15,0.0
CLUHP1,0.0
HADHBP1,0.0
UBE2V2P3,0.0
MGAT2P2,0.0
POLR2LP1,0.0
TARDBPP2,0.0
ENSG00000238215,0.0
ENSG00000238220,0.0
ENSG00000238223,0.0
CRIP1P2,0.0
OR7E7P,0.0
ENSG00000238231,0.0
TSPY11P,0.0
MTCYBP14,0.0
CCR12P,0.0
GABARAPL3,0.0
MYO5BP2,0.0
RDXP3,0.0
HMGN2P17,0.0
NSA2P7,0.0
ENSG00000238254,0.0
MTND5P20,0.0
ENSG00000238257,0.0
PHF5AP5,0.0
RPL21P88,0.0
CENPPP1,0.0
IFNWP19,0.0
HOMER2P2,0.0
ALG1L6P,0.0
TBC1D3P1,0.0
MRPL50P2,0.0
SLC35E1P1,0.0
MTND3P23,0.0
ENSG00000238295,0.0
U3,0.0
SNORD121B,0.0
RNU7-120P,0.0
RNU7-50P,0.0
SNORD13E,0.0
ENSG00000238316,0.0
SNORD11,0.0
RN7SKP198,0.0
ENSG00000238326,0.0
SNORD126,0.0
RNU7-148P,0.0
SNORA13,0.0
RNU7-140P,0.0
RNU7-57P,0.0
Y_RNA,0.0
MIR2113,0.0
RNU7-103P,0.0
ENSG00000238371,0.0
ENSG00000238372,0.0
RNU7-180P,0.0
RNA5SP103,0.0
RNU7-165P,0.0
RNU6-1211P,0.0
RNU7-48P,0.0
ENSG00000238387,0.0
ENSG00000238390,0.0
RNA5SP233,0.0
MIR2053,0.0
RNA5SP311,0.0
RNU7-171P,0.0
ENSG00000238410,0.0
RNU7-63P,0.0
RNU7-186P,0.0
RNU6-437P,0.0
SNORD42B,0.0
Y_RNA,0.0
RNU7-136P,0.0
RNU7-157P,0.0
ENSG00000238440,0.0
RNU7-130P,0.0
Y_RNA,0.0
RNU6-893P,0.0
RNU7-38P,0.0
RNU7-134P,0.0
RNU7-144P,0.0
RNU6-1014P,0.0
RNU7-169P,0.0
RNU7-14P,0.0
RNU6-498P,0.0
RNU6-1208P,0.0
ENSG00000238485,0.0
RNU6-749P,0.0
Y_RNA,0.0
RNU6-221P,0.0
SNORD13P1,0.0
RNU7-87P,0.0
SNORD18,0.0
RNU6-104P,0.0
Y_RNA,0.0
MIR1270,0.0
U8,0.0
RNU7-107P,0.0
RNU6-599P,0.0
SNORD105B,0.0
RNU7-93P,0.0
RNU7-104P,0.0
RNU6-1193P,0.0
RNU1-88P,0.0
RNU7-21P,0.0
Y_RNA,0.0
RNU6ATAC28P,0.0
RNU7-159P,0.0
ENSG00000238570,0.0
ENSG00000238575,0.0
SNORD4A,0.0
RNU7-167P,0.0
Y_RNA,0.0
RNU7-54P,0.0
ENSG00000238594,0.0
SNORD4B,0.0
RNU7-7P,0.0
RNU7-94P,0.0
RNU7-26P,0.0
RNU6-300P,0.0
RNU6-775P,0.0
SNORD97,0.0
RNA5SP489,0.0
ENSG00000238628,0.0
RNU7-126P,0.0
ENSG00000238645,0.0
SNORD42A,0.0
SNORD54,0.0
RNU7-62P,0.0
RNU6-625P,0.0
RNU6-333P,0.0
RNU6-1037P,0.0
ENSG00000238685,0.0
ENSG00000238694,0.0
RNU6-261P,0.0
RNU7-147P,0.0
RNU7-97P,0.0
MIR1976,0.0
ENSG00000238707,0.0
RNU7-56P,0.0
RNY4P25,0.0
Y_RNA,0.0
RNU7-96P,0.0
RNU7-194P,0.0
Y_RNA,0.0
ENSG00000238724,0.0
MIR1972-1,0.0
RNU7-164P,0.0
RNU7-90P,0.0
RNU7-113P,0.0
SCARNA7,0.0
ENSG00000238745,0.0
Y_RNA,0.0
RNU7-27P,0.0
SCARNA18B,0.0
RNU7-155P,0.0
ENSG00000238761,0.0
ENSG00000238764,0.0
RNA5SP57,0.0
RNU7-141P,0.0
RNU7-80P,0.0
RNU7-9P,0.0
Y_RNA,0.0
RNU7-92P,0.0
RNU7-182P,0.0
RNU7-152P,0.0
SNORD124,0.0
SCARNA12,0.0
Y_RNA,0.0
ENSG00000238804,0.0
RNU7-102P,0.0
RNU7-127P,0.0
Y_RNA,0.0
ENSG00000238819,0.0
RNVU1-2,0.0
RNU7-45P,0.0
RNU7-46P,0.0
ENSG00000238832,0.0
RNU1-131P,0.0
SCARNA18,0.0
U8,0.0
RNU7-106P,0.0
Y_RNA,0.0
ENSG00000238854,0.0
SNORD19B,0.0
RN7SKP210,0.0
RNU7-59P,0.0
RNU6-329P,0.0
RNU7-85P,0.0
SNORD121A,0.0
RNU1-80P,0.0
ENSG00000238901,0.0
ENSG00000238902,0.0
RNU7-34P,0.0
ENSG00000238906,0.0
RNA5SP484,0.0
Y_RNA,0.0
RNU7-196P,0.0
SNORD10,0.0
RNU7-1,0.0
RNU7-82P,0.0
Y_RNA,0.0
Y_RNA,0.0
ENSG00000238934,0.0
SNORD65B,0.0
RNU6-953P,0.0
SNORD2,0.0
Y_RNA,0.0
RNU7-66P,0.0
RNU7-173P,0.0
RNU7-19P,0.0
SNORA47,0.0
RNU7-176P,0.0
U8,0.0
RNU7-125P,0.0
RNA5SP351,0.0
ENSG00000238966,0.0
RNU7-133P,0.0
RNU7-187P,0.0
RNU6-420P,0.0
SCARNA10,0.0
RNU7-88P,0.0
ENSG00000239005,0.0
RNU7-95P,0.0
ENSG00000239008,0.0
RNU7-74P,0.0
SNORD108,0.0
RNA5SP246,0.0
RNU1-98P,0.0
RNU6-956P,0.0
SNORD13D,0.0
SNORD13,0.0
Y_RNA,0.0
ENSG00000239041,0.0
SNORD127,0.0
RNU7-138P,0.0
MIR500B,0.0
Y_RNA,0.0
RNU6-274P,0.0
RNU7-55P,0.0
ENSG00000239079,0.0
ENSG00000239080,0.0
RNU7-24P,0.0
RNU7-170P,0.0
ENSG00000239093,0.0
ENSG00000239096,0.0
RNU7-23P,0.0
RNU7-185P,0.0
RNU7-73P,0.0
Y_RNA,0.0
RNU6-1132P,0.0
SNORD123,0.0
RNU7-67P,0.0
MIR1972-2,0.0
RNU7-119P,0.0
RNU2-11P,0.0
SNORD125,0.0
SNORD13P3,0.0
ENSG00000239129,0.0
ENSG00000239137,0.0
U8,0.0
Y_RNA,0.0
U8,0.0
SNORA59A,0.0
RNU7-195P,0.0
RNA5SP310,0.0
ENSG00000239153,0.0
RNU7-197P,0.0
SNORD109B,0.0
RNU6-1218P,0.0
Y_RNA,0.0
ENSG00000239182,0.0
SNORA84,0.0
RNA5SP269,0.0
RNU7-190P,0.0
RNU6-634P,0.0
RNU6-717P,0.0
RNU1-123P,0.0
SNORD5,0.0
ENSG00000239197,0.0
RPL5P22,0.0
RPL21P6,0.0
RPL22P20,0.0
RPL21P106,0.0
RN7SL499P,0.0
ENSG00000239203,0.0
GAPDHP39,0.0
RPS26P55,0.0
RN7SL563P,0.0
RPL6P7,0.0
RPL27P12,0.0
RPS20P22,0.0
RN7SL442P,0.0
RPL34P31,0.0
RN7SL546P,0.0
MRPS17P3,0.0
ENSG00000239227,0.0
RN7SL578P,0.0
MEMO1P3,0.0
ENSG00000239246,0.0
RN7SL589P,0.0
RN7SL757P,0.0
RN7SL271P,0.0
RPS4XP23,0.0
MSL3P2,0.0
RPL29P34,0.0
RPL35AP35,0.0
RPL23AP1,0.0
RPL31P41,0.0
RBM43P1,0.0
RPSAP4,0.0
RPL21P10,0.0
RN7SL184P,0.0
DBTP1,0.0
RPS29P2,0.0
BRD7P7,0.0
ENSG00000239291,0.0
OR9P1P,0.0
DNM1P48,0.0
RPL19P13,0.0
RN7SL11P,0.0
RPL35AP17,0.0
RN7SL854P,0.0
RPS29P26,0.0
ENSG00000239323,0.0
ENSG00000239327,0.0
RN7SL658P,0.0
ENSG00000239344,0.0
HNRNPA1P26,0.0
CCDC137P2,0.0
NPM1P29,0.0
RPS17P15,0.0
RN7SL309P,0.0
RPS26P49,0.0
RN7SL477P,0.0
ENSG00000239374,0.0
VPS51P4,0.0
RN7SL87P,0.0
ENSG00000239392,0.0
ENSG00000239393,0.0
RN7SL414P,0.0
RPL13AP21,0.0
RN7SL342P,0.0
CYP4F62P,0.0
TMED10P2,0.0
ENSG00000239408,0.0
RPL21P71,0.0
RPS27P23,0.0
RN7SL535P,0.0
OR8F1P,0.0
GM2AP2,0.0
VPS51P6,0.0
KCNMB3P1,0.0
RN7SL752P,0.0
RPS26P48,0.0
RFKP2,0.0
PABPC1P10,0.0
PTPN11P1,0.0
RN7SL691P,0.0
RPL21P15,0.0
RN7SL552P,0.0
RN7SL569P,0.0
RPL21P97,0.0
RN7SL584P,0.0
RN7SL221P,0.0
RPL7P38,0.0
RPS3AP41,0.0
RPS15AP16,0.0
ENSG00000239486,0.0
RPS4XP18,0.0
RN7SL333P,0.0
MARK2P8,0.0
RN7SL583P,0.0
RPL9P5,0.0
FLYWCH1P1,0.0
ENSG00000239517,0.0
RPL32P34,0.0
RPL30P5,0.0
RPS23P7,0.0
RPS14P8,0.0
RPL21P45,0.0
GOLGA2P2Y,0.0
HMGN1P20,0.0
RN7SL399P,0.0
ENSG00000239544,0.0
RN7SL822P,0.0
RN7SL843P,0.0
RN7SL12P,0.0
RN7SL841P,0.0
UPK3BL3P,0.0
PPP2R5CP,0.0
RPL37P2,0.0
RN7SL479P,0.0
MTCO3P47,0.0
SETP11,0.0
COX6CP14,0.0
RN7SL388P,0.0
RN7SL325P,0.0
RN7SL675P,0.0
MTND1P16,0.0
RN7SL79P,0.0
ENSG00000239600,0.0
RPL35AP16,0.0
RN7SL573P,0.0
HMGN1P7,0.0
ENSG00000239615,0.0
RPL32P27,0.0
ENSG00000239622,0.0
RN7SL241P,0.0
RPSAP41,0.0
RPL12P20,0.0
MTND4LP3,0.0
RN7SL62P,0.0
MTND1P3,0.0
MYADML,0.0
GUSBP4,0.0
RPL9P31,0.0
ENSG00000239670,0.0
ENSG00000239671,0.0
RN7SL193P,0.0
RPL7AP67,0.0
PTGER4P3,0.0
ENSG00000239686,0.0
RPL17P46,0.0
RN7SL668P,0.0
RPSAP38,0.0
ENSG00000239696,0.0
HNRNPA3P8,0.0
ENSG00000239701,0.0
RN7SL507P,0.0
RN7SL568P,0.0
CRADDP1,0.0
RN7SL782P,0.0
RN7SL692P,0.0
ENSG00000239719,0.0
IMP3P2,0.0
RN7SL688P,0.0
RN7SL825P,0.0
CEACAMP3,0.0
RN7SL672P,0.0
RN7SL63P,0.0
RN7SL790P,0.0
RN7SL795P,0.0
RPL21P118,0.0
RPLP0P11,0.0
RPL27AP9,0.0
CDRT15P5,0.0
ENSG00000239793,0.0
RN7SL653P,0.0
RPL21P39,0.0
RPS24P9,0.0
PSMG3P2,0.0
RN7SL255P,0.0
ENSG00000239809,0.0
RN7SL213P,0.0
RN7SL513P,0.0
RN7SL754P,0.0
Y_RNA,0.0
RN7SL549P,0.0
SUGT1P3,0.0
KRT8P25,0.0
RPS4XP22,0.0
RNF7P1,0.0
PARLP1,0.0
RPL23AP72,0.0
RN7SL225P,0.0
RPL21P96,0.0
RN7SL34P,0.0
RPL21P55,0.0
RPL35AP19,0.0
GAPDHP27,0.0
RALBP1P1,0.0
RPS27P25,0.0
PARGP1,0.0
RN7SL608P,0.0
RN7SL792P,0.0
ZNF736P9Y,0.0
RN7SL674P,0.0
RN7SL75P,0.0
RN7SL530P,0.0
RPL39P36,0.0
RPS10P16,0.0
SNRPGP3,0.0
RN7SL864P,0.0
RPL29P22,0.0
PRDX3P4,0.0
RN7SL606P,0.0
RPSAP34,0.0
RN7SL394P,0.0
RN7SL368P,0.0
RN7SL273P,0.0
RN7SL51P,0.0
ENPP7P2,0.0
RN7SL748P,0.0
OR2A41P,0.0
ENSG00000239969,0.0
OR7E53P,0.0
OR2A15P,0.0
RPL31P31,0.0
RN7SL420P,0.0
ENSG00000239985,0.0
ENSG00000239986,0.0
RPL31P60,0.0
ENSG00000239989,0.0
TPT1P11,0.0
FCF1P3,0.0
YBX1P3,0.0
RPL7P24,0.0
RN7SL254P,0.0
RPLP0P3,0.0
SNHG33,0.0
RPS27P24,0.0
OR9A3P,0.0
MTND6P6,0.0
ENSG00000240036,0.0
RPS27P26,0.0
RPS3AP32,0.0
DDX50P2,0.0
RPL23AP10,0.0
ENSG00000240052,0.0
ARGFXP1,0.0
RPL21P42,0.0
GPAA1P1,0.0
RPL9P30,0.0
RPS3AP22,0.0
MTND4LP10,0.0
RPSAP12,0.0
BMS1P3,0.0
ENSG00000240096,0.0
MTERF1P1,0.0
RN7SL351P,0.0
RPL36P15,0.0
ENSG00000240103,0.0
RN7SL146P,0.0
SSX2IPP1,0.0
NCOR1P1,0.0
RN7SL303P,0.0
RPS27P20,0.0
FABP5P11,0.0
RPL23AP75,0.0
KRT18P43,0.0
ENSG00000240131,0.0
ETF1P2,0.0
PSMD12P1,0.0
EEF1GP4,0.0
RN7SL826P,0.0
COX6CP6,0.0
RPL6P16,0.0
RN7SL263P,0.0
RPL36AP44,0.0
RPS7P7,0.0
RN7SL771P,0.0
ENSG00000240174,0.0
RPL26P3,0.0
RPL12P28,0.0
RN7SL297P,0.0
RN7SL633P,0.0
RN7SL621P,0.0
CYMP,0.0
ENSG00000240197,0.0
RN7SL520P,0.0
ENSG00000240201,0.0
RN7SL223P,0.0
RN7SL567P,0.0
RN7SL865P,0.0
RPL7AP5,0.0
CPHL1P,0.0
ZNF542P,0.0
RPS27P29,0.0
RN7SL587P,0.0
RN7SL794P,0.0
HNRNPA1P23,0.0
RPL21P78,0.0
RPL21P117,0.0
GAPDHP33,0.0
RPL32P8,0.0
RN7SL541P,0.0
FAR2P3,0.0
PSMC1P6,0.0
H1-8P1,0.0
MOXD2P,0.0
RPL12P37,0.0
RPL29P18,0.0
TCAM1P,0.0
ENSG00000240281,0.0
MEAF6P1,0.0
RN7SKP241,0.0
ENSG00000240296,0.0
RPL36AP40,0.0
RN7SL187P,0.0
RN7SL717P,0.0
RPL6P26,0.0
RN7SL100P,0.0
MTCO1P6,0.0
ENSG00000240311,0.0
RN7SL764P,0.0
RPS29P27,0.0
RN7SL481P,0.0
RN7SL93P,0.0
ENSG00000240328,0.0
ENSG00000240338,0.0
RPS2P5,0.0
RN7SL35P,0.0
RPL23AP7,0.0
UBL5P3,0.0
OR4G11P,0.0
RPL31P59,0.0
RPL36AP45,0.0
RPL13P5,0.0
RPS4XP13,0.0
RN7SL503P,0.0
VPS26AP1,0.0
ENSG00000240376,0.0
RPS29P20,0.0
ENSG00000240388,0.0
RPL9P3,0.0
DRG1P2,0.0
RPL5P23,0.0
ENSG00000240399,0.0
ENSG00000240404,0.0
MTATP8P1,0.0
RPL5P16,0.0
RPL5P15,0.0
CYCSP20,0.0
ENSG00000240418,0.0
ENSG00000240419,0.0
ENSG00000240424,0.0
RPL36AP18,0.0
RPS26P34,0.0
LRRFIP1P1,0.0
RPS12P27,0.0
RPL35AP14,0.0
OFD1P5Y,0.0
RN7SL91P,0.0
RPL17P38,0.0
RPS10P20,0.0
MTCO1P29,0.0
RPL39P26,0.0
RN7SL472P,0.0
ENSG00000240458,0.0
ENSG00000240459,0.0
RPS19P3,0.0
RN7SL346P,0.0
PHB1P8,0.0
RN7SL116P,0.0
EIF3JP2,0.0
RPL29P2,0.0
RN7SL38P,0.0
RPL31P6,0.0
RPL23AP54,0.0
ATOSBP1,0.0
SETP14,0.0
RN7SL277P,0.0
RPS12P28,0.0
RN7SL837P,0.0
RPL34P18,0.0
MED28P2,0.0
ENSG00000240513,0.0
RPL36P11,0.0
ENSG00000240519,0.0
UOX,0.0
RPL7AP10,0.0
RPL21P123,0.0
RN7SL69P,0.0
RPL34P17,0.0
RPL3P9,0.0
RN7SL492P,0.0
RPL7AP58,0.0
ENSG00000240566,0.0
LCORLP1,0.0
ARHGEF28P1,0.0
RN7SL445P,0.0
ENSG00000240579,0.0
RN7SL547P,0.0
RN7SL258P,0.0
RPSAP48,0.0
RPL9P15,0.0
AADACP1,0.0
RN7SL564P,0.0
RPL6P15,0.0
RN7SL98P,0.0
RPS6P25,0.0
OR2AO1P,0.0
RPL7P15,0.0
RPL17P4,0.0
RN7SL403P,0.0
RN7SL150P,0.0
ENSG00000240627,0.0
RPL30P12,0.0
SPATA31D5P,0.0
ENSG00000240634,0.0
RN7SL808P,0.0
RN7SL666P,0.0
RN7SL580P,0.0
RN7SL305P,0.0
SEPTIN7P4,0.0
ENSG00000240652,0.0
BTNL12P,0.0
RN7SL310P,0.0
LSP1P2,0.0
NBPF18P,0.0
KRT8P36,0.0
ENSG00000240669,0.0
RPS8P11,0.0
RPL21P51,0.0
MYL6P4,0.0
H4P1,0.0
RN7SL538P,0.0
DNAJC8P2,0.0
RPS2P39,0.0
KLF7P1,0.0
RN7SL860P,0.0
RN7SL851P,0.0
RPS4XP15,0.0
RN7SL382P,0.0
RPS12P15,0.0
RPL21P60,0.0
RN7SL502P,0.0
RPL6P22,0.0
ENSG00000240739,0.0
RN7SL559P,0.0
RABGGTBP1,0.0
RPS12P6,0.0
ERLEC1P1,0.0
HILPDA-AS1,0.0
RPS27P21,0.0
RPL31P56,0.0
ENSG00000240761,0.0
RN7SL288P,0.0
RN7SL776P,0.0
CDK2AP1P1,0.0
ENSG00000240775,0.0
RPS10P4,0.0
RPL36AP21,0.0
NECTIN2P1,0.0
MTND4LP7,0.0
UBA52P8,0.0
MTND2P14,0.0
RN7SL231P,0.0
NPM1P28,0.0
RPL34P24,0.0
CAP1P1,0.0
ENSG00000240813,0.0
RPL9P25,0.0
RN7SL23P,0.0
MTND3P7,0.0
RPL19P7,0.0
RPL21P4,0.0
RN7SL77P,0.0
RPS15P9,0.0
RN7SL497P,0.0
RN7SL328P,0.0
PSMC2P1,0.0
ENSG00000240861,0.0
RN7SL645P,0.0
RN7SL128P,0.0
RPL19P14,0.0
RPS29P22,0.0
ENSG00000240874,0.0
RN7SL521P,0.0
ENSG00000240881,0.0
PTOV1P1,0.0
G2E3P1,0.0
RPL21P125,0.0
APOOP2,0.0
RN7SL798P,0.0
H2BP3,0.0
RPL15P2,0.0
RPL21P79,0.0
RPS20P31,0.0
RN7SL209P,0.0
ENSG00000240934,0.0
PLGLA,0.0
RN7SL554P,0.0
RN7SL591P,0.0
RPL8P3,0.0
MTCO2P6,0.0
RPL4P1,0.0
ST13P14,0.0
ENSG00000240960,0.0
RN7SL415P,0.0
RN7SL751P,0.0
RN7SL681P,0.0
RPL23AP64,0.0
RPS27AP10,0.0
ENSG00000240975,0.0
RN7SL283P,0.0
ENSG00000240983,0.0
RPL23AP67,0.0
RPS23P4,0.0
RN7SL459P,0.0
ENSG00000240995,0.0
RN7SL183P,0.0
RPL32P13,0.0
ENSG00000241003,0.0
SEPTIN7P6,0.0
RPL7AP55,0.0
ENSG00000241011,0.0
GPR199P,0.0
TPM3P9,0.0
RCC2P5,0.0
RPL32P24,0.0
NIPA2P2,0.0
RPL21P77,0.0
RPL29P24,0.0
RN7SL709P,0.0
ENSG00000241035,0.0
RN7SL335P,0.0
RPL7P43,0.0
RPL23AP70,0.0
RASA4EP,0.0
RPL5P1,0.0
RN7SL110P,0.0
RPL17P40,0.0
ENSG00000241069,0.0
RN7SL813P,0.0
RPL22P2,0.0
RN7SL259P,0.0
RPL17P44,0.0
CYP51A1P1,0.0
RPL36AP38,0.0
ENSG00000241102,0.0
RPL35AP11,0.0
CEACAMP10,0.0
ENSG00000241105,0.0
RPL29P14,0.0
ENSG00000241114,0.0
HMGN1P8,0.0
RPL22P19,0.0
RPL32P30,0.0
BET1P1,0.0
PAICSP6,0.0
RPL32P9,0.0
RN7SL728P,0.0
RPL7P41,0.0
RN7SL720P,0.0
RN7SL582P,0.0
RPL32P32,0.0
RN7SL160P,0.0
RN7SL617P,0.0
RPL31P46,0.0
RN7SL70P,0.0
RN7SL570P,0.0
RN7SL494P,0.0
ENSG00000241179,0.0
ENSG00000241183,0.0
RPL21P122,0.0
RPL21P57,0.0
RN7SL165P,0.0
RN7SL191P,0.0
ZNF736P7Y,0.0
HMGN2P26,0.0
ENSG00000241204,0.0
SSX18P,0.0
SNAPC5P1,0.0
RN7SL809P,0.0
CSP2,0.0
MTND4LP17,0.0
RN7SL39P,0.0
NMTRS-TGA3-1,0.0
RN7SL836P,0.0
RN7SL553P,0.0
RPL12P31,0.0
RN7SL443P,0.0
RN7SL801P,0.0
RN7SL629P,0.0
RN7SL302P,0.0
RN7SL727P,0.0
RPL17P20,0.0
ENSG00000241251,0.0
ENSG00000241255,0.0
ENSG00000241257,0.0
RPL17P19,0.0
ENPP7P4,0.0
RPL31P26,0.0
RPL34P33,0.0
RPL29P25,0.0
RN7SL791P,0.0
PPATP1,0.0
ACTG1P13,0.0
RPL7AP24,0.0
WDR82P2,0.0
SETP6,0.0
RN7SL385P,0.0
RPL35AP33,0.0
RPL21P47,0.0
SNRPCP11,0.0
RN7SL466P,0.0
PMS2P11,0.0
ENSG00000241352,0.0
PPP1R2P4,0.0
ENSG00000241354,0.0
OR5G3,0.0
ENSG00000241358,0.0
SLC25A24P1,0.0
RPL36AP43,0.0
RPL7AP23,0.0
ENSG00000241385,0.0
RN7SL234P,0.0
RN7SL205P,0.0
RN7SL344P,0.0
RPL31P21,0.0
RN7SL515P,0.0
ENSG00000241411,0.0
RN7SL441P,0.0
KRT8P13,0.0
MCRIP2P1,0.0
RN7SL505P,0.0
RPL21P103,0.0
EEF1A1P25,0.0
RPL37P6,0.0
ENSG00000241434,0.0
CRIPTOP6,0.0
FBRSL1P1,0.0
RPS27P22,0.0
RPL7P19,0.0
RN7SL182P,0.0
ENSG00000241462,0.0
RPL39P38,0.0
ACTBP16,0.0
HSPA8P9,0.0
RN7SL586P,0.0
ENSG00000241493,0.0
ENSG00000241494,0.0
RPL36AP4,0.0
PSMC1P1,0.0
RPS15AP24,0.0
RN7SL632P,0.0
ENSG00000241526,0.0
CA15P1,0.0
RN7SL767P,0.0
AGGF1P3,0.0
CBX5P1,0.0
U2SURPP1,0.0
ENSG00000241539,0.0
RN7SL369P,0.0
RFKP3,0.0
ACTG1P20,0.0
GUSBP2,0.0
RN7SL41P,0.0
RN7SL58P,0.0
RPL29P26,0.0
RPL7P5,0.0
RN7SL338P,0.0
ATP5F1AP7,0.0
ENSG00000241573,0.0
RPL23AP8,0.0
RN7SL482P,0.0
RN7SL484P,0.0
RPL17P37,0.0
ENSG00000241592,0.0
ENSG00000241597,0.0
RN7SL340P,0.0
FTH1P28,0.0
RPL21P46,0.0
RN7SL618P,0.0
GOLGA2P6,0.0
RARRES2P1,0.0
RN7SL18P,0.0
UBQLN4P1,0.0
RN7SL316P,0.0
RPL13P8,0.0
RPL21P113,0.0
RPS23P6,0.0
RPL15P8,0.0
RN7SL253P,0.0
RPL19P18,0.0
UBA52P7,0.0
PPP1R2P6,0.0
RN7SL418P,0.0
RPL19P11,0.0
KIAA1328P1,0.0
RPS27P12,0.0
RPL21P94,0.0
RPL31P49,0.0
RN7SL704P,0.0
GM2AP1,0.0
RN7SL265P,0.0
VWFP1,0.0
SUMO1P1,0.0
RPL36AP23,0.0
RPL15P6,0.0
FABP5P3,0.0
ZNF90P1,0.0
RPL21P56,0.0
RPL7AP30,0.0
ENSG00000241744,0.0
RN7SL788P,0.0
RPL13AP18,0.0
RPSAP52,0.0
RN7SL83P,0.0
RN7SL714P,0.0
RPS26P45,0.0
TMEM183AP5,0.0
ENSG00000241777,0.0
RPL21P95,0.0
RN7SL390P,0.0
MTND4P16,0.0
COX6B1P2,0.0
RN7SL504P,0.0
ENO1P4,0.0
RN7SL817P,0.0
SNRPB2P1,0.0
RN7SL319P,0.0
RPS15AP34,0.0
RPL17P21,0.0
HMGN2P13,0.0
RBBP4P7,0.0
RN7SL170P,0.0
RPL7P42,0.0
ENSG00000241828,0.0
RPL21P54,0.0
RN7SL149P,0.0
ENSG00000241838,0.0
ENSG00000241846,0.0
RPL31P24,0.0
ANOS2P,0.0
GAPDHP50,0.0
RN7SL401P,0.0
RN7SL434P,0.0
RN7SL363P,0.0
ENSG00000241870,0.0
TOMM22P6,0.0
ENSG00000241877,0.0
KLF3P2,0.0
RPSAP37,0.0
CTDNEP1P1,0.0
RPL13P4,0.0
RPL9P6,0.0
TPT1P3,0.0
NDUFS6P1,0.0
RPS20P4,0.0
RPS29P21,0.0
ENSG00000241917,0.0
RPL14P3,0.0
MTCO1P55,0.0
WDR70P1,0.0
RPL35AP34,0.0
RN7SL517P,0.0
RPL32P26,0.0
RPS20P20,0.0
RN7SL188P,0.0
PSMG3P1,0.0
HNRNPA1P24,0.0
RPL29P23,0.0
RN7SL76P,0.0
RPL17P31,0.0
RN7SL655P,0.0
RN7SL135P,0.0
RPS2P25,0.0
ELOCP19,0.0
RPL21P49,0.0
RN7SL566P,0.0
RPL7AP2,0.0
ENSG00000241991,0.0
RN7SL831P,0.0
RPL38P1,0.0
RN7SL323P,0.0
MYLKP2,0.0
RN7SL26P,0.0
ALG1L15P,0.0
RN7SL68P,0.0
ENSG00000242034,0.0
CYCSP56,0.0
RPL35AP28,0.0
RPL10P7,0.0
RPS4XP19,0.0
RPS3AP49,0.0
ENSG00000242061,0.0
MARK2P6,0.0
RN7SL291P,0.0
RN7SL214P,0.0
RPL9P28,0.0
RNF13P1,0.0
NPM1P17,0.0
RPL7AP6,0.0
ENSG00000242073,0.0
RN7SL318P,0.0
RPL36AP20,0.0
RPL7AP31,0.0
RPS20P33,0.0
RPL36AP41,0.0
RPS27P2,0.0
ENSG00000242097,0.0
RPL9P32,0.0
RN7SL416P,0.0
RN7SL152P,0.0
ARPC1AP1,0.0
NPM1P23,0.0
TOPORSLP,0.0
RN7SL124P,0.0
RN7SL201P,0.0
ENSG00000242119,0.0
RN7SL267P,0.0
RPL36AP47,0.0
RPL5P13,0.0
RPL17P2,0.0
RPL11P5,0.0
MATR3P2,0.0
SERBP1P3,0.0
DYNLL1P5,0.0
ENSG00000242152,0.0
OFD1P6Y,0.0
ENSG00000242156,0.0
RN7SL361P,0.0
ABCF2P1,0.0
ENSG00000242162,0.0
ENSG00000242163,0.0
RN7SL222P,0.0
RPL7AP27,0.0
RN7SL329P,0.0
RN7SL127P,0.0
RPL39P31,0.0
MTND4P17,0.0
RN7SL745P,0.0
CRYZL2P,0.0
SRRM1P2,0.0
ENSG00000242197,0.0
ENSG00000242198,0.0
RPS26P22,0.0
RN7SL215P,0.0
RPS26P35,0.0
RPL5P29,0.0
RPL32P12,0.0
MTND3P6,0.0
RN7SL97P,0.0
SDHBP1,0.0
RPS3AP14,0.0
RN7SL594P,0.0
RN7SL306P,0.0
ATP5MC1P3,0.0
ENSG00000242246,0.0
RPL7AP57,0.0
RN7SL20P,0.0
RPL39P34,0.0
RN7SL57P,0.0
ENSG00000242261,0.0
RPL15P7,0.0
RN7SL456P,0.0
SKINT1L,0.0
AK2P2,0.0
RPL5P3,0.0
RPS3AP48,0.0
RPL7AP54,0.0
SLC16A1P1,0.0
RN7SL159P,0.0
RPL6P8,0.0
BMS1P4-AGAP5,0.0
RPL36AP51,0.0
ENSG00000242292,0.0
RPS29P1,0.0
STAG3L5P,0.0
ENSG00000242295,0.0
DEFB109A,0.0
RPS18P5,0.0
RPS26P52,0.0
MAT2AP1,0.0
RPL12P32,0.0
RN7SL685P,0.0
RPL21P48,0.0
RPL21P126,0.0
RPL23AP40,0.0
ENSG00000242324,0.0
RPS12P31,0.0
MCUR1P2,0.0
ENSG00000242327,0.0
ENSG00000242329,0.0
RN7SL683P,0.0
INHCAP,0.0
BMS1P4,0.0
RN7SL646P,0.0
RN7SL561P,0.0
FAM91A3P,0.0
RPL12P30,0.0
RPS21P4,0.0
RN7SL272P,0.0
PRDX5P1,0.0
NDUFA5P5,0.0
RN7SL741P,0.0
H2AC3P,0.0
RPL6P9,0.0
ENSG00000242393,0.0
RN7SL800P,0.0
RPS20P23,0.0
RPL21P100,0.0
ENSG00000242411,0.0
DBIL5P2,0.0
RPL18P1,0.0
RPL12P36,0.0
RN7SL274P,0.0
RPL21P52,0.0
UPK3BP1,0.0
RN7SL789P,0.0
ENSG00000242439,0.0
ENSG00000242444,0.0
RPL7AP11,0.0
MTCO3P38,0.0
RBBP4P2,0.0
RPS15AP32,0.0
KIR2DP1,0.0
ENSG00000242477,0.0
EIF2AK1P1,0.0
RN7SL392P,0.0
RN7SL293P,0.0
ENSG00000242488,0.0
RN7SL37P,0.0
ENSG00000242507,0.0
RN7SL156P,0.0
NDUFB4P1,0.0
MAGEA5P,0.0
OR2U2P,0.0
OR7E100P,0.0
ENSG00000242527,0.0
AHCYP8,0.0
ENSG00000242531,0.0
MRE11P1,0.0
RN7SL169P,0.0
POU5F1P6,0.0
MRPL42P4,0.0
RN7SL144P,0.0
RN7SL797P,0.0
ATP5MGP5,0.0
DCAF13P1,0.0
RN7SL372P,0.0
RPL21P11,0.0
ACTR3P3,0.0
TUBAP13,0.0
KMT5AP3,0.0
HYDINP1,0.0
ENSG00000242588,0.0
RPL26P26,0.0
MED28P8,0.0
CSAG4,0.0
MBL1P,0.0
RPL35AP13,0.0
RPS3AP34,0.0
RPS23P5,0.0
CCDC137P1,0.0
OR5BH1P,0.0
PPDPFP1,0.0
RN7SL164P,0.0
RPL17P47,0.0
RPS24P16,0.0
RPS14P7,0.0
RPL21P129,0.0
RN7SL294P,0.0
RPS29P11,0.0
RN7SL292P,0.0
RN7SL862P,0.0
RN7SL132P,0.0
RPL32P14,0.0
RN7SL581P,0.0
ENSG00000242660,0.0
RPS3AP43,0.0
ENSG00000242667,0.0
RN7SL317P,0.0
RPL22P13,0.0
RN7SL167P,0.0
RPS16P9,0.0
RPL12P21,0.0
RN7SL304P,0.0
RPS27AP1,0.0
RN7SL40P,0.0
RPL5P12,0.0
RN7SL516P,0.0
CCT4P1,0.0
ICE2P2,0.0
RPS27AP9,0.0
RN7SL362P,0.0
RPL30P9,0.0
RN7SL806P,0.0
ENSG00000242727,0.0
UQCRHP4,0.0
ENSG00000242729,0.0
FAM86LP,0.0
RPSAP26,0.0
ENSG00000242737,0.0
RPL21P14,0.0
RPL23AP81,0.0
NMTRQ-TTG12-1,0.0
RHOT1P3,0.0
ENSG00000242757,0.0
RN7SL824P,0.0
RPL31P25,0.0
RN7SL432P,0.0
ZNF702P,0.0
ENSG00000242793,0.0
RN7SL299P,0.0
RPL26P31,0.0
MRPL42P6,0.0
RN7SL229P,0.0
ENSG00000242814,0.0
RN7SL846P,0.0
RPS26P21,0.0
RPL7AP56,0.0
MTCO3P35,0.0
RPL21P13,0.0
KRT8P35,0.0
ALDOAP1,0.0
RPL23AP68,0.0
RN7SL749P,0.0
DNM1P24,0.0
RN7SL496P,0.0
VN1R105P,0.0
RPL13AP14,0.0
RN7SL180P,0.0
RN7SL677P,0.0
RN7SL244P,0.0
RN7SL812P,0.0
RPL5P11,0.0
ENSG00000242888,0.0
RN7SL449P,0.0
RN7SL413P,0.0
RN7SL634P,0.0
RPL7P16,0.0
ENSG00000242911,0.0
RN7SL384P,0.0
SNRPGP7,0.0
RPL21P104,0.0
RN7SL868P,0.0
RPL7P49,0.0
RPL30P6,0.0
RPL12P7,0.0
NKAIN1P1,0.0
RPL29P32,0.0
EPS15P1,0.0
ENSG00000242951,0.0
RPSAP3,0.0
ENSG00000242953,0.0
RPL36AP32,0.0
FTH1P23,0.0
ENSG00000242963,0.0
SULT1D1P2,0.0
ENSG00000242970,0.0
RN7SL233P,0.0
RN7SL177P,0.0
PPIAP83,0.0
RPS15AP18,0.0
CABYRP1,0.0
RN7SL50P,0.0
RPL21P99,0.0
RN7SL332P,0.0
RPL13AP23,0.0
RPL7P40,0.0
FTH1P4,0.0
RPL32P25,0.0
RPL36AP1,0.0
RN7SL379P,0.0
RN7SL239P,0.0
RN7SL16P,0.0
RPL12P35,0.0
ENSG00000243008,0.0
RN7SL266P,0.0
PTMAP8,0.0
RN7SL737P,0.0
PRR23E2P,0.0
RPL7P39,0.0
MARK3P3,0.0
UBA52P3,0.0
ENSG00000243024,0.0
MTAPP1,0.0
RN7SL354P,0.0
RN7SL635P,0.0
GAPDHP47,0.0
RN7SL810P,0.0
ENSG00000243038,0.0
RBMY2FP,0.0
ENSG00000243044,0.0
FTHL18P,0.0
RN7SL33P,0.0
RPL30P10,0.0
RN7SL269P,0.0
RPL31P58,0.0
RPL39P33,0.0
RN7SL400P,0.0
ABCC13,0.0
RN7SL842P,0.0
RPL21P98,0.0
YTHDF3P1,0.0
RN7SL519P,0.0
ENSG00000243085,0.0
RPL32P2,0.0
RPL3P10,0.0
RPL17P27,0.0
RPS3P7,0.0
RN7SL452P,0.0
MTND4LP14,0.0
RN7SL849P,0.0
C9orf78P1,0.0
ENSG00000243122,0.0
RN7SL643P,0.0
RN7SL807P,0.0
ENSG00000243129,0.0
RN7SL22P,0.0
RPL23AP66,0.0
SYPL1P1,0.0
RPL7AP32,0.0
RPL31P48,0.0
RFKP6,0.0
RPS10P28,0.0
ENSG00000243171,0.0
RN7SL861P,0.0
RPSAP36,0.0
RPL21P80,0.0
HNRNPA1P17,0.0
TUBBP11,0.0
RPL6P10,0.0
ENSG00000243225,0.0
RN7SL55P,0.0
ENSG00000243234,0.0
GSTA9P,0.0
RPS6P16,0.0
RN7SL350P,0.0
RPL30P14,0.0
MTCO2P29,0.0
RN7SL558P,0.0
RPL23AP55,0.0
RN7SL614P,0.0
RN7SL571P,0.0
RPL36AP19,0.0
RPS17P14,0.0
AGAP13P,0.0
RPL31P61,0.0
ENSG00000243302,0.0
ENSG00000243303,0.0
ENSG00000243304,0.0
POM121L6P,0.0
RPL6P13,0.0
RN7SL285P,0.0
RPS12P7,0.0
GUCY2GP,0.0
PTPRVP,0.0
ENSG00000243328,0.0
RN7SL174P,0.0
RN7SL307P,0.0
RN7SL738P,0.0
RN7SL601P,0.0
ENSG00000243349,0.0
RN7SL8P,0.0
RPS29P19,0.0
RPS27P28,0.0
RN7SL815P,0.0
RN7SL278P,0.0
RN7SL60P,0.0
RN7SL775P,0.0
RN7SL173P,0.0
RN7SL72P,0.0
PLA2G10P1,0.0
RN7SL89P,0.0
ENSG00000243385,0.0
RPL3P3,0.0
RPL32P7,0.0
RN7SL141P,0.0
RPL15P12,0.0
ENSG00000243403,0.0
RPL35AP32,0.0
MRPS31P5,0.0
RPS3AP18,0.0
RN7SL734P,0.0
RPL23AP49,0.0
ENSG00000243423,0.0
RN7SL107P,0.0
RN7SL454P,0.0
OR7E29P,0.0
RPL5P30,0.0
RN7SL370P,0.0
LARP1BP2,0.0
RN7SL352P,0.0
ENSG00000243445,0.0
RN7SL284P,0.0
RPS18P13,0.0
INGX,0.0
RPL7P51,0.0
AOX2P,0.0
DNAJB1P2,0.0
RN7SL337P,0.0
RPL36AP50,0.0
GMFBP1,0.0
UBA52P5,0.0
RPS6P21,0.0
ENSG00000243503,0.0
RPS23P1,0.0
RN7SL240P,0.0
ENSG00000243507,0.0
DNAJB6P7,0.0
RN7SL111P,0.0
RPL32P33,0.0
RPL12P40,0.0
RPL13AP22,0.0
DTWD1P2,0.0
RPL5P33,0.0
EVA1CP3,0.0
RN7SL19P,0.0
RPL32P20,0.0
RPS26P28,0.0
RN7SL649P,0.0
RN7SL104P,0.0
RN7SL172P,0.0
RN7SL108P,0.0
HNRNPKP4,0.0
RN7SL101P,0.0
RN7SL705P,0.0
CCZ1P1,0.0
RN7SL364P,0.0
RN7SL838P,0.0
RPL21P115,0.0
RPS29P25,0.0
PRICKLE1P1,0.0
RN7SL282P,0.0
RPL17P22,0.0
PLSCR4P1,0.0
RPL12P24,0.0
RPL35AP26,0.0
RPS2P44,0.0
ENSG00000243621,0.0
RN7SL542P,0.0
EZRP1,0.0
OR13C7,0.0
RN7SL526P,0.0
TSPY20P,0.0
ENSG00000243648,0.0
RN7SL834P,0.0
MTND5P16,0.0
ENSG00000243659,0.0
WBP1LP1,0.0
RPS4XP14,0.0
RPS29P12,0.0
RPL34P23,0.0
RN7SL761P,0.0
RPS3AP40,0.0
OR7E66P,0.0
RPL35AP9,0.0
ENSG00000243679,0.0
RPL37P23,0.0
RPLP1P11,0.0
RPL35AP10,0.0
ENSG00000243695,0.0
RPL7AP63,0.0
RN7SL598P,0.0
RN7SL638P,0.0
RN7SL105P,0.0
ENSG00000243705,0.0
RPL21P116,0.0
RPL21P127,0.0
RPL23AP63,0.0
RN7SL393P,0.0
RPL29P3,0.0
RN7SL181P,0.0
RPLP0P2,0.0
RPL29P13,0.0
EEF1A1P10,0.0
HLA-L,0.0
RPL35AP15,0.0
ST13P15,0.0
RPL32P4,0.0
RN7SL65P,0.0
RPL21P130,0.0
OSTCP1,0.0
ENSG00000243777,0.0
RPL36AP49,0.0
RPL21P114,0.0
ENSG00000243781,0.0
RN7SL78P,0.0
OR7E89P,0.0
SNRPCP10,0.0
RN7SL461P,0.0
ENSG00000243802,0.0
RPL7P18,0.0
ENSG00000243813,0.0
RN7SL189P,0.0
RPS25P5,0.0
RPL12P6,0.0
ENSG00000243828,0.0
ENSG00000243829,0.0
RPL15P17,0.0
ENSG00000243831,0.0
PSMC1P7,0.0
RPL17P33,0.0
RN7SL30P,0.0
RN7SL610P,0.0
ALDH7A1P3,0.0
RN7SL67P,0.0
RPL12P5,0.0
RN7SL551P,0.0
RPL5P17,0.0
RPS3AP50,0.0
RN7SL236P,0.0
RN7SL487P,0.0
RN7SL464P,0.0
HMGB1P36,0.0
HMGB1P38,0.0
RN7SL419P,0.0
MTCH2P1,0.0
RPS3AP16,0.0
RN7SL320P,0.0
RPSAP5,0.0
RN7SL679P,0.0
RN7SL430P,0.0
RPL5P14,0.0
THAP12P2,0.0
ENSG00000243916,0.0
EIF4BP8,0.0
RPS26P24,0.0
RPS24P18,0.0
ENSG00000243929,0.0
RPS12P21,0.0
ENSG00000243939,0.0
ZFAND2AP1,0.0
RN7SL308P,0.0
RN7SL743P,0.0
RN7SL647P,0.0
RN7SL684P,0.0
RPL23AP65,0.0
NBPF5P,0.0
RN7SL402P,0.0
PPIEL,0.0
VTI1BP1,0.0
RN7SL523P,0.0
H3P13,0.0
ENSG00000243979,0.0
RN7SL702P,0.0
ENSG00000243981,0.0
ENO1P3,0.0
RPS24P17,0.0
RN7SL447P,0.0
ENSG00000243995,0.0
ENSG00000244000,0.0
RPSAP39,0.0
RN7SL143P,0.0
RPS3AP19,0.0
RN7SL799P,0.0
B3GAT3P1,0.0
RPL35P6,0.0
RPS2P24,0.0
RPL21P53,0.0
LARP7P4,0.0
FAM86DP,0.0
RPS3AP17,0.0
RN7SL228P,0.0
RN7SL424P,0.0
FAM20BP1,0.0
RPS27P27,0.0
RN7SL735P,0.0
RPS18P6,0.0
DEFB109F,0.0
RPL5P24,0.0
RPL13AP2,0.0
RN7SL417P,0.0
RPS2P41,0.0
ENSG00000244061,0.0
ACSL3P1,0.0
MARK2P17,0.0
RN7SL148P,0.0
RPL9P33,0.0
RPS4XP6,0.0
ENSG00000244076,0.0
RN7SL833P,0.0
ENSG00000244081,0.0
ENSG00000244083,0.0
ENSG00000244086,0.0
RPL23AP44,0.0
HMGB1P30,0.0
RN7SL483P,0.0
RPS4XP17,0.0
RPS23P3,0.0
HMGN1P10,0.0
RN7SL659P,0.0
RN7SL250P,0.0
RN7SL508P,0.0
ENSG00000244113,0.0
PDCL3P4,0.0
UBE2Q2P9,0.0
RPSAP51,0.0
RPS12P20,0.0
RN7SL397P,0.0
ATP6V0CP2,0.0
INAVAP1,0.0
ENSG00000244146,0.0
WWP1P1,0.0
CYP4F34P,0.0
EIF4E2P2,0.0
RPS27AP13,0.0
ENSG00000244167,0.0
RN7SL120P,0.0
PBX2P1,0.0
ENSG00000244176,0.0
PPIAP71,0.0
ENSG00000244192,0.0
ENSG00000244193,0.0
RN7SL218P,0.0
PPIAP15,0.0
RN7SL766P,0.0
EIF4EP3,0.0
ZFAND6P1,0.0
RPS4XP10,0.0
RN7SL81P,0.0
OR7E121P,0.0
ILF2P1,0.0
RPL26P35,0.0
RN7SL151P,0.0
CSPG4P2Y,0.0
RN7SL698P,0.0
RPL17P30,0.0
RN7SL604P,0.0
ENSG00000244237,0.0
RPS3AP42,0.0
ENSG00000244245,0.0
ZNF736P8Y,0.0
RPS2P19,0.0
ENSG00000244251,0.0
RPS29P24,0.0
RN7SL130P,0.0
PKD1P1,0.0
RPL15P15,0.0
RN7SL597P,0.0
ENSG00000244266,0.0
RPL34P22,0.0
RPL32P29,0.0
PGBD4P1,0.0
ECEL1P2,0.0
ENSG00000244281,0.0
RPL23AP73,0.0
RPS3AP35,0.0
OR9N1P,0.0
RN7SL740P,0.0
RPS20P21,0.0
RN7SL168P,0.0
RN7SL465P,0.0
AOX3P,0.0
DUXAP10,0.0
RN7SL395P,0.0
RN7SL762P,0.0
ENSG00000244313,0.0
RN7SL36P,0.0
RN7SL252P,0.0
RN7SL814P,0.0
RN7SL845P,0.0
UBA52P9,0.0
ENSG00000244331,0.0
RN7SL687P,0.0
C9orf85P2,0.0
RN7SL398P,0.0
RN7SL145P,0.0
RPL30P7,0.0
RPL7P23,0.0
PFN1P8,0.0
RN7SL423P,0.0
RN7SL636P,0.0
RPS2P45,0.0
SDHDP3,0.0
RN7SL359P,0.0
RN7SL242P,0.0
RPS6P22,0.0
RN7SL330P,0.0
RN7SL869P,0.0
RPL36AP37,0.0
RN7SL251P,0.0
RPS4XP12,0.0
RN7SL314P,0.0
RN7SL216P,0.0
RPL23AP56,0.0
RPL38P3,0.0
RN7SL268P,0.0
RPS3AP31,0.0
SSBL6P,0.0
RPL39P28,0.0
ENSG00000244436,0.0
RPL34P9,0.0
RPL34P21,0.0
SPECC1P2,0.0
ENO1P1,0.0
RPL6P14,0.0
ENSG00000244480,0.0
RPL18P13,0.0
RWDD4P1,0.0
RN7SL623P,0.0
EEF1A1P45,0.0
ENSG00000244510,0.0
RN7SL28P,0.0
RN7SL125P,0.0
KRT18P34,0.0
RN7SL700P,0.0
RPL21P128,0.0
SEPTIN14P2,0.0
RN7SL380P,0.0
RN7SL211P,0.0
ENSG00000244535,0.0
RPS27P13,0.0
RPL35AP29,0.0
RN7SL446P,0.0
ENSG00000244550,0.0
RPL34P29,0.0
ODCP,0.0
ENSG00000244559,0.0
ENSG00000244560,0.0
RLIG1P2,0.0
RPS26P19,0.0
POLR2DP2,0.0
RN7SL654P,0.0
RPS6P4,0.0
RPL30P11,0.0
RPL21P120,0.0
RPL12P33,0.0
ENSG00000244593,0.0
ENSG00000244604,0.0
RN7SL756P,0.0
PSPC1P2,0.0
RN7SL334P,0.0
RPS17P11,0.0
TPTEP2,0.0
ENSG00000244630,0.0
RN7SL863P,0.0
RPLP0P8,0.0
RPS26P43,0.0
RN7SL396P,0.0
XKRYP7,0.0
ENSG00000244652,0.0
UBFD1P1,0.0
ENSG00000244657,0.0
ENSG00000244662,0.0
SNRPCP3,0.0
ENSG00000244669,0.0
RN7SL280P,0.0
RPS3AP15,0.0
RN7SL706P,0.0
MTHFD2P1,0.0
FCGR2C,0.0
RPL10AP1,0.0
RN7SL724P,0.0
EVA1CP5,0.0
CD46P1,0.0
RPLP0P10,0.0
RPL23P10,0.0
RN7SL47P,0.0
RPL29P27,0.0
RPL17P7,0.0
RPS27P14,0.0
NT5C3AP2,0.0
RPSAP29,0.0
ASLP1,0.0
PHF5AP3,0.0
RN7SL870P,0.0
RPL31P23,0.0
RPL35AP27,0.0
RN7SL153P,0.0
RPL15P21,0.0
ENSG00000244756,0.0
MTCYBP18,0.0
IFT122P2,0.0
EEF1A1P4,0.0
SEPTIN7P14,0.0
NUDT16L2P,0.0
SUPT4H1P2,0.0
ENSG00000246575,0.0
SIMC1P1,0.0
SDCBPP2,0.0
MTND4P12,0.0
TUBAP14,0.0
SPCS2P3,0.0
HMGN1P12,0.0
ENSG00000248101,0.0
TARS2P1,0.0
ENSG00000248105,0.0
ENSG00000248106,0.0
PTPN11P5,0.0
ENSG00000248114,0.0
MICOS10P4,0.0
ENSG00000248120,0.0
SMURF2P1,0.0
APOOP4,0.0
RRN3P1,0.0
ENSG00000248126,0.0
ENSG00000248128,0.0
MTND4LP22,0.0
ENSG00000248134,0.0
MTND6P8,0.0
CUL4AP1,0.0
ENSG00000248155,0.0
BTG4P1,0.0
HSPA8P11,0.0
ENSG00000248160,0.0
CHORDC1P3,0.0
ENSG00000248170,0.0
GAPDHP60,0.0
ENSG00000248185,0.0
PFDN1P2,0.0
PES1P1,0.0
ENSG00000248196,0.0
ENSG00000248200,0.0
H3P17,0.0
WDR45P1,0.0
ENSG00000248209,0.0
CICP16,0.0
KCTD9P5,0.0
ENSG00000248229,0.0
KRT8P4,0.0
ENSG00000248234,0.0
ENSG00000248236,0.0
ENSG00000248237,0.0
ENSG00000248249,0.0
PSG10P,0.0
MTND4LP31,0.0
PGAM1P1,0.0
SUMO2P17,0.0
ENSG00000248281,0.0
MTCYBP44,0.0
CCNL2P1,0.0
ENSG00000248286,0.0
SCGB1D5P,0.0
ENSG00000248288,0.0
TNXA,0.0
ENSG00000248293,0.0
DDX43P1,0.0
BNIP3P41,0.0
ENSG00000248305,0.0
ENSG00000248308,0.0
CYP4F27P,0.0
MTND4LP2,0.0
THAP12P9,0.0
NOL8P1,0.0
MTCO3P28,0.0
WHAMMP2,0.0
HMGN1P11,0.0
ENSG00000248337,0.0
PIMREGP4,0.0
ENSG00000248347,0.0
ENSG00000248349,0.0
ENSG00000248350,0.0
HSPD1P18,0.0
ARL2BPP6,0.0
OR7E86P,0.0
POU5F1P7,0.0
UBTD2P1,0.0
ENSG00000248375,0.0
FBLP1,0.0
HMGN1P9,0.0
ENSG00000248387,0.0
FOSL1P1,0.0
TOMM22P4,0.0
ST13P12,0.0
ENSG00000248401,0.0
NACAP6,0.0
ENSG00000248406,0.0
CCDC188BP,0.0
GAPDHP61,0.0
UBL5P1,0.0
ENSG00000248419,0.0
MTATP6P9,0.0
ENSG00000248422,0.0
ENSG00000248423,0.0
OR51K1P,0.0
ENSG00000248426,0.0
HMGB3P16,0.0
RPL23AP94,0.0
OR10J7P,0.0
HNRNPA1P65,0.0
ENSG00000248447,0.0
COX5BP1,0.0
PCDHGB8P,0.0
ENSG00000248452,0.0
RPS17P9,0.0
NENFP3,0.0
ENSG00000248466,0.0
ENSG00000248471,0.0
DDX11L9,0.0
NAIPP3,0.0
ENSG00000248480,0.0
PGAM4P2,0.0
ENSG00000248493,0.0
ASNSP1,0.0
C4orf46P2,0.0
TUBAP10,0.0
OR5H4P,0.0
ENSG00000248521,0.0
SBF1P1,0.0
MTATP6P1,0.0
BCL2L12P1,0.0
NDUFA5P12,0.0
ENSG00000248532,0.0
ENSG00000248542,0.0
NPM1P41,0.0
ANP32CP,0.0
SPOPLP3,0.0
MTND4P8,0.0
ENSG00000248552,0.0
OR52H2P,0.0
METTL5P2,0.0
ENSG00000248560,0.0
ENSG00000248564,0.0
TECRP2,0.0
KRT8P48,0.0
ENSG00000248569,0.0
ADAM20P2,0.0
ENSG00000248577,0.0
NPM1P21,0.0
ENSG00000248583,0.0
ENSG00000248585,0.0
ENSG00000248586,0.0
GLDCP1,0.0
ENSG00000248591,0.0
DSTNP2,0.0
ENSG00000248608,0.0
HSPA8P4,0.0
ENSG00000248611,0.0
ENSG00000248613,0.0
ANKRD49P3,0.0
ENPP7P3,0.0
ENSG00000248621,0.0
ENSG00000248625,0.0
GAPDHP40,0.0
GET1P1,0.0
ENSG00000248635,0.0
ENSG00000248637,0.0
ENSG00000248639,0.0
HNRNPA1P56,0.0
HMGA1P2,0.0
OR10J2P,0.0
ENSG00000248645,0.0
ENSG00000248648,0.0
GCSHP1,0.0
ENSG00000248652,0.0
MTCO3P44,0.0
CARMIL2P1,0.0
SRIP1,0.0
VPS51P13,0.0
RBBP4P6,0.0
BIN2P2,0.0
ENSG00000248687,0.0
ENSG00000248696,0.0
TOX4P1,0.0
ENSG00000248699,0.0
ENSG00000248702,0.0
MTND4P2,0.0
ENSG00000248705,0.0
THUMPD3P1,0.0
ENSG00000248715,0.0
ENSG00000248716,0.0
RFPL4AP5,0.0
AK3P4,0.0
ENSG00000248725,0.0
MTCO1P30,0.0
R3HDM2P1,0.0
ENSG00000248739,0.0
NMNAT1P4,0.0
MTND5P9,0.0
ENSG00000248750,0.0
ENSG00000248755,0.0
TMEM69P2,0.0
ENSG00000248763,0.0
MTCYBP37,0.0
ENSG00000248766,0.0
ENSG00000248769,0.0
ENSG00000248770,0.0
ENSG00000248772,0.0
ENSG00000248775,0.0
ENSG00000248777,0.0
ENSG00000248778,0.0
ARL4AP2,0.0
PSMC1P4,0.0
HIGD1AP14,0.0
ENSG00000248791,0.0
SEPTIN14P22,0.0
ENSG00000248794,0.0
ENSG00000248795,0.0
MED15P8,0.0
ENSG00000248803,0.0
KRTAP9-12P,0.0
PMPCAP1,0.0
DYNLL1P6,0.0
ENSG00000248821,0.0
APOBEC3AP1,0.0
ENSG00000248824,0.0
PCBP2P3,0.0
ENSG00000248827,0.0
ZNF807P,0.0
ENSG00000248831,0.0
MARK2P5,0.0
PGAM1P13,0.0
ENSG00000248840,0.0
RPL7AP29,0.0
ENSG00000248847,0.0
PPBPP2,0.0
SF3A2P1,0.0
ENSG00000248851,0.0
ENSG00000248853,0.0
HNRNPH1P3,0.0
ENSG00000248863,0.0
ENSG00000248867,0.0
SERBP1P6,0.0
PGBD4P4,0.0
ENSG00000248878,0.0
ICE2P1,0.0
B4GALNT2P1,0.0
SEPTIN7P10,0.0
UGT2A3P7,0.0
ENSG00000248891,0.0
ENSG00000248895,0.0
KRTAP5-13P,0.0
MTND2P33,0.0
HMGB1P21,0.0
ENSG00000248911,0.0
PHB1P14,0.0
ACTR6P1,0.0
NUP210P3,0.0
ENSG00000248921,0.0
MTND5P11,0.0
ENSG00000248924,0.0
ENSG00000248926,0.0
ENSG00000248928,0.0
HIGD1AP3,0.0
CHP1P1,0.0
MTCYBP40,0.0
FAM90A6P,0.0
MTND3P22,0.0
LDHBP3,0.0
MTCO2P32,0.0
ENSG00000248955,0.0
HMGB1P44,0.0
ZSWIM5P3,0.0
BCLAF1P1,0.0
ENSG00000248967,0.0
KRT8P46,0.0
ENSG00000248977,0.0
ENSG00000248978,0.0
LAMTOR3P2,0.0
PRDX4P1,0.0
PSME2P3,0.0
EFL1P2,0.0
ENSG00000249002,0.0
CLUHP4,0.0
PRMT5P1,0.0
FAM90A4P,0.0
ENSG00000249006,0.0
ENSG00000249012,0.0
FTH1P21,0.0
HMGN2P4,0.0
GAPDHP56,0.0
ENSG00000249019,0.0
SNORA58,0.0
ZNF519P4,0.0
CTNNA1P1,0.0
SUMO2P6,0.0
AARS1P1,0.0
MTND3P24,0.0
COX6B1P5,0.0
ENSG00000249050,0.0
ENSG00000249051,0.0
ENSG00000249053,0.0
TBCAP3,0.0
ENSG00000249056,0.0
KRT18P25,0.0
PCNAP1,0.0
ENSG00000249068,0.0
ENSG00000249072,0.0
NDUFB2P1,0.0
SPICP5,0.0
ENSG00000249079,0.0
OR5M14P,0.0
AIG1P1,0.0
PPIAP77,0.0
CSRP2P2,0.0
ENSG00000249101,0.0
ENSG00000249105,0.0
MTND6P4,0.0
MTND3P3,0.0
SUDS3P1,0.0
ENSG00000249135,0.0
ENSG00000249138,0.0
PRDX2P3,0.0
TMEM183AP2,0.0
ENSG00000249148,0.0
ENSG00000249149,0.0
ENSG00000249157,0.0
ADAM20P3,0.0
ENSG00000249170,0.0
ENSG00000249176,0.0
MTND4P29,0.0
SUMO2P4,0.0
ENPP7P1,0.0
ENSG00000249189,0.0
UBE2V1P12,0.0
MTND3P25,0.0
HSPD1P5,0.0
OR10J9P,0.0
ENSG00000249200,0.0
GCNT1P2,0.0
GAPDHP38,0.0
ATP1B1P1,0.0
ENSG00000249213,0.0
NCOA4P4,0.0
SUCLG2P4,0.0
NAMPTP2,0.0
CDH12P2,0.0
ENSG00000249235,0.0
ENSG00000249237,0.0
BCL9P1,0.0
RACK1P3,0.0
ENSG00000249244,0.0
NCOA4P3,0.0
MTCYBP17,0.0
ATP5MC2P5,0.0
PGAM1P9,0.0
ATP5MGP3,0.0
ENSG00000249257,0.0
ENSG00000249259,0.0
ENSG00000249262,0.0
PARP4P3,0.0
EEF1A1P9,0.0
MTHFD2P6,0.0
KATNBL1P4,0.0
HNRNPA1P44,0.0
UNC93B8,0.0
PDLIM1P4,0.0
SLIRPP2,0.0
ENSG00000249278,0.0
ENSG00000249282,0.0
ACTR3BP4,0.0
ENSG00000249284,0.0
ENSG00000249285,0.0
AMD1P3,0.0
ENSG00000249287,0.0
SLC25A15P5,0.0
ENSG00000249289,0.0
ENSG00000249301,0.0
FTH1P24,0.0
ENSG00000249305,0.0
TERF1P3,0.0
ARL2BPP4,0.0
ENSG00000249316,0.0
ENSG00000249320,0.0
OR5H5P,0.0
ENSG00000249333,0.0
SNX18P25,0.0
HMGB1P47,0.0
VPS51P7,0.0
ENSG00000249351,0.0
NPM1P27,0.0
TOMM40P3,0.0
TRPC6P2,0.0
FABP5P12,0.0
ENSG00000249368,0.0
ATP6V1G1P6,0.0
ENSG00000249380,0.0
MTCO2P9,0.0
KRTAP5-14P,0.0
HMGB3P17,0.0
AK4P2,0.0
ENSG00000249411,0.0
ENSG00000249416,0.0
ENSG00000249418,0.0
ENSG00000249433,0.0
ENSG00000249435,0.0
KRT18P45,0.0
HMGN1P14,0.0
VPS51P18,0.0
ENSG00000249444,0.0
MTCO1P24,0.0
MRPL57P6,0.0
ENSG00000249452,0.0
GZMAP1,0.0
MLLT10P2,0.0
RBMXP4,0.0
H2AL1Q,0.0
ENSG00000249472,0.0
USP17L14P,0.0
RBBP4P1,0.0
ENSG00000249486,0.0
NACAP5,0.0
GAPDHP70,0.0
ANKRD20A18P,0.0
ENSG00000249495,0.0
USP9YP2,0.0
HMGN1P16,0.0
PCDHA14,0.0
JMJD4P1,0.0
ZEB2P1,0.0
RPL6P23,0.0
LYSETP1,0.0
PRELID3BP6,0.0
ENSG00000249518,0.0
ENSG00000249520,0.0
ENSG00000249522,0.0
ENSG00000249525,0.0
ENSG00000249531,0.0
MRPS36P2,0.0
PHF5AP7,0.0
ENSG00000249541,0.0
EEF1A1P21,0.0
TMEM248P1,0.0
HSPD1P15,0.0
RCC2P4,0.0
ENSG00000249562,0.0
EVA1CP1,0.0
ENSG00000249564,0.0
SERBP1P5,0.0
ENSG00000249577,0.0
ENSG00000249579,0.0
MTATP6P22,0.0
RPL7L1P4,0.0
ENSG00000249600,0.0
TRAPPC2P7,0.0
TRPC6P9,0.0
CCNB3P1,0.0
ENSG00000249617,0.0
HMGN1P13,0.0
H3P18,0.0
PPP4R2P4,0.0
ENSG00000249627,0.0
OR52V1P,0.0
USP9YP5,0.0
OR7E94P,0.0
MRPS33P2,0.0
VN1R104P,0.0
TNRC18P1,0.0
KRT18P56,0.0
TUBA3GP,0.0
KRT19P3,0.0
ENSG00000249686,0.0
ENSG00000249689,0.0
DPPA4P2,0.0
ENSG00000249692,0.0
MTCO3P9,0.0
ENSG00000249721,0.0
TUBB1P1,0.0
ENSG00000249729,0.0
OR10J4,0.0
ENSG00000249735,0.0
ENSG00000249741,0.0
ZCCHC10P2,0.0
HMGB1P28,0.0
NDUFB4P9,0.0
ENSG00000249755,0.0
ENSG00000249761,0.0
ENSG00000249763,0.0
ENSG00000249764,0.0
ENSG00000249766,0.0
ENPP7P10,0.0
HSPE1P10,0.0
MTND6P17,0.0
ENSG00000249774,0.0
SAP18P1,0.0
TRMT112P2,0.0
ENSG00000249779,0.0
ENSG00000249780,0.0
SCARNA22,0.0
ENSG00000249795,0.0
HSD3BP3,0.0
SNRPCP13,0.0
ENSG00000249819,0.0
AFF4P1,0.0
ENSG00000249828,0.0
ENSG00000249829,0.0
PGBD4P3,0.0
SUMO2P7,0.0
PPIP5K1P1,0.0
GAPDHP76,0.0
ENSG00000249843,0.0
OR7E43P,0.0
ENSG00000249848,0.0
KRT18P31,0.0
RPS27AP18,0.0
ENSG00000249852,0.0
EEF1A1P19,0.0
SNX5P1,0.0
ENSG00000249863,0.0
OR7E83P,0.0
VPS51P10,0.0
ENSG00000249876,0.0
ENSG00000249878,0.0
ENSG00000249887,0.0
ENSG00000249888,0.0
ALG1L11P,0.0
ENSG00000249890,0.0
KRT19P6,0.0
MTND6P16,0.0
ENSG00000249904,0.0
BRD9P2,0.0
CYCTP,0.0
TRIM51CP,0.0
FABP5P6,0.0
HNRNPA1P55,0.0
RACK1P1,0.0
ENSG00000249927,0.0
UQCRBP3,0.0
ENSG00000249930,0.0
NCOA4P2,0.0
RAC1P2,0.0
ENSG00000249943,0.0
ENSG00000249944,0.0
XBP1P1,0.0
GBA3,0.0
ENSG00000249950,0.0
UGT2B24P,0.0
CCT7P2,0.0
ENSG00000249960,0.0
EEF1A1P20,0.0
CDC42P4,0.0
ENSG00000249970,0.0
CHCHD2P7,0.0
OR5H3P,0.0
ENSG00000249976,0.0
ENSG00000249977,0.0
ENSG00000249985,0.0
YWHAQP6,0.0
RPS4XP20,0.0
MTCO2P24,0.0
ECM1P2,0.0
MTCO3P7,0.0
ENSG00000250006,0.0
HMGB1P3,0.0
ZP3P1,0.0
SNX18P23,0.0
ENSG00000250017,0.0
SPICP4,0.0
TMPRSS11BNL,0.0
ENSG00000250030,0.0
PTPN11P2,0.0
ENSG00000250037,0.0
RAF1P1,0.0
CBX3P3,0.0
MTND4P9,0.0
RARRES2P4,0.0
ENSG00000250068,0.0
ARPC1AP3,0.0
ENSG00000250074,0.0
MAPRE1P2,0.0
ENSG00000250079,0.0
ENSG00000250080,0.0
ENSG00000250082,0.0
ENSG00000250084,0.0
ENSG00000250088,0.0
ENSG00000250090,0.0
TRPC6P6,0.0
ENSG00000250100,0.0
ENSG00000250111,0.0
ENSG00000250114,0.0
AK3P2,0.0
ENSG00000250118,0.0
GAPDHP43,0.0
ENSG00000250138,0.0
ENSG00000250140,0.0
EEF1A1P35,0.0
ENSG00000250145,0.0
MORF4L2P1,0.0
KRT8P31,0.0
TRMT112P5,0.0
CSNK1A1P3,0.0
MTND5P13,0.0
EEF1A1P13,0.0
ENSG00000250183,0.0
RCC2P8,0.0
ENSG00000250189,0.0
ENSG00000250191,0.0
ENSG00000250194,0.0
HMGN1P15,0.0
ENSG00000250200,0.0
ENSG00000250202,0.0
TTTY23B,0.0
YWHAEP4,0.0
ENSG00000250207,0.0
ENSG00000250210,0.0
ENSG00000250213,0.0
ENSG00000250214,0.0
CIR1P2,0.0
LTV1P1,0.0
KRT8P32,0.0
TRIM60P14,0.0
ENSG00000250229,0.0
USP17L16P,0.0
WEE1P1,0.0
SEPHS2P1,0.0
ENSG00000250249,0.0
PKD1P6,0.0
ENSG00000250253,0.0
LDHAL6DP,0.0
CCDC74BP1,0.0
ALG1L14P,0.0
TRMT112P1,0.0
PSMC1P5,0.0
SPOPLP2,0.0
VWA8P1,0.0
NCAPGP1,0.0
ENSG00000250292,0.0
CRYZP2,0.0
MRPS31P4,0.0
ENSG00000250300,0.0
ZBED1P1,0.0
ENSG00000250306,0.0
TUBB8P3,0.0
SALL4P1,0.0
ENSG00000250315,0.0
ENSG00000250316,0.0
RPL13AP26,0.0
ENSG00000250319,0.0
ENSG00000250321,0.0
ENSG00000250322,0.0
MRPL22P1,0.0
IGBP1P4,0.0
RPSAP70,0.0
POGLUT2P1,0.0
ENSG00000250330,0.0
PTPN11P4,0.0
CXCL1P1,0.0
SNRPCP16,0.0
ENSG00000250345,0.0
EEF1GP2,0.0
ENSG00000250347,0.0
ENSG00000250350,0.0
H3P20,0.0
HSPE1P23,0.0
PTP4A1P4,0.0
KRT18P21,0.0
MARK2P4,0.0
ENSG00000250376,0.0
UNC93B4,0.0
UBE2CP3,0.0
H3P21,0.0
MTND6P2,0.0
CRLF3P2,0.0
ENSG00000250393,0.0
ENSG00000250398,0.0
RPL7L1P14,0.0
ENSG00000250405,0.0
KLHL2P1,0.0
SEC63P2,0.0
AACSP1,0.0
ENSG00000250422,0.0
OR7E35P,0.0
FTLP10,0.0
MRS2P1,0.0
ENSG00000250430,0.0
LSM2P2,0.0
EIF3KP3,0.0
CCT5P1,0.0
ENSG00000250455,0.0
ENSG00000250458,0.0
ENSG00000250461,0.0
LRRC37BP1,0.0
LRRC34P2,0.0
ENSG00000250470,0.0
GMPSP1,0.0
DUTP7,0.0
WBP1LP2,0.0
RPL6P11,0.0
ENPP7P9,0.0
RLIG1P1,0.0
DUX4L51,0.0
PPM1AP1,0.0
PPIAP76,0.0
EXOC7P1,0.0
INTS6P1,0.0
ENSG00000250494,0.0
ABT1P1,0.0
ENSG00000250500,0.0
KRT18P51,0.0
ENSG00000250505,0.0
ENSG00000250507,0.0
ENSG00000250515,0.0
ENSG00000250516,0.0
LDHAL6CP,0.0
ENSG00000250523,0.0
CCT6P2,0.0
STK19B,0.0
ABHD17AP3,0.0
KRT8P33,0.0
ENSG00000250540,0.0
ENSG00000250547,0.0
PPBPP1,0.0
CCDC34P1,0.0
ENSG00000250560,0.0
OR7E59P,0.0
RPL38P4,0.0
KNOP1P5,0.0
UGT2B29P,0.0
ENSG00000250568,0.0
NTAN1P2,0.0
ENSG00000250573,0.0
ENSG00000250574,0.0
ENSG00000250575,0.0
SNRPCP8,0.0
HPRT1P2,0.0
PRSS3P1,0.0
RNF14P2,0.0
WDR77P1,0.0
ENSG00000250611,0.0
ENSG00000250612,0.0
ENSG00000250613,0.0
ENSG00000250618,0.0
ENSG00000250622,0.0
MTCYBP43,0.0
ENSG00000250625,0.0
TTC39CP1,0.0
MTCO1P35,0.0
ENSG00000250636,0.0
ENSG00000250637,0.0
OR7E41P,0.0
ENSG00000250642,0.0
ENSG00000250645,0.0
ENSG00000250650,0.0
PABPC1P7,0.0
ENSG00000250654,0.0
ENSG00000250655,0.0
ST3GAL1P1,0.0
HNRNPKP5,0.0
ENSG00000250667,0.0
ENSG00000250669,0.0
ENSG00000250672,0.0
ENSG00000250677,0.0
ENSG00000250678,0.0
ADI1P2,0.0
NAIPP1,0.0
RPF2P2,0.0
ENSG00000250703,0.0
H3P23,0.0
OR7E99P,0.0
PRELID3BP7,0.0
ENSG00000250712,0.0
H3P22,0.0
HMGB1P22,0.0
ENSG00000250725,0.0
ENSG00000250726,0.0
ENSG00000250727,0.0
ENSG00000250728,0.0
HMGB3P3,0.0
TPM3P6,0.0
RPEP1,0.0
C8orf17,0.0
ENSG00000250746,0.0
ENSG00000250747,0.0
ENSG00000250749,0.0
OR5BM1P,0.0
RPL23AP96,0.0
ENSG00000250753,0.0
ENSG00000250756,0.0
ENSG00000250762,0.0
FHP2,0.0
DPP3P1,0.0
ENSG00000250769,0.0
ENSG00000250771,0.0
ENSG00000250778,0.0
HMGN1P17,0.0
TUBB8P4,0.0
ALG1L12P,0.0
CIDECP2,0.0
OR7E111FP,0.0
MTCO2P30,0.0
METTL5P3,0.0
SERF1AP1,0.0
ENSG00000250815,0.0
DCAF13P2,0.0
PGAM1P12,0.0
HNRNPA3P13,0.0
MFSD4BP1,0.0
ENSG00000250828,0.0
MRPS35P2,0.0
DNM1P17,0.0
KRT18P54,0.0
LSM3P4,0.0
ENSG00000250839,0.0
ENSG00000250847,0.0
PPP4R2P1,0.0
RNF138P1,0.0
TRIM60P15,0.0
IGBP1P5,0.0
HNRNPKP1,0.0
ENSG00000250860,0.0
HMGB1P29,0.0
XKRY,0.0
ENSG00000250869,0.0
METTL21EP,0.0
OR7E85P,0.0
ENSG00000250886,0.0
ENSG00000250890,0.0
ENSG00000250892,0.0
PRAMEF31P,0.0
TUBAP15,0.0
RNPS1P1,0.0
HMGB3P15,0.0
ENSG00000250914,0.0
UGT2B26P,0.0
ATP5F1EP1,0.0
ENSG00000250923,0.0
MESTP3,0.0
CATSPER2P2,0.0
GAPDHP66,0.0
IFT122P1,0.0
ENSG00000250940,0.0
ENPP7P11,0.0
ENSG00000250946,0.0
USP9YP1,0.0
ENSG00000250956,0.0
GLUD1P3,0.0
RLIG1P3,0.0
H3P14,0.0
CKS1BP5,0.0
KRTAP13-6P,0.0
TRPA2P,0.0
NSA2P6,0.0
GAPDHP35,0.0
FAM76AP1,0.0
ENSG00000250984,0.0
TMEM30BP1,0.0
ENSG00000250997,0.0
GGCTP1,0.0
ENSG00000251001,0.0
H3P15,0.0
LTO1P1,0.0
GAPDHP62,0.0
TMEM183AP6,0.0
ENSG00000251017,0.0
HIGD1AP13,0.0
NDUFB5P1,0.0
CUL1P1,0.0
WBP1LP4,0.0
ENSG00000251038,0.0
ZNF969P,0.0
RBX1P2,0.0
ELL2P2,0.0
ANKRD20A17P,0.0
ENSG00000251062,0.0
ENSG00000251066,0.0
NUDT19P5,0.0
ENSG00000251074,0.0
SLC25A5P9,0.0
BMS1P2,0.0
ALG1L3P,0.0
OR5AC4P,0.0
ENSG00000251099,0.0
ENSG00000251101,0.0
CTBP2P4,0.0
ENSG00000251105,0.0
ABITRAMP1,0.0
PDCD5P2,0.0
YBX1P5,0.0
FCF1P8,0.0
ENSG00000251112,0.0
ENSG00000251113,0.0
H3P24,0.0
NIFKP2,0.0
ENSG00000251123,0.0
ENSG00000251135,0.0
RPL7L1P7,0.0
ENSG00000251142,0.0
TRPC6P7,0.0
MTND5P5,0.0
PTTG1IP2,0.0
SEPTIN14P4,0.0
ENSG00000251158,0.0
ENSG00000251159,0.0
ENSG00000251162,0.0
PRELID3BP4,0.0
OR7E163P,0.0
TPTE2P7,0.0
TSEN2P1,0.0
ENSG00000251177,0.0
OR7E21P,0.0
ENSG00000251188,0.0
ENSG00000251193,0.0
ENSG00000251195,0.0
ENSG00000251196,0.0
DNAJB6P2,0.0
ENSG00000251204,0.0
ENSG00000251211,0.0
MTND5P4,0.0
GOLGA5P1,0.0
RFPL4AP3,0.0
MTCO1P9,0.0
ENSG00000251228,0.0
ENSG00000251229,0.0
PSMA2P2,0.0
SNRPCP2,0.0
ENSG00000251236,0.0
B3GNTL1P1,0.0
ENSG00000251243,0.0
MTND2P31,0.0
MTHFD2P4,0.0
GTF2F2P1,0.0
OR7H2P,0.0
ALG1L7P,0.0
ENSG00000251278,0.0
SPOPLP1,0.0
ENSG00000251285,0.0
ENSG00000251286,0.0
ENSG00000251288,0.0
ENSG00000251296,0.0
TUBB7P,0.0
SLC25A15P3,0.0
ENSG00000251300,0.0
CAB39P1,0.0
NDUFB4P2,0.0
MRPS33P3,0.0
ENSG00000251312,0.0
ENSG00000251313,0.0
PSME2P4,0.0
RTN3P1,0.0
ENSG00000251334,0.0
ENSG00000251338,0.0
MTCYBP35,0.0
ENSG00000251342,0.0
CDRT15P11,0.0
IRF5P1,0.0
HSPD1P11,0.0
ENSG00000251352,0.0
MTND3P5,0.0
ENSG00000251354,0.0
RAB5CP2,0.0
KHDC1P1,0.0
DBIP2,0.0
ENSG00000251368,0.0
ENSG00000251373,0.0
ENSG00000251374,0.0
ENSG00000251378,0.0
MTCYBP16,0.0
YTHDF1P1,0.0
FTH1P9,0.0
ALDH7A1P1,0.0
ENSG00000251401,0.0
FAM90A25P,0.0
MTND1P22,0.0
ARPC1AP4,0.0
ASS1P8,0.0
ENSG00000251419,0.0
ENSG00000251424,0.0
ENSG00000251427,0.0
AIDAP2,0.0
MTCO3P27,0.0
ENSG00000251431,0.0
CCNHP1,0.0
C1GALT1P2,0.0
NUP58P1,0.0
NDUFS5P4,0.0
KRTAP4-17P,0.0
STMN1P2,0.0
RTEL1P1,0.0
ENSG00000251447,0.0
MTND1P19,0.0
GTF2IP9,0.0
ENSG00000251452,0.0
HAUS1P1,0.0
FKBP4P1,0.0
RPL7L1P13,0.0
CTDNEP1P2,0.0
ENSG00000251468,0.0
ASNSP4,0.0
ENSG00000251473,0.0
RPL32P3,0.0
MTCO1P31,0.0
ENSG00000251477,0.0
ENSG00000251478,0.0
AKIRIN2P1,0.0
LYPLA1P2,0.0
ENSG00000251484,0.0
NRBF2P6,0.0
ENSG00000251489,0.0
OR7E28P,0.0
ENSG00000251492,0.0
PPIAP11,0.0
ENSG00000251498,0.0
ENSG00000251501,0.0
ENSG00000251508,0.0
CFAP53P1,0.0
ENSG00000251516,0.0
ENSG00000251520,0.0
IMPA1P1,0.0
TCP11X3P,0.0
ENSG00000251529,0.0
ENSG00000251535,0.0
SNX18P24,0.0
MTND5P12,0.0
ENSG00000251545,0.0
ENSG00000251548,0.0
ENSG00000251549,0.0
ENSG00000251550,0.0
COQ10BP2,0.0
DDX18P4,0.0
ENSG00000251557,0.0
IARS2P1,0.0
HMGB1P35,0.0
ALG3P1,0.0
DDX3P3,0.0
ENSG00000251572,0.0
ENSG00000251579,0.0
MFFP2,0.0
ENSG00000251585,0.0
LDHAP1,0.0
ENSG00000251588,0.0
NIFKP7,0.0
ENSG00000251591,0.0
MSNP1,0.0
ABCA11P,0.0
HADHAP1,0.0
RPL37P25,0.0
ENSG00000251605,0.0
OR12D1,0.0
SETP12,0.0
EVA1CP6,0.0
HSPA8P19,0.0
ENSG00000251618,0.0
UNC93B7,0.0
ENSG00000251627,0.0
ENSG00000251630,0.0
GYG1P1,0.0
NAIPP4,0.0
ENSG00000251638,0.0
ENSG00000251639,0.0
COPS3P1,0.0
HPRT1P1,0.0
C18orf21P1,0.0
ENSG00000251648,0.0
PRELID3BP5,0.0
SUMO2P5,0.0
BRCC3P1,0.0
ENSG00000251668,0.0
FAM86EP,0.0
ENSG00000251682,0.0
UGT2B27P,0.0
OR10J8P,0.0
ENSG00000251689,0.0
ENSG00000251691,0.0
USP17L9P,0.0
RN7SKP24,0.0
RNA5SP445,0.0
RNU6-857P,0.0
RNU6-998P,0.0
ENSG00000251704,0.0
RNA5-8SP6,0.0
RNU7-61P,0.0
RNU7-37P,0.0
RNU6-632P,0.0
RNU7-20P,0.0
RN7SKP67,0.0
ENSG00000251715,0.0
RNA5SP419,0.0
RNU2-13P,0.0
RNU6-408P,0.0
RNU7-123P,0.0
RNU5E-3P,0.0
RNU7-175P,0.0
RNU7-41P,0.0
RNU6-488P,0.0
Y_RNA,0.0
RNA5SP401,0.0
ENSG00000251730,0.0
RN7SKP122,0.0
SCARNA8,0.0
ENSG00000251735,0.0
RNU6-1053P,0.0
RNU4ATAC13P,0.0
RN7SKP13,0.0
ENSG00000251744,0.0
RNU7-124P,0.0
RNA5SP112,0.0
RNU7-60P,0.0
RNU4ATAC11P,0.0
RNU5F-8P,0.0
RN7SKP46,0.0
RNU4-29P,0.0
RNU6-75P,0.0
RNU6-999P,0.0
RNA5SP385,0.0
RNU6-848P,0.0
RN7SKP298,0.0
RNA5SP418,0.0
RNU6-138P,0.0
RNU6-470P,0.0
RNA5SP446,0.0
RNA5SP518,0.0
RNU7-8P,0.0
RNA5SP217,0.0
RNA5SP486,0.0
RNU6-1129P,0.0
RNU6-377P,0.0
ENSG00000251775,0.0
RN7SKP242,0.0
ENSG00000251778,0.0
Y_RNA,0.0
RNA5SP356,0.0
RNU6-1170P,0.0
RNA5SP20,0.0
RNU7-47P,0.0
RNU5A-7P,0.0
RNU4-57P,0.0
SCARNA6,0.0
Y_RNA,0.0
RNU6-237P,0.0
SNORA70,0.0
RNU6-863P,0.0
Y_RNA,0.0
ENSG00000251802,0.0
Y_RNA,0.0
RNU6-1294P,0.0
ENSG00000251805,0.0
RNU6-202P,0.0
RN7SKP14,0.0
RN7SKP132,0.0
Y_RNA,0.0
Y_RNA,0.0
RNU6-983P,0.0
RN7SKP18,0.0
SNORD116-26,0.0
RNA5SP157,0.0
ENSG00000251818,0.0
RNU6-322P,0.0
RNU6-583P,0.0
ENSG00000251822,0.0
RNA5SP162,0.0
RN7SKP19,0.0
ENSG00000251828,0.0
RNA5SP436,0.0
ENSG00000251830,0.0
RNU6-1114P,0.0
RNU6-319P,0.0
RNU6ATAC32P,0.0
Y_RNA,0.0
ENSG00000251838,0.0
RNU7-12P,0.0
RN7SKP155,0.0
RNU6-1334P,0.0
RNU6-732P,0.0
RNU6-803P,0.0
ENSG00000251844,0.0
RNA5SP96,0.0
RNU6-772P,0.0
Y_RNA,0.0
RNU6-507P,0.0
MIR449C,0.0
RNA5SP362,0.0
ENSG00000251858,0.0
RNU6-1288P,0.0
ENSG00000251861,0.0
MIR1343,0.0
Y_RNA,0.0
RNU6-518P,0.0
SCARNA21B,0.0
RNU7-71P,0.0
SCARNA23,0.0
RNU2-69P,0.0
RNA5SP182,0.0
RNU6-615P,0.0
RNU5F-2P,0.0
RNU2-45P,0.0
SNORD79,0.0
RNU7-75P,0.0
RNU6-475P,0.0
RNU6ATAC17P,0.0
RNA5SP288,0.0
RNU6-120P,0.0
RNU6-760P,0.0
RN7SKP190,0.0
RNU4-49P,0.0
RNA5SP497,0.0
RNU7-79P,0.0
RNU7-84P,0.0
SNORA70,0.0
RNU6-976P,0.0
SNORD116-27,0.0
RNU6-916P,0.0
SCARNA11,0.0
VTRNA2-2P,0.0
RNA5SP272,0.0
RNU7-2P,0.0
RNU6-351P,0.0
RNU6-240P,0.0
RNU6-491P,0.0
RNU6-513P,0.0
RNU7-200P,0.0
RNA5SP406,0.0
RNU1-61P,0.0
RNU1-86P,0.0
RNU7-105P,0.0
RNA5SP216,0.0
ENSG00000251922,0.0
RNU6-276P,0.0
RNA5SP408,0.0
SNORA70,0.0
RNU6-189P,0.0
RNU6-871P,0.0
RNU6-1143P,0.0
RN7SKP179,0.0
RNA5SP249,0.0
RNU7-129P,0.0
RNU6-1278P,0.0
ENSG00000251940,0.0
RNA5SP116,0.0
ENSG00000251942,0.0
RNU6-693P,0.0
RNU6-1023P,0.0
RN7SKP164,0.0
RN7SKP34,0.0
RNU6-1219P,0.0
RNA5SP522,0.0
RNU6-496P,0.0
RNU6-27P,0.0
RNU6-617P,0.0
RNU6-1095P,0.0
RNU6-1102P,0.0
RNU6-559P,0.0
RNU6ATAC13P,0.0
RNA5SP208,0.0
ENSG00000251967,0.0
RNU1-41P,0.0
RNU6-1333P,0.0
RNU6-123P,0.0
RNU6-473P,0.0
ENSG00000251974,0.0
RNU6-718P,0.0
RN7SKP141,0.0
RNU6-991P,0.0
RNA5SP236,0.0
RNU6-436P,0.0
RNU7-52P,0.0
RN7SKP43,0.0
RN7SKP157,0.0
RNU6-1161P,0.0
Y_RNA,0.0
SNORD63,0.0
RNU4ATAC18P,0.0
RNA5SP180,0.0
RNU7-49P,0.0
SCARNA17,0.0
RNA5SP227,0.0
RNU2-27P,0.0
Y_RNA,0.0
RNA5SP458,0.0
RNU6-168P,0.0
ENSG00000251999,0.0
RNA5SP303,0.0
RNA5SP154,0.0
RNU7-154P,0.0
RNU4ATAC8P,0.0
RNU6-927P,0.0
SCARNA5,0.0
ENSG00000252011,0.0
RNA5SP521,0.0
RNU4ATAC14P,0.0
SNORA70,0.0
RNU6-904P,0.0
ENSG00000252016,0.0
RNU6-1194P,0.0
RNU2-30P,0.0
RNU6ATAC9P,0.0
ENSG00000252020,0.0
Y_RNA,0.0
SNORD33,0.0
RNU6-581P,0.0
RNU6-982P,0.0
RNU6-1262P,0.0
RNU6ATAC14P,0.0
RN7SKP52,0.0
RNA5SP253,0.0
RNU6-1196P,0.0
RNU6-561P,0.0
RNU6-1281P,0.0
RNU6-311P,0.0
RNY4P37,0.0
RNU6-397P,0.0
RN7SKP288,0.0
RNU6-162P,0.0
RNU6-287P,0.0
ENSG00000252040,0.0
RNA5SP228,0.0
Y_RNA,0.0
ENSG00000252045,0.0
RNU6-150P,0.0
Y_RNA,0.0
ENSG00000252049,0.0
ENSG00000252050,0.0
RN7SKP276,0.0
RNU6-1101P,0.0
RNU7-174P,0.0
RNA5SP464,0.0
RNU6-415P,0.0
RNU6-469P,0.0
RNU6-1041P,0.0
Y_RNA,0.0
RNU6-864P,0.0
RNU2-53P,0.0
RNU4-71P,0.0
RNU6-390P,0.0
Y_RNA,0.0
RNA5SP341,0.0
RNA5SP320,0.0
RNU6-947P,0.0
RNU6-416P,0.0
RN7SKP196,0.0
RNU6-327P,0.0
RNU7-99P,0.0
RNU6-277P,0.0
RNU6-547P,0.0
ENSG00000252083,0.0
RN7SKP12,0.0
RNA5SP76,0.0
RN7SKP248,0.0
RNU4ATAC7P,0.0
RNU6-1146P,0.0
RNA5SP410,0.0
ENSG00000252096,0.0
RNU6-346P,0.0
Y_RNA,0.0
RNU6-758P,0.0
RNU6-917P,0.0
RNU6-191P,0.0
RNU1-143P,0.0
RNY3P15,0.0
RNA5SP220,0.0
RNU6-1232P,0.0
SNORD63,0.0
RNU6-523P,0.0
Y_RNA,0.0
RNU4ATAC4P,0.0
RNU6-1108P,0.0
RNU6ATAC39P,0.0
ENSG00000252119,0.0
RNU6-970P,0.0
ENSG00000252122,0.0
RNU6-1299P,0.0
RNU6-313P,0.0
SNORD27,0.0
SNORA74,0.0
RNU6-1045P,0.0
RNU6-795P,0.0
SNORA70,0.0
RNU1-155P,0.0
ENSG00000252136,0.0
RNU6-1338P,0.0
ENSG00000252138,0.0
ENSG00000252139,0.0
RNU6-65P,0.0
ENSG00000252143,0.0
RNU6-1225P,0.0
RNY3P16,0.0
RNU6-1206P,0.0
RNA5SP315,0.0
RNU6-1265P,0.0
MIR2278,0.0
RNU6-941P,0.0
RNU6-155P,0.0
RNU6-479P,0.0
SNORA72,0.0
RNA5SP318,0.0
RNU6-830P,0.0
RN7SKP31,0.0
RNA5SP282,0.0
RNU1-95P,0.0
RNA5SP287,0.0
RNA5SP200,0.0
ENSG00000252170,0.0
Y_RNA,0.0
RNU6-720P,0.0
RNU6-109P,0.0
RNU7-18P,0.0
RNU7-69P,0.0
RNA5SP255,0.0
RNA5SP413,0.0
RNU6-948P,0.0
RNU2-10P,0.0
RNU6-752P,0.0
RNU6-781P,0.0
ENSG00000252188,0.0
ENSG00000252190,0.0
RNU6-751P,0.0
ENSG00000252192,0.0
ENSG00000252193,0.0
Y_RNA,0.0
SNORA70,0.0
ENSG00000252200,0.0
Y_RNA,0.0
ENSG00000252204,0.0
RNU6-764P,0.0
RNU7-40P,0.0
RNA5SP365,0.0
RNU1-48P,0.0
Y_RNA,0.0
RNA5SP473,0.0
RNU2-58P,0.0
SNORA74D,0.0
RNU6-542P,0.0
Y_RNA,0.0
ENSG00000252218,0.0
MIR892C,0.0
RNU6-977P,0.0
RNU7-13P,0.0
RNU6-1049P,0.0
RNU4ATAC15P,0.0
Y_RNA,0.0
ENSG00000252228,0.0
ENSG00000252230,0.0
RNA5SP67,0.0
RN7SKP253,0.0
ENSG00000252236,0.0
RNU4-54P,0.0
ENSG00000252238,0.0
RNU7-115P,0.0
RNU6-412P,0.0
RNU7-3P,0.0
RNA5SP92,0.0
RNU6-70P,0.0
ENSG00000252249,0.0
Y_RNA,0.0
RNU6-687P,0.0
Y_RNA,0.0
RNU2-35P,0.0
RN7SKP265,0.0
SNORA70,0.0
RNA5SP49,0.0
RNA5SP461,0.0
RNA5SP262,0.0
RNA5SP61,0.0
RNU6-659P,0.0
RNU7-153P,0.0
Y_RNA,0.0
RNA5SP495,0.0
RNA5SP417,0.0
RNU4ATAC12P,0.0
RNU6-1110P,0.0
RNA5SP470,0.0
RNU6-426P,0.0
ENSG00000252274,0.0
RNU7-192P,0.0
SNORD116-30,0.0
RNU6-406P,0.0
RNU6-1089P,0.0
Vault,0.0
SNORA108,0.0
RNA5SP24,0.0
RNU6-966P,0.0
RNA5SP519,0.0
ENSG00000252290,0.0
ENSG00000252291,0.0
RN7SKP238,0.0
RNU6-589P,0.0
ENSG00000252296,0.0
RNU6-875P,0.0
RNA5SP134,0.0
RNA5SP147,0.0
SNORA74,0.0
RNA5SP153,0.0
RNU1-103P,0.0
RN7SKP21,0.0
RNA5SP281,0.0
RNA5SP520,0.0
RNY4,0.0
Y_RNA,0.0
Y_RNA,0.0
RNU6-320P,0.0
RN7SKP83,0.0
RN7SKP244,0.0
RNU6-184P,0.0
RNU6-1038P,0.0
SNORD116-25,0.0
Vault,0.0
ENSG00000252329,0.0
RNU6-911P,0.0
RNU6-964P,0.0
RNU6-1337P,0.0
RNU6-62P,0.0
RNA5SP148,0.0
ENSG00000252337,0.0
RNU6-503P,0.0
RNU6-1061P,0.0
Y_RNA,0.0
RNA5SP164,0.0
RNU2-34P,0.0
RNA5SP121,0.0
RNU6-1046P,0.0
RNU6-1256P,0.0
ENSG00000252349,0.0
RPPH1-3P,0.0
RNU6ATAC12P,0.0
ENSG00000252352,0.0
RNU7-25P,0.0
RN7SKP287,0.0
Y_RNA,0.0
RN7SKP135,0.0
RNU6-118P,0.0
RNU6-506P,0.0
RNU7-43P,0.0
RNA5SP360,0.0
RNA5SP367,0.0
Y_RNA,0.0
RNA5SP43,0.0
RNU7-51P,0.0
RNA5SP438,0.0
RNU6-725P,0.0
RNU6-358P,0.0
Y_RNA,0.0
RNA5SP395,0.0
RNU6-504P,0.0
RNU6-314P,0.0
RNU6-68P,0.0
RNU6-1018P,0.0
RNU5F-4P,0.0
RNU6-638P,0.0
RNU6-1004P,0.0
RNU6-1007P,0.0
RN7SKP195,0.0
RNU5A-4P,0.0
Y_RNA,0.0
RNU6-1291P,0.0
RNU4ATAC6P,0.0
ENSG00000252404,0.0
RNU7-183P,0.0
ENSG00000252408,0.0
ENSG00000252409,0.0
RNU5B-3P,0.0
RNU6-1087P,0.0
Y_RNA,0.0
RNU7-121P,0.0
RNU6-100P,0.0
RNU6-1012P,0.0
RNU6-885P,0.0
RNU7-179P,0.0
Y_RNA,0.0
RNU6-1069P,0.0
RNA5SP476,0.0
RNU6-229P,0.0
RNA5SP384,0.0
ENSG00000252425,0.0
RNU1-107P,0.0
ENSG00000252427,0.0
RNA5SP285,0.0
RNU7-29P,0.0
RNU6-1247P,0.0
ENSG00000252433,0.0
Y_RNA,0.0
RNA5SP459,0.0
ENSG00000252438,0.0
ENSG00000252441,0.0
SNORA62,0.0
RNU6-344P,0.0
RNU6-405P,0.0
SNORA63,0.0
RNU6-139P,0.0
Y_RNA,0.0
RNA5SP168,0.0
RNU6-107P,0.0
MIR2114,0.0
RNA5SP434,0.0
RNU7-65P,0.0
ENSG00000252458,0.0
ENSG00000252459,0.0
RNU6-635P,0.0
ENSG00000252461,0.0
RNU6-113P,0.0
RN7SKP70,0.0
MIR2115,0.0
RNU6-347P,0.0
RNU2-57P,0.0
RNU7-160P,0.0
RNU6-551P,0.0
RNU6-521P,0.0
ENSG00000252473,0.0
RNU6-539P,0.0
RNU6-1332P,0.0
RNA5SP309,0.0
RNU6-719P,0.0
SCARNA13,0.0
RNU7-22P,0.0
RNU6-1178P,0.0
RN7SKP49,0.0
Vault,0.0
Y_RNA,0.0
RNY4P20,0.0
RNU6-197P,0.0
RN7SKP66,0.0
RNU1-142P,0.0
RNU6-126P,0.0
RNA5SP33,0.0
RPPH1-2P,0.0
RNU6-1016P,0.0
RNU6-63P,0.0
RNU4-77P,0.0
RNU6-531P,0.0
SNORA70,0.0
RNU6-180P,0.0
RNU7-81P,0.0
RNU4ATAC3P,0.0
RNA5SP271,0.0
RNA5SP55,0.0
RNA5SP206,0.0
RNU1-128P,0.0
RNU7-53P,0.0
RNU6-1171P,0.0
RNA5SP82,0.0
ENSG00000252517,0.0
RNU6-783P,0.0
RNU5D-2P,0.0
RNU6-267P,0.0
Y_RNA,0.0
SNORA70,0.0
RNU6-965P,0.0
RNU7-193P,0.0
RNU6-572P,0.0
Y_RNA,0.0
RNA5SP254,0.0
ENSG00000252537,0.0
RNA5SP462,0.0
RNU6-919P,0.0
SNORD36C,0.0
RNU6-1282P,0.0
RNU6-362P,0.0
RNA5SP466,0.0
RNU7-149P,0.0
RNU6-759P,0.0
ENSG00000252550,0.0
RNU6-307P,0.0
RNA5SP73,0.0
RNU6-861P,0.0
RNU6-567P,0.0
RNU6-256P,0.0
RNU6-914P,0.0
RNU4-18P,0.0
RNU1-125P,0.0
RNU6-922P,0.0
RNA5SP45,0.0
RNU7-28P,0.0
RNU6-1153P,0.0
RNU5B-6P,0.0
SCARNA20,0.0
RNU6-135P,0.0
ENSG00000252580,0.0
RNU6-1098P,0.0
ENSG00000252582,0.0
MIR514B,0.0
Y_RNA,0.0
RNA5SP422,0.0
RNU7-143P,0.0
RNA5SP468,0.0
RNU6-1224P,0.0
RNU6-656P,0.0
RN7SKP82,0.0
RNU7-137P,0.0
RNA5SP460,0.0
RNU6-566P,0.0
ENSG00000252601,0.0
RNU6ATAC22P,0.0
RNU2-44P,0.0
RNU6-1150P,0.0
Y_RNA,0.0
RNU6-1191P,0.0
RNU6-1121P,0.0
Y_RNA,0.0
RNU6-807P,0.0
Y_RNA,0.0
RNA5SP441,0.0
RNU6-1149P,0.0
RNU6ATAC24P,0.0
Y_RNA,0.0
RNU6-881P,0.0
RNA5SP481,0.0
RNA5SP409,0.0
RNU1-40P,0.0
RNU6-1308P,0.0
RNU6-122P,0.0
RNU6-453P,0.0
RN7SKP282,0.0
RN7SKP219,0.0
RNU2-56P,0.0
RNU6-826P,0.0
RNA5SP268,0.0
RNU2-24P,0.0
ENSG00000252640,0.0
RNU6-678P,0.0
RNA5SP137,0.0
RNU6-1136P,0.0
RNU7-30P,0.0
RNU7-111P,0.0
RNA5SP416,0.0
RNA5SP480,0.0
RNA5SP75,0.0
RNU6-557P,0.0
Y_RNA,0.0
RNA5SP444,0.0
RNU7-6P,0.0
Y_RNA,0.0
RN7SKP88,0.0
SNORA70,0.0
RNU6-786P,0.0
RNU6-1088P,0.0
Y_RNA,0.0
RNU6-782P,0.0
RNA5SP523,0.0
Y_RNA,0.0
RNA5SP421,0.0
RNA5SP102,0.0
ENSG00000252677,0.0
RNA5SP449,0.0
RNU1-97P,0.0
ENSG00000252682,0.0
RNU6ATAC36P,0.0
RNU6-928P,0.0
RNU6-1234P,0.0
RNU6-579P,0.0
ENSG00000252689,0.0
ENSG00000252691,0.0
ENSG00000252692,0.0
ENSG00000252693,0.0
MIR2276,0.0
RNA5SP34,0.0
RN7SKP209,0.0
SNORA21B,0.0
RNU7-110P,0.0
RN7SKP277,0.0
RNU6-175P,0.0
RNU11-2P,0.0
RNU6-295P,0.0
RN7SKP116,0.0
SCARNA14,0.0
RNU6-1198P,0.0
RNA5SP392,0.0
RN7SKP260,0.0
RNU6-352P,0.0
RNU6-612P,0.0
ENSG00000252719,0.0
RNU6-1258P,0.0
RNU6-798P,0.0
ENSG00000252722,0.0
RNU6-677P,0.0
SNORA70,0.0
RNU6-765P,0.0
RNA5SP94,0.0
ENSG00000252727,0.0
RNU6-971P,0.0
RNU6-980P,0.0
RNU6-528P,0.0
RNU7-151P,0.0
Y_RNA,0.0
RNU6-850P,0.0
Y_RNA,0.0
RNA5SP143,0.0
RNU6-273P,0.0
RNA5SP364,0.0
RNU7-116P,0.0
RNU7-70P,0.0
RNU6-143P,0.0
RNU6-210P,0.0
RNU6-703P,0.0
RNU6-577P,0.0
RN7SKP96,0.0
RNU6-445P,0.0
Y_RNA,0.0
RNA5SP54,0.0
Y_RNA,0.0
ENSG00000252762,0.0
RNU2-31P,0.0
RNU6-1092P,0.0
ENSG00000252765,0.0
RNU6-255P,0.0
RNU6-250P,0.0
RNU6-856P,0.0
RNU6-943P,0.0
RNU7-4P,0.0
RNU6-714P,0.0
ENSG00000252774,0.0
RNU4ATAC10P,0.0
ENSG00000252777,0.0
ENSG00000252778,0.0
RNU6-182P,0.0
RNA5SP471,0.0
RNU6-341P,0.0
RNU6-835P,0.0
Y_RNA,0.0
ENSG00000252787,0.0
RN7SKP60,0.0
RNU6-56P,0.0
RNU7-11P,0.0
RN7SKP272,0.0
ENSG00000252798,0.0
ENSG00000252800,0.0
Y_RNA,0.0
RNU6-958P,0.0
RNA5SP420,0.0
RNU6-1006P,0.0
RNU6-345P,0.0
RN7SKP2,0.0
RN7SKP233,0.0
RNU6-410P,0.0
RNA5SP337,0.0
Y_RNA,0.0
RNU6-388P,0.0
Y_RNA,0.0
RNU6-148P,0.0
ENSG00000252824,0.0
RNVU1-23,0.0
RN7SKP11,0.0
RNA5SP135,0.0
RNA5SP533,0.0
RNU6-1212P,0.0
RNA5SP186,0.0
SCARNA21,0.0
RN7SKP99,0.0
RNU6-419P,0.0
ENSG00000252840,0.0
RNA5SP101,0.0
RNU2-46P,0.0
RNA5SP230,0.0
RNU1-117P,0.0
ENSG00000252852,0.0
RN7SKP5,0.0
RNA5SP503,0.0
RNU6-389P,0.0
RNU6-1271P,0.0
RNU6-375P,0.0
RNU6-570P,0.0
RNU6-448P,0.0
RNU6-1183P,0.0
RNA5SP278,0.0
RNA5SP243,0.0
RNU6-909P,0.0
ENSG00000252868,0.0
ENSG00000252870,0.0
RNU7-188P,0.0
Y_RNA,0.0
RNA5SP312,0.0
RN7SKP98,0.0
RNU6-334P,0.0
RNU6-1137P,0.0
RNU6-1213P,0.0
RN7SKP197,0.0
RNU6-430P,0.0
ENSG00000252888,0.0
RNU6-1236P,0.0
RNU6-699P,0.0
Y_RNA,0.0
RNU6-548P,0.0
Y_RNA,0.0
RNU6-685P,0.0
RNU6-1096P,0.0
RNU6-303P,0.0
RNA5SP342,0.0
RNU6-894P,0.0
ENSG00000252904,0.0
RNA5SP330,0.0
SCARNA3,0.0
RNU6-1003P,0.0
RNU6-201P,0.0
RNU6-158P,0.0
RNU6-789P,0.0
Y_RNA,0.0
RNU6-762P,0.0
SNORA74,0.0
Y_RNA,0.0
ENSG00000252920,0.0
RNU6-365P,0.0
ENSG00000252923,0.0
RNA5SP404,0.0
RNU6-64P,0.0
RNU6-218P,0.0
RNU6-1015P,0.0
RNU6-231P,0.0
RNU6-1223P,0.0
RNU7-172P,0.0
RNU6-1220P,0.0
RNA5SP423,0.0
RNU6-1270P,0.0
RNA5SP340,0.0
RNA5SP290,0.0
RNU6-264P,0.0
RNU6-897P,0.0
ENSG00000252945,0.0
SCARNA1,0.0
RNU6-1314P,0.0
RNA5SP490,0.0
RNA5SP165,0.0
RNU6-58P,0.0
RNU6-232P,0.0
RNU4ATAC9P,0.0
RNA5SP40,0.0
RNA5SP402,0.0
RNA5SP170,0.0
RN7SKP258,0.0
RNU6-993P,0.0
RN7SKP147,0.0
RNA5SP400,0.0
Y_RNA,0.0
SNORA70,0.0
RNA5SP159,0.0
RNU6-1057P,0.0
RNU6-1028P,0.0
Y_RNA,0.0
RNA5SP70,0.0
RN7SKP183,0.0
RNU6-165P,0.0
RNU6-367P,0.0
RN7SKP234,0.0
RNU7-35P,0.0
RNU6-844P,0.0
SNORD116,0.0
RNA5SP66,0.0
RNU6-111P,0.0
ENSG00000252989,0.0
RNU1-54P,0.0
RNU6-1073P,0.0
ENSG00000252992,0.0
ENSG00000252993,0.0
RNU6-1231P,0.0
RNU6-667P,0.0
RNU6-1315P,0.0
RNU6-889P,0.0
RNA5SP380,0.0
RNU1-45P,0.0
RN7SKP105,0.0
RNU6-1261P,0.0
RNU6-176P,0.0
RN7SKP283,0.0
SNORA50B,0.0
MIR2355,0.0
RN7SKP256,0.0
ENSG00000253013,0.0
RN7SKP64,0.0
Y_RNA,0.0
RN7SKP35,0.0
RN7SKP40,0.0
RNU6-902P,0.0
RNU6-731P,0.0
RNU7-156P,0.0
RNU6-1238P,0.0
RNU2-12P,0.0
RNU6-464P,0.0
SNORA70,0.0
ENSG00000253028,0.0
MIR2116,0.0
RNA5SP291,0.0
RNU6-299P,0.0
RNU4ATAC5P,0.0
RNU6-706P,0.0
RNA5SP47,0.0
RNA5SP454,0.0
ENSG00000253041,0.0
SNORA70,0.0
RNU7-181P,0.0
ENSG00000253047,0.0
RNU4-60P,0.0
ENSG00000253049,0.0
SNORA31B,0.0
RN7SKP289,0.0
RNU7-77P,0.0
RNA5SP415,0.0
RNU7-128P,0.0
RN7SKP57,0.0
RNA5SP437,0.0
ENSG00000253059,0.0
ENSG00000253060,0.0
RNU6-494P,0.0
RNU6-711P,0.0
ENSG00000253065,0.0
RNU6-709P,0.0
ENSG00000253067,0.0
RNU6-794P,0.0
ENSG00000253072,0.0
RN7SKP295,0.0
RNU6-586P,0.0
RN7SKP92,0.0
RNA5SP169,0.0
RNU6-1116P,0.0
NRON,0.0
RNA5SP373,0.0
RNU4ATAC17P,0.0
RNA5SP106,0.0
RNU6-840P,0.0
ENSG00000253085,0.0
RNU6-537P,0.0
RNU6-1174P,0.0
Y_RNA,0.0
RNU1-104P,0.0
SNORA73,0.0
ENSG00000253092,0.0
RNA5SP179,0.0
SNORD36,0.0
Y_RNA,0.0
RNU2-19P,0.0
RNU7-161P,0.0
RNU2-60P,0.0
ENSG00000253107,0.0
RPL12P22,0.0
RPL7L1P18,0.0
ENSG00000253118,0.0
HNRNPA3P7,0.0
TRAPPC2P2,0.0
ENSG00000253135,0.0
PSMC2P2,0.0
ENSG00000253144,0.0
CIR1P1,0.0
ENSG00000253153,0.0
ENSG00000253155,0.0
H2AZP7,0.0
ENSG00000253160,0.0
ENSG00000253166,0.0
H2AZP2,0.0
ENSG00000253175,0.0
ENSG00000253176,0.0
ENSG00000253178,0.0
CALCP,0.0
ENSG00000253180,0.0
ENSG00000253183,0.0
ENSG00000253186,0.0
ENSG00000253195,0.0
ENSG00000253198,0.0
GUSBP3,0.0
ENSG00000253204,0.0
PSME2P5,0.0
USP12P1,0.0
ENSG00000253216,0.0
KLF3P1,0.0
KRT18P41,0.0
ENSG00000253223,0.0
PGAM5P1,0.0
ENSG00000253225,0.0
HAUS1P3,0.0
NRBF2P4,0.0
HIGD1AP6,0.0
COX6CP8,0.0
ENSG00000253232,0.0
ENSG00000253233,0.0
ENSG00000253237,0.0
MTND1P36,0.0
MTND4P7,0.0
ENSG00000253261,0.0
ENSG00000253262,0.0
ENSG00000253271,0.0
ENSG00000253273,0.0
ENSG00000253283,0.0
ENSG00000253290,0.0
MIOXP1,0.0
UFM1P3,0.0
ENSG00000253312,0.0
TMCC1P1,0.0
ENSG00000253319,0.0
ENSG00000253326,0.0
SUMO2P19,0.0
ENSG00000253330,0.0
RPL7AP80,0.0
ENSG00000253333,0.0
ENSG00000253336,0.0
ENSG00000253340,0.0
PCBP2P2,0.0
ENSG00000253346,0.0
COX6B1P6,0.0
ENSG00000253362,0.0
GUSBP16,0.0
ENSG00000253370,0.0
POU5F1P2,0.0
ENSG00000253383,0.0
ABRAXAS1P2,0.0
ENSG00000253391,0.0
RANP9,0.0
VTA1P2,0.0
ENSG00000253410,0.0
ENSG00000253413,0.0
ENSG00000253415,0.0
SNX18P27,0.0
ZNHIT1P1,0.0
ENSG00000253422,0.0
ENSG00000253423,0.0
HSPA8P13,0.0
ENSG00000253429,0.0
SRPK2P,0.0
RNU6-988P,0.0
CDC42P5,0.0
NDUFA5P2,0.0
HMGB1P19,0.0
ENSG00000253468,0.0
ENSG00000253472,0.0
ENSG00000253480,0.0
ENSG00000253483,0.0
SINHCAFP3,0.0
CDH12P3,0.0
ENSG00000253493,0.0
CYCSP23,0.0
ENSG00000253499,0.0
ATP6V1G1P2,0.0
MTCYBP19,0.0
ENSG00000253512,0.0
HMGB1P41,0.0
XRCC6P4,0.0
ENSG00000253520,0.0
CPP,0.0
ENSG00000253528,0.0
ENSG00000253536,0.0
FAM86HP,0.0
SEPTIN10P1,0.0
SDR16C6P,0.0
ENSG00000253543,0.0
C1GALT1P3,0.0
TUBAP7,0.0
ENSG00000253550,0.0
TARDBPP4,0.0
MTCO1P4,0.0
ENSG00000253558,0.0
ENSG00000253560,0.0
ENSG00000253564,0.0
ENSG00000253568,0.0
VENTXP5,0.0
RNF5P1,0.0
ENSG00000253571,0.0
SUMO2P16,0.0
TRMT10BP1,0.0
DPPA3P9,0.0
ENSG00000253600,0.0
RN7SL260P,0.0
HNRNPA1P38,0.0
AFG3L2P1,0.0
ENSG00000253610,0.0
VN1R46P,0.0
WBP1LP3,0.0
ENSG00000253615,0.0
ENSG00000253617,0.0
ENSG00000253620,0.0
RPSAP74,0.0
ENSG00000253623,0.0
ENSG00000253630,0.0
DPPA3P7,0.0
SUMO2P18,0.0
RPL6P32,0.0
SMARCE1P4,0.0
SOD1P3,0.0
IDI1P2,0.0
JCHAINP1,0.0
ENSG00000253657,0.0
NPM1P52,0.0
ENSG00000253667,0.0
ENSG00000253668,0.0
ENSG00000253670,0.0
TAGLN2P1,0.0
UBE2HP1,0.0
ENSG00000253680,0.0
ENSG00000253683,0.0
BUD31P1,0.0
MTND5P41,0.0
ENSG00000253697,0.0
ENSG00000253707,0.0
SUMO2P20,0.0
ENSG00000253723,0.0
ENSG00000253725,0.0
RNU6-323P,0.0
MARK2P11,0.0
CYP4F44P,0.0
ENSG00000253750,0.0
CARS1P2,0.0
ENSG00000253760,0.0
HMGB1P23,0.0
TPTE2P1,0.0
ENSG00000253772,0.0
ENSG00000253777,0.0
ZNF317P1,0.0
ENSG00000253785,0.0
NARS1P2,0.0
ENSG00000253790,0.0
ENSG00000253793,0.0
MTND1P5,0.0
ENSG00000253800,0.0
ENSG00000253801,0.0
ENSG00000253803,0.0
PSAT1P1,0.0
COX6B1P4,0.0
MRPS36P3,0.0
GUSBP14,0.0
ENSG00000253817,0.0
WBP1LP10,0.0
MTND2P38,0.0
DSTNP3,0.0
ENSG00000253840,0.0
ENSG00000253841,0.0
ENSG00000253843,0.0
ENSG00000253845,0.0
SLC2A3P1,0.0
TMEM97P2,0.0
PIGFP1,0.0
VPS51P16,0.0
ENSG00000253882,0.0
ENSG00000253884,0.0
ARF1P3,0.0
ENSG00000253886,0.0
ENSG00000253897,0.0
ENSG00000253899,0.0
CDH12P4,0.0
ENSG00000253907,0.0
ENSG00000253908,0.0
ENSG00000253912,0.0
MAPRE1P1,0.0
MTCO1P49,0.0
ENSG00000253917,0.0
THAP12P7,0.0
ENSG00000253923,0.0
MRPL49P2,0.0
NATP,0.0
ENSG00000253940,0.0
ENSG00000253942,0.0
KRT18P37,0.0
ENSG00000253945,0.0
RPL21P59,0.0
CCT3P1,0.0
HIGD1AP18,0.0
HMGN1P38,0.0
RPL31P40,0.0
ENSG00000253966,0.0
MTND2P7,0.0
CDC42P3,0.0
ENSG00000253975,0.0
MTCO2P4,0.0
ALG1L13P,0.0
ENSG00000253991,0.0
ENSG00000253993,0.0
NDUFB9P3,0.0
RPL10P18,0.0
ENSG00000253997,0.0
RPL10P8,0.0
MAP2K1P1,0.0
ENSG00000254014,0.0
MTND4LP26,0.0
ALG1L10P,0.0
PKMP4,0.0
BRIX1P1,0.0
ENSG00000254037,0.0
ENSG00000254047,0.0
ENSG00000254051,0.0
ENSG00000254061,0.0
DUXAP2,0.0
ENSG00000254065,0.0
ENSG00000254069,0.0
ENSG00000254070,0.0
ENSG00000254076,0.0
SRSF3P2,0.0
SLC2A3P4,0.0
MTND2P32,0.0
ENSG00000254091,0.0
PPIAP85,0.0
ENSG00000254104,0.0
VENTXP6,0.0
ATP5PFP3,0.0
HMGN1P28,0.0
MTCYBP20,0.0
EEF1A1P37,0.0
ENSG00000254131,0.0
MTND6P3,0.0
ENSG00000254145,0.0
HMGB1P46,0.0
ENSG00000254150,0.0
NIPA2P4,0.0
PPIAP84,0.0
CRYZL2P-SEC16B,0.0
MTND6P20,0.0
ENSG00000254158,0.0
ENSG00000254170,0.0
RNU5A-3P,0.0
SLC25A51P3,0.0
ENSG00000254182,0.0
DNAJC8P3,0.0
MAPK6P5,0.0
ENSG00000254189,0.0
ENSG00000254190,0.0
ENSG00000254193,0.0
TPM3P3,0.0
ENSG00000254198,0.0
RPL7AP33,0.0
ENSG00000254212,0.0
PRXL2AP2,0.0
ENSG00000254216,0.0
BTF3P1,0.0
FAM90A12,0.0
MTCO1P47,0.0
PAICSP4,0.0
ENSG00000254247,0.0
RPL7P20,0.0
NACAP10,0.0
ENSG00000254255,0.0
RPSAP71,0.0
ENSG00000254265,0.0
RFPL4AP7,0.0
ERHP1,0.0
BTF3P3,0.0
ENSG00000254273,0.0
CRIPTOP5,0.0
ENSG00000254283,0.0
KRT8P3,0.0
IMPDH1P6,0.0
MRPL9P1,0.0
ENSG00000254309,0.0
ENSG00000254310,0.0
SNRPCP17,0.0
MRPL57P7,0.0
ENSG00000254313,0.0
ENSG00000254316,0.0
ENSG00000254320,0.0
MIR151A,0.0
ENSG00000254328,0.0
CKS1BP7,0.0
TPM4P3,0.0
CDH12P1,0.0
ENSG00000254336,0.0
SNORD87,0.0
ENSG00000254342,0.0
MTND1P6,0.0
ENSG00000254348,0.0
ARL2BPP5,0.0
C4orf46P3,0.0
CYCSP22,0.0
ENSG00000254373,0.0
SOX5P1,0.0
TUBB8P5,0.0
MTND6P19,0.0
MYL12AP1,0.0
DUTP2,0.0
ENSG00000254392,0.0
ENSG00000254398,0.0
GLYATL1P4,0.0
OR10Y1P,0.0
ENSG00000254406,0.0
PHB1P17,0.0
OR4A1P,0.0
ENSG00000254411,0.0
ENSG00000254412,0.0
ENSG00000254423,0.0
ENSG00000254424,0.0
ENSG00000254425,0.0
OR6M3P,0.0
ENSG00000254436,0.0
COX6A1P4,0.0
EIF2S2P6,0.0
ENSG00000254442,0.0
ENSG00000254447,0.0
SF3A3P2,0.0
RCC2P6,0.0
HIGD1AP10,0.0
OR5D2P,0.0
PPIAP41,0.0
OR4A3P,0.0
THAP12P4,0.0
ENSG00000254471,0.0
OR4A49P,0.0
OR2AT1P,0.0
COX7CP3,0.0
SLC25A1P1,0.0
PTP4A2P2,0.0
ENSG00000254482,0.0
SUGT1P4,0.0
ENSG00000254487,0.0
OR5M7P,0.0
ENSG00000254491,0.0
ENSG00000254492,0.0
CBX3P8,0.0
ENSG00000254498,0.0
RANP3,0.0
FNTAP1,0.0
ENSG00000254503,0.0
KIAA1191P2,0.0
DEFB131E,0.0
ENSG00000254509,0.0
PHB1P2,0.0
TRPC6P5,0.0
ENSG00000254517,0.0
ENSG00000254522,0.0
OR8I4P,0.0
ENPP7P12,0.0
MRGPRX7P,0.0
PLS1P1,0.0
ENSG00000254537,0.0
MRGPRX6P,0.0
HSPD1P2,0.0
PCNAP4,0.0
MRGPRX13P,0.0
ANKRD33BP6,0.0
ENSG00000254555,0.0
ANKRD33BP8,0.0
ENSG00000254564,0.0
MTND2P26,0.0
UBTFL9,0.0
ENSG00000254569,0.0
GLULP3,0.0
OR4C1P,0.0
ENSG00000254579,0.0
VPS51P19,0.0
PSMA2P1,0.0
ENSG00000254583,0.0
EIF4A2P3,0.0
ENSG00000254590,0.0
ENSG00000254591,0.0
OR7E126P,0.0
ENSG00000254595,0.0
ENSG00000254596,0.0
CYCSP26,0.0
OR5M6P,0.0
PLA2G10BP,0.0
DNAJB6P1,0.0
OR6M2P,0.0
ENSG00000254616,0.0
ENSG00000254617,0.0
TMED10P1,0.0
SETP16,0.0
DEFB108E,0.0
OR4R3P,0.0
ENSG00000254629,0.0
STRA6LP,0.0
SMG1P6,0.0
OR4A18P,0.0
COX6CP5,0.0
ENSG00000254644,0.0
OR8B10P,0.0
MTCYBP41,0.0
ENSG00000254655,0.0
OR8J2,0.0
ENSG00000254660,0.0
OR4A11P,0.0
ENSG00000254668,0.0
WEE2P1,0.0
OR4A42P,0.0
OSBPL9P2,0.0
ENSG00000254678,0.0
PKD1P5,0.0
SNRPCP6,0.0
ENSG00000254684,0.0
COPS8P3,0.0
DEFB131C,0.0
ENSG00000254701,0.0
ENSG00000254702,0.0
ENSG00000254704,0.0
MMADHCP2,0.0
ENSG00000254712,0.0
HNRNPA1P72,0.0
OR7E154P,0.0
GLYATL1P2,0.0
ENSG00000254719,0.0
MRGPRX10P,0.0
FAM8A2P,0.0
OR4A12P,0.0
OR7E10P,0.0
ENSG00000254725,0.0
PTP4A1P6,0.0
ANKRD33BP2,0.0
ENSG00000254730,0.0
HMGB1P42,0.0
BRD9P1,0.0
MRGPRX11P,0.0
OR10V3P,0.0
MTND4LP18,0.0
HNRNPCP8,0.0
OR5BD1P,0.0
CASP1P2,0.0
TRIM64DP,0.0
OR5M2P,0.0
ENSG00000254755,0.0
ENSG00000254758,0.0
NAP1L1P1,0.0
TRIM53CP,0.0
ENSG00000254765,0.0
OR2AL1P,0.0
OR4A4P,0.0
OR4D7P,0.0
ENSG00000254771,0.0
PRR23D3P,0.0
EGLN1P1,0.0
ENSG00000254780,0.0
GVINP2,0.0
ENSG00000254783,0.0
DNAAF11P1,0.0
ENSG00000254785,0.0
ENSG00000254786,0.0
ENSG00000254792,0.0
FDPSP4,0.0
ENSG00000254794,0.0
OR5AP1P,0.0
VPS51P15,0.0
TFAMP2,0.0
SLC25A47P1,0.0
ENSG00000254800,0.0
ENSG00000254801,0.0
ENSG00000254803,0.0
SNRPCP14,0.0
OR10AK1P,0.0
ENSG00000254811,0.0
ENSG00000254816,0.0
ENSG00000254817,0.0
ENSG00000254818,0.0
ENSG00000254824,0.0
OR9G2P,0.0
ENSG00000254828,0.0
KRT18P58,0.0
OR4A40P,0.0
GVINP1,0.0
ENSG00000254840,0.0
OR4V1P,0.0
XIAPP2,0.0
OR5BN1P,0.0
ENSG00000254850,0.0
ENSG00000254851,0.0
ENSG00000254853,0.0
NDUFA3P2,0.0
MRGPRX12P,0.0
DEFB109D,0.0
ENSG00000254867,0.0
FBLIM1P2,0.0
SUGT1P4-STRA6LP,0.0
ENSG00000254877,0.0
ENSG00000254883,0.0
PRR13P2,0.0
ENSG00000254888,0.0
VPS51P9,0.0
ENSG00000254890,0.0
OR4A9P,0.0
ENSG00000254892,0.0
MTCO3P15,0.0
ENSG00000254897,0.0
OR8L1P,0.0
ENSG00000254909,0.0
MPHOSPH10P2,0.0
ENSG00000254914,0.0
ENSG00000254915,0.0
ANKRD33BP10,0.0
OR7E15P,0.0
ENSG00000254920,0.0
ENSG00000254923,0.0
ENSG00000254924,0.0
OR4C9P,0.0
ENSG00000254926,0.0
ENSG00000254929,0.0
MTATP6P15,0.0
ENSG00000254935,0.0
ENSG00000254937,0.0
ENSG00000254939,0.0
OR4A19P,0.0
ENSG00000254941,0.0
ATP5PBP5,0.0
OR8K4P,0.0
OR7E158P,0.0
GNG5P3,0.0
ENSG00000254953,0.0
SLC2A13P1,0.0
ENSG00000254957,0.0
TUBB4BP4,0.0
C1DP5,0.0
ENSG00000254974,0.0
OR8B7P,0.0
ALG1L9P,0.0
FTLP6,0.0
ENSG00000254992,0.0
TRIM77BP,0.0
ENSG00000255000,0.0
ENSG00000255001,0.0
CYCSP28,0.0
ELOCP22,0.0
COX5BP4,0.0
ENSG00000255011,0.0
ARL6IP1P3,0.0
VPS51P12,0.0
ENSG00000255018,0.0
OR5D15P,0.0
ENSG00000255022,0.0
VPS51P8,0.0
OR8B5P,0.0
SERPINA15P,0.0
SDHCP4,0.0
SUGT1P4-STRA6LP-CCDC180,0.0
PLA2G10EP,0.0
MORF4L1P3,0.0
SEPTIN7P11,0.0
HNRNPRP2,0.0
OR8X1P,0.0
BCAS2P1,0.0
OR4A44P,0.0
MTND1P35,0.0
ENSG00000255057,0.0
PDCL2P2,0.0
PPIAP43,0.0
RBMXP3,0.0
ENSG00000255065,0.0
OSBPL9P3,0.0
ENSG00000255074,0.0
CENPUP1,0.0
OR4X7P,0.0
OR4A6P,0.0
OR5AK1P,0.0
ENSG00000255085,0.0
ENSG00000255086,0.0
ENSG00000255088,0.0
OR1D4,0.0
OR5B10P,0.0
ENSG00000255099,0.0
PTMAP15,0.0
RPL7AP79,0.0
ENSG00000255107,0.0
ENSG00000255110,0.0
ANKRD33BP5,0.0
OR4A48P,0.0
ENSG00000255115,0.0
SLC5A4P1,0.0
ENSG00000255122,0.0
MTND5P21,0.0
EEF1A1P49,0.0
HSPD1P3,0.0
OR9L1P,0.0
OR8K2P,0.0
GLTPP1,0.0
OR5BN2P,0.0
HNRNPA1P76,0.0
ENSG00000255144,0.0
EVA1CP4,0.0
ENSG00000255149,0.0
ENSG00000255155,0.0
RNY1P9,0.0
DEFB130C,0.0
SPICP1,0.0
ANKRD33BP7,0.0
HSPE1P18,0.0
ENSG00000255166,0.0
ENSG00000255170,0.0
OR5AM1P,0.0
ENSG00000255174,0.0
ENSG00000255184,0.0
PDXDC2P,0.0
ENSG00000255188,0.0
GLYATL1P1,0.0
TRIM51DP,0.0
OR4A17P,0.0
GTF2IP11,0.0
PGAM1P8,0.0
OR7E2P,0.0
ENSG00000255204,0.0
MED28P5,0.0
ENSG00000255207,0.0
ENSG00000255210,0.0
ENSG00000255211,0.0
NPM1P35,0.0
ENSG00000255214,0.0
OR4R1P,0.0
OR5J7P,0.0
OR5BC1P,0.0
DDX18P5,0.0
SETP17,0.0
OR8B6P,0.0
VPS51P17,0.0
MRPS36P4,0.0
ENSG00000255232,0.0
ENSG00000255235,0.0
RFPL4AP1,0.0
TREHP1,0.0
ENSG00000255253,0.0
HIGD1AP5,0.0
PPP1R1AP1,0.0
ZNF123P,0.0
OR7E4P,0.0
ELOBP2,0.0
TMA16P1,0.0
ENSG00000255266,0.0
ENSG00000255268,0.0
VPS51P14,0.0
ABCC6P2,0.0
ENSG00000255280,0.0
ENSG00000255281,0.0
WTAPP1,0.0
ENSG00000255283,0.0
ENSG00000255285,0.0
ENSG00000255286,0.0
SNRPGP16,0.0
ENSG00000255288,0.0
HMGB1P40,0.0
WIZP1,0.0
OR4A50P,0.0
H3P34,0.0
ENSG00000255296,0.0
OR4A41P,0.0
OR5BA1P,0.0
OR4A46P,0.0
ANKRD33BP9,0.0
ENSG00000255309,0.0
OR4C7P,0.0
OR8A3P,0.0
MTND6P25,0.0
ENPP7P8,0.0
H2AZP4,0.0
ENSG00000255331,0.0
ENSG00000255333,0.0
ENSG00000255336,0.0
ENSG00000255338,0.0
OR8Q1P,0.0
ENSG00000255342,0.0
ENSG00000255347,0.0
OR4A7P,0.0
MTCO1P15,0.0
PPP1R10P1,0.0
ASS1P13,0.0
ENSG00000255356,0.0
NDUFAF2P2,0.0
ENSG00000255360,0.0
RPL7L1P17,0.0
ENSG00000255365,0.0
ENSG00000255368,0.0
ENSG00000255369,0.0
CYCSP25,0.0
AKTIPP3,0.0
DUXAP5,0.0
CYCSP29,0.0
ENSG00000255380,0.0
ENSG00000255381,0.0
UBTFL10,0.0
OR5BR1P,0.0
RDXP1,0.0
ENSG00000255391,0.0
ENSG00000255396,0.0
NASPP1,0.0
ENSG00000255401,0.0
HSPD1P13,0.0
ENSG00000255413,0.0
VPS51P11,0.0
OR10AF1P,0.0
MTCO2P15,0.0
MRGPRX9P,0.0
OR8G3P,0.0
CASP1P1,0.0
OR5B19P,0.0
ENSG00000255437,0.0
ENSG00000255442,0.0
CYCSP27,0.0
ENSG00000255445,0.0
ENSG00000255448,0.0
EEF1A1P47,0.0
ENSG00000255452,0.0
ENSG00000255454,0.0
ENSG00000255457,0.0
ENSG00000255459,0.0
ZDHHC20P3,0.0
OR8I1P,0.0
ENSG00000255463,0.0
SEPTIN14P8,0.0
OR5AL2P,0.0
BOLA3P1,0.0
OR56A7P,0.0
METTL5P4,0.0
OR5G4P,0.0
ENSG00000255486,0.0
ENSG00000255489,0.0
EIF4A2P5,0.0
H3P33,0.0
OR4A10P,0.0
ENSG00000255497,0.0
ENSG00000255499,0.0
ENSG00000255500,0.0
MTMR12P1,0.0
ENSG00000255505,0.0
OR8A2P,0.0
ENSG00000255511,0.0
ENSG00000255513,0.0
OR4B2P,0.0
ENSG00000255515,0.0
ENSG00000255519,0.0
SNRPCP5,0.0
ENSG00000255527,0.0
ENSG00000255530,0.0
NDUFS5P6,0.0
NOX4P1,0.0
ENSG00000255533,0.0
OR4A43P,0.0
ENSG00000255535,0.0
MRGPRX5P,0.0
OR10V2P,0.0
ENSG00000255540,0.0
CKS1BP4,0.0
ENSG00000255543,0.0
DEFB108D,0.0
RPA2P3,0.0
ENPP7P6,0.0
ENSG00000255550,0.0
ENSG00000255551,0.0
OR7E1P,0.0
ENSG00000255556,0.0
OR4R2P,0.0
UNC93B6,0.0
ENSG00000255563,0.0
ENSG00000255566,0.0
ENSG00000255575,0.0
ENSG00000255581,0.0
ENSG00000255583,0.0
ENSG00000255585,0.0
PCDHB17P,0.0
C10orf88B,0.0
ENSG00000255627,0.0
PABPC1P4,0.0
ENSG00000255653,0.0
ARL6IP1P1,0.0
APOOP3,0.0
ENSG00000255703,0.0
ENSG00000255704,0.0
ISG20L2P2,0.0
ENSG00000255723,0.0
TDGP1,0.0
ENSG00000255726,0.0
HNRNPABP1,0.0
GNAI2P1,0.0
ENSG00000255753,0.0
ENSG00000255757,0.0
MRPS18CP4,0.0
GOLGA2P10,0.0
VDAC2P2,0.0
ENSG00000255780,0.0
ENSG00000255786,0.0
PTP4A1P2,0.0
KRT8P11,0.0
ENSG00000255830,0.0
ENSG00000255836,0.0
AK3P6,0.0
Metazoa_SRP,0.0
ENSG00000255853,0.0
ENSG00000255860,0.0
ENSG00000255870,0.0
PABPN1P2,0.0
FUNDC2P1,0.0
ENSG00000255885,0.0
NDFIP1P1,0.0
ENSG00000255899,0.0
ENSG00000255900,0.0
RPL12P46,0.0
PDCD5P1,0.0
ENSG00000255919,0.0
ENSG00000255923,0.0
IFT57P1,0.0
ENSG00000255960,0.0
HSPD1P12,0.0
ENSG00000255965,0.0
HADHAP2,0.0
ENSG00000255972,0.0
ENSG00000255973,0.0
RAB11AP2,0.0
ENSG00000255977,0.0
NXPE2P1,0.0
MT1JP,0.0
TOMM20P2,0.0
TUBB4BP1,0.0
RPL7AP74,0.0
PSMC1P9,0.0
ENSG00000255995,0.0
ENSG00000255996,0.0
ENSG00000256004,0.0
TAS2R63P,0.0
ELOCP31,0.0
ENSG00000256028,0.0
CBX3P4,0.0
ENSG00000256035,0.0
MRPL40P1,0.0
PTTG1P2,0.0
ENSG00000256044,0.0
C12orf71BP,0.0
A2MP1,0.0
ENSG00000256070,0.0
ENSG00000256075,0.0
FAM133GP,0.0
ENSG00000256081,0.0
MTRF1LP1,0.0
ENSG00000256093,0.0
ENSG00000256098,0.0
ATP5MFP5,0.0
ENSG00000256108,0.0
FAM32EP,0.0
EGLN3P1,0.0
VPS51P3,0.0
ZKSCAN7P1,0.0
ENSG00000256148,0.0
ENSG00000256157,0.0
ENSG00000256159,0.0
ATF4P4,0.0
GCSHP4,0.0
ENSG00000256176,0.0
ENSG00000256181,0.0
DPPA4P3,0.0
OOEPP2,0.0
TMEM167AP2,0.0
SKP1P2,0.0
ENSG00000256220,0.0
ENSG00000256221,0.0
SUPT16HP1,0.0
RPL7AP3,0.0
ENSG00000256254,0.0
DDX11L8,0.0
TAS2R64P,0.0
ATP5MGP1,0.0
MTCH1P2,0.0
METTL8P1,0.0
OSBPL9P5,0.0
ATP6V1E1P3,0.0
NDUFA5P6,0.0
NIFKP3,0.0
RPL41P2,0.0
ABCC6P1,0.0
ENSG00000256346,0.0
OR8R1P,0.0
ENSG00000256350,0.0
RBISP3,0.0
ENSG00000256353,0.0
NTAN1P3,0.0
HSPA8P5,0.0
RPL31P57,0.0
ENSG00000256361,0.0
LRRC34P1,0.0
ENSG00000256372,0.0
ENSG00000256378,0.0
UBE2NP1,0.0
RPL41P5,0.0
ENSG00000256399,0.0
ENSG00000256400,0.0
OSBPL9P4,0.0
DNAJB6P5,0.0
ENSG00000256450,0.0
YWHABP2,0.0
ENSG00000256465,0.0
ENSG00000256480,0.0
ENSG00000256496,0.0
ENSG00000256502,0.0
FOLR1P1,0.0
ENSG00000256533,0.0
ENSG00000256552,0.0
ENSG00000256557,0.0
NANOGNBP2,0.0
NLRP9P1,0.0
ENPP7P5,0.0
ENSG00000256594,0.0
CYP2B7P,0.0
AK6P1,0.0
ADGRA3P1,0.0
ENSG00000256625,0.0
ENSG00000256626,0.0
ENSG00000256627,0.0
ENSG00000256630,0.0
ENSG00000256640,0.0
ENSG00000256651,0.0
ENSG00000256657,0.0
ENSG00000256663,0.0
ENSG00000256664,0.0
KLRA1P,0.0
ENSG00000256673,0.0
ENSG00000256674,0.0
SZRD1P1,0.0
MIX23P5,0.0
TAS2R12P,0.0
ENTR1P1,0.0
ENSG00000256708,0.0
CSGALNACT2P2,0.0
BTG1P1,0.0
ENSG00000256723,0.0
ENSG00000256734,0.0
RBBP4P5,0.0
ARPC3P3,0.0
ENSG00000256748,0.0
HPRT1P3,0.0
TIMM17BP1,0.0
ENSG00000256774,0.0
PDCL3P7,0.0
SRSF8BP,0.0
ENSG00000256799,0.0
ENSG00000256804,0.0
TPT1P12,0.0
ATP5MFP4,0.0
ENSG00000256827,0.0
ENSG00000256835,0.0
ENSG00000256843,0.0
BORCS8P1,0.0
CCND2P1,0.0
TCP1P3,0.0
ENSG00000256851,0.0
KNOP1P1,0.0
PSMC1P8,0.0
ARPC3P4,0.0
IQSEC3P1,0.0
GCNAP1,0.0
ENSG00000256913,0.0
ENSG00000256917,0.0
KRT17P8,0.0
ENSG00000256951,0.0
PPDPFP2,0.0
SNRPEP2,0.0
ENSG00000256975,0.0
TAS2R18P,0.0
ENSG00000256986,0.0
ENSG00000256987,0.0
ENSG00000257005,0.0
ENSG00000257012,0.0
SLC25A39P2,0.0
HSPE1P20,0.0
ENSG00000257035,0.0
RARS1P1,0.0
SRSF3P1,0.0
KCNK4-CATSPERZ,0.0
ENSG00000257070,0.0
RPL29P33,0.0
RPEP6,0.0
ENSG00000257078,0.0
ENSG00000257087,0.0
ENSG00000257094,0.0
LRRC37A13P,0.0
OR4F28P,0.0
ENSG00000257113,0.0
EEF1B2P4,0.0
ENSG00000257121,0.0
RRN3P3,0.0
KRT127P,0.0
ENSG00000257128,0.0
ENSG00000257129,0.0
ENSG00000257142,0.0
ENSG00000257146,0.0
PGAM1P5,0.0
ENSG00000257157,0.0
ENSG00000257159,0.0
MED15P6,0.0
ENSG00000257169,0.0
ENSG00000257171,0.0
AK6P2,0.0
ENSG00000257175,0.0
HMGN2P6,0.0
HNRNPA1P50,0.0
SPATA31F2P,0.0
ENSG00000257199,0.0
NACAP8,0.0
PRXL2AP1,0.0
ENSG00000257224,0.0
DYNLL1P4,0.0
ENSG00000257237,0.0
PARK7P1,0.0
PHB1P19,0.0
ENSG00000257254,0.0
ZNF271P,0.0
ENSG00000257281,0.0
H3P35,0.0
ENSG00000257288,0.0
ENSG00000257289,0.0
ENSG00000257292,0.0
ENSG00000257296,0.0
HAUS8P1,0.0
FAHD2P1,0.0
ENSG00000257307,0.0
ENSG00000257308,0.0
ASS1P14,0.0
ENSG00000257323,0.0
RACGAP1P1,0.0
HNRNPA1P69,0.0
PRELID2P1,0.0
ENSG00000257343,0.0
ENSG00000257350,0.0
BNIP3P6,0.0
ENSG00000257360,0.0
VENTXP3,0.0
MESDP1,0.0
ENSG00000257376,0.0
ENSG00000257379,0.0
MIR3179-2,0.0
ENSG00000257384,0.0
ENSG00000257389,0.0
ENSG00000257392,0.0
KRT126P,0.0
ENSG00000257403,0.0
ENSG00000257404,0.0
ENSG00000257405,0.0
ABCA3P1,0.0
OR6C73P,0.0
ENSG00000257415,0.0
ENSG00000257426,0.0
ENSG00000257432,0.0
SETP7,0.0
ENSG00000257464,0.0
ELOCP32,0.0
MRPL2P1,0.0
ENSG00000257489,0.0
ENSG00000257493,0.0
PAFAH1B2P2,0.0
CYB5AP5,0.0
PLA2G10HP,0.0
ENSG00000257511,0.0
ENSG00000257512,0.0
NPIPB1P,0.0
SFTA3,0.0
KRT8P19,0.0
ENSG00000257531,0.0
HSPA8P14,0.0
OR7E47P,0.0
ENSG00000257558,0.0
ENSG00000257564,0.0
GSTP1P1,0.0
ENSG00000257570,0.0
SSBL3P,0.0
HSPD1P4,0.0
ENSG00000257580,0.0
ENSG00000257586,0.0
ENSG00000257604,0.0
ENSG00000257609,0.0
ENSG00000257611,0.0
ENSG00000257616,0.0
ENSG00000257622,0.0
ENSG00000257624,0.0
ENSG00000257629,0.0
ENSG00000257635,0.0
ENSG00000257639,0.0
ENSG00000257643,0.0
ENSG00000257644,0.0
ENSG00000257645,0.0
CYCSP30,0.0
TMT1AP1,0.0
ENSG00000257658,0.0
EIF4A1P12,0.0
RSL24D1P5,0.0
CBX3P5,0.0
ENSG00000257668,0.0
ENSG00000257672,0.0
ENSG00000257674,0.0
BTBD10P1,0.0
ENSG00000257680,0.0
ENSG00000257687,0.0
ENSG00000257691,0.0
ILF2P2,0.0
ENSG00000257721,0.0
CHCHD3P2,0.0
LSM6P2,0.0
SSBP3P4,0.0
ENSG00000257738,0.0
ENSG00000257751,0.0
ENSG00000257752,0.0
OR6C7P,0.0
KRT18P20,0.0
OR5BK1P,0.0
ST13P3,0.0
ENSG00000257777,0.0
ENSG00000257779,0.0
GLYCAM1,0.0
AKIRIN1P1,0.0
EIF4A1P4,0.0
OR5BJ1P,0.0
FNBP1P1,0.0
MRS2P2,0.0
PIGAP1,0.0
STBD1P1,0.0
ENSG00000257813,0.0
C1GALT1P1,0.0
MRPS6P4,0.0
ENSG00000257823,0.0
ENSG00000257825,0.0
OTOAP1,0.0
KRT90P,0.0
SSBP3P5,0.0
LSM3P2,0.0
ENSG00000257848,0.0
HNRNPA3P10,0.0
ENSG00000257852,0.0
MED15P1,0.0
ENSG00000257855,0.0
MTND1P24,0.0
ENSG00000257864,0.0
ENSG00000257865,0.0
ENSG00000257872,0.0
ENSG00000257875,0.0
ENSG00000257884,0.0
PHB1P18,0.0
ENSG00000257896,0.0
ENSG00000257897,0.0
ENSG00000257905,0.0
EEF1A1P17,0.0
GLULP5,0.0
MRPS36P5,0.0
DENRP2,0.0
ENSG00000257943,0.0
ENSG00000257951,0.0
ENSG00000257954,0.0
NOP56P3,0.0
QRSL1P3,0.0
OLA1P3,0.0
ENSG00000257976,0.0
SNRPGP18,0.0
ENSG00000257991,0.0
ENSG00000257994,0.0
ENSG00000257998,0.0
HMGA1P3,0.0
ENSG00000258012,0.0
RPL3P13,0.0
HIGD1AP1,0.0
ENSG00000258021,0.0
OR5BT1P,0.0
NF1P4,0.0
SNX5P2,0.0
KRT125P,0.0
Metazoa_SRP,0.0
ENSG00000258051,0.0
ENSG00000258065,0.0
ARL2BPP2,0.0
ENSG00000258072,0.0
ENSG00000258073,0.0
VTI1BP3,0.0
ENSG00000258076,0.0
ARHGAP42P4,0.0
ENSG00000258090,0.0
ENSG00000258091,0.0
HIGD1AP9,0.0
ENSG00000258111,0.0
CCNG2P1,0.0
PPIAP45,0.0
PPIAP44,0.0
KRT128P,0.0
MKRN9P,0.0
ENSG00000258133,0.0
ENSG00000258134,0.0
ENSG00000258142,0.0
ENSG00000258148,0.0
HSPE1P4,0.0
ENSG00000258154,0.0
IMMP1LP2,0.0
ENSG00000258173,0.0
ENSG00000258179,0.0
ENSG00000258184,0.0
SLC7A5P2,0.0
ENSG00000258193,0.0
ENSG00000258202,0.0
ENSG00000258204,0.0
ENSG00000258205,0.0
ENSG00000258206,0.0
ENSG00000258210,0.0
ZNF75BP,0.0
ENSG00000258215,0.0
ENSG00000258224,0.0
ENSG00000258230,0.0
ARHGAP42P5,0.0
MTND2P17,0.0
OSTF1P1,0.0
RPL10P13,0.0
YPEL5P3,0.0
MTCH2P2,0.0
ENSG00000258271,0.0
ENSG00000258273,0.0
OR7K1P,0.0
CLUHP8,0.0
BTF3P2,0.0
POLR2KP1,0.0
NENFP2,0.0
BRWD1P2,0.0
NUTF2P2,0.0
ENSG00000258304,0.0
KLF17P1,0.0
ENSG00000258320,0.0
ENSG00000258324,0.0
DUX4L52,0.0
SYF2P1,0.0
IFITM3P6,0.0
NSA2P2,0.0
ENSG00000258358,0.0
PCNPP1,0.0
NF1P12,0.0
ENSG00000258367,0.0
ZNF970P,0.0
ADI1P3,0.0
SLC25A3P2,0.0
ENSG00000258375,0.0
ENSG00000258381,0.0
ENSG00000258385,0.0
ENSG00000258387,0.0
RPA2P1,0.0
BCAR1P1,0.0
ATP5MC2P2,0.0
TUBBP3,0.0
NT5CP2,0.0
ENSG00000258411,0.0
LONRF2P4,0.0
LONRF2P3,0.0
FXNP1,0.0
OR7E105P,0.0
RMB8AP1,0.0
TMEM183AP4,0.0
OR11K2P,0.0
ENSG00000258439,0.0
ENSG00000258440,0.0
MAD2L1P1,0.0
ENSG00000258446,0.0
ENSG00000258448,0.0
HMGN2P2,0.0
PTCD2P1,0.0
ENSG00000258462,0.0
ENSG00000258463,0.0
PHKBP2,0.0
OR11G1P,0.0
CHMP4BP1,0.0
PPIAP6,0.0
SRMP2,0.0
ENSG00000258488,0.0
ZFP64P1,0.0
ENSG00000258493,0.0
OR11J5P,0.0
ENSG00000258500,0.0
EIF3LP1,0.0
ENSG00000258503,0.0
ENSG00000258505,0.0
ENSG00000258506,0.0
ENSG00000258509,0.0
ENSG00000258510,0.0
ENSG00000258513,0.0
ENSG00000258519,0.0
NT5CP1,0.0
ASB9P1,0.0
BANF1P1,0.0
FKBP1BP1,0.0
ENSG00000258540,0.0
OR4K4P,0.0
ENSG00000258542,0.0
GLRXP2,0.0
CENPUP2,0.0
ENSG00000258549,0.0
OR7E106P,0.0
FAM204DP,0.0
ENSG00000258557,0.0
FTLP20,0.0
PSMA3P1,0.0
OR4N1P,0.0
BLZF2P,0.0
H1-8P2,0.0
DUX4L16,0.0
RHOQP1,0.0
H3P40,0.0
PTTG1P1,0.0
SNRPGP1,0.0
ENSG00000258578,0.0
ENSG00000258581,0.0
ZNF519P3,0.0
METTL5P1,0.0
NBEAP1,0.0
PPIAP4,0.0
CYB5AP3,0.0
SERPINA2,0.0
ENSG00000258599,0.0
DYNLL1P2,0.0
DNAJC19P9,0.0
YBX2P2,0.0
RPL21P7,0.0
ENSG00000258615,0.0
RPL21P9,0.0
ENSG00000258619,0.0
ENSG00000258622,0.0
SERPINE4P,0.0
OR11H5P,0.0
COX7A2P1,0.0
ENSG00000258627,0.0
RHPN2P1,0.0
NCOA4P1,0.0
ENSG00000258632,0.0
ENSG00000258638,0.0
ENSG00000258639,0.0
RPL21P5,0.0
OR4T1P,0.0
HSPE1P2,0.0
UBE2CP1,0.0
HSBP1P1,0.0
ENSG00000258656,0.0
ENSG00000258665,0.0
COX6CP11,0.0
ENSG00000258671,0.0
ENSG00000258679,0.0
ENSG00000258680,0.0
ENSG00000258681,0.0
BMS1P16,0.0
AKR1B1P5,0.0
SALL4P7,0.0
SRP54-AS1,0.0
ENSG00000258705,0.0
SLC20A1P3,0.0
ENSG00000258707,0.0
CXADRP2,0.0
OR11H3P,0.0
CKAP2P1,0.0
DUXAP6,0.0
ENSG00000258732,0.0
ENSG00000258734,0.0
SUB1P2,0.0
ENO1P2,0.0
H2AZ2P1,0.0
ENSG00000258746,0.0
ENSG00000258750,0.0
ENSG00000258758,0.0
ENSG00000258759,0.0
MTND4P33,0.0
ENSG00000258764,0.0
ENSG00000258767,0.0
RAP1AP,0.0
BCAR1P2,0.0
NANOGP7,0.0
EIF2S2P1,0.0
BMS1P15,0.0
CDRT15P13,0.0
ENSG00000258782,0.0
KRT18P6,0.0
SEPHS1P2,0.0
CKS1BP1,0.0
DUX4L27,0.0
ENSG00000258796,0.0
MPHOSPH10P4,0.0
ZNF519P2,0.0
ENSG00000258802,0.0
ADIPOR1P2,0.0
OR11H7,0.0
ENSG00000258816,0.0
OR4K16P,0.0
ENSG00000258823,0.0
KRT8P2,0.0
DUX4L4,0.0
ENSG00000258836,0.0
EEF1A1P2,0.0
EEF1A1P33,0.0
GRAMD4P6,0.0
OR7E159P,0.0
OR11J2P,0.0
ENSG00000258856,0.0
SETP1,0.0
EIF4EBP1P1,0.0
FDPSP3,0.0
ATP5F1AP4,0.0
ENSG00000258878,0.0
NBEAP4,0.0
HIGD1AP17,0.0
ENSG00000258887,0.0
ENSG00000258892,0.0
SETP2,0.0
ARHGAP16P,0.0
ENSG00000258895,0.0
SCOCP1,0.0
OR4U1P,0.0
HNRNPCP1,0.0
ENSG00000258901,0.0
ENSG00000258906,0.0
PSMB3P1,0.0
GPRASP3P1,0.0
SPATA31E2P,0.0
ZMYND19P1,0.0
MTND5P35,0.0
ENSG00000258924,0.0
NPM1P5,0.0
ENSG00000258930,0.0
MIR3171HG,0.0
YWHAQP1,0.0
KRT8P1,0.0
KRT18P7,0.0
COX4I1P1,0.0
FTH1P13,0.0
ENSG00000258962,0.0
EDDM3DP,0.0
ENSG00000258964,0.0
ENSG00000258965,0.0
GTF3AP2,0.0
HMGN1P3,0.0
ENSG00000258968,0.0
ENSG00000258971,0.0
NDUFB8P1,0.0
HIF1AP1,0.0
EIF1AXP2,0.0
COX5AP2,0.0
SF3B4P1,0.0
MPPE1P1,0.0
DUX4L19,0.0
ENSG00000258993,0.0
PARP1P2,0.0
PPIAP5,0.0
NF1P2,0.0
DOCK11P1,0.0
TPRX2,0.0
NUP50P1,0.0
MTCYBP27,0.0
ENSG00000259013,0.0
ENSG00000259015,0.0
ENSG00000259016,0.0
EIF4BP1,0.0
ENSG00000259020,0.0
TPRX1P1,0.0
DNAJC8P1,0.0
ENSG00000259025,0.0
DUX4L18,0.0
ENSAP2,0.0
BRD7P1,0.0
MTCO1P2,0.0
RRAGAP1,0.0
ENSG00000259047,0.0
CHORDC2P,0.0
HNRNPUP1,0.0
ENSG00000259053,0.0
DUXAP1,0.0
THRAP3P2,0.0
PEBP1P1,0.0
ENSG00000259064,0.0
PSMB7P1,0.0
PTBP1P,0.0
ENSG00000259079,0.0
ENSG00000259080,0.0
ENSG00000259084,0.0
KIAA1143P1,0.0
GRAMD4P5,0.0
SEPTIN7P1,0.0
GTF2IP22,0.0
SHLD2P2,0.0
ENSG00000259098,0.0
ENSG00000259099,0.0
COILP1,0.0
SMARCE1P3,0.0
RPS3AP4,0.0
ENSG00000259109,0.0
ENSG00000259117,0.0
ENSG00000259121,0.0
TVP23BP1,0.0
ENSG00000259136,0.0
ENSG00000259137,0.0
ENSG00000259140,0.0
RANBP20P,0.0
YWHAZP1,0.0
CAP2P1,0.0
DUX4L17,0.0
STK16P1,0.0
CHEK2P2,0.0
ENSG00000259157,0.0
ENSG00000259160,0.0
NPM1P20,0.0
ENSG00000259162,0.0
DDX18P1,0.0
NMNAT1P1,0.0
GNRHR2P1,0.0
ENSG00000259173,0.0
UBE2CP4,0.0
MED28P6,0.0
MRPS15P1,0.0
ENSG00000259191,0.0
ENSG00000259192,0.0
ENSG00000259195,0.0
PRKXP1,0.0
RPL7L1P15,0.0
ENSG00000259214,0.0
ENSG00000259216,0.0
ENSG00000259217,0.0
ENSG00000259227,0.0
HNRNPA1P62,0.0
ENSG00000259229,0.0
ENSG00000259231,0.0
ENSG00000259232,0.0
GOLGA8VP,0.0
ENSG00000259239,0.0
HMGN2P47,0.0
TTTY25P,0.0
ENSG00000259257,0.0
ENSG00000259258,0.0
NPM1P42,0.0
NDUFA3P4,0.0
ENSG00000259266,0.0
ENSG00000259270,0.0
ANKRD62P1,0.0
ENSG00000259273,0.0
ENSG00000259286,0.0
CSPG4P12,0.0
ENSG00000259299,0.0
TUBBP8,0.0
ENSG00000259301,0.0
ENSG00000259302,0.0
ENSG00000259304,0.0
FABP5P8,0.0
ACTG1P17,0.0
ENSG00000259317,0.0
HMGN1P1,0.0
OR11K1BP,0.0
ENSG00000259333,0.0
HNRNPMP1,0.0
H3P39,0.0
TGIF1P1,0.0
ENSG00000259340,0.0
ENSG00000259346,0.0
ENSG00000259350,0.0
DEPDC1P1,0.0
ENSG00000259369,0.0
NDUFB4P11,0.0
DCAF13P3,0.0
MTND5P32,0.0
ENSG00000259381,0.0
ENSG00000259388,0.0
H3P38,0.0
ENSG00000259392,0.0
ENSG00000259393,0.0
ENSG00000259394,0.0
ENSG00000259397,0.0
EFL1P1,0.0
ISCA1P4,0.0
HNRNPA1P45,0.0
ENSG00000259413,0.0
ENSG00000259414,0.0
HNRNPCP3,0.0
ENSG00000259421,0.0
ENSG00000259425,0.0
DPPA5P2,0.0
HMGB3P26,0.0
UBE2Q2P2,0.0
ENSG00000259433,0.0
OR4N3P,0.0
NPM1P43,0.0
MRPL15P1,0.0
NIFKP8,0.0
ENSG00000259452,0.0
WBP1LP5,0.0
ANP32BP3,0.0
SNRPCP18,0.0
AHCYP7,0.0
NPM1P47,0.0
NDUFAF4P1,0.0
KRT8P9,0.0
ENSG00000259477,0.0
SORD2P,0.0
KRT18P47,0.0
TFDP1P3,0.0
GEMIN8P1,0.0
KRT8P24,0.0
ENSG00000259502,0.0
ENSG00000259505,0.0
ENSG00000259507,0.0
ENSG00000259509,0.0
HNRNPA1P5,0.0
CYCSP38,0.0
ANP32AP1,0.0
GCSHP2,0.0
ENSG00000259531,0.0
ENSG00000259533,0.0
RPL21P12,0.0
UBE2Q2P11,0.0
RPL15P19,0.0
CYCSP2,0.0
HNRNPA1P74,0.0
ENSG00000259556,0.0
HMGN1P26,0.0
MESTP2,0.0
ENSG00000259562,0.0
KRT8P23,0.0
ENSG00000259569,0.0
ENSG00000259570,0.0
NMNAT1P5,0.0
ENSG00000259580,0.0
TYRO3P,0.0
RBM17P4,0.0
ENSG00000259586,0.0
PRELID1P4,0.0
MTND5P40,0.0
ENSG00000259600,0.0
ENSG00000259601,0.0
ENSG00000259608,0.0
ENSG00000259609,0.0
EEF1A1P22,0.0
TUBAP12,0.0
ENSG00000259619,0.0
ENSG00000259622,0.0
MTND3P12,0.0
FABP5P9,0.0
ENSG00000259632,0.0
UBE2Q2P8,0.0
DNM1P38,0.0
ENSG00000259646,0.0
ENSG00000259648,0.0
MTCO3P23,0.0
ENSG00000259655,0.0
PIGHP1,0.0
DNM1P47,0.0
ENSG00000259665,0.0
MTCYBP23,0.0
RPL7AP75,0.0
ENSG00000259677,0.0
ENSG00000259683,0.0
HNRNPA1P71,0.0
ENSG00000259688,0.0
FKBP1AP2,0.0
ENSG00000259695,0.0
ENSG00000259696,0.0
FAM30C,0.0
HMGB1P8,0.0
HSP90B2P,0.0
ENSG00000259707,0.0
NUTF2P6,0.0
ENSG00000259722,0.0
CSPG4P11,0.0
LINC00933,0.0
ZNF444P1,0.0
ENSG00000259742,0.0
ENSG00000259743,0.0
HSPE1P3,0.0
NCAPGP2,0.0
NSA2P4,0.0
TUBAP11,0.0
ENSG00000259769,0.0
ENSG00000259770,0.0
HMGB1P6,0.0
ANP32BP1,0.0
ENSG00000259800,0.0
ENSG00000259822,0.0
ENSG00000259827,0.0
CYP4A26P,0.0
AGGF1P6,0.0
ELOCP2,0.0
IGHV3OR16-16,0.0
GNPATP,0.0
HERC2P10,0.0
ENSG00000259848,0.0
RAB43P1,0.0
ENSG00000259864,0.0
ENSG00000259866,0.0
ENSG00000259873,0.0
ENSG00000259874,0.0
ENSG00000259882,0.0
DNM1P50,0.0
ENSG00000259892,0.0
FRG2JP,0.0
ACTG1P15,0.0
ENSG00000259909,0.0
HNRNPLP2,0.0
NDUFA5P11,0.0
CFAP69P1,0.0
ENSG00000259923,0.0
ENSG00000259924,0.0
ENSG00000259931,0.0
ENSG00000259934,0.0
ENSG00000259948,0.0
ENSG00000259950,0.0
ENSG00000259962,0.0
ENSG00000259963,0.0
FAM153DP,0.0
ENSG00000259970,0.0
MRPS21P8,0.0
VN1R68P,0.0
CDC37P1,0.0
ENSG00000259983,0.0
ENSG00000259984,0.0
DUX4L46,0.0
ENSG00000259990,0.0
ENSG00000259992,0.0
ENSG00000259993,0.0
RARRES2P8,0.0
KRBOX5P1,0.0
ENSG00000260012,0.0
LSM3P5,0.0
MRPS21P7,0.0
RPL10P14,0.0
ENSG00000260033,0.0
ENSG00000260036,0.0
BCAP31P2,0.0
ABCB10P4,0.0
GOLGA2P11,0.0
MTND4LP25,0.0
ENSG00000260068,0.0
NSFP1,0.0
MPHOSPH10P1,0.0
ENSG00000260082,0.0
PCMTD1P2,0.0
ADAM3B,0.0
DNM1P33,0.0
ENSG00000260103,0.0
ENSG00000260104,0.0
AOC4P,0.0
ENSG00000260109,0.0
ENSG00000260112,0.0
ENSG00000260113,0.0
ULK4P2,0.0
CA5AP1,0.0
C1QL1P1,0.0
CSPG4P13,0.0
ENSG00000260144,0.0
ENSG00000260146,0.0
MTND5P34,0.0
ENSG00000260152,0.0
RARRES2P10,0.0
ENSG00000260157,0.0
ENSG00000260159,0.0
MTCYBP28,0.0
ENSG00000260165,0.0
SYNGR2P1,0.0
ENSG00000260184,0.0
PPIAP48,0.0
DUX4L47,0.0
ENSG00000260211,0.0
ENSG00000260212,0.0
ENSG00000260218,0.0
UBL5P4,0.0
PPIAP51,0.0
APOOP5,0.0
SUB1P4,0.0
ENSG00000260251,0.0
ENSG00000260255,0.0
ENSG00000260258,0.0
PPIAP46,0.0
ENSG00000260269,0.0
ENSG00000260275,0.0
SLX1B-SULT1A4,0.0
EIF4EBP2P2,0.0
TPSP2,0.0
ENSG00000260290,0.0
FRG2GP,0.0
ACTG1P16,0.0
PABPC1P13,0.0
ENSG00000260308,0.0
COX6CP1,0.0
PHB1P21,0.0
ACTR3BP3,0.0
DPPA3P11,0.0
ENSG00000260335,0.0
C2orf69P2,0.0
ENSG00000260344,0.0
ENSG00000260345,0.0
MOCS1P1,0.0
DNM1P34,0.0
ENSG00000260375,0.0
ENSG00000260379,0.0
TMEM183AP3,0.0
LDC1P,0.0
WBP11P1,0.0
ENSG00000260395,0.0
MPHOSPH10P6,0.0
ENSG00000260404,0.0
ENSG00000260405,0.0
ENSG00000260410,0.0
ENSG00000260413,0.0
ENSG00000260414,0.0
AGGF1P9,0.0
VPS51P1,0.0
MTCH2P3,0.0
ENSG00000260443,0.0
ENSG00000260444,0.0
ENSG00000260445,0.0
GEMIN8P2,0.0
TPRKBP2,0.0
FTLP14,0.0
PPIAP49,0.0
ENSG00000260472,0.0
C2orf69P4,0.0
ENSG00000260483,0.0
MYL12BP1,0.0
RPL7L1P16,0.0
ENSG00000260497,0.0
ENSG00000260514,0.0
CHEK2P7,0.0
BMS1P8,0.0
ENSG00000260522,0.0
CYP3A52P,0.0
ENSG00000260525,0.0
ABHD17AP8,0.0
MT1L,0.0
BNIP3P5,0.0
EIF5A2P1,0.0
TPST2P1,0.0
ENSG00000260584,0.0
ENSG00000260590,0.0
OR4C49P,0.0
FRG2IP,0.0
HMGN2P40,0.0
ENSG00000260610,0.0
RPL23AP97,0.0
ENSG00000260622,0.0
ENSG00000260628,0.0
RBM22P12,0.0
ENSG00000260639,0.0
HERC2P5,0.0
ENSG00000260649,0.0
ENSG00000260662,0.0
ENSG00000260668,0.0
ENSG00000260669,0.0
ENSG00000260674,0.0
TCERG1P2,0.0
ENSG00000260678,0.0
AGGF1P5,0.0
RN7SKP176,0.0
ENSG00000260685,0.0
ENSG00000260688,0.0
HNRNPA3P11,0.0
CYCSP39,0.0
ENSG00000260702,0.0
ENSG00000260714,0.0
VN1R67P,0.0
VN1R69P,0.0
KLF8P1,0.0
SLC7A5P1,0.0
KRT8P22,0.0
KIF18BP1,0.0
ENSG00000260747,0.0
ACSM5P1,0.0
ENSG00000260764,0.0
CES1P2,0.0
ENSG00000260774,0.0
GOLGA6FP,0.0
ARHGAP23P1,0.0
ENSG00000260782,0.0
ENSG00000260784,0.0
ENSG00000260795,0.0
ENSG00000260797,0.0
KRT8P50,0.0
ENSG00000260803,0.0
VPS35P1,0.0
OR4C45,0.0
RARRES2P7,0.0
PPIAP47,0.0
ENSG00000260817,0.0
UNGP1,0.0
HMGB3P32,0.0
ENSG00000260844,0.0
FRG2HP,0.0
ENSG00000260860,0.0
CYP2C60P,0.0
ABHD17AP7,0.0
ENSG00000260865,0.0
ENSG00000260866,0.0
NDUFB10P1,0.0
ENSG00000260882,0.0
VN1R65P,0.0
CKBP1,0.0
DNM1P30,0.0
ENSG00000260899,0.0
ENSG00000260900,0.0
PLA2G10CP,0.0
ENSG00000260909,0.0
SPCS2P1,0.0
ENSG00000260933,0.0
MTCH2P4,0.0
RPL23AP91,0.0
RARRES2P5,0.0
FGFR3P5,0.0
ENSG00000260991,0.0
AGGF1P7,0.0
NPM1P3,0.0
RARRES2P6,0.0
AGAP11,0.0
ENSG00000261017,0.0
WFDC21P,0.0
ENSG00000261041,0.0
C2orf69P1,0.0
ENSG00000261047,0.0
ENSG00000261048,0.0
NAMPTP3,0.0
ENSG00000261056,0.0
ENSG00000261067,0.0
ENSG00000261072,0.0
ENSG00000261077,0.0
ENSG00000261081,0.0
PPP1R1AP2,0.0
CDC37P2,0.0
ATP5MFP6,0.0
ENSG00000261108,0.0
ENSG00000261111,0.0
ENSG00000261127,0.0
ADAMTS7P3,0.0
ENSG00000261144,0.0
ENSG00000261145,0.0
TIPINP2,0.0
ENSG00000261153,0.0
HMGB1P33,0.0
ENSG00000261178,0.0
PLA2G10FP,0.0
RNF126P1,0.0
CYP4A43P,0.0
ENSG00000261197,0.0
UBE2FP2,0.0
PLA2G10JP,0.0
NIFKP4,0.0
ENSG00000261208,0.0
SULT1C2P2,0.0
ENSG00000261215,0.0
BCAP31P1,0.0
ENSG00000261232,0.0
ABCD1P3,0.0
ENSG00000261234,0.0
ANKRD26P1,0.0
ENSG00000261245,0.0
ENSG00000261259,0.0
ENSG00000261263,0.0
TP53TG3GP,0.0
ENSG00000261278,0.0
ULK4P1,0.0
ENSG00000261281,0.0
SOD1P2,0.0
RBM22P13,0.0
ENSG00000261289,0.0
CYP4A44P,0.0
C2orf69P3,0.0
GOLGA6GP,0.0
LARP4P,0.0
PPIAP50,0.0
CD24P2,0.0
EIF4BP5,0.0
ENSG00000261349,0.0
ENSG00000261356,0.0
ENSG00000261362,0.0
ENSG00000261365,0.0
GOLGA6L23P,0.0
PDCD6IPP2,0.0
ENSG00000261391,0.0
HSPE1P5,0.0
HERC2P1,0.0
CHEK2P6,0.0
HERC2P6,0.0
PLA2G10DP,0.0
ATP5PBP7,0.0
DPPA2P4,0.0
DUX4L45,0.0
ENSG00000261444,0.0
ENSG00000261457,0.0
ENSG00000261458,0.0
UBE2MP1,0.0
RARRES2P9,0.0
ENSG00000261487,0.0
DNM1P31,0.0
MPHOSPH10P7,0.0
ENSG00000261499,0.0
CYP3A137P,0.0
VN1R70P,0.0
ENSG00000261522,0.0
ABCB10P3,0.0
ENSG00000261527,0.0
CCNYL7,0.0
ABHD17AP9,0.0
HLA-P,0.0
ENSG00000261549,0.0
ENSG00000261553,0.0
ENSG00000261554,0.0
SMG1P7,0.0
EEF1A1P38,0.0
FSCN1P1,0.0
ENSG00000261561,0.0
ENSG00000261564,0.0
ENSG00000261575,0.0
ENPP7P13,0.0
HERC2P11,0.0
ENSG00000261588,0.0
ENSG00000261590,0.0
CYP4A27P,0.0
HERC2P8,0.0
ENSG00000261606,0.0
ENSG00000261607,0.0
SLC25A1P4,0.0
SUB1P3,0.0
YBX3P1,0.0
HMGN2P41,0.0
NDUFB10P2,0.0
ENSG00000261628,0.0
ENSG00000261635,0.0
IMPDH1P11,0.0
TUBAP4,0.0
ATP5PDP1,0.0
ENSG00000261680,0.0
AGGF1P4,0.0
ENSG00000261702,0.0
DNM1P32,0.0
ENSG00000261709,0.0
FRG2DP,0.0
ENSG00000261714,0.0
H2BC20P,0.0
ENSG00000261719,0.0
ENSG00000261725,0.0
ENSG00000261727,0.0
FRG2KP,0.0
ENSG00000261747,0.0
SPRING1P3,0.0
AGGF1P8,0.0
KRT18P18,0.0
DNAAF4-CCPG1,0.0
ENSG00000261774,0.0
ENSG00000261776,0.0
ENSG00000261778,0.0
ENSG00000261782,0.0
DNM1P28,0.0
CYP3A54P,0.0
TUBB8P7,0.0
ENSG00000261813,0.0
ENSG00000261819,0.0
DNM1P49,0.0
ENSG00000261835,0.0
ENSG00000261864,0.0
MFSD1P1,0.0
ENSG00000261882,0.0
MTND5P33,0.0
RPL23AP84,0.0
LARP7P2,0.0
ISCA1P3,0.0
ENSG00000261970,0.0
KYNUP1,0.0
ENSG00000262000,0.0
ENSG00000262008,0.0
ENSG00000262048,0.0
ENSG00000262067,0.0
SNORD3B-2,0.0
IL9RP4,0.0
OR1P1,0.0
ENSG00000262090,0.0
MTATP6P25,0.0
PCDHB19P,0.0
OR1D3P,0.0
MTND6P33,0.0
MTCO1P28,0.0
ENSG00000262120,0.0
GARS1P1,0.0
ENSG00000262140,0.0
ENSG00000262141,0.0
EIF1P4,0.0
MTCO3P24,0.0
ENSG00000262181,0.0
ENSG00000262187,0.0
TMF1P1,0.0
ENSG00000262248,0.0
MTND4LP24,0.0
ENSG00000262262,0.0
ENSG00000262271,0.0
RPL7L1P19,0.0
MTND4P34,0.0
HNRNPA1P16,0.0
NDUFA3P6,0.0
MTATP6P24,0.0
ENSG00000262384,0.0
CANT1P1,0.0
MCUR1P1,0.0
ENSG00000262408,0.0
TVP23CP2,0.0
ENSG00000262471,0.0
SAMD11P1,0.0
ENSG00000262488,0.0
ENSG00000262492,0.0
ENSG00000262495,0.0
FAM187B2P,0.0
MAPK8IP1P1,0.0
SPICP3,0.0
DPPA3P6,0.0
ENSG00000262518,0.0
TXNP4,0.0
ENSG00000262539,0.0
ENSG00000262561,0.0
ENSG00000262566,0.0
TMEM231P1,0.0
ENSG00000262587,0.0
BTF3P14,0.0
ENSG00000262623,0.0
ENSG00000262636,0.0
PHB1P15,0.0
ENSG00000262651,0.0
ENSG00000262691,0.0
ENSG00000262700,0.0
ENSG00000262708,0.0
MRPS21P9,0.0
ENSG00000262803,0.0
ENSG00000262818,0.0
ENSG00000262855,0.0
CYCSP40,0.0
ENSG00000262880,0.0
ENSG00000262885,0.0
MTCO1P40,0.0
TMPOP2,0.0
ALOX12P2,0.0
EIF4A1P9,0.0
RPL23AP86,0.0
ENSG00000262961,0.0
KARS1P3,0.0
ENSG00000262974,0.0
OR52L2P,0.0
ENSG00000262990,0.0
ROCK1P1,0.0
ENSG00000263017,0.0
ENSG00000263029,0.0
ENSG00000263045,0.0
ENSG00000263070,0.0
ENSG00000263107,0.0
ARL2BPP8,0.0
LRRC37A17P,0.0
MTND1P8,0.0
HNRNPCP4,0.0
ENSG00000263189,0.0
MTND3P13,0.0
ENSG00000263199,0.0
KYNUP3,0.0
ENSG00000263212,0.0
RYKP1,0.0
ATP5F1AP3,0.0
MTCYBP33,0.0
ENSG00000263252,0.0
RPS7P1,0.0
ENSG00000263311,0.0
ENSG00000263326,0.0
ENSG00000263343,0.0
MIR5011,0.0
AKR1B10P2,0.0
RN7SL134P,0.0
MIR378H,0.0
MIR5702,0.0
ABHD17AP5,0.0
MSANTD3P1,0.0
ENSG00000263369,0.0
MIR548AO,0.0
ENSG00000263375,0.0
MIR5584,0.0
MIR3973,0.0
MIR3119-2,0.0
ENSG00000263396,0.0
MIR3170,0.0
MIR4673,0.0
PA2G4P3,0.0
MIR4660,0.0
MIR4747,0.0
RN7SL460P,0.0
MIR4538,0.0
MIR3187,0.0
RN7SL471P,0.0
RN7SL689P,0.0
ENSG00000263433,0.0
MIR3158-1,0.0
MIR4753,0.0
MIR4450,0.0
ENSG00000263453,0.0
MIR5189,0.0
MIR4455,0.0
BOD1P1,0.0
MIR3130-2,0.0
MIR3156-1,0.0
RN7SL509P,0.0
ANTXRLP1,0.0
MTATP6P3,0.0
RN7SL155P,0.0
MAPK8IP1P2,0.0
SLC25A3P3,0.0
MIR4497,0.0
MIR5699,0.0
MIR4311,0.0
MIR3668,0.0
MIR548AN,0.0
MIR378G,0.0
MIR4526,0.0
RN7SL122P,0.0
MIR4463,0.0
AK4P1,0.0
RN7SL387P,0.0
MIR5582,0.0
RN7SL383P,0.0
RN7SL716P,0.0
MIR4704,0.0
UBBP4,0.0
MIR7853,0.0
MIR4270,0.0
MIR4665,0.0
MIR548X2,0.0
MIR4522,0.0
MIR4480,0.0
MIR4804,0.0
RN7SL823P,0.0
MIR3936,0.0
MIR3915,0.0
MIR3185,0.0
ENSG00000263604,0.0
CHORDC1P4,0.0
RN7SL353P,0.0
MIR4306,0.0
RN7SL178P,0.0
MIR3155A,0.0
MIR5586,0.0
MIR378D1,0.0
MIR3919,0.0
MIR4777,0.0
MIR4802,0.0
MIR4515,0.0
BPTFP1,0.0
ENSG00000263648,0.0
MIR3135B,0.0
MIR548AX,0.0
SNORA70D,0.0
RN7SL470P,0.0
MIR4457,0.0
RN7SL750P,0.0
MIR5581,0.0
MIR4632,0.0
MIR3197,0.0
ENSG00000263682,0.0
MIR548D2,0.0
MIR3161,0.0
MIR3621,0.0
MIR5689,0.0
MIR4639,0.0
SLC25A51P2,0.0
SNORD39,0.0
FTLP13,0.0
ENSG00000263729,0.0
MIR3937,0.0
ENSG00000263733,0.0
MIR4643,0.0
MIR4662B,0.0
RN7SL4P,0.0
MIR548AS,0.0
MIR3165,0.0
MIR3664,0.0
MIR4277,0.0
EXOGP1,0.0
OOSP1P2,0.0
MIR548AV,0.0
MIR3133,0.0
RN7SL498P,0.0
MIR4286,0.0
MIR3686,0.0
SNORD43,0.0
ENSG00000263772,0.0
SNORA4,0.0
ENSG00000263781,0.0
MIR5590,0.0
MIR3182,0.0
ENSG00000263788,0.0
MIR4473,0.0
MIR3115,0.0
RN7SL457P,0.0
MIR5100,0.0
ENSG00000263798,0.0
MIR5684,0.0
MIR3675,0.0
MIR3679,0.0
RN7SL426P,0.0
MIR548AW,0.0
RDM1P5,0.0
MIR4439,0.0
SINHCAFP1,0.0
MIR378E,0.0
MIR4635,0.0
MIR4698,0.0
RN7SL44P,0.0
CIAPIN1P,0.0
MIR4744,0.0
MIR4729,0.0
MIR4769,0.0
MIR3927,0.0
ENSG00000263870,0.0
MIR4528,0.0
MIR4436B2,0.0
RN7SL774P,0.0
EEF1DP7,0.0
MIR3920,0.0
USP32P4,0.0
MIR4303,0.0
MIR4667,0.0
MIR3925,0.0
MIR4669,0.0
RN7SL555P,0.0
MIR3116-1,0.0
MIR5000,0.0
MTND2P13,0.0
ENSG00000263917,0.0
MIR3670-1,0.0
MIR4462,0.0
MIR4448,0.0
SNORD3A,0.0
TOMM20P3,0.0
RN7SL275P,0.0
RN7SL32P,0.0
RN7SL435P,0.0
MIR548Y,0.0
ENSG00000263946,0.0
RN7SL850P,0.0
ENSG00000263963,0.0
MIR4509-3,0.0
MIR4290,0.0
RN7SL381P,0.0
RN7SL678P,0.0
MIR1587,0.0
MIR4760,0.0
RN7SL121P,0.0
YWHAEP3,0.0
MIR4499,0.0
MIR4672,0.0
MIR5705,0.0
MIR5698,0.0
RN7SL147P,0.0
RN7SL615P,0.0
RN7SL786P,0.0
RN7SL42P,0.0
RN7SL52P,0.0
MIR4717,0.0
MIR4314,0.0
MIR4429,0.0
MIR3938,0.0
MIR4253,0.0
RN7SL336P,0.0
MIR4507,0.0
RN7SL744P,0.0
ENSG00000264029,0.0
RN7SL66P,0.0
MIR4491,0.0
RN7SL198P,0.0
MIR4472-2,0.0
ENSG00000264040,0.0
RN7SL670P,0.0
RN7SL455P,0.0
MIR4737,0.0
ENSG00000264050,0.0
RPL31P9,0.0
MIR5685,0.0
ENSG00000264057,0.0
MIR4316,0.0
FGF7P1,0.0
ENSG00000264063,0.0
MIR3943,0.0
DND1P1,0.0
RN7SL531P,0.0
MIR3199-1,0.0
MIR4783,0.0
MIR5688,0.0
MIR3681,0.0
MIR4666B,0.0
RN7SL474P,0.0
ENSG00000264093,0.0
MIR4803,0.0
MIR4689,0.0
MIR4688,0.0
ENSG00000264104,0.0
MIR3688-1,0.0
MIR4300,0.0
RN7SL784P,0.0
MIR3180-4,0.0
MIR4795,0.0
SCML2P1,0.0
RN7SL713P,0.0
MIR3689D2,0.0
ENSG00000264138,0.0
MIR3667,0.0
MIR3928,0.0
ENSG00000264145,0.0
ENSG00000264148,0.0
ENSG00000264150,0.0
MIR3127,0.0
MIR4670,0.0
MIR4762,0.0
MIR3689B,0.0
ENSG00000264164,0.0
MTND1P15,0.0
RN7SL665P,0.0
MIR4305,0.0
PDLIM1P3,0.0
MIR3189,0.0
MAGOH2P,0.0
ENSG00000264179,0.0
SNRPCP4,0.0
AIDAP3,0.0
RN7SL117P,0.0
ENSG00000264193,0.0
MIR4693,0.0
MIR4701,0.0
AGAP7P,0.0
MIR4716,0.0
MIR4492,0.0
RPL35AP23,0.0
MIR3168,0.0
RNU4ATAC,0.0
MIR4456,0.0
ENSG00000264236,0.0
CPDP1,0.0
ENSG00000264245,0.0
ENSG00000264246,0.0
MIR3912,0.0
RN7SL835P,0.0
RN7SL819P,0.0
KIR3DP1,0.0
MIR4322,0.0
MIR4767,0.0
RN7SL488P,0.0
MIR4799,0.0
RN7SL753P,0.0
MIR4786,0.0
ENSG00000264281,0.0
ENSG00000264289,0.0
MIR2467,0.0
RN7SL657P,0.0
SNORD55,0.0
MIR3922,0.0
ENSG00000264296,0.0
MIR4433B,0.0
ENSG00000264300,0.0
MIR4694,0.0
MIX23P1,0.0
RN7SL644P,0.0
MIR548AT,0.0
HNRNPA1P11,0.0
MTCO3P13,0.0
RN7SL154P,0.0
MIR4801,0.0
RN7SL448P,0.0
MIR5186,0.0
ENSG00000264341,0.0
MIR3660,0.0
SNORA77B,0.0
MIR4258,0.0
SNRPGP2,0.0
RN7SL602P,0.0
MIR3134,0.0
MIR4648,0.0
MIR3122,0.0
NEK4P2,0.0
MIR3125,0.0
MIR4425,0.0
ENSG00000264373,0.0
MIR4671,0.0
SNORD39,0.0
RN7SL431P,0.0
MIR4513,0.0
MIR5007,0.0
ENSG00000264388,0.0
MIR4465,0.0
RN7SL208P,0.0
MIR3193,0.0
MIR3180-5,0.0
MIR4736,0.0
RN7SL491P,0.0
MIR548AL,0.0
MIR3913-1,0.0
MIR548AP,0.0
MIR4470,0.0
MIR548AC,0.0
RN7SL718P,0.0
MIR4653,0.0
MIR4283-1,0.0
MIR3183,0.0
ENSG00000264431,0.0
ENSG00000264435,0.0
RN7SL560P,0.0
SDHCP1,0.0
ENSG00000264452,0.0
MIR3648-2,0.0
MIR4520-1,0.0
MIR4794,0.0
MIR4656,0.0
MIR5682,0.0
MIR4714,0.0
MIR4705,0.0
MIR5008,0.0
RN7SL697P,0.0
MIR4298,0.0
MIR4650-2,0.0
ENSG00000264497,0.0
MIR3124,0.0
RN7SL731P,0.0
ENSG00000264503,0.0
MIR3678,0.0
MIR5692A2,0.0
RN7SL596P,0.0
MIR4778,0.0
DNAJB6P8,0.0
RN7SL25P,0.0
MIR378B,0.0
MIR5706,0.0
SUZ12P1,0.0
MIR548AR,0.0
RN7SL405P,0.0
SNORD95,0.0
MIR4257,0.0
RN7SL793P,0.0
MIR3162,0.0
MIR4633,0.0
DYNAPP1,0.0
MIR23C,0.0
SNX19P3,0.0
MIR4529,0.0
MIR4296,0.0
RN7SL15P,0.0
ENSG00000264574,0.0
MIR5692B,0.0
RN7SL326P,0.0
MIR4487,0.0
MIR4449,0.0
RN7SL131P,0.0
MIR3159,0.0
MIR3173,0.0
MIR4685,0.0
RN7SL290P,0.0
MIR5588,0.0
RN7SL592P,0.0
MIR4755,0.0
ENSG00000264617,0.0
RN7SL732P,0.0
MIR5591,0.0
MIR4796,0.0
MIR4271,0.0
MIR3152,0.0
KRT18P8,0.0
MIR5194,0.0
PPIAP54,0.0
MIR3171,0.0
MIR4798,0.0
MIR3200,0.0
ENSG00000264662,0.0
KRT8P34,0.0
MIR4285,0.0
RN7SL204P,0.0
MIR3140,0.0
MIR4773-1,0.0
PRPF19P1,0.0
ENSG00000264689,0.0
MTL3P,0.0
MIR4255,0.0
MIR4752,0.0
RN7SL217P,0.0
MIR4504,0.0
KIAA0895LP1,0.0
MIR3117,0.0
MIR3670-2,0.0
MIR3129,0.0
MIR4638,0.0
MIR4718,0.0
BDP1P,0.0
MIR4511,0.0
MIR4505,0.0
DPRXP4,0.0
MIR3689C,0.0
MIR3924,0.0
MIR3131,0.0
MIR3198-1,0.0
MIR3141,0.0
MIR4295,0.0
MIR4772,0.0
RN7SL237P,0.0
ENSG00000264772,0.0
MIR4420,0.0
PPIAP14,0.0
MIR4537,0.0
MIR3148,0.0
MIR4637,0.0
MIR4771-1,0.0
MIR5009,0.0
MIR4294,0.0
ERVFRD-3,0.0
MIR5191,0.0
MIR378C,0.0
Metazoa_SRP,0.0
MIR4441,0.0
MIR1273C,0.0
MIR3154,0.0
MIR5571,0.0
RN7SL468P,0.0
ENSG00000264834,0.0
VN1R71P,0.0
RN7SL404P,0.0
ENSG00000264845,0.0
MIR4310,0.0
MIR5696,0.0
ENSG00000264860,0.0
RN7SL45P,0.0
MIR3613,0.0
ENSG00000264874,0.0
RN7SL690P,0.0
ENSG00000264881,0.0
NOS2P4,0.0
MIR3921,0.0
MIR3616,0.0
MIR5701-3,0.0
MIR4494,0.0
PRELID3BP3,0.0
RN7SL525P,0.0
ENSG00000264911,0.0
RN7SL230P,0.0
MIR4540,0.0
MIR378F,0.0
ENSG00000264930,0.0
MIR3138,0.0
RN7SL190P,0.0
MIR4265,0.0
SNORD3C,0.0
MIR4474,0.0
SH3GL1P2,0.0
MIR3181,0.0
ALOX12P1,0.0
MIR4730,0.0
RN7SL440P,0.0
MIR5094,0.0
WEE1P2,0.0
PRR13P4,0.0
MIR4789,0.0
MIR4431,0.0
RN7SL630P,0.0
MIR4436B1,0.0
MIR5691,0.0
MIR5092,0.0
SNORD92,0.0
SNORD39,0.0
MIR5089,0.0
MIR4780,0.0
MIR548W,0.0
MIR4327,0.0
MIR3160-1,0.0
ENSG00000265015,0.0
AGAP12P,0.0
NCOR1P2,0.0
ENSG00000265028,0.0
ENSG00000265031,0.0
RN7SL262P,0.0
PMM2P1,0.0
ENSG00000265041,0.0
RN7SL622P,0.0
MIR548S,0.0
MIR4765,0.0
PPY2P,0.0
ENSG00000265061,0.0
MIR4692,0.0
MIR3622B,0.0
RN7SL664P,0.0
MIR3691,0.0
MIR4655,0.0
MIR4484,0.0
RN7SL246P,0.0
FTLP12,0.0
RBM22P1,0.0
MIR4510,0.0
ENSG00000265099,0.0
MIR3942,0.0
MIR4731,0.0
MIR3153,0.0
RN7SL200P,0.0
MIR3190,0.0
MIR5687,0.0
ENSG00000265136,0.0
MIR3192,0.0
MIR4301,0.0
RN7SL451P,0.0
MIR548AM,0.0
SNORD53,0.0
MIR151B,0.0
LRRC37A7P,0.0
MIR5003,0.0
MIR2681,0.0
MIR4307,0.0
RN7SL667P,0.0
MIR4262,0.0
MIR3202-1,0.0
MIR4728,0.0
MIR4790,0.0
MIR4674,0.0
SRP72P1,0.0
SNORD3B-1,0.0
ENSG00000265188,0.0
MIR3923,0.0
MIR4312,0.0
MIR4677,0.0
MIR4486,0.0
MIR3684,0.0
MIR4283-2,0.0
MIR4269,0.0
MIR548AI,0.0
MIR4699,0.0
ENSG00000265233,0.0
SNORD84,0.0
MIR3142,0.0
ENSG00000265240,0.0
MIR4472-1,0.0
MIR4288,0.0
MIR3132,0.0
MIR4446,0.0
ENSG00000265257,0.0
MIR4686,0.0
RN7SL74P,0.0
ENSG00000265261,0.0
TRMT112P3,0.0
RN7SL693P,0.0
PGDP1,0.0
CLUHP6,0.0
MIR3935,0.0
MIR4770,0.0
MIR4710,0.0
ARGFXP2,0.0
FEM1AP2,0.0
ENSG00000265298,0.0
MIR548AD,0.0
MIR3650,0.0
MIR3195,0.0
RN7SL199P,0.0
RN7SL847P,0.0
MIR4263,0.0
MIR3118-2,0.0
RN7SL411P,0.0
MIR548AB,0.0
MIR4524B,0.0
MIR3137,0.0
OR4K7P,0.0
MIR5188,0.0
MIR4291,0.0
MIR3136,0.0
ENSG00000265356,0.0
MIR4493,0.0
GLUD1P2,0.0
MIR4476,0.0
MIR4682,0.0
MIR4675,0.0
MIR3180-2,0.0
MIR4679-2,0.0
MIR466,0.0
RN7SL219P,0.0
RN7SL391P,0.0
MIR4999,0.0
MIR4252,0.0
MIR3944,0.0
MIR3128,0.0
RSL24D1P9,0.0
MIR4324,0.0
ENSG00000265408,0.0
RN7SL656P,0.0
ENSG00000265417,0.0
MIR4261,0.0
MIR4779,0.0
ENSG00000265421,0.0
MIR4684,0.0
MIR4652,0.0
ENSG00000265428,0.0
MIR4782,0.0
MIR4308,0.0
MIR4447,0.0
MIR3121,0.0
ENSG00000265437,0.0
RN7SL811P,0.0
MIR3941,0.0
MIR4733,0.0
MIR4502,0.0
MIR3682,0.0
ENSG00000265453,0.0
MIR3672,0.0
ENSG00000265460,0.0
MIR3680-1,0.0
MIR4768,0.0
POLR3KP2,0.0
MIR548AQ,0.0
FAM32DP,0.0
DTX2P1-UPK3BP1-PMS2P11,0.0
KRT18P55,0.0
MIR4443,0.0
RN7SL518P,0.0
MIR3156-2,0.0
MIR1269B,0.0
MIR4435-1,0.0
MIR4436A,0.0
MIR548V,0.0
MIR5697,0.0
MIR4304,0.0
MIR5690,0.0
FCGR1CP,0.0
RN7SL475P,0.0
MIR3180-1,0.0
MIR4421,0.0
MIR3164,0.0
H3P41,0.0
ELOCP27,0.0
MIR3918,0.0
RN7SL652P,0.0
MIR1268B,0.0
PIGPP4,0.0
MIR3143,0.0
RN7SL605P,0.0
WDR45BP1,0.0
MIR3978,0.0
MIR5708,0.0
NPM1P45,0.0
MIR4756,0.0
MIR3659,0.0
MIR5707,0.0
MIR4471,0.0
MIR4695,0.0
MIR4539,0.0
ENSG00000265614,0.0
MIR548AG2,0.0
MIR3139,0.0
ENSG00000265626,0.0
ENSG00000265630,0.0
BNIP3P3,0.0
MIR3612,0.0
ENSG00000265639,0.0
MIR3929,0.0
TUFMP1,0.0
RN7SL279P,0.0
MIR548AK,0.0
MIR3151,0.0
MIR3690,0.0
MIR4664,0.0
MIR548AJ1,0.0
MIR4508,0.0
RN7SL708P,0.0
MIR4267,0.0
SYPL1P2,0.0
RN7SL378P,0.0
MIR4460,0.0
ENSG00000265693,0.0
MIR4774,0.0
LARP7P3,0.0
MIR548AE2,0.0
SNORD53B,0.0
ENSG00000265712,0.0
ENSG00000265713,0.0
MIR4681,0.0
MIR4284,0.0
MIR3144,0.0
RN7SL648P,0.0
SNORA74C-1,0.0
MIR4438,0.0
RN7SL5P,0.0
RN7SL339P,0.0
MIR4427,0.0
RN7SL375P,0.0
KYNUP2,0.0
RN7SL444P,0.0
MIR4506,0.0
MIR3670-3,0.0
RN7SL624P,0.0
MIR4330,0.0
RNASEH1P1,0.0
MIR3118-4,0.0
ENSG00000265794,0.0
ENSG00000265798,0.0
RN7SL49P,0.0
MIR4292,0.0
MIR3907,0.0
RN7SL300P,0.0
RN7SL376P,0.0
ENSG00000265815,0.0
MIR3177,0.0
MIR4422,0.0
MIR3939,0.0
MIR548AG1,0.0
MIR3123,0.0
ENSG00000265833,0.0
CCND3P2,0.0
MIR548X,0.0
MIR4276,0.0
MIR4287,0.0
MIR3689D1,0.0
MIR4797,0.0
ENSG00000265853,0.0
MIR4514,0.0
MIR5704,0.0
MIR4495,0.0
GPR160P2,0.0
MIR4516,0.0
MIR3174,0.0
MIR3689A,0.0
MIR4289,0.0
MIR4489,0.0
MIR3914-1,0.0
MIR4748,0.0
PDLIM1P2,0.0
RN7SL73P,0.0
ENSG00000265883,0.0
RN7SL783P,0.0
Y_RNA,0.0
RN7SL311P,0.0
RN7SL357P,0.0
ENSG00000265897,0.0
MIR4696,0.0
RN7SL96P,0.0
ENSG00000265916,0.0
MIR3685,0.0
RN7SL543P,0.0
MIR4280,0.0
MIR5692C1,0.0
MIR5195,0.0
MIR3146,0.0
ARL2BPP1,0.0
ENSG00000265936,0.0
UBE2CP2,0.0
RN7SL577P,0.0
ENSG00000265946,0.0
MIR4749,0.0
MIR4445,0.0
MIR4319,0.0
Y_RNA,0.0
MIR4266,0.0
ENSG00000265973,0.0
MIR4725,0.0
MIR544B,0.0
ENSG00000265982,0.0
MIR4735,0.0
MIR4519,0.0
MIR5694,0.0
MIR3671,0.0
ENSG00000266003,0.0
MIR4488,0.0
ENSG00000266009,0.0
MIR4764,0.0
MIR4309,0.0
MIR548Z,0.0
MIR4477B,0.0
MIR3609,0.0
MIR4659A,0.0
MIR4509-2,0.0
MIR4690,0.0
ENSG00000266042,0.0
MIR3649,0.0
ENSG00000266048,0.0
ENSG00000266050,0.0
MIR4500,0.0
RN7SL140P,0.0
MIR4771-2,0.0
POLRMTP1,0.0
MIR3617,0.0
MIR5693,0.0
RN7SL574P,0.0
MIR4432,0.0
SNORA59B,0.0
MIR5192,0.0
MIR5700,0.0
MIR4326,0.0
ENSG00000266105,0.0
MIR4525,0.0
MIR4440,0.0
MIR4423,0.0
FBXO36P1,0.0
MIR5587,0.0
ZNF415P1,0.0
RN7SL366P,0.0
SRP68P1,0.0
MIR4759,0.0
MIR4435-2,0.0
MIR4533,0.0
MIR4654,0.0
RHOT1P1,0.0
MIR5190,0.0
MIR5583-1,0.0
MIR4711,0.0
MIR3646,0.0
ENSG00000266155,0.0
RN7SL785P,0.0
RN7SL612P,0.0
YWHAEP2,0.0
RN7SL557P,0.0
MIR3147,0.0
MIR4666A,0.0
ENSG00000266179,0.0
MIR4282,0.0
EIF4A3P1,0.0
ENSG00000266184,0.0
RN7SL804P,0.0
RN7SL480P,0.0
ENSG00000266188,0.0
MIR3186,0.0
ENSG00000266190,0.0
MIR1260B,0.0
MIR4661,0.0
RN7SL163P,0.0
PNLIPRP2,0.0
SS18L2P2,0.0
MIR5585,0.0
MIR5589,0.0
MIR3926-1,0.0
RN7SL371P,0.0
MIR3156-3,0.0
MIR3167,0.0
CTSLP2,0.0
MIR4323,0.0
NPM1P2,0.0
MIR3611,0.0
MIR3178,0.0
MIR3176,0.0
MIR5091,0.0
GRAMD4P7,0.0
MIR4279,0.0
MIR4644,0.0
COX6CP3,0.0
MIR4475,0.0
MIR4428,0.0
ENSG00000266270,0.0
RN7SL138P,0.0
MIR4743,0.0
UBL5P2,0.0
MIR3683,0.0
MIR3180-3,0.0
ARIH2P1,0.0
MIR744,0.0
MIR3118-1,0.0
MIR4518,0.0
ENSG00000266306,0.0
MIR5093,0.0
RN7SL510P,0.0
MIR4668,0.0
RN7SL703P,0.0
MIR5692A1,0.0
MIR3909,0.0
MIR4293,0.0
MIR4663,0.0
MIR3665,0.0
MIR4503,0.0
MIR4536-2,0.0
MIR4281,0.0
MIR4776-1,0.0
ENSG00000266356,0.0
ENSG00000266364,0.0
ENSG00000266365,0.0
MIR3657,0.0
ENSG00000266373,0.0
ENSG00000266379,0.0
MIR5002,0.0
MIR4740,0.0
MIR4273,0.0
CBX3P2,0.0
MIR3157,0.0
MIR4636,0.0
ENSG00000266416,0.0
MIR4424,0.0
RN7SL118P,0.0
MIR4451,0.0
MIR3163,0.0
MIR4719,0.0
MIR5580,0.0
TBC1D3P5,0.0
MIR4264,0.0
MIR4746,0.0
RN7SL493P,0.0
ENSG00000266448,0.0
MIR3713,0.0
MIR3179-3,0.0
MIR4259,0.0
MIR2392,0.0
MIR3196,0.0
RN7SL220P,0.0
ENSG00000266470,0.0
RN7SL616P,0.0
MIR5197,0.0
ENSG00000266479,0.0
MIR4641,0.0
RDM1P2,0.0
ATG12P1,0.0
MIR5681A,0.0
RN7SL162P,0.0
RDM1P1,0.0
MIR4479,0.0
MIR3201,0.0
MIR3934,0.0
MIR3689F,0.0
MIR4452,0.0
MIR4715,0.0
MIR4268,0.0
RAC1P1,0.0
ENSG00000266522,0.0
MIR4650-1,0.0
MTCYBP13,0.0
MIR4318,0.0
MIR4706,0.0
MIR3619,0.0
SPDYE22P,0.0
MIR5701-1,0.0
ATP6V1E1P2,0.0
RN7SL356P,0.0
MIR3145,0.0
MIR4530,0.0
ENSG00000266560,0.0
ENSG00000266561,0.0
EIF1P5,0.0
MIR4418,0.0
RN7SL377P,0.0
MIR5579,0.0
BOLA2P1,0.0
MIR4254,0.0
MIR3166,0.0
MIR4527,0.0
MIR4478,0.0
MIR4512,0.0
MIR4713,0.0
MIR4766,0.0
LONRF2P1,0.0
RN7SL176P,0.0
MIR4703,0.0
COP1P1,0.0
MIR3692,0.0
MIR4742,0.0
MIR4642,0.0
RN7SL202P,0.0
MIR3972,0.0
MIR4754,0.0
MIR3677,0.0
MIR4299,0.0
ENSG00000266647,0.0
SETP3,0.0
MIR3126,0.0
MIR3908,0.0
MIR3169,0.0
MIR4739,0.0
MIR4325,0.0
MIR5692C2,0.0
ENSG00000266673,0.0
MIR4297,0.0
MIR4274,0.0
ENSG00000266691,0.0
ENSG00000266692,0.0
OR4K8P,0.0
MIR3945,0.0
MIR4490,0.0
MIR4498,0.0
MIR4437,0.0
PSMD7P1,0.0
RN7SL48P,0.0
MIR3149,0.0
MIR4676,0.0
RN7SL14P,0.0
MIR5695,0.0
GTF2IP6,0.0
MIR4757,0.0
MIR4708,0.0
MIR3135A,0.0
MIR4645,0.0
MIR3661,0.0
RN7SL524P,0.0
MIR5680,0.0
MIR3680-2,0.0
MIR4464,0.0
MIR3194,0.0
RN7SL619P,0.0
ENSG00000266771,0.0
MIR4646,0.0
SH3GL1P1,0.0
MIR4444-2,0.0
MIR3663,0.0
LGALS9DP,0.0
RN7SL7P,0.0
ENSG00000266802,0.0
ENSG00000266806,0.0
MIR548H5,0.0
MIR548AE1,0.0
PPIAP57,0.0
ENSG00000266818,0.0
KPNA2P3,0.0
MIR3689E,0.0
RN7SL712P,0.0
MIR4482,0.0
ITM2BP1,0.0
MIR3910-1,0.0
RPSAP67,0.0
RN7SL123P,0.0
ENSG00000266865,0.0
RN7SL408P,0.0
ENSG00000266876,0.0
ENSG00000266885,0.0
MIR4535,0.0
MIR4634,0.0
ENSG00000266891,0.0
AKR1B1P7,0.0
ENSG00000266906,0.0
ENSG00000266907,0.0
SLC25A6P4,0.0
ENSG00000266910,0.0
MRPS5P4,0.0
ACTBP9,0.0
ENSG00000266929,0.0
ENSG00000266931,0.0
ENSG00000266932,0.0
ENSG00000266938,0.0
RPSAP66,0.0
RPL35P10,0.0
MRPL37P1,0.0
ENSG00000266959,0.0
OR4F8P,0.0
ENSG00000266981,0.0
POLR3GP2,0.0
FTLP5,0.0
DHX40P1,0.0
ENSG00000266994,0.0
ENSG00000266995,0.0
ENSG00000267005,0.0
NTF6A,0.0
LRRC37A16P,0.0
ENSG00000267032,0.0
ENSG00000267036,0.0
E2F3P1,0.0
ENSG00000267048,0.0
ENSG00000267056,0.0
PLEKHB2P1,0.0
MIX23P3,0.0
KRT18P61,0.0
ENSG00000267084,0.0
ENSG00000267085,0.0
ENSG00000267088,0.0
CTBP2P7,0.0
NTF6G,0.0
ENSG00000267102,0.0
ENSG00000267113,0.0
PMM2P2,0.0
RPL10P15,0.0
OR1AC1P,0.0
HMGB3P27,0.0
ENSG00000267135,0.0
ENSG00000267142,0.0
ENSG00000267145,0.0
ENSG00000267148,0.0
ENSG00000267149,0.0
CTBP2P3,0.0
OR1M4P,0.0
TPMTP1,0.0
SDHDP1,0.0
ENSG00000267166,0.0
CALM2P1,0.0
PHF5AP1,0.0
ENSG00000267180,0.0
SNRPCP20,0.0
ENSG00000267184,0.0
PTP4A2P1,0.0
ENSG00000267187,0.0
ENSG00000267188,0.0
ATP5MGP7,0.0
TYMSP2,0.0
MIR212,0.0
MIR132,0.0
SNRPGP4,0.0
ENSG00000267218,0.0
ENSG00000267220,0.0
ENSG00000267227,0.0
HNRNPA3P16,0.0
ZNF861P,0.0
CYP4F10P,0.0
GCM1P1,0.0
WHSC1L2P,0.0
PPIAP58,0.0
VN1R95P,0.0
ENSG00000267271,0.0
ENSG00000267292,0.0
ENSG00000267293,0.0
ENSG00000267295,0.0
RPL23AP77,0.0
ENSG00000267305,0.0
OR4G1P,0.0
ENSG00000267312,0.0
UFM1P2,0.0
SELENOKP1,0.0
SLC25A1P5,0.0
ENSG00000267324,0.0
BOLA3P2,0.0
ASNSP6,0.0
EIF4A2P1,0.0
ENSG00000267340,0.0
ZNF833P,0.0
EIF5AP3,0.0
SH3GL1P3,0.0
RPL9P29,0.0
SEC24AP1,0.0
TAF5LP1,0.0
ENSG00000267370,0.0
ENSG00000267371,0.0
ATP5MGP6,0.0
GAD3P,0.0
SMCO4P1,0.0
ENSG00000267389,0.0
CYP4F9P,0.0
RPL35AP38,0.0
ENSG00000267400,0.0
ENSG00000267404,0.0
ENSG00000267408,0.0
ENSG00000267415,0.0
ELOCP29,0.0
ZNF56P,0.0
ENSG00000267422,0.0
DYNAPP2,0.0
ENSG00000267430,0.0
ENSG00000267433,0.0
ENSG00000267441,0.0
SMUG1P1,0.0
OR1AB1P,0.0
ENSG00000267456,0.0
UBE2V2P2,0.0
ENSG00000267471,0.0
ARHGAP27P2,0.0
ENSG00000267478,0.0
ENSG00000267482,0.0
GLUD1P4,0.0
ENSG00000267487,0.0
ENSG00000267490,0.0
ENSG00000267492,0.0
NFE2L3P1,0.0
ZNF887P,0.0
ENSG00000267507,0.0
ADAD1P2,0.0
HMGN1P31,0.0
ENSG00000267515,0.0
ENSG00000267518,0.0
RPSAP57,0.0
ENSG00000267526,0.0
ENSG00000267533,0.0
MTCO2P2,0.0
HIKESHIP2,0.0
ENSG00000267554,0.0
ENSG00000267558,0.0
STK25P1,0.0
KRT8P5,0.0
ENSG00000267585,0.0
ENSG00000267587,0.0
RPL32P37,0.0
NDUFA3P1,0.0
ENSG00000267591,0.0
ENSG00000267592,0.0
CYP4F24P,0.0
BRCA1P1,0.0
RPIAP1,0.0
SNX33P1,0.0
ENSG00000267611,0.0
ENSG00000267620,0.0
ENSG00000267623,0.0
ENSG00000267624,0.0
ENSG00000267629,0.0
ENSG00000267630,0.0
RPL7L1P5,0.0
BNIP3P16,0.0
MAP1LC3P,0.0
ENSG00000267648,0.0
NPM1P1,0.0
ENSG00000267656,0.0
ENSG00000267661,0.0
PPIAP56,0.0
RPL17P45,0.0
RPLP0P12,0.0
THA1P,0.0
ENSG00000267678,0.0
EIF5AP2,0.0
ENSG00000267681,0.0
NTF6B,0.0
ENSG00000267687,0.0
ENSG00000267689,0.0
SHC1P2,0.0
TAF9P3,0.0
ENSG00000267693,0.0
FRG2LP,0.0
RDM1P3,0.0
ENSG00000267713,0.0
ENSG00000267716,0.0
SRSF10P1,0.0
ENSG00000267725,0.0
ENSG00000267733,0.0
HMGB2P1,0.0
UBE2L4,0.0
SINHCAFP2,0.0
SPICP2,0.0
ENSG00000267745,0.0
RPS10P27,0.0
ENSG00000267756,0.0
ENSG00000267768,0.0
ENSG00000267770,0.0
ENSG00000267771,0.0
ENSG00000267773,0.0
OR7E16P,0.0
SLC25A36P1,0.0
WBP1LP11,0.0
ENSG00000267793,0.0
ENSG00000267794,0.0
NRBF2P1,0.0
MAN1A2P1,0.0
ENSG00000267800,0.0
NDUFV2P1,0.0
ENSG00000267827,0.0
Y_RNA,0.0
ENSG00000267895,0.0
ZSCAN5DP,0.0
SNX6P1,0.0
EIF1P6,0.0
MIR3188,0.0
OR10B1P,0.0
ENSG00000267990,0.0
OR4G4P,0.0
TPM3P5,0.0
ENSG00000268053,0.0
BNIP3P40,0.0
SRP14P4,0.0
OR5AH1P,0.0
ENSG00000268070,0.0
RPL22P5,0.0
BNIP3P30,0.0
ENSG00000268080,0.0
ENSG00000268088,0.0
ZNF725P,0.0
CYP2G2P,0.0
ENSG00000268105,0.0
ENSG00000268116,0.0
VN1R84P,0.0
PCGF7P,0.0
NIFKP6,0.0
VN1R91P,0.0
ENSG00000268153,0.0
Metazoa_SRP,0.0
BNIP3P22,0.0
ENSG00000268209,0.0
EEF1A1P7,0.0
ENSG00000268230,0.0
FKBP4P6,0.0
IGFL1P2,0.0
RPS29P30,0.0
SIGLEC29P,0.0
VN1R78P,0.0
ENSG00000268278,0.0
ARPC1AP2,0.0
ENSG00000268293,0.0
POLR3GP1,0.0
CLEC4GP1,0.0
BNIP3P25,0.0
BNIP3P23,0.0
SIGLEC20P,0.0
VN1R81P,0.0
ENSG00000268379,0.0
MTCO3P42,0.0
ENSG00000268407,0.0
TRMT112P6,0.0
MTDHP3,0.0
BNIP3P27,0.0
ENSG00000268442,0.0
ENSG00000268455,0.0
ENSG00000268461,0.0
BNIP3P38,0.0
ENSG00000268473,0.0
RPL7AP69,0.0
ENSG00000268486,0.0
IFNL3P1,0.0
VN1R83P,0.0
CYP2T3P,0.0
MTDHP4,0.0
VN1R88P,0.0
ENSG00000268543,0.0
VN1R107P,0.0
ENSG00000268575,0.0
SIGLEC18P,0.0
ENSG00000268582,0.0
ENSG00000268589,0.0
ENSG00000268593,0.0
VN1R80P,0.0
ENSG00000268620,0.0
ENSG00000268623,0.0
ENSG00000268652,0.0
LETM1P2,0.0
WBP1LP6,0.0
ENSG00000268669,0.0
COX6CP7,0.0
ENSG00000268685,0.0
BNIP3P26,0.0
ENSG00000268711,0.0
BNIP3P33,0.0
ENSG00000268723,0.0
ISCA1P7,0.0
MTCO3P39,0.0
TGFBR1P1,0.0
COX16P1,0.0
ADGRE4P,0.0
RPL7P50,0.0
VN1R87P,0.0
VN1R90P,0.0
ENSG00000268803,0.0
BNIP3P32,0.0
OR7A1P,0.0
ENSG00000268839,0.0
SIGLEC31P,0.0
SIGLEC22P,0.0
ENSG00000268864,0.0
ENSG00000268866,0.0
ESPNP,0.0
IGFL1P1,0.0
PNMA6B,0.0
ENSG00000268884,0.0
ENSG00000268892,0.0
ENSG00000268903,0.0
VN1R92P,0.0
ENSG00000268922,0.0
CKS1BP3,0.0
MRPS17P1,0.0
CDRT15P7,0.0
ENSG00000268957,0.0
ENSG00000268967,0.0
CDC42EP3P1,0.0
RPL22P6,0.0
VN1R82P,0.0
DNAJC19P3,0.0
ZNF818P,0.0
SLC6A21P,0.0
KRT18P40,0.0
ENSG00000269014,0.0
SIGLEC24P,0.0
ENSG00000269025,0.0
ENSG00000269032,0.0
BNIP3P24,0.0
BNIP3P18,0.0
ENSG00000269069,0.0
ENSG00000269082,0.0
TPRG1LP1,0.0
LSP1P1,0.0
Metazoa_SRP,0.0
FAM90A28P,0.0
HNRNPA1P52,0.0
ENSG00000269130,0.0
BRI3BPP1,0.0
ZNF209P,0.0
LYPLA2P2,0.0
BNIP3P13,0.0
ENSG00000269181,0.0
ENSG00000269188,0.0
RPS27AP19,0.0
ENSG00000269236,0.0
RPL23AP78,0.0
SIGLEC21P,0.0
DNAJC19P2,0.0
ENSG00000269274,0.0
S100A11P8,0.0
FKBP1AP1,0.0
RAD54L2P1,0.0
VN1R93P,0.0
GOLGA2P9,0.0
VN1R85P,0.0
ENSG00000269354,0.0
ENSG00000269373,0.0
ENSG00000269374,0.0
ITGB1P1,0.0
CYCSP7,0.0
ENSG00000269385,0.0
ENSG00000269388,0.0
ENSG00000269419,0.0
ENSG00000269421,0.0
BNIP3P8,0.0
ENSG00000269458,0.0
ENSG00000269471,0.0
ENSG00000269475,0.0
ZNF92P2,0.0
BNIP3P34,0.0
CYP4F23P,0.0
ENSG00000269519,0.0
ENSG00000269540,0.0
CLIC4P2,0.0
OR7A8P,0.0
GPR32P1,0.0
MTDHP5,0.0
HNRNPMP2,0.0
SIGLEC27P,0.0
CRIPTOP7,0.0
ENSG00000269588,0.0
OSTCP3,0.0
MTDHP2,0.0
TP53TG3HP,0.0
RPL12P41,0.0
ENSG00000269651,0.0
BNIP3P39,0.0
OR7A18P,0.0
ENSG00000269681,0.0
FKBP4P2,0.0
ENSG00000269706,0.0
WBP1LP7,0.0
BNIP3P29,0.0
ENSG00000269749,0.0
MARK2P21,0.0
EXOSC3P2,0.0
ENSG00000269765,0.0
DPPA5P1,0.0
ENSG00000269779,0.0
MIR1470,0.0
ENSG00000269786,0.0
OR7A3P,0.0
ENSG00000269794,0.0
PLEKHA3P1,0.0
SCGB2B3P,0.0
ENSG00000269833,0.0
IPO5P1,0.0
ENSG00000269839,0.0
CCNYL6,0.0
ENSG00000269848,0.0
VN1R79P,0.0
ENSG00000269896,0.0
MAP2K4P1,0.0
PTMAP11,0.0
ENSG00000269981,0.0
ENSG00000270008,0.0
BMS1P7,0.0
TSPY6P,0.0
LDHAL6EP,0.0
VTRNA2-1,0.0
ENSG00000270166,0.0
BNIP3P31,0.0
MRPS35P3,0.0
ENSG00000270193,0.0
GTF3C6P3,0.0
ENSG00000270200,0.0
ENSG00000270202,0.0
ENSG00000270204,0.0
ENSG00000270209,0.0
ENSG00000270218,0.0
DUXAP11,0.0
MTCO2P22,0.0
IL9RP6,0.0
ENSG00000270228,0.0
MTND6P22,0.0
NBPF8,0.0
MTCYBP22,0.0
ENSG00000270234,0.0
ENSG00000270236,0.0
ENSG00000270241,0.0
ACTR3BP1,0.0
ENSG00000270243,0.0
ENSG00000270244,0.0
ENSG00000270248,0.0
ENSG00000270251,0.0
ENSG00000270255,0.0
ENSG00000270257,0.0
DUXAP4,0.0
ENSG00000270259,0.0
NDUFB8P2,0.0
CORO1CP1,0.0
IMMP1LP1,0.0
BNIP3P10,0.0
ENSG00000270273,0.0
TRMT112P7,0.0
SMIM15P1,0.0
ENSG00000270281,0.0
ENSG00000270282,0.0
RPS27P30,0.0
ENSG00000270287,0.0
ENSG00000270289,0.0
ENSG00000270292,0.0
DPPA3P8,0.0
XIAPP1,0.0
STX8P1,0.0
PHACTR2P1,0.0
ENSG00000270301,0.0
ENSG00000270304,0.0
TIAL1P1,0.0
MTATP6P2,0.0
TEX101P1,0.0
COX6CP16,0.0
ENSG00000270314,0.0
FIGLAP1,0.0
ENSG00000270322,0.0
ENSG00000270323,0.0
ENSG00000270324,0.0
BNIP3P9,0.0
SMIM15P2,0.0
ENSG00000270328,0.0
ENSG00000270330,0.0
ENSG00000270333,0.0
ENSG00000270335,0.0
ENSG00000270336,0.0
ENSG00000270342,0.0
UNGP3,0.0
ENSG00000270347,0.0
MTND4LP5,0.0
ENSG00000270352,0.0
ENSG00000270354,0.0
ENSG00000270359,0.0
ADAD1P1,0.0
ENSG00000270369,0.0
ATP6V1G1P1,0.0
SMIM11P2,0.0
ENSG00000270378,0.0
ENSG00000270381,0.0
ENSG00000270382,0.0
RNU1-154P,0.0
ENSG00000270385,0.0
ENSG00000270387,0.0
MTCO3P22,0.0
SFXN4P1,0.0
PFN1P2,0.0
ENSG00000270393,0.0
MREGP1,0.0
ENSG00000270397,0.0
ENSG00000270400,0.0
ENSG00000270401,0.0
ENSG00000270402,0.0
ENSG00000270405,0.0
ENSG00000270409,0.0
HSPD1P19,0.0
ENSG00000270413,0.0
DPPA3P3,0.0
REXO1L4P,0.0
ENSG00000270421,0.0
ENSG00000270422,0.0
ENSG00000270423,0.0
ENSG00000270424,0.0
ENSG00000270425,0.0
NRBF2P5,0.0
KNOP1P2,0.0
ENSG00000270430,0.0
PHF5AP4,0.0
OR7E108P,0.0
H3P37,0.0
ENSG00000270434,0.0
ENSG00000270435,0.0
ENSG00000270437,0.0
ENSG00000270440,0.0
LAMB2P1,0.0
ENSG00000270442,0.0
ENSG00000270443,0.0
AZU1P1,0.0
COPS5P2,0.0
RPL34P36,0.0
ENSG00000270447,0.0
ENSG00000270449,0.0
ENSG00000270453,0.0
PABPC1P5,0.0
ENSG00000270456,0.0
ENSG00000270458,0.0
ENSG00000270469,0.0
ENSG00000270470,0.0
ENSG00000270475,0.0
TOMM5P1,0.0
BNIP3P37,0.0
ENSG00000270480,0.0
ENSG00000270484,0.0
ENSG00000270488,0.0
ENSG00000270490,0.0
ENSG00000270491,0.0
MARK2P3,0.0
ENSG00000270493,0.0
ENSG00000270494,0.0
ENSG00000270495,0.0
BNIP3P7,0.0
ENSG00000270497,0.0
MKI67P1,0.0
COX6CP4,0.0
YTHDF2P1,0.0
DPPA3P5,0.0
ENSG00000270507,0.0
ENSG00000270509,0.0
ENSG00000270510,0.0
ENSG00000270512,0.0
ENSG00000270513,0.0
ENSG00000270516,0.0
ENSG00000270518,0.0
ENSG00000270521,0.0
QTRT1P1,0.0
SNRPGP19,0.0
FAM133EP,0.0
CSTBP1,0.0
PEBP1P2,0.0
ENSG00000270533,0.0
ELOCP34,0.0
GCSHP6,0.0
ENSG00000270541,0.0
ENSG00000270542,0.0
ENSG00000270549,0.0
DUXAP3,0.0
ENSG00000270553,0.0
EIF3EP4,0.0
ENSG00000270555,0.0
ENSG00000270558,0.0
APOOP1,0.0
ENSG00000270569,0.0
ENSG00000270570,0.0
ENSG00000270575,0.0
ENSG00000270576,0.0
ENSG00000270577,0.0
ENSG00000270578,0.0
ENSG00000270583,0.0
ENSG00000270584,0.0
SNX2P1,0.0
FAM136DP,0.0
ENSG00000270588,0.0
ENSG00000270591,0.0
ENSG00000270593,0.0
ENSG00000270598,0.0
PPIAP52,0.0
ENSG00000270610,0.0
ENSG00000270611,0.0
ENSG00000270612,0.0
UBXN2AP1,0.0
SGO1P1,0.0
ENSG00000270618,0.0
ENSG00000270619,0.0
ENSG00000270620,0.0
SPCS2P2,0.0
ENSG00000270624,0.0
NUDT19P6,0.0
ENSG00000270627,0.0
ENSG00000270631,0.0
ENSG00000270632,0.0
ENSG00000270634,0.0
ECM1P1,0.0
ENSG00000270646,0.0
CYP2C61P,0.0
DPRXP5,0.0
NUTF2P8,0.0
ENSG00000270655,0.0
ENSG00000270664,0.0
HNRNPA1P67,0.0
ENSG00000270666,0.0
ENSG00000270669,0.0
MARK2P16,0.0
RACK1P2,0.0
ENSG00000270678,0.0
ENSG00000270679,0.0
ENSG00000270680,0.0
ENSG00000270682,0.0
GARIN3P1,0.0
ENSG00000270688,0.0
BUD13P1,0.0
ENSG00000270690,0.0
ENSG00000270691,0.0
ENSG00000270694,0.0
ENSG00000270695,0.0
ENSG00000270698,0.0
ENSG00000270699,0.0
ENSG00000270701,0.0
ENSG00000270702,0.0
ENSG00000270705,0.0
PRMT1P1,0.0
ENSG00000270708,0.0
UFM1P1,0.0
ENSG00000270710,0.0
ENSG00000270711,0.0
ENSG00000270712,0.0
ENSG00000270713,0.0
MICOS10P2,0.0
BNIP3P15,0.0
ENSG00000270718,0.0
ENSG00000270719,0.0
RNVU1-31,0.0
RPL23AP92,0.0
ENSG00000270726,0.0
ENSG00000270727,0.0
ENSG00000270728,0.0
CAPZA1P5,0.0
ENSG00000270733,0.0
ENSG00000270734,0.0
ENSG00000270736,0.0
THAP5P2,0.0
PRELID3BP8,0.0
ENSG00000270745,0.0
S100A11P9,0.0
ENSG00000270749,0.0
ENSG00000270753,0.0
NEK4P3,0.0
OOEPP1,0.0
FXYD6P1,0.0
DDX43P2,0.0
ENSG00000270764,0.0
ENSG00000270766,0.0
ENSG00000270767,0.0
ENSG00000270771,0.0
PDHA1P1,0.0
MARK2P19,0.0
EEF1A1P18,0.0
ENSG00000270776,0.0
BUB1P1,0.0
ENSG00000270779,0.0
RPL13AP10,0.0
ENSG00000270781,0.0
ENSG00000270782,0.0
PDLIM1P1,0.0
ENSG00000270789,0.0
ENSG00000270790,0.0
DPRXP6,0.0
LLPHP1,0.0
ENSG00000270794,0.0
ENSG00000270797,0.0
ENSG00000270798,0.0
ENSG00000270799,0.0
ENSG00000270802,0.0
UBE2CP5,0.0
ENSG00000270807,0.0
ENSG00000270808,0.0
CHCHD2P11,0.0
ENSG00000270811,0.0
ENSG00000270812,0.0
NANOGNBP3,0.0
DMAC1P1,0.0
ENSG00000270815,0.0
ENSG00000270818,0.0
ENSG00000270822,0.0
USP37P1,0.0
ENSG00000270830,0.0
NF1P1,0.0
CMPK1P2,0.0
ENSG00000270835,0.0
HNRNPDLP4,0.0
BBLNP1,0.0
ENSG00000270839,0.0
ENSG00000270842,0.0
MYG1P1,0.0
CHCHD2P3,0.0
ENSG00000270850,0.0
ENSG00000270852,0.0
ATP7BP1,0.0
ENSG00000270856,0.0
ENSG00000270857,0.0
VDAC1P5,0.0
ENSG00000270859,0.0
TMEM69P1,0.0
DDX55P1,0.0
RPL12P48,0.0
ENSG00000270868,0.0
ENSG00000270870,0.0
SRGAP2D,0.0
RPAP2P1,0.0
GCATP1,0.0
ATP5PBP8,0.0
PPP1R14BP4,0.0
ENSG00000270890,0.0
ENSG00000270891,0.0
ENSG00000270892,0.0
ENSG00000270893,0.0
ENSG00000270896,0.0
ENSG00000270897,0.0
NUDT19P4,0.0
ENSG00000270902,0.0
HNRNPA3P9,0.0
ATP6V1G1P5,0.0
MTND4P35,0.0
ENSG00000270909,0.0
ENSG00000270911,0.0
RPS28P1,0.0
ENSG00000270914,0.0
H3P8,0.0
RPL12P50,0.0
ENSG00000270917,0.0
MCRIP2P2,0.0
CICP23,0.0
TAS2R6P,0.0
ENSG00000270924,0.0
ENSG00000270926,0.0
ENSG00000270927,0.0
SRD5A3P1,0.0
GRAMD4P8,0.0
ENSG00000270934,0.0
CDCA7P1,0.0
BPNT2P1,0.0
RAP2CP1,0.0
AK3P7,0.0
HSPE1P7,0.0
MTDHP1,0.0
RPSAP75,0.0
ENSG00000270955,0.0
ENSG00000270957,0.0
ENSG00000270960,0.0
ENSG00000270962,0.0
NTAN1P1,0.0
ENSG00000270966,0.0
ENSG00000270969,0.0
REXO1L8P,0.0
SMARCE1P7,0.0
MAGOH3P,0.0
ENSG00000270976,0.0
ENSG00000270978,0.0
ENSG00000270980,0.0
PCBP2P4,0.0
ENSG00000270982,0.0
ENSG00000270983,0.0
HMGB1P51,0.0
ENSG00000270987,0.0
ENSG00000270989,0.0
ENSG00000270990,0.0
ENSG00000270992,0.0
ENSG00000270993,0.0
ENSG00000270994,0.0
DPPA3P10,0.0
ENSG00000270997,0.0
ENSG00000271002,0.0
ENSG00000271003,0.0
CTHRC1P1,0.0
LSM2P1,0.0
LRRC37A9P,0.0
ENSG00000271014,0.0
ENSG00000271018,0.0
ENSG00000271021,0.0
ENSG00000271022,0.0
HSPE1P19,0.0
ENSG00000271025,0.0
KATNBL1P1,0.0
ENSG00000271027,0.0
ENSG00000271028,0.0
ENSG00000271029,0.0
RNPC3P1,0.0
DPPA3P12,0.0
CLPTM1LP1,0.0
ENSG00000271041,0.0
ENSG00000271042,0.0
ENSG00000271044,0.0
NDUFB9P1,0.0
ENSG00000271047,0.0
ENSG00000271048,0.0
ENSG00000271049,0.0
SRP14P5,0.0
ENSG00000271053,0.0
MRPS22P1,0.0
ENSG00000271057,0.0
SNRPGP17,0.0
ENSG00000271064,0.0
GMCL1P2,0.0
ENSG00000271071,0.0
PHB1P20,0.0
ENSG00000271074,0.0
ENSG00000271075,0.0
PER3P1,0.0
ENSG00000271078,0.0
HIKESHIP3,0.0
ENSG00000271088,0.0
ENSG00000271094,0.0
BNIP3P28,0.0
SUMO2P14,0.0
DBF4P3,0.0
IMMP1LP3,0.0
ENSG00000271099,0.0
ENSG00000271100,0.0
ENSG00000271101,0.0
SCML2P2,0.0
KATNBL1P5,0.0
ENSG00000271111,0.0
TMX1P2,0.0
ENSG00000271114,0.0
EIF2S2P7,0.0
ENSG00000271117,0.0
ENSG00000271118,0.0
NUDT4P2,0.0
ELOCP5,0.0
ENSG00000271127,0.0
ENSG00000271128,0.0
ENSG00000271129,0.0
PPIAP75,0.0
IFITM3P9,0.0
ENSG00000271136,0.0
AKTIPP1,0.0
PRR20FP,0.0
YWHAQP7,0.0
ENSG00000271143,0.0
BNIP3P45,0.0
ENSG00000271149,0.0
ENSG00000271150,0.0
RPL23AP88,0.0
ENSG00000271154,0.0
ENSG00000271157,0.0
WDR4P1,0.0
HINT1P2,0.0
BOLA2P2,0.0
PRR11P1,0.0
NGRNP3,0.0
CFAP97P1,0.0
ENSG00000271166,0.0
SPRING1P1,0.0
TCEAL8P1,0.0
ENSG00000271175,0.0
ENSG00000271177,0.0
BNIP3P46,0.0
COX5AP1,0.0
STMN3P1,0.0
CPSF6P1,0.0
ENSG00000271184,0.0
ENSG00000271187,0.0
RPP40P2,0.0
RNF138P2,0.0
ENSG00000271195,0.0
ENSG00000271196,0.0
VDAC3P1,0.0
PRR13P7,0.0
ENSG00000271205,0.0
MTCO1P22,0.0
BRDTP1,0.0
ENSG00000271211,0.0
ENSG00000271214,0.0
RPL21P136,0.0
ENSG00000271219,0.0
ENSG00000271220,0.0
ENSG00000271222,0.0
BNIP3P4,0.0
SREK1IP1P2,0.0
ENSG00000271230,0.0
KRT18P9,0.0
CARS1P1,0.0
RRBP1P2,0.0
SUMO2P15,0.0
HMGB1P50,0.0
ENSG00000271238,0.0
ENSG00000271240,0.0
PRELID3BP2,0.0
ENSG00000271243,0.0
PAGE4P1,0.0
ENSG00000271248,0.0
DIMT1P1,0.0
ENSG00000271250,0.0
ENSG00000271251,0.0
ENSG00000271253,0.0
ENSG00000271257,0.0
MZT1P1,0.0
LAPTM4BP2,0.0
ENSG00000271267,0.0
ENSG00000271268,0.0
ENSG00000271269,0.0
ENSG00000271272,0.0
ENSG00000271275,0.0
ENSG00000271277,0.0
ELOCP33,0.0
ENSG00000271283,0.0
SMIM12P1,0.0
CYTH1P1,0.0
BCRP9,0.0
COPS8P1,0.0
ENSG00000271291,0.0
H3P19,0.0
ANAPC13P1,0.0
ENSG00000271299,0.0
ENSG00000271302,0.0
DPRXP2,0.0
RAC1P9,0.0
ENSG00000271307,0.0
ENSG00000271309,0.0
ENSG00000271313,0.0
ENSG00000271315,0.0
MOB4P2,0.0
ENSG00000271322,0.0
B3GNTL1P2,0.0
ENSG00000271329,0.0
ENSG00000271330,0.0
ATP5MGP8,0.0
ENSG00000271333,0.0
NDE1P2,0.0
ENSG00000271338,0.0
ENSG00000271339,0.0
ENSG00000271340,0.0
ENSG00000271343,0.0
ENSG00000271346,0.0
ENSG00000271349,0.0
ENSG00000271350,0.0
ENSG00000271353,0.0
ENSG00000271355,0.0
USP21P2,0.0
ENSG00000271357,0.0
ENSG00000271358,0.0
HTATSF1P2,0.0
ANKRD36P2,0.0
ENSG00000271364,0.0
ENSG00000271365,0.0
ENSG00000271368,0.0
ENSG00000271369,0.0
ENSG00000271370,0.0
NANOGP3,0.0
ENSG00000271375,0.0
IFITM3P8,0.0
RBISP2,0.0
ENSG00000271379,0.0
REXO1L9P,0.0
ENSG00000271385,0.0
SRGNP1,0.0
OSBPL9P1,0.0
7SK,0.0
ENSG00000271396,0.0
LIN28AP3,0.0
ENSG00000271399,0.0
CCDC121P1,0.0
MZT1P2,0.0
NAPGP1,0.0
ENSG00000271410,0.0
PRR13P3,0.0
EI24P6,0.0
ENSG00000271414,0.0
RPL23AP90,0.0
ENSG00000271418,0.0
ENSG00000271419,0.0
ENSG00000271421,0.0
CYCSP1,0.0
GLRX5P3,0.0
CENATACP1,0.0
MPHOSPH6P1,0.0
RPL17P51,0.0
PPATP2,0.0
TEKT4P3,0.0
ENSG00000271437,0.0
ENSG00000271439,0.0
COX8CP1,0.0
ENSG00000271443,0.0
ENSG00000271454,0.0
ENSG00000271455,0.0
ENSG00000271456,0.0
ENSG00000271457,0.0
ENSG00000271459,0.0
CKAP2LP1,0.0
ENSG00000271462,0.0
DPRXP7,0.0
SQSTM1P1,0.0
CICP24,0.0
ENSG00000271468,0.0
ENSG00000271475,0.0
ENSG00000271477,0.0
MTND3P19,0.0
ENSG00000271482,0.0
ENSG00000271483,0.0
ABI1P1,0.0
NIPA2P3,0.0
RBM11P1,0.0
ENSG00000271490,0.0
ENSG00000271491,0.0
MEMO1P5,0.0
ENSG00000271494,0.0
ENSG00000271495,0.0
SNRPGP20,0.0
ENSG00000271498,0.0
ENSG00000271499,0.0
ENSG00000271500,0.0
ENSG00000271502,0.0
ENSG00000271507,0.0
ENSG00000271508,0.0
ENSG00000271509,0.0
ENSG00000271511,0.0
ENSG00000271519,0.0
TVP23BP3,0.0
BNIP3P17,0.0
ARF4P1,0.0
ENSG00000271526,0.0
ENSG00000271527,0.0
WBP1LP12,0.0
BBIP1P1,0.0
ENSG00000271536,0.0
ENSG00000271537,0.0
ENSG00000271543,0.0
ENSG00000271544,0.0
ENSG00000271546,0.0
ENSG00000271547,0.0
BNIP3P11,0.0
YPEL5P2,0.0
ENSG00000271558,0.0
ENSG00000271559,0.0
ENSG00000271560,0.0
HIRAP1,0.0
ENSG00000271565,0.0
ENSG00000271568,0.0
ENSG00000271573,0.0
ENSG00000271578,0.0
ENSG00000271580,0.0
ENSG00000271581,0.0
ENSG00000271582,0.0
ENSG00000271583,0.0
SELENOTP2,0.0
ENSG00000271586,0.0
ENSG00000271587,0.0
LARP7P1,0.0
ENSG00000271589,0.0
ELOCP35,0.0
ENSG00000271596,0.0
ENSG00000271597,0.0
ENSG00000271598,0.0
ENSG00000271600,0.0
KRT8P49,0.0
ENSG00000271606,0.0
RBISP4,0.0
ENSG00000271608,0.0
ENSG00000271609,0.0
ENSG00000271611,0.0
HSPE1P14,0.0
ACTG1P22,0.0
ENSG00000271616,0.0
ENSG00000271618,0.0
ENSG00000271621,0.0
ENSG00000271623,0.0
ENSG00000271624,0.0
PSMA6P4,0.0
H3P42,0.0
NKAIN1P2,0.0
ENSG00000271629,0.0
ENSG00000271632,0.0
DBF4P2,0.0
BNIP3P19,0.0
PPFIA1P1,0.0
MARK3P1,0.0
ENSG00000271644,0.0
KRT8P47,0.0
ENSG00000271650,0.0
ENSG00000271652,0.0
ENSG00000271654,0.0
BNIP3P35,0.0
ENSG00000271656,0.0
ENSG00000271657,0.0
ENSG00000271660,0.0
BNIP3P36,0.0
PPP4R2P6,0.0
ENSG00000271664,0.0
ENSG00000271666,0.0
ENSG00000271667,0.0
ENSG00000271671,0.0
DUXAP8,0.0
ENSG00000271676,0.0
ENSG00000271677,0.0
LSM1P2,0.0
ENSG00000271680,0.0
ENSG00000271681,0.0
TVP23CP3,0.0
TNPO3P1,0.0
MTND5P10,0.0
ENSG00000271691,0.0
ENSG00000271693,0.0
ENSG00000271696,0.0
ENSG00000271697,0.0
SNX29P2,0.0
ENSG00000271701,0.0
ENSG00000271702,0.0
BNIP3P20,0.0
RPL17P3,0.0
ATP1B3P1,0.0
NDUFA8P1,0.0
SAP30P1,0.0
ENSG00000271712,0.0
RNU1-29P,0.0
ENSG00000271749,0.0
RN7SKP299,0.0
ENSG00000271779,0.0
SNORA51,0.0
RN7SKP290,0.0
BMS1P4,0.0
U3,0.0
RN7SKP4,0.0
RNU6-94P,0.0
RNU7-10P,0.0
SNORD11B,0.0
MIR98,0.0
OR10AE1P,0.0
ENSG00000271894,0.0
MIR4791,0.0
MIR4466,0.0
ENSG00000271900,0.0
SNORA35B,0.0
DENRP3,0.0
ENSG00000271922,0.0
RNU6-86P,0.0
RNA5SP108,0.0
RNU6-85P,0.0
OR2AS2P,0.0
ADAM6,0.0
RDM1P4,0.0
EVA1CP2,0.0
SNORD58B,0.0
ENSG00000271985,0.0
RN7SL827P,0.0
ENSG00000272006,0.0
SNORA62,0.0
RNU1-30P,0.0
SNORA74,0.0
RNU6-87P,0.0
SNORD14A,0.0
MIR139,0.0
Y_RNA,0.0
RNU6-6P,0.0
RN7SL828P,0.0
MIR502,0.0
RN7SL715P,0.0
Y_RNA,0.0
ENSG00000272134,0.0
NBPF25P,0.0
RNU4-5P,0.0
ENSG00000272164,0.0
ENSG00000272166,0.0
RN7SL803P,0.0
U7,0.0
ENSG00000272220,0.0
MIR3666,0.0
RN7SL726P,0.0
ENSG00000272237,0.0
RNA5SP386,0.0
RNU6-89P,0.0
TPTE2P2,0.0
SNORD96A,0.0
ENSG00000272298,0.0
IFNL4P1,0.0
ENSG00000272319,0.0
RNU6-90P,0.0
SNORD114-21,0.0
ENSG00000272346,0.0
RNU4-89P,0.0
MIR3976,0.0
ENSG00000272383,0.0
ENSG00000272387,0.0
RNU6-92P,0.0
IFNL4,0.0
ENSG00000272400,0.0
ENSG00000272407,0.0
RN7SL778P,0.0
LINC01145,0.0
RNA5SP357,0.0
CUX2P1,0.0
RNU6-91P,0.0
OR13Z2P,0.0
RNU6-84P,0.0
ENSG00000293614,0.0
MIR432,0.0
SNORD115-40,0.0
RN7SL760P,0.0
SNORD113-5,0.0
OR13Z3P,0.0
OR1X1P,0.0
RNU6-88P,0.0
SNORA28,0.0
RN7SL840P,0.0
MIR4787,0.0
GTF2IP13,0.0
OR51F3P,0.0
OR5BL1P,0.0
GUSBP11,0.0
OR10AH1P,0.0
EFCAB3P1,0.0
OR51F5P,0.0
GTF2IP20,0.0
POLR2J4,0.0
OR51C4P,0.0
OR5AO1P,0.0
ENSG00000272679,0.0
OR9I3P,0.0
ENSG00000272714,0.0
STAG3L5P-PVRIG2P-PILRB,0.0
ENSG00000272762,0.0
BMS1P20,0.0
ENSG00000272801,0.0
GCAWKR,0.0
ENSG00000272815,0.0
OR10AE3P,0.0
OR2BH1P,0.0
ENSG00000272884,0.0
CSPG4P5,0.0
OR10Q2P,0.0
OR6U2P,0.0
OR7A19P,0.0
ENSG00000272980,0.0
OR5AL1,0.0
INTS4P2,0.0
ATF4P2,0.0
ENSG00000273046,0.0
OR51F4P,0.0
ENSG00000273066,0.0
OR52E1,0.0
ENSG00000273112,0.0
ENSG00000273184,0.0
ENSG00000273189,0.0
FAM25BP,0.0
OR5BQ1P,0.0
OR2A13P,0.0
ENSG00000273244,0.0
OR7E39P,0.0
OR5BP1P,0.0
ENSG00000273299,0.0
OR6L2P,0.0
CYP4F36P,0.0
OR7M1P,0.0
MICE,0.0
ENSG00000273345,0.0
OR2Q1P,0.0
OR5B15P,0.0
OR13I1P,0.0
ENSG00000273433,0.0
OR8S21P,0.0
ENSG00000273444,0.0
ENSG00000273471,0.0
OR6R2P,0.0
ENSG00000273497,0.0
ENSG00000273499,0.0
MIR6129,0.0
CNTNAP3P1,0.0
ENSG00000273512,0.0
ENSG00000273515,0.0
U1,0.0
Metazoa_SRP,0.0
ENSG00000273532,0.0
ENSG00000273536,0.0
ENSG00000273537,0.0
ENSG00000273541,0.0
SNORA44,0.0
Metazoa_SRP,0.0
MIR6812,0.0
Metazoa_SRP,0.0
REXO1L3P,0.0
ENSG00000273569,0.0
ENSG00000273570,0.0
ENSG00000273571,0.0
Metazoa_SRP,0.0
ENSG00000273580,0.0
OR10G1P,0.0
SNORA78,0.0
ENSG00000273589,0.0
7SK,0.0
MIR7160,0.0
ENSG00000273595,0.0
ENSG00000273596,0.0
ENSG00000273597,0.0
PMS2P10,0.0
ENSG00000273600,0.0
MIR6776,0.0
ENSG00000273609,0.0
RN7SL386P,0.0
ENSG00000273612,0.0
MIR6511A4,0.0
ENSG00000273621,0.0
ENSG00000273623,0.0
MIR4726,0.0
ENSG00000273628,0.0
U7,0.0
ENSG00000273634,0.0
ENSG00000273637,0.0
ENSG00000273639,0.0
WBP1LP8,0.0
PPP1R26P2,0.0
ENSG00000273644,0.0
MIR8065,0.0
ENSG00000273654,0.0
MIR6792,0.0
ENSG00000273658,0.0
ENSG00000273668,0.0
ENSG00000273675,0.0
ENSG00000273677,0.0
ENSG00000273679,0.0
BLVRBP1,0.0
LONRF2P5,0.0
CDRT15P10,0.0
U2,0.0
MRPL57P1,0.0
MIR6760,0.0
ENSG00000273701,0.0
ENSG00000273704,0.0
U2,0.0
Metazoa_SRP,0.0
ENSG00000273712,0.0
ENSG00000273716,0.0
RN7SL343P,0.0
ENSG00000273719,0.0
ENSG00000273720,0.0
ENSG00000273721,0.0
ENSG00000273724,0.0
Metazoa_SRP,0.0
U1,0.0
5_8S_rRNA,0.0
ENSG00000273731,0.0
VN1R74P,0.0
ENSG00000273736,0.0
ENSG00000273739,0.0
MIR6075,0.0
U4,0.0
MIR6870,0.0
ENSG00000273746,0.0
ENSG00000273750,0.0
GOLGA6L26,0.0
MIR6790,0.0
VN1R76P,0.0
ENSG00000273763,0.0
ENSG00000273767,0.0
RNVU1-29,0.0
ENSG00000273773,0.0
MIR6126,0.0
MIR6765,0.0
ENSG00000273782,0.0
ENSG00000273784,0.0
U3,0.0
BNIP3P47,0.0
ENSG00000273800,0.0
ENSG00000273804,0.0
ENSG00000273806,0.0
ENSG00000273813,0.0
RN7SL673P,0.0
ENPP7P7,0.0
ENSG00000273825,0.0
Metazoa_SRP,0.0
MIR7843,0.0
SNORD115-13,0.0
MIR6842,0.0
ENSG00000273840,0.0
ENSG00000273843,0.0
ENSG00000273844,0.0
Metazoa_SRP,0.0
SDR42E1P4,0.0
ENSG00000273851,0.0
ENSG00000273858,0.0
ENSG00000273860,0.0
ENSG00000273863,0.0
Metazoa_SRP,0.0
ENSG00000273870,0.0
SLC25A15P4,0.0
MIR6859-2,0.0
ENSG00000273876,0.0
MIR8066,0.0
ENSG00000273885,0.0
Metazoa_SRP,0.0
SLC20A1P2,0.0
PMS2P8,0.0
MIR6798,0.0
ENSG00000273900,0.0
ENSG00000273904,0.0
CA15P2,0.0
ENSG00000273908,0.0
MIR8068,0.0
Metazoa_SRP,0.0
Y_RNA,0.0
MIR6877,0.0
ENSG00000273933,0.0
ENSG00000273937,0.0
RN7SL722P,0.0
ENSG00000273942,0.0
MIR6853,0.0
RN7SL733P,0.0
ENSG00000273948,0.0
Metazoa_SRP,0.0
ENSG00000273957,0.0
ENSG00000273961,0.0
ENPP7P14,0.0
Y_RNA,0.0
ENSG00000273966,0.0
ENSG00000273974,0.0
Metazoa_SRP,0.0
ENSG00000273978,0.0
Metazoa_SRP,0.0
RN7SL106P,0.0
Metazoa_SRP,0.0
ENSG00000273988,0.0
SDR42E1P1,0.0
ENSG00000273997,0.0
RBM17P2,0.0
ENSG00000274004,0.0
ENSG00000274006,0.0
Metazoa_SRP,0.0
ZFP91P1,0.0
Metazoa_SRP,0.0
RN7SL2,0.0
Metazoa_SRP,0.0
ENSG00000274019,0.0
ENSG00000274022,0.0
ENSG00000274024,0.0
MIR3670-4,0.0
ENSG00000274028,0.0
ENSG00000274033,0.0
MIR6813,0.0
Y_RNA,0.0
ENSG00000274051,0.0
OR7E156P,0.0
MIR4727,0.0
ENSG00000274055,0.0
MIR6507,0.0
RNA5SP534,0.0
MIR6724-2,0.0
U2,0.0
ENSG00000274064,0.0
MIR6514,0.0
ENSG00000274072,0.0
ENSG00000274075,0.0
RN7SL539P,0.0
Metazoa_SRP,0.0
ENSG00000274086,0.0
SNORD1C,0.0
RNA5SP535,0.0
RN7SL787P,0.0
ABCB10P1,0.0
MIR6777,0.0
ALOX15P1,0.0
MIR6081,0.0
ENSG00000274116,0.0
Y_RNA,0.0
ENSG00000274121,0.0
ENSG00000274127,0.0
ENSG00000274133,0.0
MIR6774,0.0
Metazoa_SRP,0.0
ENSG00000274149,0.0
FADS2B,0.0
ENSG00000274154,0.0
ENSG00000274157,0.0
SNX18P1Y,0.0
RNA5SP439,0.0
ENSG00000274167,0.0
RN7SL585P,0.0
ENSG00000274170,0.0
MIR8071-1,0.0
PRAMEF28P,0.0
RBPJP2,0.0
RN7SL248P,0.0
FAM197Y4,0.0
U4,0.0
ENSG00000274199,0.0
U2,0.0
Metazoa_SRP,0.0
RNVU1-27,0.0
ENSG00000274212,0.0
ENSG00000274214,0.0
Metazoa_SRP,0.0
ENSG00000274219,0.0
RNA5SP414,0.0
ENSG00000274230,0.0
ENSG00000274231,0.0
RN7SL818P,0.0
ENSG00000274235,0.0
ENSG00000274242,0.0
ENSG00000274256,0.0
MIR6728,0.0
MIR7702,0.0
SNORA73A,0.0
ENSG00000274269,0.0
ENSG00000274272,0.0
SPATA31E3P,0.0
MIR6069,0.0
ENSG00000274282,0.0
Y_RNA,0.0
ENSG00000274293,0.0
ENSG00000274295,0.0
ENSG00000274299,0.0
MIR6864,0.0
7SK,0.0
MIR5088,0.0
ENSG00000274308,0.0
SNORA71E,0.0
ENSG00000274310,0.0
MIR6749,0.0
ZNF646P1,0.0
RPSAP73,0.0
ENSG00000274321,0.0
ENSG00000274326,0.0
ENSG00000274328,0.0
ENSG00000274330,0.0
ENSG00000274342,0.0
ENSG00000274343,0.0
ENSG00000274344,0.0
ENSG00000274346,0.0
ENSG00000274347,0.0
RN7SL853P,0.0
ENSG00000274351,0.0
ENSG00000274353,0.0
FAM74A3,0.0
ENSG00000274356,0.0
Metazoa_SRP,0.0
ENSG00000274365,0.0
GRAMD4P4,0.0
TUBAP6,0.0
ADAMTS7P1,0.0
ENSG00000274378,0.0
MIR6801,0.0
ENSG00000274381,0.0
U6,0.0
MIR6885,0.0
ENSG00000274396,0.0
ENSG00000274397,0.0
ENSG00000274398,0.0
RNA5SP536,0.0
ENSG00000274409,0.0
MIR6515,0.0
ENSG00000274420,0.0
SEC22B2P,0.0
RN7SL196P,0.0
RNVU1-25,0.0
ENSG00000274430,0.0
U2,0.0
ENSG00000274445,0.0
ENSG00000274446,0.0
ENSG00000274450,0.0
ENSG00000274451,0.0
U2,0.0
GUSBP7,0.0
ENSG00000274458,0.0
Metazoa_SRP,0.0
MIR1273H,0.0
RNA5SP257,0.0
ENSG00000274468,0.0
ENSG00000274471,0.0
Y_RNA,0.0
RN7SL650P,0.0
ENSG00000274481,0.0
Y_RNA,0.0
ENSG00000274486,0.0
NPEPPSP1,0.0
ENSG00000274489,0.0
ENSG00000274491,0.0
MRPS17P5,0.0
MIR6832,0.0
ENSG00000274499,0.0
ENSG00000274500,0.0
ANKRD20A6P,0.0
ENSG00000274503,0.0
Metazoa_SRP,0.0
Metazoa_SRP,0.0
Metazoa_SRP,0.0
ENSG00000274520,0.0
ENSG00000274525,0.0
ENSG00000274532,0.0
SNORD39,0.0
ENSG00000274541,0.0
SNORD28,0.0
ENSG00000274547,0.0
ENSG00000274549,0.0
ENSG00000274551,0.0
MIR6889,0.0
CICP15,0.0
ENSG00000274562,0.0
RN7SL545P,0.0
ENSG00000274569,0.0
SPDYE10,0.0
ZYXP1,0.0
ENSG00000274579,0.0
SNORA16A,0.0
FAM74A4,0.0
ENSG00000274584,0.0
RNU2-1,0.0
Metazoa_SRP,0.0
ENSG00000274594,0.0
DUX4L24,0.0
ENSG00000274601,0.0
PI4KAP1,0.0
Y_RNA,0.0
ENSG00000274606,0.0
RNU6-866P,0.0
BNIP3P14,0.0
ENSG00000274614,0.0
NPEPPSP1,0.0
ENSG00000274617,0.0
MIR378J,0.0
MIR6867,0.0
ENSG00000274625,0.0
CYP4F59P,0.0
ENSG00000274631,0.0
RN7SL719P,0.0
ENSG00000274637,0.0
SNORD109A,0.0
ENSG00000274642,0.0
ENSG00000274647,0.0
ENSG00000274649,0.0
ENSG00000274655,0.0
RN7SL625P,0.0
TBC1D3JP,0.0
Metazoa_SRP,0.0
RN7SKP236,0.0
RNA5SP526,0.0
ENSG00000274664,0.0
ENSG00000274666,0.0
MYO5BP1,0.0
Metazoa_SRP,0.0
ENSG00000274688,0.0
ENSG00000274691,0.0
ENSG00000274693,0.0
MIR6761,0.0
Metazoa_SRP,0.0
ENSG00000274702,0.0
Metazoa_SRP,0.0
MIR486-1,0.0
ENSG00000274709,0.0
Metazoa_SRP,0.0
MIR7974,0.0
U4,0.0
ADAMTS7P5,0.0
ENSG00000274721,0.0
IQSEC3P3,0.0
ENSG00000274730,0.0
ENSG00000274732,0.0
ENSG00000274740,0.0
Metazoa_SRP,0.0
RN7SL627P,0.0
ENSG00000274748,0.0
U2,0.0
ENSG00000274756,0.0
RNA5SP527,0.0
ENSG00000274760,0.0
ENSG00000274769,0.0
MIR6128,0.0
Metazoa_SRP,0.0
FSIP2LP,0.0
ENSG00000274777,0.0
Y_RNA,0.0
Metazoa_SRP,0.0
ENSG00000274800,0.0
MIR6768,0.0
MIR6078,0.0
ENSG00000274813,0.0
ENSG00000274814,0.0
MIR6772,0.0
ENSG00000274817,0.0
ENSG00000274819,0.0
ENSG00000274820,0.0
MIR6762,0.0
APONP,0.0
MIR7152,0.0
ENSG00000274832,0.0
ENSG00000274835,0.0
ENSG00000274836,0.0
ENSG00000274837,0.0
MIR6788,0.0
Metazoa_SRP,0.0
ENSG00000274844,0.0
ENSG00000274845,0.0
Metazoa_SRP,0.0
RN7SL422P,0.0
ENSG00000274855,0.0
Metazoa_SRP,0.0
U2,0.0
ENSG00000274864,0.0
ENSG00000274866,0.0
ENSG00000274867,0.0
ENSG00000274868,0.0
ENSG00000274878,0.0
ENSG00000274879,0.0
Metazoa_SRP,0.0
ENSG00000274884,0.0
SEPTIN14P17,0.0
ENSG00000274892,0.0
ENSG00000274899,0.0
ENSG00000274901,0.0
ENSG00000274903,0.0
ENSG00000274915,0.0
RNA5-8SN5,0.0
ENSG00000274919,0.0
ENSG00000274923,0.0
KMT2CP3,0.0
KRT89P,0.0
ENSG00000274930,0.0
MIR7150,0.0
ENSG00000274934,0.0
MIR8083,0.0
TEX28P1,0.0
RN7SL600P,0.0
ENSG00000274966,0.0
Y_RNA,0.0
MIR6771,0.0
ENSG00000274970,0.0
BSNDP2,0.0
MIR6735,0.0
ENSG00000274977,0.0
Y_RNA,0.0
PTCHD3P1,0.0
MIR6750,0.0
MIR6876,0.0
MIR8056,0.0
SNORA17A,0.0
MIR8052,0.0
ENSG00000275001,0.0
ZFAND2AP2,0.0
Y_RNA,0.0
ALOXE3P1,0.0
ENSG00000275012,0.0
RN7SL166P,0.0
ENSG00000275015,0.0
ENSG00000275017,0.0
MIR6753,0.0
GXYLT1P4,0.0
HMGB1P24,0.0
RNU6-538P,0.0
ENSG00000275033,0.0
MIR8086,0.0
Metazoa_SRP,0.0
SNORD25,0.0
ENSG00000275046,0.0
BSNDP1,0.0
ENSG00000275054,0.0
PPP1R26P3,0.0
SEPTIN7P15,0.0
PDE4DIPP5,0.0
MIR6825,0.0
U6,0.0
ENSG00000275069,0.0
Metazoa_SRP,0.0
ENSG00000275071,0.0
SNORD50B,0.0
ENSG00000275075,0.0
ENSG00000275078,0.0
SNORD91B,0.0
RN7SL296P,0.0
ENSG00000275094,0.0
MIR6766,0.0
ENSG00000275103,0.0
MIR6782,0.0
U7,0.0
MIR6504,0.0
ENSG00000275110,0.0
ENSG00000275115,0.0
ENSG00000275121,0.0
SNORD116-22,0.0
RN7SL203P,0.0
ENSG00000275129,0.0
ENSG00000275130,0.0
PDE4DIPP2,0.0
RN7SL663P,0.0
ENSG00000275134,0.0
ENSG00000275138,0.0
SEC22B3P,0.0
MIR6888,0.0
SCARNA16,0.0
SNX18P5,0.0
ENSG00000275146,0.0
U3,0.0
ENSG00000275157,0.0
RPL7AP45,0.0
ENSG00000275161,0.0
MIR6814,0.0
MIR6815,0.0
FRG2MP,0.0
U6,0.0
FAM9CP1,0.0
ENSG00000275201,0.0
ENSG00000275206,0.0
MIR6740,0.0
MIR6745,0.0
ENSG00000275210,0.0
Metazoa_SRP,0.0
RNA5-8SN3,0.0
U2,0.0
Metazoa_SRP,0.0
ENSG00000275227,0.0
RNU1-68P,0.0
RN7SL544P,0.0
ENSG00000275231,0.0
MIR4734,0.0
ENSG00000275250,0.0
ENSG00000275254,0.0
MRPS31P1,0.0
MIR6511A1,0.0
ENSG00000275266,0.0
U7,0.0
MIR6780A,0.0
ENSG00000275280,0.0
Metazoa_SRP,0.0
RNVU1-26,0.0
Metazoa_SRP,0.0
ENSG00000275295,0.0
ENSG00000275296,0.0
RNA5SP528,0.0
ENSG00000275307,0.0
ENSG00000275310,0.0
ENSG00000275312,0.0
ENSG00000275314,0.0
ENSG00000275315,0.0
ENSG00000275318,0.0
Metazoa_SRP,0.0
ENSG00000275320,0.0
PDCD6IPP1,0.0
SPDYE19P,0.0
MIR5787,0.0
MIR8088,0.0
RN7SL680P,0.0
ENSG00000275339,0.0
FGD5P1,0.0
MIR6503,0.0
ENSG00000275348,0.0
ENSG00000275350,0.0
ENSG00000275352,0.0
Metazoa_SRP,0.0
ENSG00000275359,0.0
MIR6868,0.0
ENSG00000275361,0.0
Metazoa_SRP,0.0
MPHOSPH10P9,0.0
ENSG00000275372,0.0
MIR6124,0.0
GUSBP19,0.0
MIR1299,0.0
ENSG00000275381,0.0
ENSG00000275386,0.0
ENSG00000275387,0.0
MIR6770-3,0.0
ENSG00000275400,0.0
U1,0.0
ENSG00000275406,0.0
MIR6882,0.0
ENSG00000275414,0.0
ENSG00000275419,0.0
VN1R18P,0.0
MIR6862-1,0.0
YPEL5P4,0.0
ENSG00000275448,0.0
MIR6859-3,0.0
MIR6085,0.0
MIR548O2,0.0
MIR7852,0.0
MIR6809,0.0
Metazoa_SRP,0.0
ENSG00000275461,0.0
ENSG00000275468,0.0
MIR6130,0.0
ENSG00000275480,0.0
ENSG00000275488,0.0
ENSG00000275490,0.0
ENSG00000275497,0.0
ENSG00000275502,0.0
ENSG00000275503,0.0
U7,0.0
H3P25,0.0
ENSG00000275508,0.0
ENSG00000275515,0.0
MIR6718,0.0
MIR6804,0.0
MIR6508,0.0
SNORD115-26,0.0
SNORD116-4,0.0
RNVU1-19,0.0
ENSG00000275540,0.0
ENSG00000275547,0.0
ENSG00000275550,0.0
RN7SKP175,0.0
ENSG00000275559,0.0
SEPTIN7P12,0.0
ENSG00000275578,0.0
Metazoa_SRP,0.0
RN7SL341P,0.0
ENSG00000275589,0.0
VN1R7P,0.0
ANAPC1P5,0.0
ENSG00000275598,0.0
WDR53P1,0.0
ENSG00000275609,0.0
DUX4L21,0.0
U2,0.0
ENSG00000275625,0.0
U1,0.0
ENSG00000275634,0.0
U7,0.0
MIR6793,0.0
Metazoa_SRP,0.0
RBM22P6,0.0
ENSG00000275646,0.0
ENSG00000275647,0.0
MIR6851,0.0
MIR6796,0.0
ENSG00000275654,0.0
RN7SL313P,0.0
ENSG00000275656,0.0
ENSG00000275661,0.0
SNORD112,0.0
ENSG00000275664,0.0
ENSG00000275666,0.0
MIR6839,0.0
MIR6744,0.0
MIR8076,0.0
ENSG00000275675,0.0
Metazoa_SRP,0.0
ENSG00000275681,0.0
ENSG00000275689,0.0
MIR6724-4,0.0
ENSG00000275693,0.0
UBE2Q2P6,0.0
Metazoa_SRP,0.0
MIR3648-1,0.0
MIR6795,0.0
ENSG00000275716,0.0
ENSG00000275725,0.0
MIR6088,0.0
ENSG00000275733,0.0
Y_RNA,0.0
ENSG00000275756,0.0
5_8S_rRNA,0.0
ENSG00000275767,0.0
SLC2AXP1,0.0
MIR6505,0.0
OR4G6P,0.0
ENSG00000275772,0.0
RN7SL185P,0.0
ENSG00000275785,0.0
OR7G15P,0.0
Metazoa_SRP,0.0
MIR8064,0.0
EIF5P2,0.0
ENSG00000275801,0.0
RN7SL736P,0.0
Metazoa_SRP,0.0
MIR8082,0.0
HTR1DP1,0.0
MIR6500,0.0
MIR6818,0.0
ENSG00000275823,0.0
ENSG00000275826,0.0
ENSG00000275827,0.0
CHEK2P1,0.0
ENSG00000275833,0.0
ENSG00000275834,0.0
MIR6068,0.0
ENSG00000275839,0.0
Metazoa_SRP,0.0
MIR941-5,0.0
Metazoa_SRP,0.0
ENSG00000275856,0.0
MIR6720,0.0
ENSG00000275860,0.0
ENSG00000275862,0.0
MIR7975,0.0
ENSG00000275866,0.0
MIR8054,0.0
ENSG00000275875,0.0
5_8S_rRNA,0.0
RN7SL43P,0.0
Metazoa_SRP,0.0
IKBKGP1,0.0
U3,0.0
Metazoa_SRP,0.0
Y_RNA,0.0
ENSG00000275905,0.0
NAPGP2,0.0
ENSG00000275908,0.0
Metazoa_SRP,0.0
ENSG00000275915,0.0
ENSG00000275919,0.0
MIR6807,0.0
REXO1L11P,0.0
ENSG00000275929,0.0
Y_RNA,0.0
7SK,0.0
ENSG00000275939,0.0
MRPL57P3,0.0
ENSG00000275942,0.0
EIF3FP1,0.0
ENSG00000275948,0.0
MIR6724-1,0.0
YAP1P3,0.0
ENSG00000275956,0.0
ENSG00000275958,0.0
ENSG00000275959,0.0
RN7SL210P,0.0
MIR6880,0.0
ENSG00000275968,0.0
ENSG00000275971,0.0
Metazoa_SRP,0.0
SPDYE11,0.0
Metazoa_SRP,0.0
ENSG00000275980,0.0
ENSG00000275981,0.0
Y_RNA,0.0
U1,0.0
SPACA7BP,0.0
RN7SL327P,0.0
SNORA24,0.0
SNORD27,0.0
ENSG00000275997,0.0
Metazoa_SRP,0.0
ENSG00000276003,0.0
REXO1L12P,0.0
RN7SL301P,0.0
ENSG00000276015,0.0
ENSG00000276019,0.0
RNU12,0.0
MIR4477A,0.0
RN7SL197P,0.0
RNA5SP440,0.0
ENSG00000276039,0.0
DUX4L13,0.0
RN7SL711P,0.0
ENSG00000276048,0.0
ENSG00000276055,0.0
ENSG00000276057,0.0
STMN1P1,0.0
ENSG00000276064,0.0
SLC23A4P,0.0
ENSG00000276074,0.0
MIR7156,0.0
MIR7976,0.0
RN7SL620P,0.0
ENSG00000276089,0.0
SNORA70,0.0
Metazoa_SRP,0.0
ENSG00000276098,0.0
ENSG00000276100,0.0
MIR6747,0.0
U4,0.0
ENSG00000276105,0.0
ENSG00000276109,0.0
ENSG00000276118,0.0
Metazoa_SRP,0.0
MIR6855,0.0
ENSG00000276127,0.0
MIR6133,0.0
U6,0.0
ENSG00000276140,0.0
WHAMMP3,0.0
MIR548AY,0.0
ENSG00000276149,0.0
ENSG00000276150,0.0
ENSG00000276156,0.0
MIR1264,0.0
GGTLC5P,0.0
SNORA17B,0.0
MIR5739,0.0
DUX4L20,0.0
RN7SL1,0.0
MIR6871,0.0
ELMO2P1,0.0
MIR6090,0.0
Y_RNA,0.0
ENSG00000276179,0.0
MIR6794,0.0
U6,0.0
ENSG00000276185,0.0
ENSG00000276189,0.0
Metazoa_SRP,0.0
ENSG00000276197,0.0
RN7SL820P,0.0
Metazoa_SRP,0.0
ENSG00000276204,0.0
ENSG00000276205,0.0
ENSG00000276206,0.0
ENSG00000276208,0.0
Metazoa_SRP,0.0
ENSG00000276214,0.0
MIR8057,0.0
ENSG00000276225,0.0
ENSG00000276229,0.0
ENSG00000276233,0.0
ENSG00000276257,0.0
MIR6799,0.0
ENSG00000276277,0.0
RN7SL126P,0.0
RBBP4P3,0.0
FRG1HP,0.0
ENSG00000276294,0.0
ENSG00000276298,0.0
ENSG00000276304,0.0
RN7SKP251,0.0
MIR6511A3,0.0
ENSG00000276312,0.0
SNORD107,0.0
OR8G7P,0.0
GTF2IP8,0.0
MIR8079,0.0
MIR2909,0.0
ENSG00000276332,0.0
MIR6858,0.0
ENSG00000276351,0.0
MIR668,0.0
Metazoa_SRP,0.0
Metazoa_SRP,0.0
ENSG00000276362,0.0
MIR145,0.0
U3,0.0
ENSG00000276375,0.0
U7,0.0
UBE2NL,0.0
ENSG00000276385,0.0
CNTNAP3P2,0.0
ENSG00000276388,0.0
ENSG00000276391,0.0
ENSG00000276393,0.0
Metazoa_SRP,0.0
ENSG00000276398,0.0
VN1R9P,0.0
MIR6835,0.0
ENSG00000276413,0.0
ENSG00000276426,0.0
IGLL4P,0.0
ENSG00000276428,0.0
ENSG00000276431,0.0
RNA5SP529,0.0
FKBP4P8,0.0
ENSG00000276460,0.0
ENSG00000276467,0.0
ENSG00000276470,0.0
ENSG00000276474,0.0
BNIP3P44,0.0
ENSG00000276478,0.0
MIR548AZ,0.0
PLA2G10IP,0.0
ENSG00000276486,0.0
MIR6829,0.0
Metazoa_SRP,0.0
ENSG00000276494,0.0
ENSG00000276496,0.0
ENSG00000276507,0.0
ENSG00000276514,0.0
ENSG00000276520,0.0
ENSG00000276521,0.0
RN7SL462P,0.0
Metazoa_SRP,0.0
ENSG00000276528,0.0
ENSG00000276530,0.0
SNX19P4,0.0
Metazoa_SRP,0.0
ENSG00000276535,0.0
ENSG00000276538,0.0
REXO1L10P,0.0
RN7SL453P,0.0
PCDHGB9P,0.0
Y_RNA,0.0
ENSG00000276548,0.0
HERC2P2,0.0
ENSG00000276556,0.0
RN7SL565P,0.0
ENSG00000276563,0.0
Metazoa_SRP,0.0
ENSG00000276569,0.0
ENSG00000276570,0.0
MIR6895,0.0
MRPL30P1,0.0
RNU6-467P,0.0
ENSG00000276578,0.0
MIR8055,0.0
MIR6737,0.0
ENSG00000276586,0.0
RN7SL322P,0.0
PHB1P6,0.0
U2,0.0
MIR6893,0.0
RNA5SP411,0.0
Metazoa_SRP,0.0
ENSG00000276605,0.0
ENSG00000276609,0.0
SNORD64,0.0
ENSG00000276620,0.0
MIR6499,0.0
ENSG00000276623,0.0
7SK,0.0
ENSG00000276632,0.0
ENSG00000276637,0.0
MIR7154,0.0
MIR6769A,0.0
ENSG00000276642,0.0
ENSG00000276643,0.0
Metazoa_SRP,0.0
KRTAP12-5P,0.0
ENSG00000276650,0.0
RN7SL856P,0.0
MIR6083,0.0
DDX20P1,0.0
ENSG00000276664,0.0
ENSG00000276667,0.0
Metazoa_SRP,0.0
ENSG00000276670,0.0
ENSG00000276673,0.0
ENSG00000276675,0.0
ENSG00000276678,0.0
ENSG00000276680,0.0
ENSG00000276685,0.0
ENSG00000276689,0.0
ENSG00000276690,0.0
Y_RNA,0.0
RNA5-8SN4,0.0
RPS29P32,0.0
ENSG00000276706,0.0
CSPG4P10,0.0
U2,0.0
MIR7111,0.0
Metazoa_SRP,0.0
YWHAEP7,0.0
PRSS47P,0.0
ENSG00000276721,0.0
ENSG00000276722,0.0
Y_RNA,0.0
Metazoa_SRP,0.0
ENSG00000276730,0.0
MIR7158,0.0
Metazoa_SRP,0.0
ENSG00000276738,0.0
Metazoa_SRP,0.0
MIR6821,0.0
ENSG00000276755,0.0
KMT2CP2,0.0
RN7SL192P,0.0
ENSG00000276758,0.0
ENSG00000276763,0.0
Metazoa_SRP,0.0
MIR8073,0.0
MIR6752,0.0
MIR6780B,0.0
ENSG00000276771,0.0
Metazoa_SRP,0.0
ENSG00000276784,0.0
SNORD26,0.0
MRGPRX8P,0.0
Metazoa_SRP,0.0
ENSG00000276805,0.0
ENSG00000276810,0.0
ENSG00000276822,0.0
Metazoa_SRP,0.0
MIR7159,0.0
ENSG00000276828,0.0
ENSG00000276829,0.0
MIR6730,0.0
CDRT15P6,0.0
MIR6127,0.0
Metazoa_SRP,0.0
PMS2P13,0.0
ENSG00000276841,0.0
SNORD115-46,0.0
ENSG00000276845,0.0
MIR6715A,0.0
ENSG00000276859,0.0
5S_rRNA,0.0
MIR7151,0.0
ENSG00000276868,0.0
MIR6729,0.0
5_8S_rRNA,0.0
ENSG00000276872,0.0
ENSG00000276873,0.0
MIR6074,0.0
ENSG00000276884,0.0
Metazoa_SRP,0.0
RN7SL238P,0.0
ENSG00000276892,0.0
RAB28P4,0.0
ENSG00000276897,0.0
Y_RNA,0.0
DUX4L14,0.0
MIR7106,0.0
FGFR3P3,0.0
MIR8080,0.0
Metazoa_SRP,0.0
ENSG00000276919,0.0
SPMIP3P1,0.0
MIR6797,0.0
ENSG00000276928,0.0
ENSG00000276929,0.0
Y_RNA,0.0
PLCE1P1,0.0
MIR4509-1,0.0
ENSG00000276945,0.0
ENSG00000276949,0.0
ENSG00000276951,0.0
Metazoa_SRP,0.0
RN7SL769P,0.0
ENSG00000276958,0.0
ENSG00000276960,0.0
MIR7848,0.0
ENSG00000276963,0.0
DUX4L23,0.0
ENSG00000276965,0.0
HYDIN2,0.0
Metazoa_SRP,0.0
ENSG00000276991,0.0
ENSG00000276992,0.0
REXO1L2P,0.0
DUSP12P1,0.0
Metazoa_SRP,0.0
ENSG00000277003,0.0
RNA5SP412,0.0
TEX28P2,0.0
TEX28P3,0.0
MIR3179-4,0.0
ENSG00000277024,0.0
RNU6-1192P,0.0
MIR8071-2,0.0
RN7SL796P,0.0
SNORA71,0.0
ENSG00000277035,0.0
Metazoa_SRP,0.0
ENSG00000277040,0.0
ENSG00000277041,0.0
EEF1A1P42,0.0
RNA5SP530,0.0
Metazoa_SRP,0.0
MIR6763,0.0
GTF2IP1,0.0
ENSG00000277056,0.0
MIR6779,0.0
RN7SL88P,0.0
MIR8084,0.0
ENSG00000277066,0.0
STAG3L2,0.0
MIR6131,0.0
ENSG00000289133,0.0
ENSG00000277081,0.0
PRSS3P3,0.0
RNU2-4P,0.0
ENSG00000277095,0.0
ENSG00000277096,0.0
ENSG00000277099,0.0
ENSG00000277103,0.0
SNORD49B,0.0
ENSG00000277109,0.0
ANKRD20A21P,0.0
Metazoa_SRP,0.0
ENSG00000277119,0.0
MIR6089,0.0
ENSG00000277124,0.0
PMS2P14,0.0
Metazoa_SRP,0.0
ENSG00000277129,0.0
ENSG00000277133,0.0
Metazoa_SRP,0.0
MIR6509,0.0
Metazoa_SRP,0.0
LILRA2P1,0.0
ENSG00000277146,0.0
TOMM40P1,0.0
ENSG00000277162,0.0
Metazoa_SRP,0.0
ENSG00000277171,0.0
GAPDHP41,0.0
ENSG00000277174,0.0
SNORA9,0.0
ENSG00000277188,0.0
ENSG00000277191,0.0
SNORD22,0.0
RN7SL270P,0.0
MIR8063,0.0
ENSG00000277206,0.0
ENSG00000277211,0.0
SDR42E1P2,0.0
ENSG00000277217,0.0
ENSG00000277227,0.0
Metazoa_SRP,0.0
RNU1-5P,0.0
FGFR3P4,0.0
MIR3118-3,0.0
U2,0.0
MIR6784,0.0
Metazoa_SRP,0.0
ENSG00000277252,0.0
CICP28,0.0
MIR7854,0.0
MIR6833,0.0
RN7SL556P,0.0
ENSG00000277269,0.0
DUX4L22,0.0
ENSG00000277289,0.0
ENSG00000277290,0.0
RN7SL489P,0.0
ATP5F1AP10,0.0
ENSG00000277304,0.0
ENSG00000277306,0.0
Metazoa_SRP,0.0
ENSG00000277311,0.0
7SK,0.0
HSPBAP1P1,0.0
ENSG00000277319,0.0
ENSG00000277320,0.0
SPDYE20P,0.0
ENSG00000277340,0.0
RNU6-489P,0.0
RNU1-6P,0.0
CICP25,0.0
NPAP1P7,0.0
ENSG00000277358,0.0
NEK2P1,0.0
SNORD49A,0.0
Metazoa_SRP,0.0
U1,0.0
MIR6724-3,0.0
Metazoa_SRP,0.0
MIR8058,0.0
MIR8053,0.0
MIR6881,0.0
Metazoa_SRP,0.0
ENSG00000277397,0.0
MIR6891,0.0
SEC22B4P,0.0
ENSG00000277408,0.0
H2BP5,0.0
5S_rRNA,0.0
ENSG00000277413,0.0
RNA5SP531,0.0
REXO1L6P,0.0
ENSG00000277426,0.0
Y_RNA,0.0
ENSG00000277435,0.0
REXO1L5P,0.0
ENSG00000277437,0.0
KDM5DP1,0.0
ENSG00000277444,0.0
Metazoa_SRP,0.0
ENSG00000277447,0.0
RN7SL473P,0.0
Metazoa_SRP,0.0
ENSG00000277458,0.0
ENSG00000277460,0.0
RN7SL286P,0.0
ENSG00000277465,0.0
ENSG00000277466,0.0
RN7SL628P,0.0
ENSG00000277468,0.0
ENSG00000277469,0.0
Metazoa_SRP,0.0
MIR6894,0.0
MIR6165,0.0
ENSG00000277479,0.0
RN7SL321P,0.0
SAGE3P,0.0
5S_rRNA,0.0
ENSG00000277490,0.0
ENSG00000277492,0.0
ENSG00000277493,0.0
ENSG00000277498,0.0
ENSG00000277499,0.0
ENSG00000277500,0.0
ENSG00000277502,0.0
MPHOSPH10P5,0.0
RN7SL802P,0.0
BSNDP3,0.0
ENSG00000277509,0.0
Metazoa_SRP,0.0
SNORD65,0.0
ENSG00000277513,0.0
OR52Q1P,0.0
RN7SL495P,0.0
ENSG00000277516,0.0
OFD1P16Y,0.0
MIR8078,0.0
ENSG00000277524,0.0
NF1P10,0.0
ENSG00000277532,0.0
MIR8077,0.0
ENSG00000277542,0.0
ENSG00000277544,0.0
ENSG00000277549,0.0
ENSG00000277553,0.0
GOLGA8IP,0.0
ENSG00000277562,0.0
ENSG00000277563,0.0
ENSG00000277565,0.0
ENSG00000277568,0.0
MIR6134,0.0
ENSG00000277572,0.0
ENSG00000277575,0.0
ENSG00000277576,0.0
ENSG00000277577,0.0
Metazoa_SRP,0.0
RN7SL428P,0.0
ENSG00000277583,0.0
MIR6806,0.0
MIR7845,0.0
RN7SL575P,0.0
Metazoa_SRP,0.0
ENSG00000277598,0.0
ENSG00000277599,0.0
Y_RNA,0.0
Metazoa_SRP,0.0
ENSG00000277608,0.0
RNVU1-4,0.0
U6,0.0
Metazoa_SRP,0.0
ENSG00000277618,0.0
Metazoa_SRP,0.0
Y_RNA,0.0
Metazoa_SRP,0.0
MIR8061,0.0
RN7SL469P,0.0
ENSG00000277640,0.0
ENSG00000277646,0.0
ENSG00000277647,0.0
ENSG00000277653,0.0
ENSG00000277655,0.0
Metazoa_SRP,0.0
ENSG00000277670,0.0
ENSG00000277671,0.0
ENSG00000277672,0.0
ENSG00000277673,0.0
Metazoa_SRP,0.0
RNU1-153P,0.0
MIR6739,0.0
ENSG00000277689,0.0
ENSG00000277690,0.0
ENSG00000277694,0.0
MIR6770-2,0.0
ENSG00000277702,0.0
ENSG00000277704,0.0
ENSG00000277705,0.0
PGBD4P2,0.0
NBEAP5,0.0
ENSG00000277711,0.0
MIR6856,0.0
U6,0.0
H3C5P,0.0
Metazoa_SRP,0.0
ENSG00000277732,0.0
5_8S_rRNA,0.0
Metazoa_SRP,0.0
GOLGA6L17P,0.0
ENSG00000277743,0.0
ENSG00000277746,0.0
ENSG00000277747,0.0
ENSG00000277748,0.0
ENSG00000277752,0.0
U3,0.0
ENSG00000277755,0.0
MIR6719,0.0
RN7SL261P,0.0
ENSG00000277764,0.0
ENSG00000277766,0.0
RBM22P4,0.0
PLA2G10GP,0.0
Metazoa_SRP,0.0
RN7SL763P,0.0
Y_RNA,0.0
MIR6786,0.0
SNORD116-21,0.0
Metazoa_SRP,0.0
ENSG00000277795,0.0
ENSG00000277803,0.0
ENSG00000277809,0.0
MIR6738,0.0
Y_RNA,0.0
ENSG00000277826,0.0
ENSG00000277828,0.0
ENSG00000277830,0.0
MIR5701-2,0.0
MIR6811,0.0
SNORD30,0.0
ENSG00000277852,0.0
ENSG00000277859,0.0
PRAMEF34P,0.0
SCARNA15,0.0
ENSG00000277866,0.0
ENSG00000277867,0.0
ENSG00000277869,0.0
MIR6817,0.0
ENSG00000277876,0.0
ENSG00000277878,0.0
ENSG00000277881,0.0
ENSG00000277882,0.0
NLRP3P1,0.0
SNORA50C,0.0
MIR6846,0.0
MIR8081,0.0
U6,0.0
MIR6746,0.0
MLECP1,0.0
Metazoa_SRP,0.0
U2,0.0
MIR7850,0.0
ENSG00000277907,0.0
MIR8089,0.0
ENSG00000277913,0.0
DDX6P2,0.0
ENSG00000277916,0.0
RNVU1-28,0.0
MIR8067,0.0
ENSG00000277920,0.0
ENSG00000277922,0.0
U6,0.0
ENSG00000277941,0.0
MIR8075,0.0
RN7SL478P,0.0
SNORD3D,0.0
ENSG00000277948,0.0
Metazoa_SRP,0.0
ENSG00000277952,0.0
Metazoa_SRP,0.0
Metazoa_SRP,0.0
ENSG00000277966,0.0
ENSG00000277967,0.0
ENSG00000277968,0.0
ENSG00000277973,0.0
CSTP2,0.0
ENSG00000277977,0.0
ENSG00000277981,0.0
ENSG00000277984,0.0
SNORA67,0.0
U4,0.0
FAM30B,0.0
ENSG00000277994,0.0
ENSG00000277998,0.0
ENSG00000278001,0.0
ENSG00000278004,0.0
Metazoa_SRP,0.0
PPP1R26P4,0.0
ENSG00000278009,0.0
SNORA70,0.0
ENSG00000278020,0.0
ENSG00000278026,0.0
Y_RNA,0.0
MIR6731,0.0
MIR6076,0.0
ENSG00000278039,0.0
ENSG00000278040,0.0
ENSG00000278045,0.0
U2,0.0
ENSG00000278050,0.0
ENSG00000278054,0.0
ENSG00000278055,0.0
ENSG00000278066,0.0
ENSG00000278068,0.0
MIR6072,0.0
ENSG00000278072,0.0
MIR6726,0.0
ENSG00000278077,0.0
ENSG00000278078,0.0
ENSG00000278083,0.0
SNORD115-7,0.0
MIR7973-1,0.0
RNVU1-2A,0.0
Metazoa_SRP,0.0
ENSG00000278102,0.0
MIR8060,0.0
ENSG00000278104,0.0
ENSG00000278106,0.0
MIR6757,0.0
Metazoa_SRP,0.0
SUSD2P2,0.0
ENSG00000278113,0.0
AQP7P5,0.0
SNORD116-28,0.0
RN7SL186P,0.0
ENSG00000278128,0.0
ENSG00000278130,0.0
ENSG00000278131,0.0
U2,0.0
CLUHP11,0.0
NF1P7,0.0
ENSG00000278144,0.0
ENSG00000278151,0.0
MIR8062,0.0
ENSG00000278160,0.0
IL9RP5,0.0
Metazoa_SRP,0.0
ENSG00000278180,0.0
ENSG00000278181,0.0
ENSG00000278182,0.0
NF1P11,0.0
U6,0.0
RNA5-8SN1,0.0
ENSG00000278193,0.0
ENSG00000278197,0.0
GOLGA6L9-AS1,0.0
MIR6857,0.0
ENSG00000278205,0.0
ENSG00000278206,0.0
ENSG00000278212,0.0
CNTNAP3P5,0.0
ENSG00000278215,0.0
ENSG00000278217,0.0
ENSG00000278218,0.0
MIR6511A2,0.0
RN7SL536P,0.0
MIR6783,0.0
Metazoa_SRP,0.0
RNA5-8SN2,0.0
U2,0.0
ENSG00000278236,0.0
ENSG00000278237,0.0
RN7SL725P,0.0
SCARNA2,0.0
Metazoa_SRP,0.0
ENSG00000278256,0.0
SNORD1A,0.0
MIR6803,0.0
MIR6770-1,0.0
MIR6859-1,0.0
KMT2CP1,0.0
SNORA61,0.0
ENSG00000278275,0.0
MIR6816,0.0
MIR7856,0.0
ENSG00000278283,0.0
ENSG00000278287,0.0
RFPL4AP6,0.0
5_8S_rRNA,0.0
GRAMD4P3,0.0
ENSG00000278313,0.0
H3P46,0.0
ENSG00000278319,0.0
ENSG00000278324,0.0
MIR6802,0.0
RNU6-156P,0.0
ENSG00000278332,0.0
ENSG00000278333,0.0
ENSG00000278334,0.0
ENSG00000278337,0.0
MIR6862-2,0.0
ENSG00000278342,0.0
ENSG00000278346,0.0
Metazoa_SRP,0.0
MIR6754,0.0
ENSG00000278358,0.0
MIR7155,0.0
U4,0.0
ENSG00000278381,0.0
ENSG00000278382,0.0
ENSG00000278388,0.0
ENSG00000278391,0.0
ENSG00000278395,0.0
ENSG00000278399,0.0
ENSG00000278400,0.0
ENSG00000278404,0.0
ENSG00000278406,0.0
ENSG00000278410,0.0
MIR6854,0.0
ENSG00000278413,0.0
PMS2P2,0.0
MIR6512,0.0
MIR6819,0.0
ENSG00000278421,0.0
RN7SL331P,0.0
ENSG00000278424,0.0
ENSG00000278428,0.0
MIR6070,0.0
MIR7849,0.0
ENSG00000278441,0.0
ENSG00000278446,0.0
MIR6781,0.0
MIR6892,0.0
ENSG00000278454,0.0
CICP21,0.0
5S_rRNA,0.0
Metazoa_SRP,0.0
MIR6769B,0.0
Metazoa_SRP,0.0
ENSG00000278477,0.0
ENSG00000278478,0.0
ZBTB2P1,0.0
ENSG00000278482,0.0
MIR8087,0.0
ENSG00000278485,0.0
YRDCP1,0.0
ENSG00000278487,0.0
ENSG00000278496,0.0
RN7SL759P,0.0
ENSG00000278498,0.0
MIR6082,0.0
ENSG00000278510,0.0
ENSG00000278513,0.0
MIR6865,0.0
MIR7851,0.0
Y_RNA,0.0
MIR6810,0.0
RN7SL607P,0.0
ENSG00000278526,0.0
SNORD22,0.0
PLA2G10KP,0.0
MIR8070,0.0
CHMP1B2P,0.0
ENSG00000278531,0.0
ENSG00000278541,0.0
ENSG00000278543,0.0
MIR6736,0.0
RNU6-368P,0.0
ENSG00000278552,0.0
Metazoa_SRP,0.0
PTPN20CP,0.0
Metazoa_SRP,0.0
MIR7161,0.0
ENSG00000278572,0.0
ENSG00000278573,0.0
ENSG00000278577,0.0
ENSG00000278580,0.0
MIR6080,0.0
DNM1P5,0.0
SNX3P1Y,0.0
ENSG00000278586,0.0
ENSG00000278587,0.0
ZACNP1,0.0
RN7SL113P,0.0
U2,0.0
ENSG00000278592,0.0
ENSG00000278593,0.0
ENSG00000278594,0.0
MIR6077,0.0
MIR6775,0.0
ENSG00000278602,0.0
ENSG00000278603,0.0
RN7SL429P,0.0
BEND3P3,0.0
MIR8074,0.0
MIR8069,0.0
U6,0.0
SOWAHCP5,0.0
ENSG00000278635,0.0
Metazoa_SRP,0.0
Metazoa_SRP,0.0
DUX4L15,0.0
ENSG00000278643,0.0
CDK2AP2P1,0.0
ENSG00000278650,0.0
ENSG00000278654,0.0
ENSG00000278655,0.0
MIR6826,0.0
DUX4L10,0.0
ENSG00000278665,0.0
ENSG00000278667,0.0
MIR8059,0.0
ENSG00000278673,0.0
CYCSP41,0.0
ENSG00000278681,0.0
ENSG00000278683,0.0
ENSG00000278684,0.0
ENSG00000278687,0.0
ENSG00000278694,0.0
RN7SL82P,0.0
Metazoa_SRP,0.0
Metazoa_SRP,0.0
Metazoa_SRP,0.0
ENSG00000278708,0.0
SNORD116-20,0.0
ENSG00000278720,0.0
Metazoa_SRP,0.0
ENSG00000278725,0.0
Metazoa_SRP,0.0
ENSG00000278734,0.0
ENSG00000278736,0.0
MIR6859-4,0.0
ENSG00000278744,0.0
ENSG00000278745,0.0
RN7SL660P,0.0
ENSG00000278752,0.0
ENSG00000278754,0.0
MIR6722,0.0
U6,0.0
DUX4L11,0.0
FAM27B,0.0
Metazoa_SRP,0.0
Metazoa_SRP,0.0
RN7SL3,0.0
ENSG00000278773,0.0
U2,0.0
ENSG00000278775,0.0
ENSG00000278778,0.0
MIR6071,0.0
Metazoa_SRP,0.0
DUX4L12,0.0
ENSG00000278791,0.0
U6,0.0
Metazoa_SRP,0.0
ENSG00000278797,0.0
MIR6823,0.0
ENSG00000278802,0.0
ENSG00000278813,0.0
Metazoa_SRP,0.0
ENSG00000278819,0.0
ENSG00000278822,0.0
ENSG00000278824,0.0
RN7SL640P,0.0
ENSG00000278830,0.0
ENSG00000278837,0.0
Metazoa_SRP,0.0
ENSG00000278842,0.0
MIR6879,0.0
ENSG00000278852,0.0
ENSG00000278854,0.0
ENSG00000278859,0.0
ENSG00000278860,0.0
ENSG00000278861,0.0
ENSG00000278862,0.0
ENSG00000278863,0.0
ENSG00000278864,0.0
ENSG00000278865,0.0
ENSG00000278866,0.0
ENSG00000278867,0.0
ENSG00000278872,0.0
PRO1804,0.0
ENSG00000278874,0.0
ENSG00000278875,0.0
ENSG00000278876,0.0
ENSG00000278877,0.0
ENSG00000278879,0.0
ENSG00000278880,0.0
ENSG00000278885,0.0
ENSG00000278886,0.0
ENSG00000278887,0.0
ENSG00000278891,0.0
ENSG00000278892,0.0
ENSG00000278893,0.0
ENSG00000278894,0.0
ENSG00000278895,0.0
ENSG00000278896,0.0
ENSG00000278897,0.0
ENSG00000278898,0.0
ENSG00000278900,0.0
ENSG00000278902,0.0
ENSG00000278905,0.0
ENSG00000278908,0.0
ENSG00000278909,0.0
ENSG00000278911,0.0
ENSG00000278912,0.0
ENSG00000278913,0.0
ENSG00000278914,0.0
ENSG00000278917,0.0
ENSG00000278918,0.0
ENSG00000278922,0.0
ENSG00000278924,0.0
ENSG00000278926,0.0
ENSG00000278928,0.0
ENSG00000278929,0.0
ENSG00000278931,0.0
ENSG00000278933,0.0
ENSG00000278934,0.0
ENSG00000278935,0.0
SMG6-IT1,0.0
ENSG00000278942,0.0
ENSG00000278943,0.0
ENSG00000278944,0.0
ENSG00000278945,0.0
ENSG00000278948,0.0
ENSG00000278949,0.0
ENSG00000278950,0.0
ENSG00000278952,0.0
ENSG00000278953,0.0
ENSG00000278954,0.0
ENSG00000278957,0.0
ENSG00000278958,0.0
ENSG00000278959,0.0
ENSG00000278962,0.0
ENSG00000278963,0.0
ENSG00000278964,0.0
ENSG00000278965,0.0
ENSG00000278966,0.0
ENSG00000278967,0.0
ENSG00000278969,0.0
ENSG00000278971,0.0
ENSG00000278972,0.0
ENSG00000278973,0.0
ENSG00000278974,0.0
ENSG00000278975,0.0
ENSG00000278977,0.0
ENSG00000278979,0.0
ENSG00000278980,0.0
ENSG00000278982,0.0
ENSG00000278983,0.0
ENSG00000278985,0.0
ENSG00000278986,0.0
ENSG00000278987,0.0
ENSG00000278988,0.0
ENSG00000278989,0.0
ENSG00000278990,0.0
ENSG00000278991,0.0
ENSG00000278992,0.0
ENSG00000278993,0.0
ENSG00000278994,0.0
ENSG00000278995,0.0
ENSG00000278997,0.0
ENSG00000278998,0.0
ENSG00000278999,0.0
ENSG00000279001,0.0
ENSG00000279002,0.0
ENSG00000279004,0.0
ENSG00000279005,0.0
ENSG00000279009,0.0
ENSG00000279011,0.0
ENSG00000279013,0.0
ENSG00000279014,0.0
ENSG00000279015,0.0
ENSG00000279016,0.0
ENSG00000279017,0.0
ENSG00000279019,0.0
C18orf15,0.0
ENSG00000279021,0.0
ENSG00000279022,0.0
ENSG00000279023,0.0
ENSG00000279024,0.0
ENSG00000279025,0.0
ENSG00000279026,0.0
ENSG00000279029,0.0
ENSG00000279030,0.0
ENSG00000279031,0.0
ENSG00000279032,0.0
ENSG00000279033,0.0
ENSG00000279034,0.0
ENSG00000279035,0.0
ENSG00000279036,0.0
ENSG00000279040,0.0
ENSG00000279041,0.0
ENSG00000279042,0.0
ENSG00000279043,0.0
ENSG00000279044,0.0
ENSG00000279045,0.0
ENSG00000279046,0.0
ENSG00000279048,0.0
PWAR1,0.0
ENSG00000279056,0.0
ENSG00000279057,0.0
ENSG00000279059,0.0
ENSG00000279061,0.0
CDRT15P8,0.0
ENSG00000279063,0.0
ENSG00000279065,0.0
ENSG00000279067,0.0
ENSG00000279069,0.0
ENSG00000279071,0.0
ENSG00000279074,0.0
ENSG00000279075,0.0
ENSG00000279076,0.0
ENSG00000279077,0.0
ENSG00000279083,0.0
ENSG00000279086,0.0
ENSG00000279087,0.0
ENSG00000279088,0.0
ENSG00000279089,0.0
ENSG00000279090,0.0
ENSG00000279092,0.0
ENSG00000279093,0.0
ENSG00000279095,0.0
ENSG00000279097,0.0
ENSG00000279098,0.0
ENSG00000279099,0.0
ENSG00000279100,0.0
ENSG00000279103,0.0
ENSG00000279104,0.0
ENSG00000279106,0.0
ENSG00000279108,0.0
ENSG00000279113,0.0
ENSG00000279114,0.0
ENSG00000279117,0.0
ENSG00000279118,0.0
ENSG00000279120,0.0
ENSG00000279121,0.0
ENSG00000279122,0.0
ENSG00000279123,0.0
IGSF3P1,0.0
ENSG00000279125,0.0
ENSG00000279127,0.0
ENSG00000279128,0.0
ENSG00000279129,0.0
ENSG00000279130,0.0
ENSG00000279133,0.0
ENSG00000279134,0.0
ENSG00000279135,0.0
ENSG00000279136,0.0
ENSG00000279137,0.0
ENSG00000279138,0.0
ENSG00000279139,0.0
ENSG00000279140,0.0
ENSG00000279142,0.0
ENSG00000279143,0.0
ENSG00000279144,0.0
ENSG00000279146,0.0
ENSG00000279147,0.0
ENSG00000279148,0.0
ENSG00000279149,0.0
ENSG00000279155,0.0
ENSG00000279156,0.0
ENSG00000279157,0.0
ENSG00000279160,0.0
ENSG00000279161,0.0
ENSG00000279162,0.0
ENSG00000279163,0.0
ENSG00000279164,0.0
ENSG00000279165,0.0
ENSG00000279166,0.0
ENSG00000279167,0.0
ENSG00000279171,0.0
ENSG00000279172,0.0
ENSG00000279173,0.0
ENSG00000279174,0.0
ENSG00000279176,0.0
CTBP2P9,0.0
ENSG00000279179,0.0
ENSG00000279180,0.0
ENSG00000279181,0.0
ENSG00000279186,0.0
ENSG00000279187,0.0
ENSG00000279189,0.0
ENSG00000279190,0.0
PWAR5,0.0
ENSG00000279193,0.0
ENSG00000279196,0.0
ENSG00000279197,0.0
ENSG00000279198,0.0
ENSG00000279199,0.0
ENSG00000279200,0.0
ENSG00000279201,0.0
ENSG00000279202,0.0
ENSG00000279203,0.0
ENSG00000279204,0.0
ENSG00000279205,0.0
ENSG00000279207,0.0
ENSG00000279208,0.0
ENSG00000279209,0.0
ENSG00000279211,0.0
ENSG00000279212,0.0
SNX18P10,0.0
ENSG00000279214,0.0
ENSG00000279218,0.0
ENSG00000279221,0.0
ENSG00000279222,0.0
ENSG00000279223,0.0
ENSG00000279225,0.0
ENSG00000279227,0.0
ENSG00000279228,0.0
ENSG00000279231,0.0
ENSG00000279233,0.0
ENSG00000279235,0.0
ENSG00000279236,0.0
ENSG00000279237,0.0
ENSG00000279239,0.0
ENSG00000279246,0.0
ENSG00000279248,0.0
ENSG00000279250,0.0
ENSG00000279251,0.0
ENSG00000279253,0.0
ENSG00000279254,0.0
ENSG00000279255,0.0
ENSG00000279256,0.0
ENSG00000279259,0.0
ENSG00000279262,0.0
ENSG00000279264,0.0
ENSG00000279265,0.0
ENSG00000279266,0.0
ENSG00000279267,0.0
ENSG00000279268,0.0
ENSG00000279269,0.0
ENSG00000279271,0.0
ENSG00000279273,0.0
ENSG00000279275,0.0
ENSG00000279276,0.0
ENSG00000279281,0.0
ENSG00000279283,0.0
ENSG00000279284,0.0
ENSG00000279285,0.0
ENSG00000279286,0.0
ENSG00000279288,0.0
ENSG00000279289,0.0
ENSG00000279294,0.0
ENSG00000279295,0.0
PRAL,0.0
ENSG00000279297,0.0
ENSG00000279299,0.0
ENSG00000279300,0.0
ENSG00000279302,0.0
ENSG00000279303,0.0
ENSG00000279304,0.0
ENSG00000279305,0.0
ENSG00000279306,0.0
NDUFAF2P1,0.0
ENSG00000279310,0.0
ENSG00000279311,0.0
ENSG00000279314,0.0
ENSG00000279315,0.0
ENSG00000279319,0.0
ENSG00000279320,0.0
ENSG00000279322,0.0
ENSG00000279324,0.0
ENSG00000279326,0.0
ENSG00000279328,0.0
ENSG00000279329,0.0
ENSG00000279330,0.0
RBM12B-AS1,0.0
ENSG00000279332,0.0
ENSG00000279333,0.0
ENSG00000279334,0.0
ENSG00000279337,0.0
ENSG00000279339,0.0
ENSG00000279340,0.0
ENSG00000279343,0.0
ENSG00000279344,0.0
ENSG00000279347,0.0
ENSG00000279348,0.0
ENSG00000279349,0.0
ENSG00000279352,0.0
ENSG00000279353,0.0
ENSG00000279354,0.0
ENSG00000279356,0.0
ENSG00000279357,0.0
ENSG00000279358,0.0
ENSG00000279359,0.0
ENSG00000279360,0.0
ENSG00000279361,0.0
ENSG00000279364,0.0
ENSG00000279365,0.0
ENSG00000279366,0.0
ENSG00000279367,0.0
ENSG00000279368,0.0
ENSG00000279369,0.0
ENSG00000279370,0.0
ENSG00000279372,0.0
ENSG00000279373,0.0
ENSG00000279376,0.0
ENSG00000279377,0.0
ENSG00000279378,0.0
ENSG00000279379,0.0
ENSG00000279381,0.0
ENSG00000279382,0.0
ENSG00000279384,0.0
ENSG00000279388,0.0
ENSG00000279390,0.0
ENSG00000279391,0.0
ENSG00000279392,0.0
ENSG00000279393,0.0
ENSG00000279394,0.0
ENSG00000279397,0.0
ENSG00000279398,0.0
ENSG00000279399,0.0
ENSG00000279401,0.0
ENSG00000279403,0.0
ENSG00000279404,0.0
ENSG00000279405,0.0
ENSG00000279406,0.0
ENSG00000279407,0.0
ENSG00000279409,0.0
ENSG00000279410,0.0
ENSG00000279411,0.0
ENSG00000279412,0.0
CDRT15P9,0.0
ENSG00000279415,0.0
ENSG00000279416,0.0
ENSG00000279417,0.0
ENSG00000279419,0.0
ENSG00000279420,0.0
ENSG00000279421,0.0
ENSG00000279422,0.0
ENSG00000279423,0.0
ENSG00000279425,0.0
ENSG00000279426,0.0
ENSG00000279427,0.0
ENSG00000279428,0.0
ENSG00000279429,0.0
ENSG00000279430,0.0
ENSG00000279431,0.0
ENSG00000279432,0.0
ENSG00000279433,0.0
ENSG00000279434,0.0
ENSG00000279437,0.0
ENSG00000279438,0.0
ENSG00000279439,0.0
ENSG00000279441,0.0
ENSG00000279443,0.0
ENSG00000279444,0.0
OR4N3BP,0.0
ENSG00000279446,0.0
ENSG00000279447,0.0
ENSG00000279450,0.0
ENSG00000279452,0.0
ENSG00000279453,0.0
ENSG00000279454,0.0
ENSG00000279455,0.0
ENSG00000279458,0.0
ENSG00000279459,0.0
ENSG00000279460,0.0
ENSG00000279462,0.0
ENSG00000279464,0.0
ENSG00000279465,0.0
ENSG00000279466,0.0
ENSG00000279469,0.0
ENSG00000279470,0.0
ENSG00000279474,0.0
ENSG00000279475,0.0
ENSG00000279476,0.0
ENSG00000279477,0.0
ENSG00000279478,0.0
ENSG00000279479,0.0
ENSG00000279480,0.0
ENSG00000279481,0.0
ENSG00000279482,0.0
KLHL30-AS1,0.0
ENSG00000279485,0.0
ENSG00000279488,0.0
ENSG00000279489,0.0
ENSG00000279490,0.0
ENSG00000279491,0.0
ENSG00000279495,0.0
ENSG00000279497,0.0
ENSG00000279498,0.0
ENSG00000279499,0.0
ENSG00000279500,0.0
ENSG00000279502,0.0
ENSG00000279503,0.0
ENSG00000279504,0.0
ENSG00000279505,0.0
ENSG00000279507,0.0
ENSG00000279509,0.0
ENSG00000279511,0.0
ENSG00000279512,0.0
ENSG00000279513,0.0
ENSG00000279518,0.0
ENSG00000279519,0.0
ENSG00000279520,0.0
ENSG00000279521,0.0
ENSG00000279523,0.0
ENSG00000279525,0.0
ENSG00000279526,0.0
ENSG00000279527,0.0
ENSG00000279528,0.0
ENSG00000279531,0.0
ENSG00000279532,0.0
ENSG00000279534,0.0
ENSG00000279536,0.0
ENSG00000279537,0.0
ENSG00000279539,0.0
ENSG00000279541,0.0
ENSG00000279542,0.0
ENSG00000279543,0.0
ENSG00000279544,0.0
ENSG00000279549,0.0
ENSG00000279550,0.0
ENSG00000279551,0.0
ENSG00000279554,0.0
ENSG00000279555,0.0
ENSG00000279557,0.0
ENSG00000279559,0.0
ENSG00000279561,0.0
ENSG00000279562,0.0
ENSG00000279565,0.0
ENSG00000279567,0.0
ENSG00000279568,0.0
ENSG00000279569,0.0
ENSG00000279570,0.0
ENSG00000279573,0.0
ENSG00000279575,0.0
ENSG00000279578,0.0
ENSG00000279581,0.0
ENSG00000279583,0.0
ENSG00000279584,0.0
ENSG00000279585,0.0
ENSG00000279586,0.0
ENSG00000279587,0.0
ENSG00000279589,0.0
ENSG00000279590,0.0
ENSG00000279591,0.0
ENSG00000279592,0.0
ENSG00000279593,0.0
ENSG00000279594,0.0
ENSG00000279595,0.0
ENSG00000279598,0.0
ENSG00000279599,0.0
ENSG00000279600,0.0
ENSG00000279601,0.0
ENSG00000279602,0.0
ENSG00000279603,0.0
ENSG00000279604,0.0
ENSG00000279605,0.0
ENSG00000279606,0.0
ENSG00000279608,0.0
ENSG00000279609,0.0
C20orf181,0.0
ENSG00000279611,0.0
ENSG00000279613,0.0
ENSG00000279615,0.0
ENSG00000279616,0.0
ENSG00000279617,0.0
ENSG00000279619,0.0
ENSG00000279620,0.0
ENSG00000279621,0.0
ENSG00000279625,0.0
DUX4L28,0.0
ENSG00000279628,0.0
ENSG00000279629,0.0
ENSG00000279630,0.0
ENSG00000279631,0.0
ENSG00000279632,0.0
ENSG00000279633,0.0
ENSG00000279635,0.0
ENSG00000279637,0.0
ENSG00000279638,0.0
ENSG00000279639,0.0
ENSG00000279640,0.0
ENSG00000279641,0.0
ENSG00000279642,0.0
ENSG00000279647,0.0
ENSG00000279648,0.0
ENSG00000279649,0.0
ENSG00000279650,0.0
ENSG00000279653,0.0
ENSG00000279655,0.0
ENSG00000279656,0.0
ENSG00000279657,0.0
ENSG00000279660,0.0
ENSG00000279662,0.0
ENSG00000279663,0.0
ENSG00000279665,0.0
ENSG00000279666,0.0
ENSG00000279667,0.0
ENSG00000279670,0.0
ENSG00000279671,0.0
ENSG00000279674,0.0
ENSG00000279675,0.0
ENSG00000279676,0.0
ENSG00000279677,0.0
ENSG00000279678,0.0
ENSG00000279679,0.0
ENSG00000279681,0.0
ENSG00000279682,0.0
ENSG00000279683,0.0
ENSG00000279684,0.0
AQP7P3,0.0
ENSG00000279689,0.0
ENSG00000279690,0.0
ENSG00000279691,0.0
ENSG00000279692,0.0
ENSG00000279693,0.0
ENSG00000279694,0.0
ENSG00000279695,0.0
ENSG00000279696,0.0
ENSG00000279697,0.0
ENSG00000279698,0.0
ENSG00000279699,0.0
ENSG00000279700,0.0
ENSG00000279701,0.0
ENSG00000279702,0.0
ENSG00000279703,0.0
ENSG00000279704,0.0
ENSG00000279705,0.0
ENSG00000279706,0.0
ENSG00000279707,0.0
ENSG00000279708,0.0
ENSG00000279709,0.0
ENSG00000279711,0.0
ENSG00000279713,0.0
ENSG00000279715,0.0
ENSG00000279716,0.0
ENSG00000279717,0.0
SNX18P12,0.0
ENSG00000279719,0.0
SOWAHCP2,0.0
ENSG00000279721,0.0
ENSG00000279722,0.0
ENSG00000279725,0.0
ENSG00000279728,0.0
ENSG00000279729,0.0
KMT5AP1,0.0
ENSG00000279732,0.0
ENSG00000279733,0.0
ENSG00000279734,0.0
ENSG00000279737,0.0
ENSG00000279739,0.0
ENSG00000279741,0.0
ENSG00000279742,0.0
ENSG00000279743,0.0
ENSG00000279744,0.0
ENSG00000279746,0.0
ENSG00000279747,0.0
ENSG00000279748,0.0
ENSG00000279749,0.0
ENSG00000279752,0.0
ENSG00000279753,0.0
ENSG00000279754,0.0
ENSG00000279755,0.0
ENSG00000279756,0.0
ENSG00000279757,0.0
ENSG00000279758,0.0
ENSG00000279759,0.0
ENSG00000279764,0.0
ENSG00000279766,0.0
LINC00552,0.0
ENSG00000279773,0.0
ENSG00000279774,0.0
ENSG00000279775,0.0
ENSG00000279779,0.0
ENSG00000279780,0.0
ENSG00000279781,0.0
ENSG00000279783,0.0
ENSG00000279785,0.0
ENSG00000279786,0.0
ENSG00000279788,0.0
ENSG00000279789,0.0
ENSG00000279790,0.0
ENSG00000279791,0.0
ENSG00000279792,0.0
ENSG00000279793,0.0
ENSG00000279794,0.0
ENSG00000279795,0.0
ENSG00000279796,0.0
ENSG00000279798,0.0
ENSG00000279799,0.0
BCLAF1P2,0.0
ENSG00000279801,0.0
ENSG00000279803,0.0
ENSG00000279805,0.0
ENSG00000279806,0.0
ENSG00000279807,0.0
ENSG00000279810,0.0
ENSG00000279811,0.0
ENSG00000279812,0.0
ENSG00000279814,0.0
ENSG00000279815,0.0
ENSG00000279817,0.0
ENSG00000279818,0.0
ENSG00000279819,0.0
ENSG00000279821,0.0
ENSG00000279822,0.0
ENSG00000279825,0.0
ENSG00000279827,0.0
ENSG00000279829,0.0
ENSG00000279834,0.0
ENSG00000279835,0.0
ENSG00000279836,0.0
ENSG00000279837,0.0
ENSG00000279839,0.0
ENSG00000279840,0.0
ENSG00000279841,0.0
ENSG00000279842,0.0
ENSG00000279844,0.0
ENSG00000279845,0.0
ENSG00000279846,0.0
ENSG00000279852,0.0
ENSG00000279853,0.0
ENSG00000279856,0.0
ENSG00000279858,0.0
ENSG00000279859,0.0
ENSG00000279860,0.0
ENSG00000279861,0.0
ENSG00000279862,0.0
ENSG00000279863,0.0
NCOR1P4,0.0
ENSG00000279865,0.0
ENSG00000279869,0.0
ENSG00000279872,0.0
ENSG00000279874,0.0
ENSG00000279875,0.0
ENSG00000279876,0.0
ENSG00000279878,0.0
ENSG00000279879,0.0
ENSG00000279880,0.0
ENSG00000279881,0.0
ENSG00000279882,0.0
ENSG00000279883,0.0
ENSG00000279884,0.0
ENSG00000279885,0.0
ENSG00000279886,0.0
ENSG00000279887,0.0
ENSG00000279889,0.0
FLJ42393,0.0
ENSG00000279894,0.0
ENSG00000279895,0.0
ENSG00000279900,0.0
ENSG00000279901,0.0
SLC7A2-IT1,0.0
ENSG00000279905,0.0
ENSG00000279908,0.0
ENSG00000279910,0.0
ENSG00000279912,0.0
ENSG00000279913,0.0
ENSG00000279917,0.0
ENSG00000279918,0.0
ENSG00000279919,0.0
ENSG00000279923,0.0
ENSG00000279924,0.0
ENSG00000279925,0.0
ENSG00000279926,0.0
ENSG00000279929,0.0
ENSG00000279930,0.0
ENSG00000279931,0.0
ENSG00000279933,0.0
ENSG00000279935,0.0
ENSG00000279936,0.0
ENSG00000279939,0.0
ENSG00000279940,0.0
ENSG00000279942,0.0
FLJ38576,0.0
ENSG00000279945,0.0
ENSG00000279946,0.0
ENSG00000279951,0.0
ENSG00000279952,0.0
ENSG00000279953,0.0
ENSG00000279955,0.0
ENSG00000279957,0.0
ENSG00000279958,0.0
ENSG00000279959,0.0
ENSG00000279960,0.0
ENSG00000279962,0.0
ENSG00000279964,0.0
LINC03032,0.0
ENSG00000279966,0.0
ENSG00000279967,0.0
ENSG00000279970,0.0
ENSG00000279971,0.0
ENSG00000279972,0.0
ENSG00000279976,0.0
ENSG00000279977,0.0
ENSG00000279979,0.0
GABARAPL3,0.0
ENSG00000279981,0.0
ENSG00000279982,0.0
ENSG00000279985,0.0
ENSG00000279989,0.0
RPSAP68,0.0
ENSG00000279991,0.0
ENSG00000279993,0.0
ENSG00000279994,0.0
ENSG00000279995,0.0
ENSG00000279996,0.0
ENSG00000279997,0.0
ENSG00000280000,0.0
ENSG00000280002,0.0
ENSG00000280003,0.0
ENSG00000280009,0.0
ENSG00000280010,0.0
RPL23AP61,0.0
ENSG00000280013,0.0
ENSG00000280014,0.0
ENSG00000280015,0.0
ENSG00000280016,0.0
ENSG00000280017,0.0
ENSG00000280019,0.0
ENSG00000280020,0.0
ENSG00000280022,0.0
ENSG00000280023,0.0
ENSG00000280024,0.0
ENSG00000280027,0.0
ENSG00000280028,0.0
ENSG00000280032,0.0
ENSG00000280033,0.0
ENSG00000280035,0.0
ENSG00000280037,0.0
DNM1P41,0.0
RN7SKP23,0.0
SNX7-DT,0.0
ENSG00000280042,0.0
ENSG00000280043,0.0
ENSG00000280044,0.0
ENSG00000280046,0.0
ENSG00000280047,0.0
ENSG00000280048,0.0
ENSG00000280049,0.0
ENSG00000280051,0.0
ENSG00000280053,0.0
ENSG00000280054,0.0
LINC02912,0.0
ENSG00000280056,0.0
ENSG00000280057,0.0
ENSG00000280059,0.0
ENSG00000280060,0.0
ENSG00000280061,0.0
ENSG00000280062,0.0
ENSG00000280063,0.0
ENSG00000280064,0.0
ENSG00000280067,0.0
ENSG00000280068,0.0
ENSG00000280069,0.0
ENSG00000280070,0.0
ENSG00000280073,0.0
ENSG00000280078,0.0
ENSG00000280079,0.0
ENSG00000280082,0.0
ENSG00000280083,0.0
ENSG00000280085,0.0
ENSG00000280086,0.0
ENSG00000280087,0.0
ENSG00000280088,0.0
ENSG00000280089,0.0
ENSG00000280091,0.0
ENSG00000280092,0.0
ENSG00000280093,0.0
ENSG00000280096,0.0
ENSG00000280097,0.0
ENSG00000280099,0.0
ENSG00000280103,0.0
ENSG00000280104,0.0
ENSG00000280105,0.0
ENSG00000280106,0.0
ENSG00000280107,0.0
ENSG00000280110,0.0
ENSG00000280114,0.0
ENSG00000280115,0.0
ENSG00000280117,0.0
ENSG00000280119,0.0
ENSG00000280120,0.0
ENSG00000280121,0.0
ENSG00000280124,0.0
ENSG00000280125,0.0
ENSG00000280128,0.0
ENSG00000280129,0.0
ENSG00000280131,0.0
ENSG00000280132,0.0
ENSG00000280134,0.0
ENSG00000280135,0.0
ENSG00000280137,0.0
ENSG00000280138,0.0
ENSG00000280139,0.0
ENSG00000280140,0.0
ENSG00000280142,0.0
ENSG00000280143,0.0
ENSG00000280144,0.0
ENSG00000280147,0.0
ENSG00000280149,0.0
ENSG00000280150,0.0
ENSG00000280152,0.0
ENSG00000280153,0.0
ENSG00000280154,0.0
ENSG00000280155,0.0
ENSG00000280157,0.0
ENSG00000280159,0.0
ENSG00000280160,0.0
ENSG00000280161,0.0
ENSG00000280162,0.0
ENSG00000280163,0.0
ENSG00000280166,0.0
ENSG00000280167,0.0
ENSG00000280168,0.0
ENSG00000280171,0.0
ENSG00000280172,0.0
ENSG00000280173,0.0
ENSG00000280176,0.0
ENSG00000280177,0.0
ENSG00000280180,0.0
ENSG00000280181,0.0
ENSG00000280182,0.0
ENSG00000280183,0.0
ENSG00000280185,0.0
ENSG00000280187,0.0
ENSG00000280189,0.0
ENSG00000280190,0.0
ENSG00000280193,0.0
ENSG00000280194,0.0
ENSG00000280196,0.0
ZBTB7C-AS2,0.0
ENSG00000280198,0.0
ENSG00000280200,0.0
ENSG00000280201,0.0
ENSG00000280202,0.0
ENSG00000280205,0.0
GGT4P,0.0
ENSG00000280211,0.0
ENSG00000280212,0.0
ENSG00000280214,0.0
ENSG00000280215,0.0
ENSG00000280216,0.0
ENSG00000280217,0.0
ENSG00000280219,0.0
ENSG00000280220,0.0
ENSG00000280222,0.0
ENSG00000280223,0.0
ENSG00000280225,0.0
ENSG00000280227,0.0
AMANZI,0.0
ENSG00000280229,0.0
ENSG00000280231,0.0
ENSG00000280232,0.0
ENSG00000280233,0.0
ENSG00000280234,0.0
ENSG00000280238,0.0
ENSG00000280239,0.0
ENSG00000280242,0.0
MTCO1P1,0.0
ENSG00000280244,0.0
ENSG00000280245,0.0
ENSG00000280247,0.0
ENSG00000280248,0.0
ENSG00000280251,0.0
ENSG00000280254,0.0
ENSG00000280255,0.0
ENSG00000280261,0.0
ENSG00000280262,0.0
ACTR3BP6,0.0
ENSG00000280265,0.0
ENSG00000280266,0.0
ENSG00000280268,0.0
ENSG00000280269,0.0
ENSG00000280270,0.0
ENSG00000280272,0.0
ENSG00000280274,0.0
ENSG00000280275,0.0
FLJ30679,0.0
ENSG00000280280,0.0
ENSG00000280281,0.0
ENSG00000280282,0.0
ENSG00000280283,0.0
ENSG00000280284,0.0
ENSG00000280285,0.0
FRG1KP,0.0
ENSG00000280287,0.0
ENSG00000280288,0.0
ENSG00000280291,0.0
ENSG00000280294,0.0
ENSG00000280295,0.0
ENSG00000280296,0.0
ENSG00000280300,0.0
ENSG00000280302,0.0
ENSG00000280304,0.0
ENSG00000280305,0.0
ENSG00000280306,0.0
ENSG00000280307,0.0
ENSG00000280309,0.0
ENSG00000280310,0.0
ENSG00000280311,0.0
ENSG00000280312,0.0
ENSG00000280317,0.0
ENSG00000280318,0.0
ENSG00000280319,0.0
ENSG00000280320,0.0
ENSG00000280321,0.0
ENSG00000280323,0.0
ENSG00000280326,0.0
ENSG00000280327,0.0
CTBP2P10,0.0
ENSG00000280331,0.0
ENSG00000280332,0.0
ENSG00000280333,0.0
ENSG00000280334,0.0
ENSG00000280335,0.0
DUX4L25,0.0
ENSG00000280338,0.0
ENSG00000280339,0.0
ENSG00000280340,0.0
ENSG00000280345,0.0
ENSG00000280347,0.0
ENSG00000280348,0.0
ENSG00000280349,0.0
ENSG00000280351,0.0
ENSG00000280352,0.0
ENSG00000280353,0.0
ENSG00000280354,0.0
ENSG00000280355,0.0
ENSG00000280357,0.0
ENSG00000280359,0.0
ENSG00000280362,0.0
ENSG00000280364,0.0
ENSG00000280365,0.0
ENSG00000280367,0.0
ENSG00000280368,0.0
ENSG00000280369,0.0
ENSG00000280371,0.0
ENSG00000280372,0.0
ENSG00000280373,0.0
ENSG00000280375,0.0
ENSG00000280376,0.0
ENSG00000280377,0.0
ENSG00000280378,0.0
ENSG00000280379,0.0
ENSG00000280380,0.0
ENSG00000280381,0.0
ENSG00000280385,0.0
ENSG00000280387,0.0
ENSG00000280388,0.0
ENSG00000280390,0.0
ENSG00000280392,0.0
ENSG00000280393,0.0
ENSG00000280394,0.0
ENSG00000280396,0.0
ENSG00000280397,0.0
ENSG00000280398,0.0
ENSG00000280399,0.0
ENSG00000280400,0.0
ENSG00000280401,0.0
ENSG00000280402,0.0
ENSG00000280405,0.0
ENSG00000280406,0.0
ENSG00000280407,0.0
ENSG00000280408,0.0
LINC01101,0.0
ENSG00000280412,0.0
ENSG00000280414,0.0
ENSG00000280415,0.0
ENSG00000280416,0.0
ENSG00000280417,0.0
ENSG00000280419,0.0
ENSG00000280420,0.0
ENSG00000280422,0.0
ENSG00000280423,0.0
ENSG00000280424,0.0
ENSG00000280426,0.0
ENSG00000280429,0.0
ENSG00000280430,0.0
ENSG00000280431,0.0
ENSG00000280432,0.0
ENSG00000280435,0.0
ENSG00000280436,0.0
ENSG00000280438,0.0
ENSG00000280439,0.0
ENSG00000280440,0.0
ENSG00000280443,0.0
ENSG00000280444,0.0
ENSG00000280446,0.0
ENSG00000280449,0.0
ENSG00000280450,0.0
ENSG00000280451,0.0
ENSG00000280453,0.0
DUX4L2,0.0
SCARNA4,0.0
ENSG00000280494,0.0
SNORA17B,0.0
SNORA16A,0.0
Metazoa_SRP,0.0
ENSG00000280554,0.0
ENSG00000280607,0.0
ENSG00000280636,0.0
RNA5SP196,0.0
ENSG00000280665,0.0
SNORD3E,0.0
DUX4L1,0.0
ENSG00000280773,0.0
DUX4L5,0.0
ENSG00000280828,0.0
ENSG00000280852,0.0
SNORA50D,0.0
ENSG00000280904,0.0
CTSLP3,0.0
ENSG00000280958,0.0
ENSG00000280968,0.0
ENSG00000280991,0.0
SNORD3D,0.0
ENSG00000281008,0.0
ENSG00000281010,0.0
DUX4L6,0.0
ENSG00000281087,0.0
ENSG00000281100,0.0
MIR3651,0.0
ENSG00000281159,0.0
ENSG00000281295,0.0
ENSG00000281311,0.0
NF1P9,0.0
SEPTIN14P19,0.0
SCARNA4,0.0
MIR548BB,0.0
ENSG00000281469,0.0
CICP14,0.0
ENSG00000281516,0.0
DUX4L3,0.0
DUX4L7,0.0
MIR664A,0.0
U3,0.0
DUX4L8,0.0
ENSG00000281772,0.0
snoZ196,0.0
ENSG00000281808,0.0
MIR1291,0.0
SNORD38B,0.0
ENSG00000281863,0.0
ENSG00000281896,0.0
HERC2P7,0.0
SNORA50A,0.0
ENSG00000281941,0.0
ENSG00000281955,0.0
ENSG00000281969,0.0
ENSG00000281974,0.0
ENSG00000282051,0.0
CICP19,0.0
HSP90AB4P,0.0
OR4G3P,0.0
ENSG00000282206,0.0
ENSG00000282222,0.0
CYP3A51P,0.0
ENSG00000282299,0.0
ENSG00000282300,0.0
MALL,0.0
ENSG00000282306,0.0
DPRXP3,0.0
MTND1P7,0.0
ENSG00000282327,0.0
ENSG00000282339,0.0
ENSG00000282358,0.0
ENSG00000282413,0.0
ENSG00000282416,0.0
ENSG00000282432,0.0
WASH5P,0.0
ENSG00000282501,0.0
FKBP1AP4,0.0
CLUHP10,0.0
ENSG00000282542,0.0
MRPL57P8,0.0
ENSG00000282668,0.0
ENSG00000282697,0.0
ENSG00000282732,0.0
ENSG00000282738,0.0
ENSG00000282742,0.0
MALLP1,0.0
ENSG00000282798,0.0
FRG1CP,0.0
ENSG00000282834,0.0
FRG2EP,0.0
RHOXF1P2,0.0
ENSG00000282852,0.0
ENSG00000282855,0.0
ENSG00000282864,0.0
ENSG00000282865,0.0
FRG1DP,0.0
ENSG00000282875,0.0
ENSG00000282879,0.0
PTMAP12,0.0
DUX4L33,0.0
ENSG00000282897,0.0
ENSG00000282907,0.0
ENSG00000282909,0.0
DUX4L35,0.0
ENSG00000282912,0.0
CFTRP2,0.0
ENSG00000282924,0.0
ENSG00000282927,0.0
RHOXF1P3,0.0
DUX4L34,0.0
CYP4F30P,0.0
ENSG00000282946,0.0
PCMTD1P7,0.0
AGGF1P10,0.0
ENSG00000282973,0.0
BTF3P16,0.0
ENSG00000282980,0.0
PDCL3P2,0.0
ENSG00000282993,0.0
ENSG00000282994,0.0
FRG1EP,0.0
CDC27P3,0.0
ATP5MC1P2,0.0
DUX4L37,0.0
FRG1GP,0.0
ENSG00000283040,0.0
ENSG00000283041,0.0
ENSG00000283043,0.0
FRG1FP,0.0
GTF2IP12,0.0
ENSG00000283057,0.0
ENSG00000283065,0.0
DUX4L32,0.0
ENSG00000283076,0.0
ENSG00000283084,0.0
ENSG00000283097,0.0
BMS1P21,0.0
ENSG00000283110,0.0
RARRES2P11,0.0
MIR1297,0.0
ENSG00000283130,0.0
MTND2P41,0.0
KMT2CP4,0.0
ENSG00000283133,0.0
U6,0.0
ENSG00000283142,0.0
ENSG00000283145,0.0
MIR548AU,0.0
MIR3120,0.0
ENSG00000283155,0.0
ENSG00000283156,0.0
MIR665,0.0
MIR4521,0.0
ENSG00000283162,0.0
MIR203B,0.0
ENSG00000283166,0.0
ENSG00000283167,0.0
MIR382,0.0
MIR548D1,0.0
MTCO1P38,0.0
ENSG00000283176,0.0
ENSG00000283178,0.0
MIR6767,0.0
MIR2052,0.0
MIR1243,0.0
ENSG00000283196,0.0
ENSG00000283197,0.0
MIR1206,0.0
ENSG00000283202,0.0
MIR1246,0.0
MIR4434,0.0
MIR941-1,0.0
MIR1255B1,0.0
MIR1322,0.0
ENSG00000283211,0.0
MIR642B,0.0
ENSG00000283214,0.0
MIR302F,0.0
ENSG00000283219,0.0
MIR4433A,0.0
MIR3199-2,0.0
ENSG00000283230,0.0
CYP2C23P,0.0
ENSG00000283234,0.0
ENSG00000283236,0.0
MIR550B1,0.0
MIR1245B,0.0
MIR384,0.0
MEP1AP1,0.0
U6,0.0
ENSG00000283251,0.0
U6,0.0
ENSG00000283257,0.0
U6,0.0
MALLP2,0.0
U6,0.0
ENSG00000283273,0.0
5_8S_rRNA,0.0
MIR4275,0.0
MIR3914-2,0.0
MIR376C,0.0
MIR7978,0.0
ENSG00000283283,0.0
ENSG00000283285,0.0
MIR524,0.0
U6,0.0
5_8S_rRNA,0.0
RN7SK,0.0
MIR4256,0.0
MIR4272,0.0
U6,0.0
MIR4520-2,0.0
OR5AK4P,0.0
MTND6P29,0.0
ENSG00000283312,0.0
U6,0.0
MIR103B2,0.0
MIR6860,0.0
MIR6841,0.0
MIR518D,0.0
MIR7977,0.0
MIR4536-1,0.0
MIR219B,0.0
U6,0.0
ENSG00000283338,0.0
ENSG00000283339,0.0
MIR3119-1,0.0
NBPF13P,0.0
MIR4320,0.0
MPHOSPH10P3,0.0
MIR6511B2,0.0
PFN5P,0.0
MIR3910-2,0.0
ENSG00000283354,0.0
ENSG00000283355,0.0
ENSG00000283356,0.0
MIR3977,0.0
MIR451B,0.0
NCOA5LP,0.0
ENSG00000283366,0.0
ENSG00000283367,0.0
U6,0.0
ENSG00000283371,0.0
U6,0.0
ENSG00000283376,0.0
ENSG00000283377,0.0
MIR3688-2,0.0
ENSG00000283381,0.0
MIR4524A,0.0
MIR4659B,0.0
Metazoa_SRP,0.0
PET100P1,0.0
ENSG00000283393,0.0
MIR7515,0.0
ENSG00000283399,0.0
ENSG00000283402,0.0
MIR3662,0.0
ENSG00000283411,0.0
U6,0.0
U6,0.0
MIR1910,0.0
U6,0.0
MIR6874,0.0
MIR4278,0.0
ENSG00000283421,0.0
SMBD1P,0.0
ENSG00000283427,0.0
MIR1244-3,0.0
ENSG00000283431,0.0
U6,0.0
RNA5SP532,0.0
MIR1321,0.0
Metazoa_SRP,0.0
MIR499B,0.0
U4,0.0
ZNF285DP,0.0
GPR141BP,0.0
ENSG00000283446,0.0
MIR486-2,0.0
ENSG00000283451,0.0
ENSG00000283452,0.0
PRIM2BP,0.0
MIR523,0.0
MTND1P37,0.0
MIR550B2,0.0
MIR4454,0.0
MIR3130-1,0.0
MIR6863,0.0
MIR6828,0.0
MIR1244-4,0.0
MIR1279,0.0
MIR6079,0.0
ENSG00000283479,0.0
MTND4LP32,0.0
ENSG00000283483,0.0
MIR3529,0.0
MIR4501,0.0
U6,0.0
MIR518C,0.0
ENSG00000283491,0.0
MIR7153,0.0
MIR6086,0.0
MIR3160-2,0.0
MIR1244-2,0.0
U6,0.0
U6,0.0
MIR5681B,0.0
MIR7157,0.0
MIR1302-1,0.0
U6,0.0
ENSG00000283511,0.0
MIR941-3,0.0
MIR3975,0.0
U2,0.0
MIR3150A,0.0
MIR3926-2,0.0
OR11J7P,0.0
ENSG00000283525,0.0
U6,0.0
ENSG00000283529,0.0
MIR4317,0.0
MIR374C,0.0
ENSG00000283535,0.0
ENSG00000283537,0.0
MIR520F,0.0
ENSG00000283541,0.0
OASL2P,0.0
ENSG00000283544,0.0
U6,0.0
MTATP6P8,0.0
ENSG00000283549,0.0
MIR2054,0.0
SNORD98,0.0
U2,0.0
MIR376B,0.0
MIR3158-2,0.0
MIR376A2,0.0
U6,0.0
ENSG00000283566,0.0
5_8S_rRNA,0.0
MIR4773-2,0.0
ENSG00000283571,0.0
MIR4251,0.0
U6,0.0
ENSG00000283576,0.0
MTND5P42,0.0
SULT6B2P,0.0
ENSG00000283583,0.0
ENSG00000283584,0.0
GKN3P,0.0
ENSG00000283587,0.0
MIR376A1,0.0
MIR4430,0.0
Y_RNA,0.0
MIR1295B,0.0
MS4A19P,0.0
ENSG00000283602,0.0
MIR4302,0.0
MIR338,0.0
OR4C48P,0.0
MIR4662A,0.0
TMEM274P,0.0
MIR103B1,0.0
CUPIN1P,0.0
MIR7973-2,0.0
MIR924,0.0
MIR5683,0.0
ENSG00000283618,0.0
MIR6759,0.0
MIR4328,0.0
TEDDM3P,0.0
MTATP6P10,0.0
MIR3155B,0.0
Metazoa_SRP,0.0
MIR4776-2,0.0
MIR9500,0.0
MIR5583-2,0.0
ENSG00000283653,0.0
MIR4483,0.0
ENSG00000283657,0.0
ENSG00000283659,0.0
MIR4679-1,0.0
MIR3974,0.0
U6,0.0
CD200LP,0.0
MIR4678,0.0
MIR4531,0.0
ENSG00000283675,0.0
MIR5087,0.0
MIR3913-2,0.0
MIR6830,0.0
ENSG00000283679,0.0
OR11K1P,0.0
MIR548AH,0.0
ENSG00000283684,0.0
MIR522,0.0
ENSG00000283686,0.0
MIR6715B,0.0
MIR3116-2,0.0
Y_RNA,0.0
MIR3202-2,0.0
ENSG00000283695,0.0
VINAC1P,0.0
MIR4481,0.0
MIR555,0.0
ENSG00000283704,0.0
MIR92A1,0.0
FAM238C,0.0
MIR1204,0.0
MIR6727,0.0
MIR6831,0.0
MIR6884,0.0
MIR6732,0.0
MIR5193,0.0
MIR7108,0.0
MIR146A,0.0
MIR4785,0.0
MIR484,0.0
ENSG00000283737,0.0
ENSG00000283743,0.0
MIR6755,0.0
MIR196B,0.0
MIR4781,0.0
MIR452,0.0
ENSG00000283752,0.0
ENSG00000283757,0.0
MIR614,0.0
MIR20A,0.0
MIR6850,0.0
MIR1178,0.0
MIR6849,0.0
MIR6778,0.0
ENSG00000283773,0.0
MIR632,0.0
MIR4329,0.0
MIR622,0.0
MIR15A,0.0
MIR936,0.0
MIR7846,0.0
MIR612,0.0
MIR4453,0.0
MIR6861,0.0
MIR4426,0.0
MIR6510,0.0
MIR29B1,0.0
MIR630,0.0
MIR1182,0.0
MIR1302-11,0.0
MIR3198-2,0.0
MIR636,0.0
MIR4485,0.0
MIR18A,0.0
MIR7844,0.0
MIR144,0.0
MIR6875,0.0
MIR639,0.0
MIR22,0.0
MIR378I,0.0
MIR6734,0.0
MIR6764,0.0
MIR4751,0.0
MIR214,0.0
MIR4721,0.0
MIR6872,0.0
MIR4738,0.0
MIR7703,0.0
MIR1247,0.0
MIR3674,0.0
MIR3960,0.0
MTND3P18,0.0
MIR1307,0.0
MIR130B,0.0
MIR3911,0.0
MIR4260,0.0
MTND6P35,0.0
MIR7704,0.0
MIR3916,0.0
MIR3714,0.0
MIR1469,0.0
MIR628,0.0
MIR1324,0.0
MIR761,0.0
MIR155,0.0
MIR6743,0.0
MIR1302-9,0.0
MIR6132,0.0
MIR192,0.0
MIR133A1,0.0
MIR637,0.0
MIR5010,0.0
MIR18B,0.0
MIR6878,0.0
MIR423,0.0
MIR3658,0.0
MIR3917,0.0
MTND3P15,0.0
MIR600,0.0
MIR4709,0.0
MIR6791,0.0
MIR3610,0.0
MIR1248,0.0
MIR6838,0.0
MIR4442,0.0
FAM247A,0.0
MIR365B,0.0
MIRLET7A3,0.0
MIR492,0.0
ENSG00000283999,0.0
MIR4458,0.0
ENSG00000284003,0.0
MIR6084,0.0
MIR6511B1,0.0
MIR675,0.0
MIR6502,0.0
MIR6840,0.0
MIR1281,0.0
MIR4697,0.0
MIR497,0.0
MIR4468,0.0
MIR6805,0.0
MIR4761,0.0
MIR29A,0.0
MIR5196,0.0
MIR5187,0.0
MIR10A,0.0
MIR296,0.0
MIR20B,0.0
MIR6836,0.0
ENSG00000284048,0.0
MIR650,0.0
MIR7112,0.0
MIR4315-1,0.0
MIR5572,0.0
ENSG00000284060,0.0
MIR4469,0.0
MIR6834,0.0
MIR6887,0.0
MIR6837,0.0
ENSG00000284071,0.0
MIR4758,0.0
SNORD138,0.0
MIR4775,0.0
MIR1199,0.0
MIR7109,0.0
AOX3P-AOX2P,0.0
MIR4732,0.0
MIR6844,0.0
MIR5703,0.0
MIR6073,0.0
ENSG00000284095,0.0
ENSG00000284098,0.0
MIR19B2,0.0
MIR611,0.0
MIR195,0.0
MIR6800,0.0
ENSG00000284116,0.0
MIR6883,0.0
MIR4707,0.0
MIR198,0.0
MIR6717,0.0
MIR1825,0.0
BCRP3,0.0
MIR6789,0.0
TUBA3FP,0.0
MIR568,0.0
MIR3654,0.0
ATP6V0CP4,0.0
MIR1234,0.0
MIR3618,0.0
MIR6845,0.0
MIR4700,0.0
MIR6866,0.0
MIR922,0.0
MIR3150B,0.0
MIR6756,0.0
MIR4784,0.0
MIR6758,0.0
MIR3605,0.0
MIR194-2,0.0
MIR106A,0.0
MIR6822,0.0
MIR3940,0.0
MIR7706,0.0
MIR4523,0.0
MIR3620,0.0
MTATP6P5,0.0
ENSG00000284171,0.0
MIR4315-2,0.0
MIR6513,0.0
MIR4763,0.0
MIR5090,0.0
MIR7-1,0.0
MIR3606,0.0
MIR143,0.0
MIR6506,0.0
MIR219A2,0.0
MIR3615,0.0
MIR21,0.0
MIR671,0.0
MIR1257,0.0
MIR6852,0.0
MIR658,0.0
MIR6847,0.0
MIR137,0.0
MIR29B2,0.0
MIR19A,0.0
CCNYL1B,0.0
MIR29C,0.0
MIR1909,0.0
MIR202,0.0
ENSG00000284221,0.0
MIR937,0.0
MIR6848,0.0
MIR424,0.0
ENSG00000284233,0.0
MIR1539,0.0
ENSG00000284242,0.0
MIR6716,0.0
MIR2682,0.0
MIR6516,0.0
MIR711,0.0
MIR4444-1,0.0
MIR1973,0.0
MIR5004,0.0
MIR8085,0.0
MIR6773,0.0
MIR4657,0.0
ENSG00000284263,0.0
MIR4683,0.0
MIR4534,0.0
MIR1181,0.0
MIR7855,0.0
MIR4321,0.0
MIR4800,0.0
MIR7162,0.0
MIR6843,0.0
MIR4712,0.0
MIR718,0.0
MIR378D2,0.0
MIR6820,0.0
MTCO2P10,0.0
MIR7113,0.0
ENSG00000284300,0.0
MIR3179-1,0.0
MIR939,0.0
MIR6742,0.0
MIR7114,0.0
MIR124-1,0.0
MIR3175,0.0
MIR3655,0.0
ENSG00000284327,0.0
ENSG00000284328,0.0
MIR9-3,0.0
MIR4741,0.0
MIR1302-2,0.0
MIR4651,0.0
MIR2277,0.0
MIR631,0.0
MIR2117,0.0
MIR940,0.0
MIR3622A,0.0
MIR142,0.0
MIR34A,0.0
MIR6125,0.0
MIR4745,0.0
MIR519A2,0.0
MIR224,0.0
MIR6824,0.0
MIR5047,0.0
MIR4640,0.0
MIR6808,0.0
MIR19B1,0.0
MIR1244-1,0.0
ENSG00000284380,0.0
MIR4313,0.0
MIR147B,0.0
MIR24-2,0.0
MIR4496,0.0
MIR4750,0.0
MIR3184,0.0
MIR7107,0.0
MIR5001,0.0
MIR6733,0.0
MIR3191,0.0
MIR4649,0.0
MIR1287,0.0
MIR1908,0.0
MIR663A,0.0
MIR7110,0.0
MIR4724,0.0
MIR8072,0.0
MIR4647,0.0
MIR1914,0.0
MIR4691,0.0
MIR6869,0.0
MIR122,0.0
MIR2110,0.0
MIR197,0.0
MIR1236,0.0
MIR9-2,0.0
MIR6501,0.0
MIR664B,0.0
MIR1-2,0.0
MIR1304,0.0
MIR24-1,0.0
MIR302B,0.0
MIR1306,0.0
MIR6721,0.0
ENSG00000284471,0.0
MIR4720,0.0
ENSG00000284474,0.0
MIR1292,0.0
MIR4680,0.0
MIR205,0.0
MIR6890,0.0
MIR6751,0.0
ENSG00000284490,0.0
MIR564,0.0
MIR363,0.0
MIR3652,0.0
MIR133A2,0.0
VAMP9P,0.0
MIR6873,0.0
MIR4658,0.0
MIR6741,0.0
MIRLET7B,0.0
ENSG00000284522,0.0
MIR4687,0.0
MIR4723,0.0
MIR6748,0.0
MIR17,0.0
MIR92A2,0.0
ENSG00000284540,0.0
MIR4517,0.0
MIR3614,0.0
MIR330,0.0
MIR2861,0.0
hsa-mir-8069-1,0.0
MIR6886,0.0
MIR1302-10,0.0
ENSG00000284558,0.0
MIR3064,0.0
MIR451A,0.0
MIR223,0.0
MIR371B,0.0
MIR7705,0.0
ENSG00000284572,0.0
MIR6787,0.0
MIR4793,0.0
MIR935,0.0
MIR5006,0.0
MIR4722,0.0
MIR92B,0.0
MIR943,0.0
ENSG00000284591,0.0
ENSG00000284592,0.0
MIR7847,0.0
MIR6785,0.0
MIR4467,0.0
ENSG00000284603,0.0
ENSG00000284604,0.0
ENPP7P15,0.0
ENSG00000284606,0.0
ENSG00000284608,0.0
ENSG00000284610,0.0
ENSG00000284611,0.0
ENSG00000284613,0.0
ENSG00000284614,0.0
ENSG00000284617,0.0
ENSG00000284619,0.0
ENSG00000284620,0.0
ENSG00000284621,0.0
ENSG00000284625,0.0
ENSG00000284627,0.0
ENSG00000284628,0.0
ENSG00000284630,0.0
ENSG00000284636,0.0
ENSG00000284637,0.0
ENSG00000284639,0.0
ENSG00000284648,0.0
ENSG00000284649,0.0
ENSG00000284651,0.0
ENSG00000284654,0.0
ENSG00000284655,0.0
ENSG00000284658,0.0
ENSG00000284659,0.0
ENSG00000284660,0.0
ENSG00000284661,0.0
ENSG00000284663,0.0
ENSG00000284665,0.0
RPSAP56,0.0
ENSG00000284671,0.0
ENSG00000284673,0.0
ENSG00000284679,0.0
ENSG00000284682,0.0
ENSG00000284687,0.0
BTN1A1P1,0.0
OR7E84P,0.0
CD300H,0.0
ENSG00000284697,0.0
ENSG00000284698,0.0
ENSG00000284706,0.0
ENSG00000284709,0.0
ENSG00000284711,0.0
ENSG00000284715,0.0
ENSG00000284717,0.0
ENSG00000284722,0.0
ENSG00000284724,0.0
ENSG00000284727,0.0
ENSG00000284728,0.0
ENSG00000284731,0.0
RNA5SP343,0.0
ENSG00000284740,0.0
OR11P1P,0.0
ENSG00000284746,0.0
ENSG00000290791,0.0
C3orf36,0.0
ENSG00000290146,0.0
ENSG00000290369,0.0
ENSG00000285268,0.0
ENSG00000285629,0.0
ENSG00000286064,0.0
ENSG00000285794,0.0
ENSG00000287810,0.0
ENSG00000286640,0.0
ENSG00000288208,0.0
ENSG00000288527,0.0
ENSG00000288543,0.0
ENSG00000285215,0.0
ENSG00000287607,0.0
ENSG00000286620,0.0
RNVU1-8,0.0
ENSG00000285062,0.0
ENSG00000284964,0.0
FAM91A2P,0.0
ENSG00000285818,0.0
LCEP3,0.0
ENSG00000285641,0.0
ENSG00000286073,0.0
ENSG00000286151,0.0
ENSG00000286005,0.0
ENSG00000288139,0.0
TOP1P1,0.0
ENSG00000285777,0.0
5S_rRNA,0.0
ENSG00000288562,0.0
ENSG00000285986,0.0
ENSG00000285417,0.0
ENSG00000286231,0.0
ENSG00000287450,0.0
ENSG00000286015,0.0
ENSG00000286905,0.0
5S_rRNA,0.0
ENSG00000288535,0.0
ENSG00000284932,0.0
ANAPC1P2,0.0
ENSG00000288437,0.0
BMS1P23,0.0
ENSG00000288524,0.0
ENSG00000286058,0.0
ENSG00000285819,0.0
ENSG00000288031,0.0
CDRT15P4,0.0
SCYGR9,0.0
ENSG00000285539,0.0
PRSS43P,0.0
ENSG00000285416,0.0
ENSG00000285749,0.0
ENSG00000285708,0.0
ENSG00000285635,0.0
ENSG00000288557,0.0
ENSG00000285585,0.0
ENSG00000287977,0.0
ENSG00000286396,0.0
ENSG00000288585,0.0
ENSG00000285558,0.0
ENSG00000288576,0.0
ENSG00000288588,0.0
ENSG00000284847,0.0
ENSG00000288567,0.0
ENSG00000288563,0.0
ENSG00000287924,0.0
ENSG00000285713,0.0
ENSG00000287770,0.0
ENSG00000285745,0.0
ENSG00000285522,0.0
ENSG00000288549,0.0
ENSG00000288579,0.0
ENSG00000288539,0.0
ENSG00000288643,0.0
ENSG00000288349,0.0
LINC01949,0.0
ENSG00000287794,0.0
ACTBP4,0.0
ENSG00000287067,0.0
ENSG00000285366,0.0
PDGFRL2P,0.0
ENSG00000288615,0.0
ENSG00000288612,0.0
ENSG00000288548,0.0
ENSG00000287002,0.0
ENSG00000285216,0.0
ENSG00000285799,0.0
ENSG00000288587,0.0
ENSG00000284829,0.0
ENSG00000288564,0.0
ENSG00000288014,0.0
ENSG00000285401,0.0
ENSG00000288560,0.0
ENSG00000286215,0.0
ENSG00000288529,0.0
ENSG00000288551,0.0
ENSG00000285889,0.0
ENSG00000288520,0.0
ENSG00000288584,0.0
LNCDAT,0.0
ENSG00000285733,0.0
ENSG00000287541,0.0
ENSG00000288525,0.0
ENSG00000285702,0.0
ENSG00000285398,0.0
ENSG00000285953,0.0
ENSG00000284840,0.0
ENSG00000288635,0.0
5S_rRNA,0.0
ENSG00000285659,0.0
ENSG00000285927,0.0
ENSG00000285862,0.0
PRSS52P,0.0
ENSG00000284858,0.0
ENSG00000285880,0.0
NPBWR1,0.0
ENSG00000285791,0.0
ENSG00000285579,0.0
ENSG00000284986,0.0
ENSG00000288556,0.0
ENSG00000288586,0.0
ENSG00000285645,0.0
ENSG00000288571,0.0
ENSG00000288225,0.0
CNTNAP3P7,0.0
ENSG00000286793,0.0
ENSG00000286506,0.0
ENSG00000287800,0.0
ENSG00000286916,0.0
ENSG00000287988,0.0
ENSG00000286945,0.0
ENSG00000288575,0.0
ENSG00000288271,0.0
ENSG00000286243,0.0
ENSG00000285115,0.0
ENSG00000284763,0.0
ENSG00000284962,0.0
ENSG00000285076,0.0
ENSG00000284867,0.0
ENSG00000285370,0.0
ENSG00000288537,0.0
ENSG00000285287,0.0
ENSG00000288566,0.0
ENSG00000284951,0.0
ENSG00000285781,0.0
ENSG00000285402,0.0
SNORA74C-2,0.0
ENSG00000285837,0.0
ENSG00000288559,0.0
ENSG00000288218,0.0
ENSG00000285257,0.0
ENSG00000285932,0.0
ENSG00000287779,0.0
ENSG00000286114,0.0
ENSG00000285498,0.0
ANKRD33BP3,0.0
ENSG00000288177,0.0
ENSG00000286704,0.0
ENSG00000285388,0.0
ENSG00000288538,0.0
ZNF75CP,0.0
ENSG00000288528,0.0
ENSG00000288255,0.0
ENSG00000287846,0.0
ENSG00000285901,0.0
ENSG00000285142,0.0
ENSG00000285854,0.0
ENSG00000288532,0.0
KRT88P,0.0
ENSG00000285102,0.0
ENSG00000285528,0.0
ENSG00000285625,0.0
ENSG00000287908,0.0
ENSG00000288530,0.0
ENSG00000285030,0.0
ENSG00000286220,0.0
ENSG00000288523,0.0
ENSG00000285228,0.0
ENSG00000288542,0.0
ENSG00000288600,0.0
ENSG00000288598,0.0
ENSG00000285576,0.0
THSD1P1,0.0
ENSG00000285323,0.0
ENSG00000285746,0.0
ENSG00000288552,0.0
ENSG00000286614,0.0
NBEAP6,0.0
ENSG00000287515,0.0
DHRS4L1,0.0
ENSG00000287111,0.0
ENSG00000288610,0.0
ENSG00000284834,0.0
ENSG00000284788,0.0
OR1Q1BP,0.0
OR4H6BP,0.0
OR11J6P,0.0
OR4Q1P,0.0
OR4H6P,0.0
ENSG00000286110,0.0
ENSG00000285035,0.0
ENSG00000284783,0.0
ENSG00000288627,0.0
ENSG00000285920,0.0
ENSG00000285942,0.0
ENSG00000285117,0.0
ENSG00000288645,0.0
ENSG00000288561,0.0
ENSG00000288592,0.0
ENSG00000288604,0.0
ENSG00000284803,0.0
ENSG00000287328,0.0
ENSG00000286901,0.0
ENSG00000285303,0.0
ENSG00000285020,0.0
ENSG00000286968,0.0
ENSG00000287353,0.0
5S_rRNA,0.0
ENSG00000287194,0.0
ENSG00000287694,0.0
ZCCHC14-DT,0.0
ENSG00000285760,0.0
ENSG00000286007,0.0
ENSG00000287058,0.0
FAM106B,0.0
ENSG00000286030,0.0
ENSG00000285057,0.0
ENSG00000288605,0.0
ENSG00000288533,0.0
DYNAPP3,0.0
5S_rRNA,0.0
ENSG00000288577,0.0
ENSG00000284985,0.0
ENSG00000286155,0.0
ENSG00000286252,0.0
ENSG00000286057,0.0
ENSG00000286012,0.0
ENSG00000286267,0.0
ENSG00000286146,0.0
ENSG00000286054,0.0
ENSG00000286178,0.0
ENSG00000286149,0.0
ENSG00000286032,0.0
ENSG00000286091,0.0
ENSG00000286148,0.0
ENSG00000288536,0.0
ENSG00000288555,0.0
ENSG00000288578,0.0
ENSG00000288266,0.0
ENSG00000288593,0.0
ZNF73P,0.0
ENSG00000286406,0.0
ENSG00000285045,0.0
ENSG00000285314,0.0
ENSG00000286129,0.0
ENSG00000285690,0.0
ENSG00000285697,0.0
ENSG00000288153,0.0
ENSG00000285531,0.0
ENSG00000288540,0.0
H2AL1MP,0.0
5S_rRNA,0.0
TUSC2P2,0.0
ENSG00000288597,0.0
ENSG00000288595,0.0
GPC3-AS1,0.0
H2AQ1P,0.0
TUSC2P1,0.0
ENSG00000286120,0.0
ENSG00000286173,0.0
ENSG00000286744,0.0
FAM25EP,0.0
ENSG00000290740,0.0
ENSG00000291294,0.0
ENSG00000290553,0.0
ENSG00000288670,0.0
ENSG00000290713,0.0
ENSG00000290735,0.0
ENSG00000288053,0.0
ENSG00000289810,0.0
ENSG00000290785,0.0
ENSG00000289503,0.0
ENSG00000290948,0.0
ENSG00000291030,0.0
YWHAEP7,0.0
CYP4Z2P,0.0
OR7E11P,0.0
TBC1D3P5,0.0
TEKT4P2,0.0
PLCXD1,0.0
GTPBP6,0.0
LINC00685,0.0
PPP2R3B,0.0
FABP5P13,0.0
KRT18P53,0.0
SHOX,0.0
RPL14P5,0.0
CRLF2,0.0
CSF2RA,0.0
MIR3690,0.0
RNA5SP498,0.0
IL3RA,0.0
SLC25A6,0.0
LINC00106,0.0
ASMTL-AS1,0.0
ASMTL,0.0
P2RY8,0.0
AKAP17A,0.0
ASMT,0.0
DHRSX,0.0
DHRSX-IT1,0.0
ZBED1,0.0
MIR6089,0.0
CD99P1,0.0
LINC00102,0.0
CD99,0.0
AMD1P2,0.0
DPH3P2,0.0
VAMP7,0.0
IL9R,0.0
WASIR1,0.0
WASH6P,0.0
DDX11L16,0.0
FAM197Y9,0.0
TTTY16,0.0
FAM197Y3,0.0
FAM41AY2,0.0
ENSG00000285839,0.0
ENSG00000285779,0.0
ENSG00000286185,0.0
ENSG00000286088,0.0
ENSG00000285816,0.0
ENSG00000285827,0.0
ENSG00000286221,0.0
ENSG00000285897,0.0
ENSG00000285947,0.0
ENSG00000285589,0.0
ENSG00000286098,0.0
ENSG00000286132,0.0
ENSG00000285526,0.0
ENSG00000286239,0.0
ENSG00000285542,0.0
ENSG00000286165,0.0
ENSG00000286143,0.0
ENSG00000286022,0.0
ENSG00000286235,0.0
GET1-SH3BGR,0.0
SPICE1-CFAP44,0.0
ENSG00000285868,0.0
ENSG00000285978,0.0
ENSG00000286001,0.0
ENSG00000285991,0.0
ENSG00000286192,0.0
ENSG00000285772,0.0
ENSG00000285982,0.0
ENSG00000285655,0.0
KYAT1,0.0
ENSG00000285602,0.0
ENSG00000285547,0.0
ENSG00000286268,0.0
ENSG00000288690,0.0
ENSG00000288686,0.0
ELOA3DP,0.0
ELOA3P,0.0
ENSG00000287856,0.0
ENSG00000288644,0.0
ENSG00000288629,0.0
ENSG00000288626,0.0
ENSG00000288674,0.0
ENSG00000288636,0.0
ENSG00000288678,0.0
ENSG00000288723,0.0
ENSG00000285959,0.0
ENSG00000286600,0.0
ENSG00000289565,0.0
ENSG00000285851,0.0
ENSG00000289466,0.0
ENSG00000288925,0.0
ENSG00000289341,0.0
ENSG00000288862,0.0
ENSG00000289483,0.0
ENSG00000288760,0.0
ENSG00000289457,0.0
ENSG00000289602,0.0
ENSG00000289377,0.0
ENSG00000288835,0.0
ENSG00000289055,0.0
ENSG00000289408,0.0
ENSG00000289484,0.0
ENSG00000288738,0.0
ENSG00000288955,0.0
ENSG00000289273,0.0
ENSG00000288804,0.0
ENSG00000289573,0.0
ENSG00000289402,0.0
ENSG00000289288,0.0
ENSG00000289103,0.0
ENSG00000289589,0.0
ENSG00000289432,0.0
ENSG00000289367,0.0
ENSG00000289041,0.0
ENSG00000289544,0.0
ENSG00000289576,0.0
ENSG00000289880,0.0
ENSG00000289452,0.0
ENSG00000289348,0.0
ENSG00000289355,0.0
ENSG00000288927,0.0
ENSG00000289610,0.0
ZNF496-DT,0.0
ENSG00000288775,0.0
ENSG00000289099,0.0
LSP1P5,0.0
ENSG00000289439,0.0
ENSG00000289071,0.0
ENSG00000288934,0.0
ENSG00000289062,0.0
ENSG00000289426,0.0
ENSG00000289318,0.0
ENSG00000289291,0.0
ENSG00000289141,0.0
ENSG00000288999,0.0
ENSG00000289582,0.0
ENSG00000289394,0.0
ENSG00000288822,0.0
ENSG00000289612,0.0
ENSG00000289114,0.0
ENSG00000289407,0.0
ENSG00000289305,0.0
ENSG00000289057,0.0
ENSG00000289106,0.0
ENSG00000289212,0.0
ENSG00000288826,0.0
ENSG00000289014,0.0
ENSG00000288880,0.0
ENSG00000289121,0.0
ENSG00000288803,0.0
ENSG00000288736,0.0
ENSG00000289419,0.0
ENSG00000289554,0.0
ENSG00000289566,0.0
ENSG00000289192,0.0
ENSG00000289642,0.0
ENSG00000289581,0.0
ENSG00000289628,0.0
ENSG00000289380,0.0
ENSG00000289425,0.0
ENSG00000285859,0.0
ENSG00000285846,0.0
MLDHR,0.0
ENSG00000289258,0.0
ENSG00000289325,0.0
ENSG00000289487,0.0
ENSG00000289143,0.0
ENSG00000289444,0.0
ENSG00000289585,0.0
ENSG00000288823,0.0
ENSG00000288893,0.0
ENSG00000289592,0.0
ZEBTR,0.0
ENSG00000288874,0.0
ENSG00000289280,0.0
ENSG00000289597,0.0
ENSG00000289239,0.0
ENSG00000289400,0.0
ENSG00000289087,0.0
ENSG00000289633,0.0
ENSG00000289441,0.0
ENSG00000288938,0.0
ENSG00000288755,0.0
ENSG00000288875,0.0
ENSG00000289301,0.0
ENSG00000288922,0.0
ENSG00000289350,0.0
ENSG00000289299,0.0
DDIT4-AS1,0.0
ENSG00000288987,0.0
ENSG00000289126,0.0
ENSG00000289427,0.0
ENSG00000289616,0.0
ENSG00000289158,0.0
ENSG00000289266,0.0
ENSG00000289362,0.0
ENSG00000289580,0.0
ENSG00000289607,0.0
ENSG00000288915,0.0
ENSG00000288844,0.0
ENSG00000289039,0.0
ENSG00000289395,0.0
ENSG00000288933,0.0
ENSG00000289193,0.0
ENSG00000289527,0.0
ENSG00000289188,0.0
ENSG00000289363,0.0
ENSG00000289270,0.0
ENSG00000288918,0.0
ENSG00000289092,0.0
ENSG00000289528,0.0
ENSG00000288757,0.0
ENSG00000289328,0.0
HECTD2-AS1,0.0
ENSG00000289386,0.0
ENSG00000288534,0.0
ENSG00000288681,0.0
ENSG00000285338,0.0
ENSG00000287725,0.0
ENSG00000289116,0.0
ENSG00000289499,0.0
ENSG00000289553,0.0
ENSG00000288833,0.0
ENSG00000289231,0.0
ENSG00000289526,0.0
ENSG00000289230,0.0
ENSG00000289631,0.0
ENSG00000289518,0.0
ENSG00000289339,0.0
ENSG00000289093,0.0
ENSG00000289150,0.0
ENSG00000289560,0.0
ENSG00000289232,0.0
ENSG00000289259,0.0
IUR1,0.0
ENSG00000288907,0.0
ENSG00000289398,0.0
ENSG00000289223,0.0
ENSG00000289383,0.0
COX8BP,0.0
ENSG00000288975,0.0
ENSG00000288853,0.0
ENSG00000289621,0.0
ENSG00000289562,0.0
ENSG00000288809,0.0
ENSG00000289124,0.0
ENSG00000289074,0.0
ENSG00000289343,0.0
ENSG00000289391,0.0
ENSG00000289268,0.0
ENSG00000289399,0.0
ENSG00000289058,0.0
ENSG00000289468,0.0
ENSG00000288852,0.0
ENSG00000288663,0.0
ENSG00000288665,0.0
ENSG00000288591,0.0
ENSG00000288623,0.0
ENSG00000289605,0.0
ENSG00000288710,0.0
ENSG00000289311,0.0
ENSG00000288744,0.0
ENSG00000289218,0.0
ENSG00000289309,0.0
ENSG00000289173,0.0
ENSG00000289105,0.0
ENSG00000289229,0.0
ENSG00000289344,0.0
ENSG00000289510,0.0
ENSG00000289595,0.0
ENSG00000289303,0.0
ENSG00000289174,0.0
ENSG00000289319,0.0
ENSG00000289046,0.0
ENSG00000288729,0.0
ENSG00000289154,0.0
ENSG00000288941,0.0
ENSG00000289384,0.0
ENSG00000289101,0.0
ENSG00000289557,0.0
ENSG00000288814,0.0
ENSG00000289387,0.0
ENSG00000288971,0.0
ENSG00000289516,0.0
ENSG00000289040,0.0
ENSG00000288984,0.0
ENSG00000289310,0.0
ENSG00000289476,0.0
ENSG00000289369,0.0
ENSG00000289401,0.0
ENSG00000289437,0.0
ENSG00000289283,0.0
ENSG00000288863,0.0
ENSG00000285764,0.0
ENSG00000288716,0.0
ENSG00000289302,0.0
ENSG00000289454,0.0
ENSG00000289594,0.0
ENSG00000289644,0.0
ENSG00000289006,0.0
ENSG00000288768,0.0
ENSG00000289217,0.0
ENSG00000289235,0.0
ENSG00000289010,0.0
ENSG00000289569,0.0
ENSG00000289354,0.0
ENSG00000289125,0.0
ENSG00000289381,0.0
ENSG00000288743,0.0
ENSG00000288767,0.0
ENSG00000289475,0.0
ENSG00000289204,0.0
ENSG00000289617,0.0
ENSG00000289332,0.0
ENSG00000288765,0.0
ENSG00000289442,0.0
ENSG00000289436,0.0
ENSG00000289290,0.0
ENSG00000289482,0.0
ENSG00000289583,0.0
ENSG00000289347,0.0
ENSG00000288797,0.0
ENSG00000289340,0.0
ENSG00000288730,0.0
ENSG00000288795,0.0
ENSG00000289278,0.0
ENSG00000289424,0.0
ENSG00000288779,0.0
ENSG00000289049,0.0
ENSG00000289111,0.0
ENSG00000289626,0.0
ENSG00000288820,0.0
ENSG00000289598,0.0
ENSG00000289495,0.0
ENSG00000289207,0.0
ENSG00000289180,0.0
ENSG00000288931,0.0
ENSG00000288762,0.0
ENSG00000289137,0.0
ENSG00000289536,0.0
ENSG00000289195,0.0
ENSG00000289523,0.0
ENSG00000288802,0.0
ENSG00000289208,0.0
ENSG00000288928,0.0
ENSG00000289098,0.0
ENSG00000288855,0.0
ENSG00000288625,0.0
ENSG00000289025,0.0
ARHGAP11A-SCG5,0.0
ENSG00000289397,0.0
ENSG00000289028,0.0
ENSG00000289289,0.0
ENSG00000289148,0.0
ENSG00000288726,0.0
ENSG00000289571,0.0
ENSG00000288872,0.0
ENSG00000289464,0.0
ENSG00000289162,0.0
ENSG00000289128,0.0
ENSG00000289277,0.0
ENSG00000289547,0.0
ENSG00000289200,0.0
ENSG00000289066,0.0
ENSG00000289525,0.0
ENSG00000289271,0.0
ENSG00000288901,0.0
ENSG00000289561,0.0
ENSG00000289522,0.0
ENSG00000289017,0.0
ENSG00000288745,0.0
ENSG00000285952,0.0
ENSG00000285628,0.0
ENSG00000288656,0.0
ENSG00000288715,0.0
ENSG00000289491,0.0
ENSG00000289281,0.0
ENSG00000289029,0.0
ENSG00000289080,0.0
ENSG00000289336,0.0
ENSG00000289222,0.0
ENSG00000289067,0.0
ENSG00000288801,0.0
ENSG00000288753,0.0
ENSG00000289551,0.0
ENSG00000289181,0.0
ENSG00000289151,0.0
ENSG00000288854,0.0
ENSG00000289423,0.0
ENSG00000289073,0.0
ENSG00000289119,0.0
ENSG00000289640,0.0
ENSG00000289618,0.0
ENSG00000289415,0.0
ENSG00000288983,0.0
ENSG00000288935,0.0
ENSG00000289004,0.0
ENSG00000288821,0.0
ENSG00000289171,0.0
ENSG00000289107,0.0
ENSG00000289023,0.0
ENSG00000289353,0.0
ENSG00000289164,0.0
ENSG00000288849,0.0
ENSG00000284876,0.0
ENSG00000288894,0.0
ENSG00000289211,0.0
ENSG00000288961,0.0
ENSG00000289252,0.0
ENSG00000288993,0.0
ENSG00000289453,0.0
ENSG00000288877,0.0
ENSG00000288807,0.0
ENSG00000289070,0.0
ENSG00000288929,0.0
ENSG00000289110,0.0
ENSG00000289599,0.0
ENSG00000289293,0.0
ENSG00000289213,0.0
ENSG00000289016,0.0
ENSG00000289024,0.0
ENSG00000288750,0.0
ENSG00000289011,0.0
ENSG00000288909,0.0
ENSG00000289140,0.0
ENSG00000288748,0.0
ENSG00000289485,0.0
ENSG00000289587,0.0
ENSG00000289021,0.0
ENSG00000290039,0.0
ENSG00000289388,0.0
ENSG00000289182,0.0
ENSG00000289371,0.0
ENSG00000289579,0.0
ENSG00000288923,0.0
ENSG00000289624,0.0
ENSG00000289064,0.0
ENSG00000288939,0.0
ENSG00000289061,0.0
ENSG00000289131,0.0
ENSG00000289550,0.0
ENSG00000288828,0.0
ENSG00000289168,0.0
ENSG00000288917,0.0
ENSG00000288800,0.0
ENSG00000288839,0.0
ENSG00000288671,0.0
ENSG00000288669,0.0
ENSG00000288704,0.0
RPSA2,0.0
ENSG00000289539,0.0
ENSG00000289378,0.0
ENSG00000289246,0.0
ENSG00000289297,0.0
ENSG00000289298,0.0
ENSG00000288731,0.0
ENSG00000289543,0.0
LINC01530,0.0
ENSG00000289254,0.0
ENSG00000288919,0.0
ENSG00000288790,0.0
ENSG00000289333,0.0
ENSG00000288742,0.0
ENSG00000288773,0.0
ENSG00000289115,0.0
ENSG00000288830,0.0
ENSG00000289030,0.0
ENSG00000289471,0.0
ENSG00000289330,0.0
ENSG00000288906,0.0
ENSG00000288942,0.0
ENSG00000288837,0.0
ENSG00000288827,0.0
ENSG00000288815,0.0
ENSG00000288899,0.0
ENSG00000289428,0.0
ENSG00000288770,0.0
ENSG00000289187,0.0
ENSG00000289102,0.0
ENSG00000288953,0.0
NCAL1,0.0
RNF228,0.0
ENSG00000288582,0.0
ENSG00000288707,0.0
ENSG00000289490,0.0
ENSG00000288958,0.0
ENSG00000288900,0.0
ENSG00000289035,0.0
ENSG00000288902,0.0
ENSG00000288937,0.0
ENSG00000288858,0.0
ENSG00000288960,0.0
ENSG00000289202,0.0
ENSG00000288857,0.0
ENSG00000289296,0.0
ENSG00000289300,0.0
ENSG00000289033,0.0
ENSG00000288866,0.0
ENSG00000289326,0.0
ENSG00000289253,0.0
ENSG00000288786,0.0
ENSG00000289389,0.0
ENSG00000289156,0.0
ENSG00000289474,0.0
ENSG00000289136,0.0
ENSG00000289191,0.0
ENSG00000288898,0.0
ENSG00000289349,0.0
ENSG00000289157,0.0
ENSG00000289556,0.0
ENSG00000289374,0.0
ENSG00000289429,0.0
ENSG00000289364,0.0
ENSG00000288886,0.0
ENSG00000289247,0.0
ENSG00000289608,0.0
ENSG00000288791,0.0
ENSG00000289018,0.0
ENSG00000288734,0.0
ENSG00000289077,0.0
ENSG00000289026,0.0
ENSG00000289410,0.0
ENSG00000289422,0.0
ENSG00000289529,0.0
ENSG00000288992,0.0
ENSG00000288732,0.0
ENSG00000289533,0.0
ENSG00000289294,0.0
ENSG00000289370,0.0
ENSG00000289002,0.0
ENSG00000289567,0.0
ENSG00000289129,0.0
ENSG00000289205,0.0
ENSG00000289065,0.0
ENSG00000288932,0.0
ENSG00000289327,0.0
ENSG00000289555,0.0
ENSG00000289261,0.0
ENSG00000289615,0.0
ENSG00000289076,0.0
SMANTIS,0.0
ENSG00000289113,0.0
ENSG00000289091,0.0
ENSG00000289463,0.0
ENSG00000289003,0.0
ENSG00000289265,0.0
ENSG00000289627,0.0
ENSG00000289013,0.0
ENSG00000289498,0.0
ENSG00000288994,0.0
ENSG00000289534,0.0
ENSG00000289272,0.0
ENSG00000289250,0.0
ENSG00000289606,0.0
ENSG00000289488,0.0
ENSG00000288948,0.0
ENSG00000288000,0.0
ENSG00000289012,0.0
ENSG00000289494,0.0
ENSG00000289183,0.0
ENSG00000289492,0.0
ENSG00000288946,0.0
ENSG00000288974,0.0
ENSG00000289236,0.0
ENSG00000289431,0.0
ENSG00000289537,0.0
ENSG00000289634,0.0
ENSG00000289199,0.0
ENSG00000289172,0.0
ENSG00000289072,0.0
ENSG00000288843,0.0
ENSG00000289577,0.0
ENSG00000289373,0.0
ENSG00000288878,0.0
ENSG00000289548,0.0
ENSG00000289505,0.0
ENSG00000289572,0.0
ENSG00000288711,0.0
ENSG00000289009,0.0
ENSG00000288885,0.0
ENSG00000289221,0.0
ENSG00000289513,0.0
ENSG00000289322,0.0
ENSG00000289445,0.0
ENSG00000289144,0.0
ENSG00000289421,0.0
ENSG00000289404,0.0
ENSG00000288842,0.0
ENSG00000289511,0.0
ENSG00000289238,0.0
ENSG00000289546,0.0
ENSG00000289001,0.0
ENSG00000289224,0.0
ENSG00000289538,0.0
FAM246C,0.0
ENSG00000288683,0.0
ENSG00000285968,0.0
ENSG00000288719,0.0
ENSG00000289517,0.0
ENSG00000288834,0.0
ENSG00000289481,0.0
ENSG00000289044,0.0
ENSG00000289489,0.0
ENSG00000288778,0.0
ENSG00000289244,0.0
ENSG00000289120,0.0
ENSG00000288811,0.0
ENSG00000289564,0.0
ENSG00000288871,0.0
ENSG00000288861,0.0
ENSG00000289292,0.0
ENSG00000288777,0.0
ENSG00000288662,0.0
ENSG00000288667,0.0
ENSG00000288698,0.0
ENSG00000288679,0.0
ENSG00000288550,0.0
ENSG00000288720,0.0
ENSG00000288717,0.0
ENSG00000288703,0.0
ENSG00000288724,0.0
ENSG00000288718,0.0
ENSG00000288713,0.0
ENSG00000289324,0.0
ENSG00000289219,0.0
ENSG00000288926,0.0
ENSG00000289063,0.0
ENSG00000289086,0.0
ENSG00000288990,0.0
ENSG00000288996,0.0
ENSG00000288787,0.0
ENSG00000288979,0.0
ENSG00000288988,0.0
ENSG00000288848,0.0
ENSG00000289409,0.0
ENSG00000289500,0.0
ENSG00000288952,0.0
ENSG00000289043,0.0
ENSG00000289451,0.0
ENSG00000289385,0.0
ENSG00000289153,0.0
ENSG00000289169,0.0
ENSG00000289641,0.0
ENSG00000289509,0.0
ENSG00000288831,0.0
ENSG00000289446,0.0
ENSG00000289450,0.0
ENSG00000289118,0.0
ENSG00000289351,0.0
ENSG00000289420,0.0
ENSG00000289460,0.0
ENSG00000289358,0.0
ENSG00000288895,0.0
ENSG00000288868,0.0
ENSG00000289165,0.0
ENSG00000289435,0.0
ENSG00000289558,0.0
ENSG00000289331,0.0
THRB-AS2,0.0
ENSG00000289078,0.0
ENSG00000288700,0.0
ENSG00000288794,0.0
ENSG00000288969,0.0
ENSG00000289507,0.0
ENSG00000289417,0.0
ENSG00000289519,0.0
ENSG00000289233,0.0
ENSG00000289396,0.0
ENSG00000289279,0.0
ENSG00000289632,0.0
ENSG00000289504,0.0
ENSG00000289138,0.0
ENSG00000288780,0.0
ENSG00000289629,0.0
ENSG00000289574,0.0
ENSG00000289134,0.0
ENSG00000288793,0.0
ENSG00000288769,0.0
ENSG00000289469,0.0
ENSG00000288589,0.0
HERC3,0.0
ENSG00000288606,0.0
ENSG00000288637,0.0
ENSG00000288692,0.0
ENSG00000288691,0.0
ENSG00000288685,0.0
ENSG00000288695,0.0
ENSG00000288796,0.0
ENSG00000289249,0.0
INKILN,0.0
ENSG00000289032,0.0
ENSG00000289019,0.0
ENSG00000288785,0.0
CHAER1,0.0
ENSG00000289532,0.0
ENSG00000289149,0.0
ENSG00000288940,0.0
ENSG00000289379,0.0
ENSG00000288998,0.0
ENSG00000289034,0.0
ENSG00000288951,0.0
ENSG00000289515,0.0
ENSG00000289496,0.0
ENSG00000289342,0.0
ENSG00000288776,0.0
ENSG00000289197,0.0
ENSG00000289241,0.0
ENSG00000289139,0.0
ENSG00000289243,0.0
ENSG00000289320,0.0
ENSG00000288921,0.0
ENSG00000289201,0.0
ENSG00000289586,0.0
ENSG00000289186,0.0
ENSG00000289393,0.0
ENSG00000289643,0.0
ENSG00000289414,0.0
ENSG00000288913,0.0
ENSG00000289508,0.0
ENSG00000288728,0.0
ENSG00000288659,0.0
ENSG00000289096,0.0
ENSG00000289308,0.0
ENSG00000289520,0.0
ENSG00000289210,0.0
ENSG00000289480,0.0
ENSG00000289361,0.0
ENSG00000289392,0.0
ENSG00000289314,0.0
ENSG00000288781,0.0
ENSG00000289443,0.0
ENSG00000288888,0.0
ENSG00000288697,0.0
PDCD6-AHRR,0.0
ENSG00000288766,0.0
ENSG00000289478,0.0
ENSG00000289317,0.0
ENSG00000288758,0.0
ENSG00000289152,0.0
ENSG00000289196,0.0
ENSG00000289497,0.0
ENSG00000289462,0.0
ENSG00000288764,0.0
ENSG00000289056,0.0
ENSG00000289493,0.0
ENSG00000288892,0.0
ENSG00000289601,0.0
ENSG00000289075,0.0
ENSG00000289267,0.0
ENSG00000288774,0.0
ENSG00000288936,0.0
ENSG00000289535,0.0
ENSG00000288911,0.0
ENSG00000289088,0.0
ENSG00000288737,0.0
ENSG00000288741,0.0
ENSG00000289274,0.0
ENSG00000288799,0.0
ENSG00000288763,0.0
ENSG00000288978,0.0
ENSG00000288846,0.0
ENSG00000288883,0.0
ENSG00000288740,0.0
ENSG00000289112,0.0
ENSG00000289390,0.0
ENSG00000289170,0.0
ENSG00000289155,0.0
ENSG00000289458,0.0
ENSG00000288912,0.0
ENSG00000288967,0.0
ENSG00000289337,0.0
ENSG00000288930,0.0
ENSG00000289060,0.0
ENSG00000289260,0.0
ENSG00000289540,0.0
ENSG00000289639,0.0
ENSG00000289085,0.0
ENSG00000288890,0.0
ENSG00000289264,0.0
ENSG00000288965,0.0
ENSG00000289430,0.0
ENSG00000289054,0.0
ENSG00000289306,0.0
ENSG00000288614,0.0
ENSG00000288473,0.0
ENSG00000288646,0.0
ENSG00000288648,0.0
ENSG00000288714,0.0
ENSG00000288712,0.0
ENSG00000288708,0.0
ENSG00000288721,0.0
ENSG00000289282,0.0
ENSG00000289190,0.0
ENSG00000289501,0.0
ENSG00000289375,0.0
ENSG00000289559,0.0
ENSG00000288812,0.0
ENSG00000289178,0.0
ENSG00000289447,0.0
ENSG00000289312,0.0
ENSG00000289304,0.0
ENSG00000289368,0.0
ENSG00000288751,0.0
ENSG00000289097,0.0
ENSG00000288696,0.0
ENSG00000289372,0.0
ENSG00000289406,0.0
ENSG00000289081,0.0
ENSG00000288860,0.0
ENSG00000289020,0.0
ENSG00000289203,0.0
ENSG00000288836,0.0
ENSG00000288916,0.0
ENSG00000288970,0.0
ENSG00000289623,0.0
LINC01512,0.0
ENSG00000288805,0.0
ENSG00000289198,0.0
ENSG00000289117,0.0
ENSG00000288959,0.0
ENSG00000289376,0.0
ENSG00000289637,0.0
ENSG00000288879,0.0
ENSG00000289256,0.0
ENSG00000289286,0.0
ENSG00000289456,0.0
ENSG00000288977,0.0
ENSG00000289262,0.0
ENSG00000288747,0.0
ENSG00000289359,0.0
ENSG00000289090,0.0
ENSG00000288851,0.0
ENSG00000288887,0.0
ENSG00000288813,0.0
ENSG00000289257,0.0
ENSG00000289100,0.0
ENSG00000289047,0.0
ENSG00000288840,0.0
ENSG00000288910,0.0
ENSG00000289433,0.0
ENSG00000288845,0.0
ENSG00000289216,0.0
ENSG00000288829,0.0
ENSG00000289609,0.0
ENSG00000289045,0.0
ENSG00000289276,0.0
ENSG00000289611,0.0
ENSG00000285725,0.0
DUS4L-BCAP29,0.0
ENSG00000288620,0.0
ENSG00000288633,0.0
ENSG00000288634,0.0
ENSG00000288608,0.0
ENSG00000288640,0.0
ENSG00000289027,0.0
ENSG00000289346,0.0
ENSG00000289360,0.0
ENSG00000288914,0.0
ENSG00000289366,0.0
ENSG00000288746,0.0
ENSG00000289630,0.0
ENSG00000289108,0.0
ENSG00000289335,0.0
ENSG00000289434,0.0
ENSG00000288798,0.0
ENSG00000289578,0.0
ENSG00000289470,0.0
ENSG00000289588,0.0
ENSG00000289177,0.0
ENSG00000288962,0.0
ENSG00000289403,0.0
ENSG00000289052,0.0
FPASL,0.0
ENSG00000289189,0.0
ENSG00000289248,0.0
ENSG00000288947,0.0
ENSG00000289352,0.0
ENSG00000288976,0.0
ENSG00000289418,0.0
ENSG00000289015,0.0
ENSG00000288882,0.0
ENSG00000289251,0.0
ENSG00000289146,0.0
ENSG00000289109,0.0
ENSG00000288997,0.0
ENSG00000289438,0.0
ENSG00000289053,0.0
ENSG00000289042,0.0
ENSG00000289089,0.0
ENSG00000289345,0.0
ENSG00000289613,0.0
ENSG00000288792,0.0
ENSG00000289175,0.0
ENSG00000288973,0.0
ENSG00000288881,0.0
ENSG00000289269,0.0
HRURF,0.0
ENSG00000288761,0.0
ENSG00000288964,0.0
ENSG00000289521,0.0
ENSG00000289225,0.0
ENSG00000289461,0.0
ENSG00000289275,0.0
ENSG00000289603,0.0
ENSG00000288735,0.0
ENSG00000289316,0.0
ENSG00000289477,0.0
ENSG00000289104,0.0
ENSG00000289263,0.0
ENSG00000289473,0.0
ENSG00000289405,0.0
ENSG00000288782,0.0
ENSG00000289095,0.0
ENSG00000289050,0.0
ENSG00000289338,0.0
ENSG00000289622,0.0
ENSG00000288985,0.0
ENSG00000288752,0.0
ENSG00000289161,0.0
ENSG00000289382,0.0
ENSG00000288818,0.0
ENSG00000288756,0.0
ENSG00000289334,0.0
ENSG00000289514,0.0
ENSG00000289323,0.0
ENSG00000288897,0.0
ENSG00000289584,0.0
ENSG00000289145,0.0
ENSG00000288966,0.0
ENSG00000289284,0.0
ENSG00000289357,0.0
ENSG00000288945,0.0
ENSG00000289502,0.0
ENSG00000289094,0.0
OR4F8BP,0.0
ENSG00000288570,0.0
ENSG00000288699,0.0
ENSG00000288684,0.0
ENSG00000288694,0.0
ENSG00000288841,0.0
ENSG00000289220,0.0
ENSG00000288949,0.0
ENSG00000289159,0.0
ENSG00000289163,0.0
ENSG00000288956,0.0
ENSG00000288865,0.0
ENSG00000289459,0.0
ENSG00000289123,0.0
ENSG00000289031,0.0
ENSG00000289079,0.0
ENSG00000289166,0.0
ENSG00000289185,0.0
ENSG00000288891,0.0
ENSG00000288838,0.0
ENSG00000289552,0.0
ENSG00000289000,0.0
ENSG00000288903,0.0
ENSG00000289226,0.0
ENSG00000288727,0.0
ENSG00000289285,0.0
ENSG00000288968,0.0
ENSG00000288873,0.0
ENSG00000288989,0.0
ENSG00000289440,0.0
ENSG00000289356,0.0
ENSG00000289227,0.0
ENSG00000288924,0.0
ENSG00000288995,0.0
ENSG00000289295,0.0
ENSG00000289214,0.0
ENSG00000288876,0.0
ENSG00000288771,0.0
ENSG00000288258,0.0
ENSG00000288661,0.0
ENSG00000288680,0.0
ENSG00000288706,0.0
ENSG00000289245,0.0
ENSG00000289365,0.0
ENSG00000289570,0.0
ENSG00000288739,0.0
ENSG00000288759,0.0
ENSG00000289127,0.0
ENSG00000289068,0.0
LINC03112,0.0
ENSG00000289596,0.0
ENSG00000288817,0.0
ENSG00000289591,0.0
ENSG00000289479,0.0
ENSG00000289237,0.0
ENSG00000289038,0.0
ENSG00000289575,0.0
ENSG00000288856,0.0
ENSG00000288783,0.0
ENSG00000289287,0.0
ENSG00000289215,0.0
ENSG00000289472,0.0
ENSG00000288908,0.0
ENSG00000289449,0.0
ENSG00000288832,0.0
ENSG00000288980,0.0
ENSG00000289132,0.0
ENSG00000290774,0.0
ENSG00000289653,0.0
ENSG00000289685,0.0
ENSG00000289687,0.0
ENSG00000289688,0.0
ENSG00000289689,0.0
ENSG00000289690,0.0
ENSG00000289691,0.0
ENSG00000289692,0.0
ENSG00000289694,0.0
ENSG00000289695,0.0
ENSG00000289697,0.0
ENSG00000289698,0.0
ENSG00000289699,0.0
ENSG00000289700,0.0
ENSG00000289701,0.0
ENSG00000289702,0.0
ENSG00000289703,0.0
ENSG00000289704,0.0
ENSG00000289705,0.0
ENSG00000289706,0.0
ENSG00000289707,0.0
ENSG00000289708,0.0
ENSG00000289709,0.0
ENSG00000289710,0.0
ENSG00000289711,0.0
ENSG00000289712,0.0
ENSG00000289713,0.0
ENSG00000289714,0.0
ENSG00000289715,0.0
XNDC1N-ZNF705EP-ALG1L9P,0.0
XNDC1CP,0.0
ENSG00000289720,0.0
PYDC5,0.0
ENSG00000289723,0.0
ENSG00000289724,0.0
ENSG00000289725,0.0
ENSG00000289726,0.0
ENSG00000289727,0.0
ENSG00000289729,0.0
ENSG00000289730,0.0
ENSG00000289731,0.0
ENSG00000289732,0.0
ENSG00000289734,0.0
ENSG00000289735,0.0
ENSG00000289736,0.0
ENSG00000289739,0.0
TALAM1,0.0
ENSG00000289741,0.0
CD200R1P1,0.0
ENSG00000289744,0.0
ENSG00000289745,0.0
TARP,0.0
ENSG00000289747,0.0
ENSG00000289748,0.0
ENSG00000289750,0.0
ENSG00000289752,0.0
ENSG00000289754,0.0
ENSG00000289755,0.0
ENSG00000289756,0.0
ENSG00000289757,0.0
ENSG00000289758,0.0
ENSG00000289760,0.0
ENSG00000289761,0.0
SMIM46,0.0
ENSG00000289763,0.0
ENSG00000289764,0.0
ENSG00000289766,0.0
ENSG00000289767,0.0
ENSG00000289768,0.0
ENSG00000289788,0.0
ENSG00000289791,0.0
ENSG00000289809,0.0
FAM95A,0.0
ENSG00000289814,0.0
ENSG00000289827,0.0
ENSG00000289828,0.0
ENSG00000289829,0.0
ENSG00000289831,0.0
ENSG00000289832,0.0
ENSG00000289833,0.0
ENSG00000289834,0.0
ENSG00000289835,0.0
ENSG00000289836,0.0
ENSG00000289837,0.0
ENSG00000289838,0.0
ENSG00000289839,0.0
ENSG00000289841,0.0
ENSG00000289842,0.0
BMS1P14,0.0
ENSG00000289844,0.0
ENSG00000289845,0.0
ENSG00000289846,0.0
ENSG00000289847,0.0
ENSG00000289848,0.0
ENSG00000289849,0.0
ENSG00000289850,0.0
ENSG00000289851,0.0
ENSG00000289852,0.0
ENSG00000289853,0.0
ENSG00000289854,0.0
ENSG00000289855,0.0
ENSG00000289856,0.0
ENSG00000289857,0.0
ENSG00000289858,0.0
ENSG00000289859,0.0
ENSG00000289860,0.0
ENSG00000289861,0.0
ENSG00000289863,0.0
ENSG00000289864,0.0
ENSG00000289865,0.0
ENSG00000289866,0.0
ENSG00000289868,0.0
ENSG00000289869,0.0
ENSG00000289870,0.0
ENSG00000289871,0.0
ENSG00000289872,0.0
ENSG00000289873,0.0
ENSG00000289874,0.0
ENSG00000289875,0.0
ENSG00000289876,0.0
ENSG00000289877,0.0
ENSG00000289878,0.0
ENSG00000289879,0.0
ENSG00000289881,0.0
ENSG00000289882,0.0
ENEMAL,0.0
ENSG00000289884,0.0
ENSG00000289885,0.0
ENSG00000289886,0.0
ENSG00000289887,0.0
ENSG00000289888,0.0
ENSG00000289889,0.0
ENSG00000289890,0.0
ENSG00000289891,0.0
ENSG00000289892,0.0
ENSG00000289893,0.0
ENSG00000289894,0.0
ENSG00000289895,0.0
ENSG00000289896,0.0
ENSG00000289897,0.0
ENSG00000289898,0.0
ENSG00000289899,0.0
ENSG00000289900,0.0
ENSG00000289901,0.0
ENSG00000289902,0.0
ENSG00000289903,0.0
ENSG00000289904,0.0
LINC03024,0.0
ENSG00000289907,0.0
ENSG00000289908,0.0
ENSG00000289909,0.0
ENSG00000289910,0.0
ENSG00000289911,0.0
ENSG00000289912,0.0
ENSG00000289913,0.0
ENSG00000289914,0.0
ENSG00000289915,0.0
ENSG00000289916,0.0
ENSG00000289918,0.0
ENSG00000289921,0.0
ENSG00000289922,0.0
ENSG00000289923,0.0
ENSG00000289924,0.0
ENSG00000289925,0.0
ENSG00000289926,0.0
ENSG00000289927,0.0
ENSG00000289928,0.0
ENSG00000289929,0.0
ENSG00000289930,0.0
ENSG00000289931,0.0
ENSG00000289932,0.0
ENSG00000289933,0.0
ENSG00000289934,0.0
ENSG00000289935,0.0
ENSG00000289936,0.0
ENSG00000289937,0.0
ENSG00000289938,0.0
ENSG00000289939,0.0
ENSG00000289940,0.0
ENSG00000289941,0.0
ENSG00000289942,0.0
ENSG00000289943,0.0
ENSG00000289944,0.0
ENSG00000289945,0.0
ENSG00000289946,0.0
ENSG00000289947,0.0
ENSG00000289948,0.0
ENSG00000289949,0.0
ENSG00000289951,0.0
ENSG00000289952,0.0
ENSG00000289953,0.0
ENSG00000289954,0.0
ENSG00000289955,0.0
ENSG00000289956,0.0
ENSG00000289957,0.0
ENSG00000289959,0.0
ENSG00000289960,0.0
ENSG00000289961,0.0
ENSG00000289962,0.0
ENSG00000289963,0.0
ENSG00000289964,0.0
ENSG00000289965,0.0
ENSG00000289966,0.0
ENSG00000289967,0.0
ENSG00000289968,0.0
ENSG00000289969,0.0
ENSG00000289970,0.0
ENSG00000289971,0.0
ENSG00000289972,0.0
ENSG00000289973,0.0
ENSG00000289974,0.0
ENSG00000289976,0.0
ENSG00000289977,0.0
ENSG00000289978,0.0
ENSG00000289979,0.0
ENSG00000289980,0.0
ENSG00000289981,0.0
ENSG00000289982,0.0
ENSG00000289983,0.0
ENSG00000289984,0.0
ENSG00000289985,0.0
ENSG00000289986,0.0
ENSG00000289987,0.0
ENSG00000289989,0.0
ENSG00000289990,0.0
ENSG00000289991,0.0
ENSG00000289992,0.0
ENSG00000289993,0.0
ENSG00000289995,0.0
ENSG00000289996,0.0
ENSG00000289997,0.0
ENSG00000289998,0.0
ENSG00000289999,0.0
ENSG00000290000,0.0
ENSG00000290001,0.0
ENSG00000290002,0.0
ENSG00000290003,0.0
ENSG00000290005,0.0
ENSG00000290006,0.0
ENSG00000290007,0.0
ENSG00000290008,0.0
ENSG00000290009,0.0
ENSG00000290011,0.0
ENSG00000290012,0.0
ENSG00000290013,0.0
ENSG00000290014,0.0
ENSG00000290015,0.0
ENSG00000290016,0.0
ENSG00000290017,0.0
ENSG00000290018,0.0
ENSG00000290019,0.0
ENSG00000290020,0.0
ENSG00000290021,0.0
ENSG00000290022,0.0
ENSG00000290023,0.0
ENSG00000290024,0.0
ENSG00000290025,0.0
ENSG00000290026,0.0
ENSG00000290027,0.0
ENSG00000290028,0.0
ENSG00000290030,0.0
ENSG00000290031,0.0
ENSG00000290033,0.0
ENSG00000290034,0.0
ENSG00000290035,0.0
ENSG00000290036,0.0
ENSG00000290037,0.0
ENSG00000290040,0.0
ENSG00000290041,0.0
ENSG00000290042,0.0
ENSG00000290043,0.0
ENSG00000290044,0.0
ENSG00000290045,0.0
ENSG00000290046,0.0
ENSG00000290047,0.0
ENSG00000290048,0.0
ENSG00000290049,0.0
ENSG00000290050,0.0
ENSG00000290051,0.0
ENSG00000290052,0.0
ENSG00000290053,0.0
ENSG00000290054,0.0
ENSG00000290055,0.0
ENSG00000290056,0.0
ENSG00000290057,0.0
ENSG00000290058,0.0
ENSG00000290059,0.0
ENSG00000290060,0.0
ENSG00000290061,0.0
ENSG00000290062,0.0
ENSG00000290063,0.0
ENSG00000290064,0.0
ENSG00000290065,0.0
ENSG00000290067,0.0
ENSG00000290068,0.0
ENSG00000290069,0.0
ENSG00000290070,0.0
ENSG00000290071,0.0
ENSG00000290072,0.0
ENSG00000290073,0.0
ENSG00000290074,0.0
ENSG00000290075,0.0
ENSG00000290076,0.0
ENSG00000290077,0.0
ENSG00000290079,0.0
ENSG00000290080,0.0
ENSG00000290082,0.0
ENSG00000290083,0.0
ENSG00000290084,0.0
ENSG00000290085,0.0
ENSG00000290086,0.0
ENSG00000290087,0.0
ENSG00000290088,0.0
ENSG00000290089,0.0
ENSG00000290090,0.0
ENSG00000290092,0.0
ENSG00000290093,0.0
ENSG00000290094,0.0
ENSG00000290095,0.0
ENSG00000290096,0.0
ENSG00000290097,0.0
ENSG00000290098,0.0
ENSG00000290099,0.0
ENSG00000290102,0.0
ENSG00000290103,0.0
ENSG00000290104,0.0
ENSG00000290106,0.0
ENSG00000290107,0.0
ENSG00000290108,0.0
ENSG00000290109,0.0
ENSG00000290110,0.0
ENSG00000290111,0.0
ENSG00000290112,0.0
ENSG00000290113,0.0
ENSG00000290114,0.0
ENSG00000290115,0.0
ENSG00000290116,0.0
ENSG00000290117,0.0
ENSG00000290118,0.0
ENSG00000290119,0.0
ENSG00000290121,0.0
ENSG00000290122,0.0
ENSG00000290123,0.0
ENSG00000290125,0.0
ENSG00000290126,0.0
ENSG00000290127,0.0
GUCA1ANB-GUCA1A,0.0
ENSG00000290149,0.0
ENSG00000290162,0.0
ENSG00000290163,0.0
ENSG00000290164,0.0
ENSG00000290165,0.0
ENSG00000290166,0.0
ENSG00000290180,0.0
ENSG00000290192,0.0
ENSG00000290193,0.0
ENSG00000290199,0.0
ENSG00000290204,0.0
ENSG00000290217,0.0
ENSG00000290226,0.0
ENSG00000290230,0.0
ENSG00000290241,0.0
ENSG00000290285,0.0
ENSG00000290316,0.0
ENSG00000290319,0.0
ENSG00000290326,0.0
ENSG00000290335,0.0
ENSG00000290344,0.0
ENSG00000290357,0.0
ENSG00000290366,0.0
ENSG00000290385,0.0
ENSG00000290390,0.0
PKD1P6-NPIPP1,0.0
ENSG00000290397,0.0
ENSG00000290399,0.0
ENSG00000290404,0.0
ENSG00000290405,0.0
ENSG00000290410,0.0
ENSG00000290415,0.0
ENSG00000290421,0.0
ENSG00000290423,0.0
ENSG00000290426,0.0
ENSG00000290427,0.0
ENSG00000290429,0.0
ENSG00000290437,0.0
ENSG00000290438,0.0
ENSG00000290441,0.0
ENSG00000290450,0.0
ENSG00000290453,0.0
ENSG00000290457,0.0
ENSG00000290458,0.0
ENSG00000290460,0.0
CYP4F35P,0.0
ENSG00000290466,0.0
ENSG00000290469,0.0
SUGT1P3,0.0
ENSG00000290478,0.0
ENSG00000290479,0.0
ENSG00000290484,0.0
ENSG00000290490,0.0
ENSG00000290498,0.0
ENSG00000290507,0.0
ENSG00000290522,0.0
ENSG00000290523,0.0
ENSG00000290524,0.0
TSPAN11-AS1,0.0
ENSG00000290535,0.0
ENSG00000290536,0.0
ENSG00000290537,0.0
ENSG00000290538,0.0
ENSG00000290546,0.0
ENSG00000290547,0.0
ENSG00000290548,0.0
ENSG00000290549,0.0
ENSG00000290551,0.0
ENSG00000290556,0.0
ENSG00000290559,0.0
GUSBP3,0.0
ENSG00000290562,0.0
ENSG00000290563,0.0
ENSG00000290564,0.0
ENSG00000290565,0.0
ENSG00000290569,0.0
ENSG00000290573,0.0
ENSG00000290574,0.0
ENSG00000290576,0.0
ENSG00000290577,0.0
ENSG00000290578,0.0
ENSG00000290585,0.0
ENSG00000290588,0.0
ENSG00000290589,0.0
ENSG00000290590,0.0
ENSG00000290592,0.0
FAR2P2,0.0
ENSG00000290597,0.0
ENSG00000290600,0.0
ENSG00000290601,0.0
ENSG00000290602,0.0
ENSG00000290608,0.0
ENSG00000290612,0.0
ENSG00000290642,0.0
ENSG00000290644,0.0
ENSG00000290653,0.0
ENSG00000290654,0.0
ENSG00000290660,0.0
ENSG00000290668,0.0
ENSG00000290673,0.0
ENSG00000290674,0.0
ENSG00000290677,0.0
ENSG00000290683,0.0
ENSG00000290685,0.0
ENSG00000290686,0.0
ENSG00000290689,0.0
ENSG00000290692,0.0
ENSG00000290695,0.0
ENSG00000290698,0.0
ENSG00000290700,0.0
ENSG00000290703,0.0
ENSG00000290705,0.0
ENSG00000290711,0.0
ENSG00000290714,0.0
ZNF658B,0.0
ENSG00000290721,0.0
ENSG00000290728,0.0
ENSG00000290729,0.0
ENSG00000290732,0.0
ENSG00000290733,0.0
ENSG00000290737,0.0
ENSG00000290739,0.0
ENSG00000290744,0.0
ENSG00000290747,0.0
ENSG00000290749,0.0
ENSG00000290752,0.0
ENSG00000290753,0.0
POLR2J4,0.0
ENSG00000290762,0.0
ENSG00000290765,0.0
ENSG00000290766,0.0
ENSG00000290767,0.0
ENSG00000290769,0.0
ENSG00000290771,0.0
ENSG00000290775,0.0
ENSG00000290778,0.0
ENSG00000290781,0.0
ENSG00000290786,0.0
ENSG00000290789,0.0
ENSG00000290790,0.0
ENSG00000290792,0.0
ENSG00000290793,0.0
ENSG00000290796,0.0
NXF5,0.0
ENSG00000290799,0.0
ENSG00000290801,0.0
ENSG00000290803,0.0
ENSG00000290805,0.0
ENSG00000290808,0.0
ENSG00000290812,0.0
ENSG00000290815,0.0
ENSG00000290817,0.0
ENSG00000290821,0.0
ENSG00000290823,0.0
ENSG00000290827,0.0
ENSG00000290829,0.0
ENSG00000290830,0.0
ENSG00000290832,0.0
ENSG00000290833,0.0
FKBP6P2,0.0
ENSG00000290835,0.0
ENSG00000290839,0.0
ENSG00000290841,0.0
ENSG00000290845,0.0
ENSG00000290846,0.0
ENSG00000290848,0.0
ENSG00000290849,0.0
ENSG00000290851,0.0
ENSG00000290853,0.0
ENSG00000290854,0.0
ENSG00000290858,0.0
ENSG00000290863,0.0
ENSG00000290870,0.0
WHAMMP4,0.0
ENSG00000290879,0.0
ENSG00000290883,0.0
ENSG00000290885,0.0
ENSG00000290888,0.0
PDPR2P,0.0
ENSG00000290891,0.0
ENSG00000290895,0.0
ENSG00000290901,0.0
ENSG00000290902,0.0
ENSG00000290906,0.0
ENSG00000290907,0.0
ENSG00000290908,0.0
ENSG00000290911,0.0
ENSG00000290914,0.0
ENSG00000290916,0.0
ENSG00000290920,0.0
ENSG00000290921,0.0
ENSG00000290922,0.0
ENSG00000290924,0.0
ENSG00000290927,0.0
ENSG00000290928,0.0
ENSG00000290931,0.0
ENSG00000290933,0.0
ENSG00000290937,0.0
ENSG00000290939,0.0
ENSG00000290941,0.0
ENSG00000290947,0.0
ENSG00000290950,0.0
ENSG00000290951,0.0
ENSG00000290954,0.0
ENSG00000290955,0.0
ENSG00000290957,0.0
ENSG00000290960,0.0
FAM247A,0.0
ENSG00000290964,0.0
ENSG00000290971,0.0
ENSG00000290976,0.0
ENSG00000290981,0.0
ENSG00000290983,0.0
SEPTIN7P13,0.0
ENSG00000290991,0.0
ENSG00000290993,0.0
ENSG00000290995,0.0
ENSG00000290999,0.0
ENSG00000291000,0.0
ENSG00000291001,0.0
ENSG00000291003,0.0
ENSG00000291006,0.0
ENSG00000291007,0.0
ENSG00000291008,0.0
ENSG00000291013,0.0
ENSG00000291015,0.0
ENSG00000291017,0.0
ENSG00000291018,0.0
ENSG00000291021,0.0
ENSG00000291022,0.0
ENSG00000291024,0.0
ENSG00000291032,0.0
ENSG00000291034,0.0
ENSG00000291036,0.0
ENSG00000291037,0.0
ENSG00000291038,0.0
DHRS4L1,0.0
ENSG00000291041,0.0
ENSG00000291042,0.0
ENSG00000291044,0.0
ENSG00000291045,0.0
ENSG00000291046,0.0
ENSG00000291051,0.0
ENSG00000291054,0.0
ENSG00000291060,0.0
ENSG00000291061,0.0
ENSG00000291062,0.0
ENSG00000291063,0.0
ENSG00000291065,0.0
ENSG00000291066,0.0
ENSG00000291067,0.0
ENSG00000291068,0.0
ENSG00000291073,0.0
FRG1HP,0.0
ENSG00000291077,0.0
ENSG00000291078,0.0
SDHAP3,0.0
ENSG00000291081,0.0
ENSG00000291089,0.0
ENSG00000291094,0.0
ENSG00000291095,0.0
ENSG00000291096,0.0
ENSG00000291099,0.0
ENSG00000291100,0.0
ENSG00000291101,0.0
ENSG00000291105,0.0
ENSG00000291111,0.0
ENSG00000291112,0.0
ENSG00000291113,0.0
ENSG00000291117,0.0
ENSG00000291121,0.0
ENSG00000291124,0.0
ENSG00000291125,0.0
ENSG00000291126,0.0
ENSG00000291130,0.0
ENSG00000291131,0.0
MTMR9LP,0.0
ENSG00000291133,0.0
RABGEF1P1,0.0
ENSG00000291138,0.0
ENSG00000291142,0.0
ENSG00000291143,0.0
ENSG00000291144,0.0
ENSG00000291147,0.0
ENSG00000291149,0.0
ENSG00000291156,0.0
ENSG00000291157,0.0
ENSG00000291159,0.0
ENSG00000291166,0.0
ENSG00000291167,0.0
ANKRD19P,0.0
ENSG00000291169,0.0
ENSG00000291170,0.0
ENSG00000291171,0.0
FAUP4,0.0
ENSG00000291175,0.0
ENSG00000291176,0.0
ZNF56P,0.0
ENSG00000291178,0.0
ENSG00000291179,0.0
ENSG00000291180,0.0
FGF7P3,0.0
ENSG00000291182,0.0
ENSG00000291184,0.0
ENSG00000291185,0.0
ENSG00000291186,0.0
ENSG00000291189,0.0
ENSG00000291194,0.0
ENSG00000291195,0.0
ENSG00000291201,0.0
ENSG00000291202,0.0
ENSG00000291203,0.0
ENSG00000291205,0.0
ENSG00000291207,0.0
ENSG00000291208,0.0
ENSG00000291210,0.0
ENSG00000291211,0.0
ENSG00000291212,0.0
ENSG00000291214,0.0
ENSG00000291216,0.0
ENSG00000291218,0.0
ENSG00000291220,0.0
ENSG00000291221,0.0
ENSG00000291224,0.0
ENSG00000291225,0.0
ENSG00000291226,0.0
ENSG00000291228,0.0
ENSG00000291229,0.0
ENSG00000291231,0.0
PDE4DIPP6,0.0
ENSG00000291233,0.0
ENSG00000291234,0.0
ENSG00000291235,0.0
ENSG00000291236,0.0
ENSG00000291239,0.0
ENSG00000291240,0.0
ENSG00000291241,0.0
ENSG00000291242,0.0
ENSG00000291243,0.0
ENSG00000291250,0.0
ENSG00000291255,0.0
GOLGA8IP,0.0
ENSG00000291262,0.0
ENSG00000291264,0.0
ENSG00000291265,0.0
ENSG00000291267,0.0
ENSG00000291269,0.0
ENSG00000291276,0.0
ENSG00000291283,0.0
ENSG00000291285,0.0
ENSG00000291286,0.0
ENSG00000291293,0.0
ENSG00000291295,0.0
ENSG00000291297,0.0
ENSG00000291301,0.0
ENSG00000291325,0.0
ENSG00000291326,0.0
ENSG00000291336,0.0
ENSG00000291338,0.0
ENSG00000292246,0.0
ENSG00000292256,0.0
ENSG00000292271,0.0
ENSG00000292277,0.0
ENSG00000292285,0.0
ENSG00000292309,0.0
LINC03112,0.0
PRSS40A,0.0
FAM238A,0.0
ABCC6P1,0.0
AP1B1P1,0.0
AZGP1P1,0.0
CEACAM22P,0.0
CYP4F29P,0.0
GBP1P1,0.0
GUSBP1,0.0
ENSG00000290474,0.0
LGALS17A,0.0
LPAL2,0.0
SPESP1-NOX5,0.0
PGM5P2,0.0
PI4KAP1,0.0
ENSG00000291064,0.0
ZNF876P,0.0
FLJ43315,0.0
TTTY9A,0.0
XGY2,0.0
Metazoa_SRP,0.0
DDX11L16,0.0
ENSG00000290826,0.0
PRAMEF36P,0.0
CROCCP3,0.0
ENSG00000291072,0.0
ENSG00000290850,0.0
PPIEL,0.0
CLCA3P,0.0
ENSG00000290552,0.0
CHIAP2,0.0
ENSG00000290561,0.0
ENSG00000290904,0.0
FCGR1BP,0.0
H2BP1,0.0
EMBP1,0.0
ENSG00000290869,0.0
LINC01145,0.0
NBPF25P,0.0
ENSG00000290557,0.0
LINC00869,0.0
ENSG00000291199,0.0
GBA1LP,0.0
FMO9P,0.0
ENSG00000290909,0.0
LINC01347,0.0
OR2W5P,0.0
BIRC6-AS2,0.0
OR7E91P,0.0
ALMS1P1,0.0
ANKRD36BP2,0.0
ENSG00000290802,0.0
LSP1P5,0.0
ENSG00000290575,0.0
SULT1C5P,0.0
ENSG00000290731,0.0
ENSG00000291134,0.0
PLAC9P1,0.0
RAB6C-AS1,0.0
MED15P9,0.0
ENSG00000290599,0.0
PRSS40B,0.0
CDRT15P3,0.0
ENSG00000290929,0.0
CT75,0.0
SLC19A4P,0.0
FGD5P1,0.0
ENSG00000290932,0.0
COL6A4P1,0.0
ENSG00000290787,0.0
ENSG00000291315,0.0
ENSG00000291222,0.0
FAM86DP,0.0
ENSG00000290819,0.0
FAM86JP,0.0
AADACP1,0.0
SNHG33,0.0
NMRAL2P,0.0
SDHAP1,0.0
ENSG00000291091,0.0
ENSG00000290936,0.0
FAM86EP,0.0
ENSG00000290400,0.0
ENSG00000291282,0.0
PPBPP2,0.0
ENSG00000290776,0.0
ENSG00000290530,0.0
PMCHL2,0.0
ENSG00000290550,0.0
ENSG00000290893,0.0
PCDHB18P,0.0
ENSG00000291115,0.0
ENSG00000290935,0.0
ENSG00000290968,0.0
AACSP1,0.0
ENSG00000291193,0.0
BTN2A3P,0.0
LINC03003,0.0
HLA-V,0.0
HLA-L,0.0
ENSG00000291302,0.0
HLA-DRB6,0.0
ADCY10P1,0.0
ENSG00000290804,0.0
LINC00680,0.0
ENSG00000290584,0.0
RAET1K,0.0
TCP10L3,0.0
DPY19L2P3,0.0
RP9P,0.0
ENSG00000291029,0.0
ENSG00000290558,0.0
CCT6P3,0.0
INTS4P1,0.0
LINC03006,0.0
GTF2IRD1P1,0.0
ENSG00000291154,0.0
STAG3L4,0.0
SBDSP1,0.0
ENSG00000290998,0.0
NSUN5P2,0.0
NCF1B,0.0
GTF2IP1,0.0
NSUN5P1,0.0
PMS2P3,0.0
ENSG00000290730,0.0
ENSG00000291119,0.0
CASTOR3P,0.0
DPY19L2P2,0.0
ENSG00000290669,0.0
ENSG00000290670,0.0
ENSG00000290605,0.0
ENSG00000290761,0.0
ZNF767P,0.0
FAM86B3P,0.0
ASNSP1,0.0
LY6S,0.0
TMEM276-ZFTRAF1,0.0
TMEM276,0.0
ZNF252P,0.0
ENSG00000290482,0.0
REXO6P,0.0
ENSG00000290768,0.0
ATP8B5P,0.0
FAM95B1,0.0
ENSG00000290972,0.0
ENSG00000290586,0.0
ENSG00000290579,0.0
ENSG00000290938,0.0
ENSG00000290970,0.0
SPATA31D5P,0.0
CTSL3P,0.0
ENSG00000290881,0.0
ENSG00000290882,0.0
ENSG00000290645,0.0
MFSD14CP,0.0
ADIPINT,0.0
LRRC37A5P,0.0
ENSG00000291303,0.0
ENSG00000290889,0.0
ENSG00000290434,0.0
FAM238C,0.0
SVIL-AS1,0.0
ENSG00000290952,0.0
ENSG00000290887,0.0
HSD17B7P2,0.0
SEPTIN7P9,0.0
CCNYL2,0.0
FAM25BP,0.0
ENSG00000290913,0.0
ENSG00000290875,0.0
BMS1P1,0.0
AGAP12P,0.0
ENSG00000290899,0.0
FAM21EP,0.0
ENSG00000291043,0.0
CFL1P1,0.0
TRPC2,0.0
ENSG00000290647,0.0
ENSG00000290648,0.0
OR51H1,0.0
ENSG00000290650,0.0
ENSG00000290651,0.0
ENSG00000290652,0.0
ENSG00000290809,0.0
SAA3P,0.0
SLC25A51P4,0.0
ENSG00000290402,0.0
GRM5P1,0.0
SEPTIN7P11,0.0
ENSG00000290417,0.0
ENSG00000290411,0.0
ENSG00000290745,0.0
ENSG00000290994,0.0
ENSG00000290736,0.0
ENSG00000291249,0.0
ENSG00000290492,0.0
ENSG00000290773,0.0
CASP4LP,0.0
ENSG00000290797,0.0
ENSG00000290694,0.0
DSTNP2,0.0
FAM86FP,0.0
A2MP1,0.0
ENSG00000291254,0.0
ENSG00000291289,0.0
ENSG00000291098,0.0
ENSG00000291251,0.0
ENSG00000291252,0.0
ENSG00000291253,0.0
ENSG00000290959,0.0
OR7E47P,0.0
KRT87P,0.0
ENSG00000290967,0.0
ENSG00000290813,0.0
ENSG00000290814,0.0
ENSG00000290754,0.0
ENSG00000290896,0.0
ENSG00000292259,0.0
ENSG00000291256,0.0
ENSG00000290620,0.0
ENSG00000290234,0.0
ENSG00000290704,0.0
MRPS31P5,0.0
ENSG00000290855,0.0
ENSG00000290963,0.0
ENSG00000290807,0.0
ENSG00000290354,0.0
ENSG00000290346,0.0
ENSG00000291204,0.0
ENSG00000290702,0.0
ENSG00000290393,0.0
ADAM20P1,0.0
SERPINA13P,0.0
ENSG00000291313,0.0
ADAM6,0.0
CHEK2P2,0.0
HERC2P3,0.0
ENSG00000290347,0.0
ENSG00000291002,0.0
ENSG00000290368,0.0
ENSG00000291163,0.0
GOLGA8DP,0.0
ENSG00000290912,0.0
HERC2P9,0.0
ENSG00000290880,0.0
ENSG00000290997,0.0
ENSG00000290723,0.0
ENSG00000290886,0.0
STRCP1,0.0
CATSPER2P1,0.0
SORD2P,0.0
ENSG00000291020,0.0
ENSG00000291227,0.0
ENSG00000291009,0.0
ENSG00000290664,0.0
ENSG00000291296,0.0
ENSG00000290665,0.0
ENSG00000290667,0.0
ENSG00000290424,0.0
ENSG00000290944,0.0
ENSG00000290945,0.0
ENSG00000290946,0.0
GOLGA6L17P,0.0
ENSG00000290688,0.0
ENSG00000290690,0.0
UBE2Q2P1,0.0
LINC00933,0.0
POLGARF,0.0
UBE2Q2P13,0.0
OR4F13P,0.0
ENSG00000290822,0.0
DDX11L16,0.0
DDX11L16,0.0
ENSG00000290756,0.0
PRSS30P,0.0
ABCC6P2,0.0
ENSG00000290391,0.0
ENSG00000290386,0.0
ENSG00000291270,0.0
ENSG00000290383,0.0
ENSG00000290675,0.0
RRN3P3,0.0
OTOAP1,0.0
ENSG00000290678,0.0
ENSG00000290679,0.0
ENSG00000290693,0.0
ENSG00000291047,0.0
SMG1P5,0.0
FRG2KP,0.0
ENSG00000291271,0.0
ENSG00000291274,0.0
ENSG00000291275,0.0
ENSG00000290984,0.0
SLC6A10P,0.0
ENSG00000291268,0.0
ENSG00000290986,0.0
ENSG00000290420,0.0
ENSG00000290419,0.0
ENSG00000290413,0.0
ENSG00000291103,0.0
CES1P1,0.0
MT1JP,0.0
MT1IP,0.0
SMG1P7,0.0
ENSG00000291219,0.0
ENSG00000290455,0.0
URAHP,0.0
ENSG00000290820,0.0
ALOX12P2,0.0
ENSG00000290377,0.0
ENSG00000290977,0.0
ENSG00000290978,0.0
ENSG00000291277,0.0
ENSG00000290980,0.0
ENSG00000290655,0.0
ENSG00000290656,0.0
ENSG00000290657,0.0
ENSG00000290658,0.0
ZNF286B,0.0
TRIM16L,0.0
ENSG00000290454,0.0
ENSG00000290544,0.0
KRT16P3,0.0
ENSG00000291197,0.0
ENSG00000291198,0.0
ENSG00000290430,0.0
CCDC144NL,0.0
UBBP4,0.0
ENSG00000290973,0.0
PYY2,0.0
ENSG00000290672,0.0
ENSG00000290395,0.0
ENSG00000290975,0.0
H2BN1,0.0
NPEPPSP1,0.0
LRRC37A11P,0.0
ENSG00000291165,0.0
KRT42P,0.0
AOC4P,0.0
ENSG00000291209,0.0
TBC1D3P2,0.0
AMZ2P1,0.0
ENSG00000290646,0.0
ROCK1P1,0.0
ENSG00000291183,0.0
ENSG00000290363,0.0
ENSG00000290719,0.0
C3P1,0.0
ENSG00000290701,0.0
ENSG00000290595,0.0
GOLGA2P9,0.0
ENSG00000290606,0.0
ZNF781,0.0
WDR87BP,0.0
ENSG00000290598,0.0
ENSG00000291312,0.0
CYP2G1P,0.0
CYP2B7P,0.0
ENSG00000290609,0.0
APOC1P1,0.0
ENSG00000291145,0.0
NAPSB,0.0
KLKP1,0.0
SIGLEC17P,0.0
ENSG00000290859,0.0
ENSG00000290987,0.0
ENSG00000290755,0.0
ZNF542P,0.0
CST13P,0.0
ENSG00000290409,0.0
ENSG00000290900,0.0
DEFB122,0.0
BPIFA4P,0.0
ENSG00000290934,0.0
ENSG00000290777,0.0
ENSG00000290568,0.0
ENSG00000290581,0.0
ENSG00000291280,0.0
ABCC13,0.0
ENSG00000290416,0.0
TPTEP1,0.0
HSFY1P1,0.0
ENSG00000290982,0.0
TMEM191A,0.0
PRAMENP,0.0
ENSG00000290990,0.0
POM121L9P,0.0
CRYBB2P1,0.0
RRP7BP,0.0
CD99P1,0.0
ENSG00000291314,0.0
CA5BP1,0.0
CXXC1P1,0.0
ENSG00000290734,0.0
ENSG00000290748,0.0
ENSG00000290520,0.0
ENSG00000290743,0.0
NXF4,0.0
ENSG00000291200,0.0
ENSG00000290806,0.0
ENSG00000290892,0.0
CSAG4,0.0
ENSG00000290643,0.0
TTTY11,0.0
ENSG00000290342,0.0
FAM197Y5,0.0
FAM197Y4,0.0
ENSG00000290332,0.0
ENSG00000290378,0.0
ENSG00000290435,0.0
ENSG00000290852,0.0
XKRY,0.0
XKRYP7,0.0
BCORP1,0.0
TXLNGY,0.0
RBMY2FP,0.0
ENSG00000290348,0.0
GOLGA2P2Y,0.0
CD99P1,0.0
ELOCP24,0.0
