,Sample1153-EO2
LINC01409,0.031041408
NOC2L,0.16546862
PERM1,0.0064513437
ENSG00000272512,0.016195867
HES4,0.5995188
ISG15,0.3796704
AGRN,0.45368248
RNF223,0.0018076524
C1orf159,0.027351627
TNFRSF18,0.009368454
TNFRSF4,0.019105123
SDF4,0.32561675
B3GALT6,0.08774154
UBE2J2,0.19156544
ACAP3,0.07149059
PUSL1,0.046833906
INTS11,0.20052363
CPTP,0.13641495
DVL1,0.13012505
MXRA8,0.06458662
AURKAIP1,1.0474081
CCNL2,0.26186976
MRPL20,0.8745357
VWA1,0.1487733
ATAD3A,0.058555946
SSU72,0.57298595
SSU72-AS1,0.0042169215
FNDC10,0.055680055
ENSG00000272106,0.07224941
MIB2,0.17696992
MMP23B,0.006116123
CDK11B,0.1183127
SLC35E2B,0.03529464
CDK11A,0.0351583
SLC35E2A,0.05712622
NADK,0.10183019
GNB1,0.4381775
GABRD,0.0
PRKCZ,0.042573508
FAAP20,0.43416718
SKI,0.10260145
RER1,0.682985
PEX10,0.10159828
PANK4,0.055840403
HES5,0.0
ENSG00000272449,0.08035247
TNFRSF14-AS1,0.03744217
TNFRSF14,0.13073552
PRXL2B,0.053739343
MMEL1,0.0047584223
PRDM16,0.0708619
ENSG00000272235,0.0
ARHGEF16,0.0575232
MEGF6,0.014443152
TPRG1L,0.12269161
WRAP73,0.066269025
SMIM1,0.12004149
LRRC47,0.10506445
CEP104,0.09173987
DFFB,0.004125696
C1orf174,0.1101746
NPHP4,0.028301654
KCNAB2,0.009029003
RPL22,2.147053
ICMT,0.18438439
ACOT7,0.059226785
TNFRSF25,0.024116557
PLEKHG5,0.009607293
NOL9,0.07512461
ZBTB48,0.072917335
KLHL21,0.07683806
PHF13,0.048215713
THAP3,0.052962285
DNAJC11,0.15773655
CAMTA1,0.74081343
VAMP3,0.1689812
PER3,0.07594889
PARK7,1.023092
ERRFI1,0.22247025
RERE,0.30180618
ENO1,1.2860249
GPR157,0.03807059
MIR34AHG,0.0
H6PD,0.07727715
SPSB1,0.02898379
SLC25A33,0.1913089
PIK3CD,0.024620356
CLSTN1,0.37802345
CTNNBIP1,0.0965867
LZIC,0.11555111
NMNAT1,0.036465622
RBP7,0.12126402
UBE4B,0.092598975
KIF1B,0.12541872
PGD,0.16539733
CENPS,0.043616302
DFFA,0.11551204
PEX14,0.04593419
CASZ1,0.08838142
TARDBP,0.21644194
SRM,0.15514211
EXOSC10,0.071706906
MTOR,0.05320304
UBIAD1,0.064986564
FBXO2,0.15552972
FBXO44,0.13425207
FBXO6,0.032255642
MAD2L2,0.11828358
AGTRAP,0.16939563
C1orf167,0.006065005
MTHFR,0.03805818
CLCN6,0.026720902
KIAA2013,0.16174546
PLOD1,0.057067696
MFN2,0.1860069
MIIP,0.054073397
TNFRSF1B,0.0540043
VPS13D,0.15393534
DHRS3,0.35391307
PDPN,0.0058127507
PRDM2,0.13498504
KAZN,0.13795061
TMEM51,0.22552358
FHAD1,0.005578264
EFHD2,0.14664857
CASP9,0.053394016
DNAJC16,0.067766175
DDI2,0.05069219
PLEKHM2,0.12391219
SLC25A34,0.011769267
FBLIM1,0.0077752625
SPEN-AS1,0.043987595
SPEN,0.1860993
ZBTB17,0.052421145
SRARP,0.07646954
HSPB7,0.015453555
EPHA2,0.18269652
CPLANE2,0.0044173137
FBXO42,0.041014697
SZRD1,0.27126452
NECAP2,0.12579377
NBPF1,0.036051225
CROCC,0.027343288
ENSG00000238142,0.20358032
MFAP2,0.007602694
ATP13A2,0.06768049
SDHB,0.36898458
PADI2,0.03515002
PADI4,0.0
RCC2,0.09848684
ARHGEF10L,0.12269385
IGSF21,0.0
ALDH4A1,0.2836779
IFFO2,0.0137957325
UBR4,0.25783134
EMC1,0.088876046
MRTO4,0.085849136
AKR7A3,0.12330839
AKR7A2,0.4046927
SLC66A1,0.039865922
CAPZB,0.53959155
MICOS10,1.5442721
NBL1,0.13327932
TMCO4,0.08098247
OTUD3,0.046244137
PLA2G5,0.0
CAMK2N1,0.8835057
MUL1,0.13047296
CDA,0.252225
PINK1,0.37528524
PINK1-AS,0.0029649604
DDOST,0.30468258
KIF17,0.0038858093
HP1BP3,0.5534443
EIF4G3,0.1479937
ECE1,0.16523759
NBPF3,0.016217303
ALPL,0.014520466
USP48,0.11625266
HSPG2,0.29809067
CDC42,0.9874837
WNT4,0.0020116759
ZBTB40,0.035789866
C1QA,0.044206873
C1QC,0.025477657
C1QB,0.035649106
EPHB2,0.010635494
KDM1A,0.12905914
LUZP1,0.13656321
HNRNPR,0.3154276
ZNF436,0.020726196
TCEA3,0.29239136
ASAP3,0.02937978
ID3,0.5317038
RPL11,2.895139
ELOA,0.090071715
PITHD1,0.2002612
LYPLA2,0.2589195
GALE,0.09422502
HMGCL,0.203269
FUCA1,0.24030912
PNRC2,0.4889771
SRSF10,0.33407757
STPG1,0.034405615
NIPAL3,0.08610461
RCAN3,0.06101769
SRRM1,0.5420453
CLIC4,0.15751074
RUNX3,0.019719202
SYF2,0.51285464
RSRP1,0.5224269
TMEM50A,0.58770937
MACO1,0.08680498
LDLRAP1,0.05961477
MAN1C1,0.07531298
ENSG00000233478,0.0
SELENON,0.22091909
MTFR1L,0.2054791
PAQR7,0.109630086
STMN1,0.40403843
PAFAH2,0.068667784
PDIK1L,0.028250758
FAM110D,0.019045927
ZNF593OS,0.0
ZNF593,0.5226581
CEP85,0.02854983
SH3BGRL3,0.7411932
UBXN11,0.07193783
CD52,0.09937774
DHDDS,0.07298362
HMGN2,0.80478877
RPS6KA1,0.09185266
ARID1A,0.19930902
PIGV,0.04764088
ZDHHC18,0.04432331
SFN,0.0018904195
GPN2,0.054339733
GPATCH3,0.03232777
NUDC,0.4928335
KDF1,0.07406989
TRNP1,0.058230087
SLC9A1,0.056140136
WDTC1,0.093495585
TMEM222,0.16289473
SYTL1,0.024806364
MAP3K6,0.065402515
FCN3,0.06136057
CD164L2,0.0028930653
WASF2,0.3325964
AHDC1,0.07642651
FGR,0.03583476
IFI6,0.4014352
FAM76A,0.07813681
STX12,0.1575451
PPP1R8,0.05934942
THEMIS2,0.032828774
RPA2,0.13514762
XKR8,0.018758213
EYA3,0.19085957
PTAFR,0.016241139
DNAJC8,0.399656
ATP5IF1,1.6428919
ENSG00000270605,0.0076810396
MED18,0.007790478
PHACTR4,0.18505272
RCC1,0.013987291
TRNAU1AP,0.09255321
SNHG12,0.08526044
TAF12,0.116171196
RAB42,0.0018894286
GMEB1,0.035302233
YTHDF2,0.21001172
EPB41,0.10566983
TMEM200B,0.011946668
SRSF4,0.20542163
MECR,0.09579913
PTPRU,0.04693903
LAPTM5,0.08534884
SDC3,0.032241456
PUM1,0.23698775
NKAIN1,0.0
SNRNP40,0.17445813
ZCCHC17,0.119902164
FABP3,0.39402586
SERINC2,0.5282894
TINAGL1,0.42665675
PEF1,0.2662508
COL16A1,0.0065582627
PTP4A2,0.5410398
KHDRBS1,0.44596788
TMEM39B,0.052808993
KPNA6,0.1511174
TXLNA,0.11084719
CCDC28B,0.05325679
IQCC,0.008485496
TMEM234,0.05902331
EIF3I,0.3439614
FAM167B,0.04385789
LCK,0.013294278
HDAC1,0.26050213
MARCKSL1,0.1549089
FAM229A,0.11891802
BSDC1,0.111102745
ZBTB8A,0.04447557
ZBTB8OS,0.22221015
RBBP4,0.3086349
SYNC,0.03750738
NHSL3,0.23136286
YARS1,0.046252873
S100PBP,0.059783384
TMEM54,0.10021569
RNF19B,0.06758517
AK2,0.4699328
ZNF362,0.07059814
PHC2,0.35276824
SMIM12,0.25571632
GJA4,0.06691622
ENSG00000284773,0.0088912975
ZMYM6,0.0788428
ZMYM1,0.037340205
SFPQ,0.7739718
ZMYM4,0.12302114
KIAA0319L,0.16186777
TFAP2E-AS1,0.0
PSMB2,0.47851467
C1orf216,0.007953417
CLSPN,0.0
AGO4,0.037296865
AGO1,0.05795572
AGO3,0.10155145
ADPRS,0.15412487
COL8A2,0.0
TRAPPC3,0.20751184
MAP7D1,0.11813822
THRAP3,0.3120042
SH3D21,0.034515195
EVA1B,0.25778797
STK40,0.09352439
LSM10,0.20906997
OSCP1,0.04083215
MRPS15,0.38563436
CSF3R,0.012633924
LITATS1,0.023664735
ZC3H12A,0.07765328
MEAF6,0.34614524
SNIP1,0.072328605
DNALI1,0.06956611
GNL2,0.05812832
AIRIM,0.04592312
CDCA8,0.0
YRDC,0.111284085
C1orf122,0.43737024
MTF1,0.04305536
INPP5B,0.027906192
SF3A3,0.14106525
FHL3,0.043905076
UTP11,0.14718291
RRAGC,0.10338458
MYCBP,0.08413002
RHBDL2,0.0
AKIRIN1,0.356725
NDUFS5,1.6762899
MACF1,0.40344355
PABPC4,0.3139913
HEYL,0.009157343
PPIE,0.21623982
TRIT1,0.026658004
MFSD2A,0.011193194
CAP1,0.3466878
PPT1,0.3276515
RLF,0.1067044
ZMPSTE24-DT,0.05625597
ZMPSTE24,0.28239995
COL9A2,0.09965587
SMAP2,0.10484162
ZNF684,0.056779757
RIMS3,0.005702319
NFYC,0.15173809
CITED4,0.28603002
CTPS1,0.020822925
SCMH1,0.053237002
HIVEP3,0.013723876
FOXJ3,0.083203755
PPCS,0.3745828
CCDC30,0.023703324
PPIH,0.15428184
YBX1,1.1657134
P3H1,0.027639875
C1orf50,0.04717093
SVBP,0.17463724
ERMAP,0.017301898
ZNF691,0.020221679
SLC2A1,0.08301718
CFAP144,0.0036839785
EBNA1BP2,0.16627692
TMEM125,0.051316734
C1orf210,0.0951726
TIE1,0.046761528
ELOVL1,0.12588681
MED8,0.11340822
SZT2,0.0463827
HYI,0.2241019
PTPRF,0.28014183
KDM4A,0.015696751
ST3GAL3,0.03266564
ARTN,0.016592028
IPO13,0.08375008
DPH2,0.027376315
ATP6V0B,1.6470928
B4GALT2,0.0773073
CCDC24,0.07602501
SLC6A9,0.009515293
DMAP1,0.18485215
ERI3,0.21603116
RNF220,0.10513314
TMEM53,0.11338807
KIF2C,0.0
RPS8,2.534855
PLK3,0.030701026
BTBD19,0.0013625153
EIF2B3,0.07715648
HECTD3,0.046190806
UROD,0.17326301
MUTYH,0.049851
TOE1,0.039788123
PRDX1,1.5320079
AKR1A1,0.26156646
NASP,0.21900907
CCDC17,0.005341891
GPBP1L1,0.24185027
TMEM69,0.092232384
IPP,0.04113908
MAST2,0.015862098
PIK3R3,0.043436535
TSPAN1,0.27029842
POMGNT1,0.13568017
LURAP1,0.04467968
LRRC41,0.18231829
UQCRH,1.7626357
NSUN4,0.044596072
FAAH,0.078240484
MKNK1,0.085986875
MOB3C,0.062241655
ATPAF1,0.22179563
EFCAB14,0.49514142
CYP4B1,0.014803276
TAL1,0.030881291
CMPK1,0.23947506
TRABD2B,0.13089989
SPATA6,0.058081646
ELAVL4,0.0
FAF1,0.103124455
CDKN2C,0.045329496
RNF11,0.27971417
EPS15,0.16694652
OSBPL9,0.27272582
NRDC,0.22982359
TXNDC12,0.18912685
KTI12,0.030144732
BTF3L4,0.38901293
ZFYVE9,0.04382099
CC2D1B,0.054045845
PRPF38A,0.18284066
TUT4,0.20216717
GPX7,0.025467947
SHISAL2A,0.0066723158
COA7,0.02954731
ZYG11B,0.1256654
ECHDC2,0.46658322
SCP2,0.78969264
PODN,0.0037471475
CPT2,0.095999226
CZIB,0.30664942
MAGOH,0.52209485
LRP8,0.0037554
NDC1,0.038225316
YIPF1,0.078223504
IFT25,0.404626
LRRC42,0.07664825
TMEM59,1.48344
TCEANC2,0.033298932
CYB5RL,0.019482836
MRPL37,0.22341661
SSBP3,0.23255347
ACOT11,0.0638186
TTC4,0.01077942
DHCR24,0.07376451
TMEM61,0.19027387
USP24,0.15263212
PLPP3,0.35537001
OMA1,0.14525957
TACSTD2,0.7428554
MYSM1,0.14311847
JUN,1.3636116
FGGY,0.04015738
NFIA,0.1766416
NFIA-AS2,0.0
TM2D1,0.38240913
PATJ,0.23452461
USP1,0.10919427
DOCK7,0.103191316
ANGPTL3,0.023783673
ATG4C,0.05560583
ALG6,0.045824517
ITGB3BP,0.12054879
EFCAB7,0.034420744
PGM1,0.085907236
CACHD1,0.073964946
JAK1,0.36374697
AK4,0.07454064
DNAJC6,0.012275111
LEPROT,0.43147725
LEPR,0.036537036
PDE4B,0.020789748
SGIP1,0.041704547
MIER1,0.21199067
SERBP1,0.5825191
GADD45A,0.41463354
GNG12,0.29192245
WLS,0.31166184
LRRC40,0.0405787
SRSF11,0.46321425
ANKRD13C,0.055906728
ZRANB2,0.3270908
FPGT,0.05429475
FPGT-TNNI3K,0.0
CRYZ,0.5407151
TYW3,0.14650603
ACADM,0.48789436
RABGGTB,0.26332557
ST6GALNAC3,0.03550253
PIGK,0.14880699
ZZZ3,0.09489151
USP33,0.17891386
MIGA1,0.14322141
NEXN,0.064677276
FUBP1,0.16848779
DNAJB4,0.23560603
GIPC2,0.09697448
ENSG00000273338,0.04103842
IFI44L,0.20494954
IFI44,0.12375574
ADGRL4,0.11096726
ADGRL2,0.21716517
TTLL7,0.04068889
PRKACB,0.15820278
RPF1,0.12032056
GNG5,1.2045873
SPATA1,0.019411946
CTBS,0.15122351
SSX2IP,0.06371814
C1orf52,0.11994368
BCL10,0.20046422
DDAH1,0.2713814
CCN1,0.54442066
ZNHIT6,0.056642324
ODF2L,0.11741301
SH3GLB1,0.33350182
SELENOF,0.51866317
HS2ST1,0.08147169
LMO4,0.1562099
PKN2,0.26910347
GTF2B,0.15800838
KYAT3,0.118480995
RBMXL1,0.060792726
GBP3,0.09663394
GBP1,0.064200506
GBP2,0.06169452
GBP4,0.10372896
GBP5,0.017011913
LRRC8B,0.0367526
LRRC8C-DT,0.008713087
LRRC8C,0.03324372
LRRC8D,0.04036098
ZNF326,0.10530994
ZNF644,0.24822666
TGFBR3,0.13543046
BTBD8,0.013521003
GLMN,0.021981811
RPAP2,0.087817974
EVI5,0.11246699
RPL5,2.0265326
DIPK1A,0.0051823203
MTF2,0.09088934
TMED5,0.2423423
CCDC18,0.005327074
DR1,0.14665031
FNBP1L,0.29119977
BCAR3,0.08606199
DNTTIP2,0.14881098
GCLM,0.05893289
ARHGAP29,0.44293332
ABCD3,0.23617902
F3,0.06165273
CNN3,0.6704192
ALG14,0.09698665
TLCD4,0.032349233
PTBP2,0.13140023
DPYD,0.06500612
SNX7,0.06878648
PALMD,0.050077867
AGL,0.17440152
SLC35A3,0.12935819
MFSD14A,0.03004176
TRMT13,0.08218732
DBT,0.17141518
RTCA-AS1,0.017635928
RTCA,0.12812802
CDC14A,0.036602955
VCAM1,0.07978047
EXTL2,0.06560397
SLC30A7,0.098140255
DPH5,0.047244497
DPH5-DT,0.019501837
S1PR1,0.07157401
RNPC3,0.18061908
PRMT6,0.07281255
VAV3,0.32481787
SLC25A24,0.085635126
EEIG2,0.018174538
HENMT1,0.0050621927
PRPF38B,0.20803218
STXBP3,0.25424185
GPSM2,0.009754945
CLCC1,0.052837566
WDR47,0.04680246
TAF13,0.11064775
TMEM167B,0.13091655
SARS1,0.2436405
CELSR2,0.091692396
PSRC1,0.004034435
SORT1,0.2328164
PSMA5,0.36011577
CYB561D1,0.016224995
AMIGO1,0.0330279
GNAI3,0.18580545
AMPD2,0.06428706
GSTM4,0.23738964
GSTM1,0.0
GSTM5,0.0
GSTM3,1.2178738
CSF1,0.017944481
AHCYL1,0.45819905
STRIP1,0.04944011
KCNC4,0.124383345
RBM15,0.056079507
SLC16A4,0.121725366
LAMTOR5,1.0877413
CD53,0.06574926
LRIF1,0.061486945
DRAM2,0.18650573
CEPT1,0.1033866
ENSG00000273221,0.0052571455
DENND2D,0.08569927
WDR77,0.063847974
ATP5PB,0.65433484
C1orf162,0.06869875
TMIGD3,0.0052257003
ADORA3,0.005271307
RAP1A,0.31171095
DDX20,0.09435844
CTTNBP2NL,0.06833826
WNT2B,0.003767837
ST7L,0.101799786
CAPZA1,0.2850737
MOV10,0.06577691
RHOC,0.51759857
PPM1J,0.010805618
SLC16A1,0.014896947
SLC16A1-AS1,0.0066835172
LRIG2,0.038008675
MAGI3,0.06946267
PHTF1,0.030574908
RSBN1,0.1371599
PTPN22,0.01704738
AP4B1,0.030637221
DCLRE1B,0.012668816
HIPK1-AS1,0.005051506
HIPK1,0.18484873
OLFML3,0.0034954378
TRIM33,0.15157002
BCAS2,0.2521706
DENND2C,0.012616843
NRAS,0.08802762
CSDE1,0.6919559
SIKE1,0.17593877
TSPAN2,0.03915407
NGF,0.0074445414
VANGL1,0.021059558
CASQ2,0.025262654
SLC22A15,0.03770544
ATP1A1,1.8701301
CD58,0.09839913
CD2,0.062400296
PTGFRN,0.056756534
TTF2,0.027998174
TRIM45,0.017670115
VTCN1,0.11525676
MAN1A2,0.25868776
TENT5C,0.026846908
GDAP2,0.07208156
WDR3,0.048256423
WARS2,0.04389234
PHGDH,0.37542477
HMGCS2,0.6609952
NOTCH2,0.078768276
SEC22B,0.2762817
LINC00623,0.07247012
FCGR1BP,0.0
SRGAP2C,0.10179659
LINC02591,0.02169241
LINC02802,0.056328114
NBPF15,0.030323254
SRGAP2B,0.08626962
ENSG00000276216,0.0
GPR89A,0.060788345
PDZK1,0.16561486
CD160,0.01605993
RNF115,0.18097794
POLR3C,0.032716658
NUDT17,0.02073642
PIAS3,0.05278644
ITGA10,0.003647867
PEX11B,0.08474283
RBM8A,0.6396051
LIX1L,0.03960135
POLR3GL,0.16691892
TXNIP,1.9139552
NOTCH2NLA,0.004755952
NBPF12,0.032381166
PRKAB2,0.04821744
ENSG00000237188,0.015285338
FMO5,0.038868498
CHD1L,0.065599985
BCL9,0.06783445
ACP6,0.031807773
GJA5,0.03990127
NBPF11,0.023974987
NBPF14,0.013031964
PDE4DIP,0.2025094
NBPF9,0.026283974
ENSG00000274265,0.10921704
NBPF19,0.02108103
FCGR1A,0.0054483344
H2BC18,0.004338968
H2AC19,0.0
H2AC20,0.0777964
BOLA1,0.09172201
SF3B4,0.2634081
MTMR11,0.017054645
OTUD7B,0.09314909
VPS45,0.105344184
PLEKHO1,0.056708414
ANP32E,0.2159913
APH1A,0.34186962
C1orf54,0.20101728
MRPS21,0.8822623
PRPF3,0.05369115
RPRD2,0.15332164
TARS2,0.032660924
ECM1,0.021669792
ADAMTSL4-AS2,0.0
MCL1,0.4258892
ENSA,0.48422578
GOLPH3L,0.07535333
CTSS,0.109131254
CTSK,0.014228867
ARNT,0.05797159
SETDB1,0.042282168
CERS2,0.30858883
ANXA9,0.08075731
MINDY1,0.10133848
C1orf56,0.2640845
CDC42SE1,0.33522862
MLLT11,0.015465842
GABPB2,0.049450014
TNFAIP8L2,0.0056414637
SCNM1,0.09768119
LYSMD1,0.036702447
VPS72,0.17319855
PIP5K1A,0.11611719
PSMD4,0.36515942
ZNF687,0.04052881
PI4KB,0.143184
RFX5,0.034019895
SELENBP1,0.14252865
PSMB4,0.5904166
POGZ,0.24829163
CGN,0.0657805
TUFT1,0.14235924
SNX27,0.15315622
MRPL9,0.12690094
OAZ3,0.0076352563
TDRKH,0.010747047
TDRKH-AS1,0.00115794
THEM4,0.16462377
S100A10,1.8425804
S100A11,1.7501397
TCHH,0.0
S100A9,0.03604559
S100A12,0.0
S100A8,0.01940112
S100A7,0.0
S100A6,3.279403
S100A5,0.012522761
S100A4,0.76418215
S100A16,0.32283393
S100A14,0.10917378
S100A13,0.79971224
CHTOP,0.19053388
SNAPIN,0.16974157
ILF2,0.3558562
NPR1,0.112916276
INTS3,0.15969275
SLC27A3,0.047806725
GATAD2B,0.07489857
DENND4B,0.06351395
CRTC2,0.09778976
SLC39A1,0.22489318
CREB3L4,0.035485037
JTB,0.66608137
JTB-DT,0.0044060647
RAB13,0.5475151
RPS27,3.2120566
TPM3,0.49673703
C1orf43,0.4988429
UBAP2L,0.15572806
HAX1,0.42729086
ATP8B2,0.023205796
IL6R,0.032329965
SHE,0.019596541
UBE2Q1,0.18641025
ADAR,0.2793667
KCNN3,0.053104572
PMVK,0.374889
PBXIP1,0.33002692
PYGO2,0.08164498
SHC1,0.13311704
CKS1B,0.15262526
FLAD1,0.089837894
ZBTB7B,0.08629147
ADAM15,0.07195788
EFNA4,0.024366388
EFNA3,0.0
EFNA1,0.17418441
SLC50A1,0.14454949
DPM3,0.9826234
KRTCAP2,0.74101216
MUC1,1.1045991
THBS3,0.028163573
MTX1,0.24480517
GBA1,0.10405951
ENTREP3,0.038349602
SCAMP3,0.18891685
CLK2,0.052849974
FDPS,0.3411938
RUSC1,0.06363339
ASH1L,0.34093633
MSTO1,0.024642542
YY1AP1,0.1243253
DAP3,0.15409303
GON4L,0.095951244
SYT11,0.02032422
RIT1,0.114774644
KHDC4,0.09533314
ARHGEF2,0.05695026
SSR2,0.6199572
UBQLN4,0.042750992
LAMTOR2,0.5256998
RAB25,0.28960574
LMNA,0.6701809
SEMA4A,0.057786357
SLC25A44,0.067404926
PMF1,0.3159181
SMG5,0.10826205
TMEM79,0.011041921
GLMP,0.11041143
CCT3,0.4297719
MEF2D,0.1615586
NAXE,0.47247782
GPATCH4,0.06158323
NES,0.12395453
CRABP2,0.062312923
ISG20L2,0.11044189
METTL25B,0.070539795
MRPL24,0.23915529
HDGF,0.2809999
PRCC,0.12401705
SH2D2A,0.0103247715
PEAR1,0.03929892
ARHGEF11,0.06971674
ETV3,0.042219408
CD5L,0.0
KIRREL1,0.061278045
CD1D,0.0041573117
CD1C,0.0
MNDA,0.05370473
PYHIN1,0.025778152
IFI16,0.16247618
ACKR1,0.0
FCER1A,0.023531483
ENSG00000228560,0.0
APCS,0.0
DUSP23,0.4419268
FCRL6,0.00820117
TAGLN2,0.68201655
PIGM,0.071588606
IGSF8,0.23079443
ATP1A2,0.021460235
PEA15,0.15834597
DCAF8,0.19694431
PEX19,0.16662624
COPA,0.29677477
NCSTN,0.24256764
SLAMF6,0.0072436086
CD84,0.015356543
SLAMF1,0.004119757
CD48,0.06896273
SLAMF7,0.008474828
LY9,0.0
CD244,0.0
ITLN1,0.017539965
F11R,0.21700917
TSTD1,0.9606056
USF1,0.030656707
ARHGAP30,0.019762907
NECTIN4,0.022961553
KLHDC9,0.11186217
PFDN2,0.8170853
NIT1,0.1421843
DEDD,0.07261091
UFC1,0.5611637
USP21,0.018291164
PPOX,0.046349254
B4GALT3,0.13742357
ADAMTS4,0.0
NDUFS2,0.57424456
FCER1G,0.11061661
APOA2,0.0022634247
TOMM40L,0.032113478
SDHC,0.57701993
FCGR2A,0.030647786
HSPA6,0.011670049
FCGR3A,0.057513244
FCGR3B,0.0
FCGR2B,0.014552187
FCRLB,0.019748569
DUSP12,0.07527245
ATF6-DT,0.0
ATF6,0.2213617
OLFML2B,0.008259008
SH2D1B,0.018018708
UHMK1,0.33293384
UAP1,0.30331022
DDR2,0.028810887
HSD17B7,0.048749555
RGS4,0.00789773
RGS5,0.0
ENSG00000232995,0.0
PBX1,0.24349304
MGST3,1.589146
ALDH9A1,0.30389792
TMCO1,0.66419315
UCK2,0.024567965
POGK,0.13752827
TADA1,0.016183157
POU2F1,0.067283146
CD247,0.042142555
CREG1,0.2153256
RCSD1,0.029569855
MPZL1,0.12028842
MPC2,0.872565
DCAF6,0.110486194
GPR161,0.005204211
TIPRL,0.13317512
SFT2D2,0.14856277
XCL2,0.03141518
DPT,0.0019650033
ATP1B1,2.5646439
NME7,0.09869754
BLZF1,0.10221024
SLC19A2,0.08508214
F5,0.024619417
SELP,0.019948915
SELL,0.01227455
METTL18,0.029637314
SCYL3,0.0426818
KIFAP3,0.11038933
GORAB,0.013656872
FMO3,0.0
FMO2,0.020044314
FMO4,0.031897947
PRRC2C,0.40851253
VAMP4,0.0869909
METTL13,0.049534798
DNM3,0.039754782
DNM3OS,0.020293117
PIGC,0.11484142
SUCO,0.14802879
PRDX6-AS1,0.0051861657
PRDX6,1.1757635
KLHL20,0.047292475
CENPL,0.0034619858
DARS2,0.042985182
ZBTB37,0.063260116
RC3H1,0.11016608
RABGAP1L,0.12887281
CACYBP,0.27998716
MRPS14,0.216092
KIAA0040,0.07979761
COP1,0.061885677
SEC16B,0.01840658
RASAL2,0.07556353
RALGPS2,0.08391602
ANGPTL1,0.051263683
FAM20B,0.138145
TOR3A,0.06572672
ABL2,0.05371788
SOAT1,0.10581276
TOR1AIP2,0.24127616
TOR1AIP1,0.16817331
ENSG00000260360,0.0
CEP350,0.1805435
QSOX1,0.22913693
ACBD6,0.13540591
XPR1,0.088561095
STX6,0.06903634
MR1,0.09262474
IER5,0.059365224
GLUL,0.55097544
RNASEL,0.027257694
RGS16,0.023862265
NPL,0.029670686
DHX9,0.37593555
LAMC1,0.12052136
SMG7,0.14487536
NCF2,0.012066794
ARPC5,0.3678384
RGL1,0.05098653
TSEN15,0.15624031
C1orf21,0.037376598
EDEM3,0.09879279
NIBAN1,0.0410814
RNF2,0.070862524
TRMT1L,0.08387404
SWT1,0.026351126
IVNS1ABP,0.65938985
ENSG00000273004,0.0
HMCN1,0.012386329
TPR,0.27159876
ODR4,0.10674799
PTGS2,0.015761849
RGS18,0.018770756
RGS1,0.07782228
RGS13,0.0
RGS2,0.10660986
UCHL5,0.12393081
RO60,0.23075248
GLRX2,0.12795624
CDC73,0.113614105
KCNT2,0.0077071474
CFH,0.07825738
CFHR1,0.0
ZBTB41,0.10454031
DENND1B,0.07993006
NEK7,0.12216667
PTPRC,0.121614166
MIR181A1HG,0.00638477
NR5A2,0.0
ZNF281,0.07906171
DDX59,0.06666871
CAMSAP2,0.13202411
KIF21B,0.0
TMEM9,0.32996482
PKP1,0.003935443
PHLDA3,0.06591709
CSRP1,0.6931364
NAV1,0.050047915
IPO9-AS1,0.0043500643
IPO9,0.08623149
SHISA4,0.050352875
ENSG00000223774,0.005867866
LMOD1,0.043059517
TIMM17A,0.20350975
RNPEP,0.106224515
ELF3,0.18408126
ARL8A,0.2021849
PTPN7,0.0045957025
LGR6,0.005273215
UBE2T,0.015000377
PPP1R12B,0.115929745
KDM5B,0.091394916
PCAT6,0.0074531785
RABIF,0.09529538
KLHL12,0.07510237
ADIPOR1,0.24801672
CYB5R1,0.23518445
TMEM183A,0.12826379
LINC01353,0.005364175
BTG2-DT,0.0022165882
BTG2,1.3192914
PRELP,0.0030541376
ATP2B4,0.12675013
LAX1,0.0
ZC3H11A,0.0041159466
ZBED6,0.0035337145
SNRPE,0.7444041
SOX13,0.076855525
ETNK2,0.10538292
PLEKHA6,0.07218521
PPP1R15B,0.2023756
PIK3C2B,0.013517188
MDM4,0.3093689
NFASC,0.06732175
RBBP5,0.09064623
DSTYK,0.08201144
CDK18,0.06685608
ELK4,0.16569759
SLC45A3,0.009575743
NUCKS1,0.81422126
RAB29,0.07437248
SLC41A1,0.037412334
PM20D1,0.0
RHEX,0.014339467
FAM72A,0.006620898
SRGAP2,0.09866691
RASSF5,0.0143105
EIF2D,0.10025728
MAPKAPK2,0.3130556
IL10,0.0053626415
IL20,0.0
FCMR,0.010170654
PFKFB2,0.08831504
YOD1,0.03388542
CD55,0.20725723
CR1,0.034727927
CD46,0.7671698
MIR29B2CHG,0.12995005
CD34,0.11256734
PLXNA2,0.04182629
G0S2,0.35211748
TRAF3IP3,0.039305884
IRF6,0.1318213
UTP25,0.028709615
SERTAD4-AS1,0.16762355
HHAT,0.015929708
RCOR3,0.15145399
TRAF5,0.037237495
LINC00467,0.113607235
SLC30A1,0.16217081
NEK2,0.0
LPGAT1,0.10542641
INTS7,0.021387717
PPP2R5A,0.21305932
PACC1,0.01958381
NENF,0.7044074
ENSG00000260805,0.03529922
ATF3,0.73124903
BATF3,0.011907944
NSL1,0.1291143
TATDN3,0.10511793
FLVCR1,0.03543329
ANGEL2,0.074959084
RPS6KC1,0.043570787
SMYD2,0.05703326
PTPN14,0.1378929
CENPF,0.0034371407
KCTD3,0.12558536
GPATCH2,0.0633834
RRP15,0.14227985
TGFB2,0.017193483
LYPLAL1,0.40337494
EPRS1,0.19870026
BPNT1,0.053250697
IARS2,0.22058827
RAB3GAP2,0.1253839
MARK1,0.020254884
C1orf115,0.16082247
MTARC2,0.16310687
MTARC1,0.031378087
HLX,0.004254284
DUSP10,0.0058890446
TAF1A,0.01798064
MIA3,0.15463881
ENSG00000272750,0.0014012363
AIDA,0.136234
BROX,0.23076816
DISP1,0.02023772
TLR5,0.050356846
SUSD4,0.09373495
CAPN8,0.0
CAPN2,0.6734759
TP53BP2,0.068165496
FBXO28,0.0618164
DEGS1,0.12768205
NVL,0.042259444
CNIH4,0.48744845
WDR26,0.19220582
DNAH14,0.027443208
LBR,0.12507898
ENAH,0.09287469
SRP9,0.88447404
EPHX1,0.18935049
ENSG00000242861,0.024789916
TMEM63A,0.055541076
PYCR2,0.1460502
SDE2,0.07231188
H3-3A,1.6972823
ACBD3,0.15648459
PARP1,0.18704528
STUM,0.034218494
ITPKB,0.1389866
PSEN2,0.06577678
COQ8A,0.07927229
CDC42BPA,0.17460217
ZNF678,0.017205423
SNAP47,0.11063268
JMJD4,0.04880706
ARF1,0.81424314
C1orf35,0.1482007
MRPL55,0.46446127
GUK1,1.1864237
GJC2,0.009408494
IBA57,0.039229885
OBSCN,0.13254066
TRIM11,0.046479326
H2AC25,0.024540456
RNF187,0.31495124
RHOU,0.04172849
RAB4A,0.19364955
CCSAP,0.014266431
NUP133,0.08268527
ABCB10,0.022660745
TAF5L,0.020082789
URB2,0.01730482
LINC01736,0.0
GALNT2,0.05281772
COG2,0.1041891
AGT,0.01385151
C1orf198,0.07224043
TTC13,0.01320713
ARV1,0.20205474
FAM89A,0.040304057
C1orf131,0.083793774
GNPAT,0.1190255
EXOC8,0.052237526
SPRTN,0.02839026
EGLN1,0.18524453
ENSG00000233461,0.06924205
TSNAX,0.13901912
DISC1,0.0073340866
SIPA1L2,0.086184345
NTPCR,0.20941527
MAP3K21,0.076087095
COA6,0.28317612
TARBP1,0.062234722
LINC01354,0.0
IRF2BP2,0.39046353
TOMM20,0.775363
RBM34,0.016775163
ARID4B,0.1946913
GGPS1,0.109153934
ENSG00000285053,0.0
TBCE,0.0
B3GALNT2,0.021808933
LYST,0.09314216
NID1,0.027734205
GPR137B,0.058782235
ERO1B,0.07264543
EDARADD,0.005284813
LGALS8,0.11496447
ENSG00000273058,0.0014400809
HEATR1,0.041292004
MTR,0.2138077
RYR2,0.005042013
CHRM3,0.046015155
FH,0.18474226
OPN3,0.06806076
CHML,0.065956205
CEP170,0.0485042
SDCCAG8,0.119047135
AKT3,0.1490334
ZBTB18,0.07584076
ADSS2,0.16928016
DESI2,0.086447254
COX20,0.9059921
HNRNPU,0.8295829
EFCAB2,0.06333941
KIF26B,0.013583637
SMYD3,0.049923368
TFB2M,0.06737116
CNST,0.071499765
SCCPDH,0.2097138
AHCTF1,0.15040755
ZNF670,0.010227266
ZNF669,0.0109824175
ZNF124,0.047824048
ENSG00000259865,0.031781718
ZNF496,0.030780137
NLRP3,0.011334008
OR2M3,0.0
SH3BP5L,0.050294388
ZNF672,0.12349621
ZNF692,0.04654339
PGBD2,0.024817416
FAM110C,0.05650918
SH3YL1,0.30040994
ACP1,0.40306038
TMEM18,0.20676132
PXDN,0.02491227
ENSG00000232057,0.0
EIPR1,0.07983696
TRAPPC12,0.13881306
ADI1,0.8162897
RNASEH1,0.039165717
RNASEH1-DT,0.0411196
RPS7,2.3474424
COLEC11,0.007846801
CMPK2,0.016980235
RSAD2,0.027442507
ENSG00000271947,0.0
RNF144A,0.037744522
LINC01871,0.014612346
ID2,0.24398908
KIDINS220,0.24340612
MBOAT2,0.14514709
ASAP2,0.31595802
ITGB1BP1,0.2673641
CPSF3,0.054921497
IAH1,0.27590877
ADAM17,0.115878545
YWHAQ,0.46458417
TAF1B,0.056068763
ENSG00000269973,0.022908987
ENSG00000260077,0.038194332
KLF11,0.14589301
HPCAL1,0.2139401
ODC1,0.24988395
NOL10,0.056781888
RN7SL832P,0.0057829465
ATP6V1C2,0.13968094
PDIA6,0.55344665
SLC66A3,0.17839204
ROCK2,0.22153166
E2F6,0.054757245
GREB1,0.0054852283
LPIN1,0.12049207
TRIB2,0.11968295
NBAS,0.07035098
DDX1,0.29594475
MYCN,0.0
CYRIA,0.009809394
SMC6,0.04634683
GEN1,0.0159175
KCNS3,0.012659776
RDH14,0.12825859
TTC32,0.11920378
WDR35,0.04350469
LAPTM4A,1.1570761
SDC1,0.12914135
PUM2,0.21988715
RHOB,0.869968
GDF7,0.024030007
LDAH,0.026887884
ATAD2B,0.041209113
UBXN2A,0.09553107
WDCP,0.0067455405
FKBP1B,0.0849569
SF3B6,0.815808
FAM228B,0.06664154
TP53I3,0.17181844
ITSN2,0.14340241
NCOA1,0.16510671
PTRHD1,0.23298077
ADCY3,0.015192657
DNAJC27,0.04969633
DNAJC27-AS1,0.038033366
POMC,0.028984725
DNMT3A,0.048160214
DTNB,0.0391697
ASXL2,0.08209898
KIF3C,0.011165477
RAB10,0.36842582
HADHA,0.4587469
HADHB,0.685522
SELENOI,0.10900215
SLC35F6,0.11284413
MAPRE3,0.119428225
TMEM214,0.10429772
AGBL5,0.06849284
OST4,1.7515244
EMILIN1,0.019618133
KHK,0.103658594
PREB,0.09513914
ATRAID,0.6883614
MPV17,0.1671993
GTF3C2,0.08066101
GTF3C2-AS2,0.010200593
EIF2B4,0.088604696
SNX17,0.26111266
ZNF513,0.04734067
PPM1G,0.2212242
NRBP1,0.20003235
KRTCAP3,0.08630189
IFT172,0.04673857
FNDC4,0.013361311
ZNF512,0.059725005
GPN1,0.06156745
SUPT7L,0.08738467
SLC4A1AP,0.09544224
MRPL33,1.585368
BABAM2,0.18612202
FOSL2,0.58990556
PPP1CB,0.7764195
TRMT61B,0.05872359
WDR43,0.11254638
CLIP4,0.054927703
YPEL5,0.3441502
LBH,0.21912766
LCLAT1,0.040349405
CAPN13,0.007318267
EHD3,0.071108095
MEMO1,0.02406331
DPY30,0.53098285
SPAST,0.043068923
SLC30A6,0.06383522
YIPF4,0.28638202
ENSG00000272754,0.0
BIRC6,0.1883928
TTC27,0.030235458
LTBP1,0.032317344
RASGRP3,0.028466491
FAM98A,0.08099348
CRIM1-DT,0.05013686
CRIM1,0.51639545
FEZ2,0.17608853
STRN,0.06603794
HEATR5B,0.08375586
GPATCH11,0.030978758
EIF2AK2,0.20484798
CEBPZOS,0.2924961
CEBPZ,0.2589424
NDUFAF7,0.0500856
PRKD3,0.0666886
QPCT,0.012037627
CDC42EP3,0.19063145
RMDN2,0.03606106
CYP1B1,0.12722173
ATL2,0.12916417
HNRNPLL,0.07407559
GALM,0.06696725
SRSF7,0.6738376
GEMIN6,0.081515916
DHX57,0.051942937
MORN2,0.3599131
SOS1,0.12512763
MAP4K3,0.23562865
MAP4K3-DT,0.19147196
TMEM178A,0.5118265
THUMPD2,0.06576419
SLC8A1,0.63031656
PKDCC,0.03745227
EML4,0.13415805
COX7A2L,0.8358879
MTA3,0.07336033
HAAO,0.012745112
ZFP36L2,0.8852259
THADA,0.06623468
PLEKHH2,0.063723855
DYNC2LI1,0.21207641
LRPPRC,0.33518508
PPM1B,0.13502102
PREPL,0.35171866
CAMKMT,0.044078365
SRBD1,0.04919724
PRKCE,0.057593912
EPAS1,0.32107967
ATP6V1E2,0.024635326
RHOQ,0.17190665
PIGF,0.18756533
CRIPT,0.25791603
SOCS5,0.06630104
MCFD2,0.33185476
TTC7A,0.08782565
CALM2,1.7108039
EPCAM,1.2908484
MSH2,0.055831548
KCNK12,0.0
MSH6,0.05713618
FBXO11,0.15032262
FOXN2,0.044873685
PPP1R21-DT,0.015262486
PPP1R21,0.069057666
STON1,0.039499022
CHAC2,0.025435392
ERLEC1,0.18943442
PSME4,0.061343357
ACYP2,0.1980898
SPTBN1,0.6452581
RTN4,1.4345647
CLHC1,0.02022594
RPS27A,3.0029786
MTIF2,0.072371304
CCDC88A,0.05668258
CFAP36,0.17918085
PPP4R3B,0.23781046
PPP4R3B-DT,0.045636322
PNPT1,0.08945759
EFEMP1,0.18724668
CCDC85A,0.0043616076
VRK2,0.037587695
FANCL,0.067070454
BCL11A,0.005395086
PAPOLG,0.05808392
REL,0.12485149
PUS10,0.017021552
PEX13,0.09377568
SANBR,0.010095051
C2orf74,0.15101667
USP34,0.25422776
USP34-DT,0.021647984
XPO1,0.18335158
FAM161A,0.041766245
CCT4,0.47165668
COMMD1,0.2689317
B3GNT2,0.19500989
EHBP1,0.08661676
WDPCP,0.019760601
MDH1,0.73139864
UGP2,0.32460362
VPS54,0.06832721
PELI1,0.04598024
ENSG00000225889,0.016231218
LGALSL,0.08443177
AFTPH-DT,0.0
AFTPH,0.17749797
SERTAD2,0.09164828
SLC1A4,0.0037591334
CEP68,0.0750122
RAB1A,0.42605603
ACTR2,0.4630714
SPRED2,0.06661884
MEIS1,0.00961762
ETAA1,0.061096545
C1D,0.36961296
DNAAF10,0.025469871
PNO1,0.083773844
PPP3R1,0.07478702
CNRIP1,0.012811489
PLEK,0.021920584
FBXO48,0.029730968
ARHGAP25,0.008208409
ANTXR1,0.028635023
GFPT1,0.12806296
NFU1,0.2739904
AAK1,0.42718202
ANXA4,0.51126856
GMCL1,0.10564678
SNRNP27,0.16436304
MXD1,0.047300555
PCBP1,0.8604581
C2orf42,0.0340592
TIA1,0.15923132
PCYOX1,0.3780794
SNRPG,1.0912044
FAM136A,0.16633478
TGFA,0.06063305
TEX261,0.1488637
NAGK,0.17278492
MCEE,0.15480429
MPHOSPH10,0.1010403
PAIP2B,0.07365572
ZNF638,0.30171767
DYSF,0.042336985
CYP26B1,0.043961737
EXOC6B,0.067805074
SPR,0.13635767
SFXN5,0.11684966
RAB11FIP5,0.12239889
SMYD5,0.042381648
PRADC1,0.14366436
CCT7,0.43560395
FBXO41,0.0
ALMS1,0.04107601
TPRKB,0.18338324
DUSP11,0.11613446
STAMBP,0.11231643
ACTG2,0.0
DGUOK,0.34326097
DGUOK-AS1,0.006802459
TET3,0.013179441
BOLA3,0.5629541
MOB1A,0.36427516
MTHFD2,0.058293886
DCTN1,0.20733064
WDR54,0.097747125
RTKN,0.077400796
INO80B,0.027708294
MOGS,0.13663228
MRPL53,0.08859879
CCDC142,0.010782699
TTC31,0.025917402
LBX2,0.0
PCGF1,0.04561627
AUP1,0.28446117
HTRA2,0.10528751
LOXL3,0.0
DOK1,0.018873282
HK2,0.011352984
POLE4,0.4413527
MRPL19,0.26768005
GCFC2,0.10042838
ENSG00000270696,0.017400963
SUCLG1,0.7130168
TMSB10,2.013889
KCMF1,0.1477652
TCF7L1,0.05989487
TGOLN2,0.6085119
RETSAT,0.05639867
ELMOD3,0.03794032
CAPG,0.699886
MAT2A,0.38565117
GGCX,0.13984612
VAMP8,0.97115815
VAMP5,0.31286484
RNF181,0.5650342
TMEM150A,0.07333036
USP39,0.09005829
C2orf68,0.06782661
GNLY,0.08103282
ATOH8,0.040707335
ST3GAL5,0.018706743
POLR1A,0.024792448
PTCD3,0.13235763
IMMT,0.30227003
MRPL35,0.24351706
REEP1,0.009687067
KDM3A,0.0814436
CHMP3,0.31982186
RNF103,0.09708595
RMND5A,0.13833997
CD8A,0.011654211
CD8B,0.012303628
LINC01943,0.0
CYTOR,0.09468438
KRCC1,0.08859226
FABP1,0.12038405
EIF2AK3,0.05908474
EIF2AK3-DT,0.008391865
RPIA,0.063168235
IGKC,0.002156235
MAL,1.6524805
MRPS5,0.3014403
ZNF514,0.05781483
ZNF2,0.012357659
PROM2,0.36602488
FAHD2A,0.1355063
LINC00342,0.0092296805
ANKRD36C,0.019686615
ADRA2B,0.009976783
DUSP2,0.13852674
STARD7,0.3719989
TMEM127,0.2124624
CIAO1,0.13097048
SNRNP200,0.2810009
ITPRIPL1,0.0
NCAPH,0.0022942796
ARID5A,0.046330724
KANSL3,0.089434005
LMAN2L,0.048979543
CNNM4,0.02557444
CNNM3,0.038360566
ANKRD39,0.061162405
SEMA4C,0.02649859
FAM178B,0.0
FAHD2B,0.108654514
ANKRD36,0.022964746
APPAT,0.009385902
ANKRD36B,0.009631425
COX5B,2.2983532
ACTR1B,0.0947579
TMEM131,0.10058895
INPP4A,0.048457272
COA5,0.32710865
UNC50,0.36834723
MGAT4A,0.2567576
LINC02611,0.0
CRACDL,0.023991702
LIPT1,0.047268525
MITD1,0.12976012
MRPL30,0.10933373
TXNDC9,0.14089353
EIF5B,0.40332586
REV1,0.15086016
AFF3,0.009107529
LONRF2,0.03591729
CHST10,0.010928244
PDCL3,0.17623413
RPL31,1.1004784
TBC1D8,0.012826009
CNOT11,0.09354209
RNF149,0.16018254
MAP4K4,0.07322315
LINC01127,0.0041618035
IL1R2,0.03299741
IL1R1,0.14271168
IL1RL1,0.044107612
IL18R1,0.01978154
IL18RAP,0.002120473
TMEM182,0.0078060767
MRPS9,0.14854814
TGFBRAP1,0.06219465
C2orf49-DT,0.022983287
C2orf49,0.13762422
FHL2,0.05067725
NCK2,0.11890741
ECRG4,0.07545534
UXS1,0.28757346
ST6GAL2,0.0059519154
SULT1C4,0.026260616
GCC2,0.4074739
LIMS1,0.21640365
RANBP2,0.5342476
CCDC138,0.016654558
SH3RF3,0.0086359745
SEPTIN10,0.10380261
SOWAHC,0.08705016
RGPD5,0.006409767
NPHP1,0.09187402
MTLN,0.5309865
MIR4435-2HG,0.20517164
BCL2L11,0.05987965
ENSG00000271590,0.0021960924
ENSG00000270190,0.0
ANAPC1,0.061156552
MERTK,0.055342145
TMEM87B,0.0482136
FBLN7,0.0029453144
ZC3H8,0.084178485
ZC3H6,0.10266771
TTL,0.040615212
POLR1B,0.022067409
CHCHD5,0.47233266
SLC20A1,0.13824804
IL1B,0.021418752
IL1RN,0.0
PSD4,0.04434007
PAX8,0.28653705
ZNG1B,0.059793416
PGM5P4-AS1,0.003512563
RABL2A,0.053612776
SLC35F5,0.21395198
ACTR3,0.36548525
DDX18,0.38306177
ENSG00000236255,0.003062316
CCDC93,0.06862991
INSIG2,0.12524763
MARCO,0.004909912
STEAP3,0.015484994
C2orf76,0.120752916
DBI,1.2686926
TMEM37,0.18105635
TMEM177,0.055598475
PTPN4,0.083465144
EPB41L5,0.16355161
TMEM185B,0.054787483
RALB,0.13884838
INHBB,0.0
TFCP2L1,0.5649929
CLASP1,0.14744931
NIFK-AS1,0.02822623
NIFK,0.17592804
TSN,0.18475835
GYPC,0.13574292
BIN1,0.099600166
ERCC3,0.0951992
MAP3K2,0.21284063
PROC,0.0048928014
IWS1,0.109163776
ENSG00000272789,0.015206335
LIMS2,0.14529338
WDR33,0.22676715
SFT2D3,0.06652172
POLR2D,0.05652105
AMMECR1L,0.06828763
ENSG00000272667,0.052769832
SAP130,0.036865875
UGGT1,0.097275004
HS6ST1,0.18363172
CCDC74B,0.02147466
SMPD4,0.11051504
MZT2B,1.1993067
CCDC115,0.21300004
IMP4,0.18417963
PTPN18,0.18114473
FAM168B,0.24627382
PLEKHB2,0.4608922
MZT2A,0.6043408
CCDC74A,0.03963119
LYPD1,0.021265866
MGAT5,0.101713866
TMEM163,0.015936663
CCNT2,0.10280264
RAB3GAP1,0.21567366
ZRANB3,0.015140311
R3HDM1,0.057855945
UBXN4,0.43197754
MCM6,0.029806541
DARS1,0.29051295
CXCR4,0.18159771
HNMT,0.2947079
SPOPL,0.073787145
KYNU,0.019382386
ARHGAP15,0.021393226
GTDC1,0.027784817
ZEB2,0.111487165
ACVR2A,0.054899465
ORC4,0.16202794
MBD5,0.08614955
EPC2,0.06834787
MMADHC,0.30300912
RND3,0.10970696
RBM43,0.07997133
NMI,0.06608222
TNFAIP6,0.0
RIF1,0.1795147
ARL5A,0.13833028
STAM2,0.1326257
FMNL2,0.057191353
PRPF40A,0.28521407
ARL6IP6,0.078135595
NR4A2,0.14604093
GPD2,0.061106622
CYTIP,0.10385786
ACVR1,0.044139333
PKP4,0.300223
DAPL1,0.038527325
TANC1,0.11104226
WDSUB1,0.093668245
BAZ2B,0.16345698
BAZ2B-AS1,0.016146753
MARCHF7,0.16583745
CD302,0.049917977
LY75,0.018650541
PLA2R1,0.08179246
RBMS1,0.3159876
TANK,0.12268003
PSMD14,0.18807243
DPP4,0.078738615
FAP,0.0
IFIH1,0.03967728
GCA,0.19920266
FIGN,0.019239975
COBLL1,0.81152016
SLC38A11,0.12571537
SCN3A,0.009627401
CSRNP3,0.03392223
TTC21B,0.06026149
SCN9A,0.005126428
SCN7A,0.05012851
STK39,0.076219946
CERS6,0.060675815
NOSTRIN,0.08497983
BBS5,0.03762568
FASTKD1,0.040630847
PPIG,0.39772305
KLHL23,0.051370114
SSB,0.46482015
METTL5,0.26644886
UBR3,0.121971376
GORASP2,0.12372228
TLK1,0.2260177
METTL8,0.023830734
DCAF17,0.044834733
CYBRD1,0.13114941
DYNC1I2,0.46030635
SLC25A12,0.090679586
HAT1,0.19155152
ITGA6,0.3019603
PDK1,0.022089347
RAPGEF4,0.046023708
MAP3K20,0.12548338
SP3,0.14093617
OLA1,0.17888011
CIR1,0.26442665
SCRN3,0.047211777
GPR155,0.06318122
WIPF1,0.061661758
CHN1,0.01604455
ATF2,0.13989209
ATP5MC3,1.8315587
LNPK,0.084361576
MTX2,0.3738214
HNRNPA3,0.7679769
NFE2L2,1.1017718
ENSG00000222043,0.0
AGPS,0.078631535
IFT70B,0.016014032
IFT70A,0.021069432
RBM45,0.038600925
CHROMR,0.021423379
PRKRA,0.1884999
FKBP7,0.033734187
PLEKHA3,0.16571547
TTN-AS1,0.039265107
CCDC141,0.0
SESTD1,0.08597112
CWC22,0.14511377
UBE2E3,0.29313248
LINC01934,0.0
ITGA4,0.027381198
ITPRID2,0.13506515
PDE1A,0.19968875
DNAJC10,0.23297034
FRZB,0.071774386
NCKAP1,0.32093388
NUP35,0.054612648
ENSG00000283839,0.0
LINC01473,0.014232424
ZC3H15,0.33688167
ITGAV,0.3412262
FAM171B,0.014593668
CALCRL,0.11492657
TFPI,0.085414946
GULP1,0.12272614
COL3A1,0.028395131
COL5A2,0.015112483
WDR75,0.060855955
SLC40A1,0.15571976
ASNSD1,0.20027468
ANKAR,0.014772352
OSGEPL1,0.030987196
ORMDL1,0.326929
PMS1,0.03971754
C2orf88,0.032637488
HIBCH,0.27487865
INPP1,0.100415885
MFSD6,0.057648618
NEMP2,0.009639074
NAB1,0.09295947
GLS,0.67579854
STAT1,0.21886979
STAT4,0.015564708
MYO1B,0.32616886
NABP1,0.06741951
CAVIN2,0.21764427
SLC39A10,0.1594311
STK17B,0.10346158
ENSG00000272211,0.0
HECW2,0.047961086
HECW2-AS1,0.0
GTF3C3,0.06642846
PGAP1,0.05019758
ANKRD44,0.04895416
SF3B1,0.5881654
COQ10B,0.1819899
HSPD1,0.8065958
HSPE1,1.545617
MOB4,0.23000853
RFTN2,0.0047364025
PLCL1,0.24157155
FTCDNL1,0.008937429
C2orf69,0.06788327
TYW5,0.039354764
MAIP1,0.09602137
SPATS2L,0.24038592
KCTD18,0.034927204
SGO2,0.007455668
BZW1,0.5181955
CLK1,0.33924845
PPIL3,0.055009827
NIF3L1,0.062944
ORC2,0.044349346
HYCC2,0.102307186
NDUFB3,1.1158998
CFLAR,0.2806308
CASP10,0.036215022
CASP8,0.04015419
TRAK2,0.19202964
STRADB,0.05916271
TMEM237,0.08363118
ALS2,0.048030857
FZD7,0.11423618
SUMO1,0.74191034
NOP58,0.14308813
ENSG00000273456,0.010818456
BMPR2,0.16930322
FAM117B,0.03912215
ICA1L,0.019143749
WDR12,0.05293897
CARF,0.034112297
NBEAL1,0.22340836
CYP20A1,0.095886916
ABI2,0.19492799
RAPH1,0.093237594
CD28,0.0
ICOS,0.0
PARD3B,0.07288061
NRP2,0.026117995
INO80D,0.08874967
NDUFS1,0.37609506
EEF1B2,1.2556951
ZDBF2,0.07250857
ADAM23,0.0
FASTKD2,0.10145555
KLF7,0.0952824
CREB1,0.10384839
METTL21A,0.06520902
LINC01857,0.0
CCNYL1,0.057737548
IDH1,0.08088963
PIKFYVE,0.07827964
MAP2,0.04230148
RPE,0.088929586
KANSL1L,0.1329056
LANCL1,0.14699979
CPS1,0.014582898
SPAG16,0.20127936
BARD1,0.031626027
ATIC,0.089400455
FN1,0.046252724
PECR,0.108243294
XRCC5,0.44825214
SMARCAL1,0.028540904
RPL37A,2.3432727
IGFBP2,0.2988969
IGFBP5,0.6723273
TNS1,0.32734376
TNS1-AS1,0.0
ARPC2,0.5815693
GPBAR1,0.011684568
AAMP,0.24530768
PNKD,0.9315026
TMBIM1,0.17242005
SLC11A1,0.09159814
CTDSP1,0.28330377
USP37,0.041910466
CNOT9,0.083007306
BCS1L,0.07106004
RNF25,0.05584191
TTLL4,0.006580258
CYP27A1,0.053634927
WNT6,0.0049929596
CNPPD1,0.29591903
RETREG2,0.24645442
ZFAND2B,0.15123612
ANKZF1,0.06352513
STK16,0.10521206
TUBA4A,0.2994877
DNAJB2,0.2672414
DNPEP,0.14974956
DES,0.018300008
SPEG,0.036192358
GMPPA,0.100543074
CHPF,0.21740103
OBSL1,0.24806136
STK11IP,0.03751617
EPHA4,0.039732255
FARSB,0.0727086
ACSL3,0.35161194
KCNE4,0.013835445
WDFY1,0.071495704
MRPL44,0.1472643
SERPINE2,0.02913951
CUL3,0.23971193
DOCK10,0.029875256
IRS1,0.079834625
RHBDD1,0.037183717
MFF,0.41700768
AGFG1,0.15635729
PID1,0.0081576435
TRIP12,0.19532414
FBXO36,0.022484068
SLC16A14,0.008678601
SP110,0.07480318
SP140,0.0
SP140L,0.033380907
SP100,0.16991636
CAB39,0.37316132
ITM2C,0.6398995
PSMD1,0.18552712
HTR2B,0.0
ARMC9,0.015654303
NCL,0.6415988
PTMA,2.5272067
PDE6D,0.077206604
COPS7B,0.06724998
DIS3L2,0.06425079
EIF4E2,0.208771
EFHD1,0.6530202
GIGYF2,0.15744585
SNORC,0.0066163866
INPP5D,0.027444428
ATG16L1,0.03149984
DGKD,0.024648573
USP40,0.1018072
TRPM8,0.0
ARL4C,0.1286581
SH3BP4,0.17996092
AGAP1,0.084051736
ACKR3,0.012806514
COPS8,0.24239339
COL6A3,0.0
MLPH,0.0048919218
RAB17,0.36931455
LRRFIP1,0.5251698
RAMP1,0.047599576
UBE2F,0.12548748
KLHL30,0.0
ILKAP,0.14511438
HES6,0.021835815
PER2,0.07417559
TRAF3IP1,0.0469529
ASB1,0.07189945
HDAC4,0.03746442
NDUFA10,0.50517285
COPS9,1.15338
GPC1,0.099894665
DUSP28,0.060231254
RNPEPL1,0.13966517
CAPN10,0.05466365
GPR35,0.007177944
AGXT,0.003176632
SNED1,0.041297883
MTERF4,0.115216054
PASK,0.0136194965
PPP1R7,0.25826785
HDLBP,0.4165904
SEPTIN2,0.5786113
FARP2,0.040981848
STK25,0.17416804
BOK,0.086651355
THAP4,0.29789862
ATG4B,0.19841775
DTYMK,0.109564476
ING5,0.091463566
D2HGDH,0.13494624
CNTN4,0.0076538343
TRNT1,0.10373878
CRBN,0.20680638
SUMF1,0.13607821
SETMAR,0.07214696
ITPR1,0.19412982
BHLHE40,0.42319623
ARL8B,0.18875824
EDEM1,0.072511196
LMCD1,0.03632027
SSUH2,0.018084535
OXTR,0.0
RAD18,0.02037907
THUMPD3-AS1,0.29761842
THUMPD3,0.07914837
SETD5,0.08915012
LHFPL4,0.0
MTMR14,0.07269044
BRPF1,0.048086025
OGG1,0.046786502
CAMK1,0.08208922
TADA3,0.20325632
ARPC4,0.4408159
TTLL3,0.029008819
RPUSD3,0.10030981
JAGN1,0.20907356
IL17RE,0.031228306
IL17RC,0.08146781
CRELD1,0.12946498
PRRT3,0.023950048
EMC3,0.32655087
BRK1,0.76761514
VHL,0.03739314
TATDN2,0.04612198
SEC13,0.1498958
ATG7,0.033400614
VGLL4,0.2575152
TAMM41,0.034000028
TIMP4,0.0046422933
PPARG,0.057060722
TSEN2,0.017376585
MKRN2OS,0.002152385
MKRN2,0.07550143
RAF1,0.11106943
TMEM40,0.0
RPL32,2.9938197
IQSEC1,0.11345078
NUP210,0.056212556
HDAC11,0.10369177
FBLN2,0.008961482
CHCHD4,0.054123115
TMEM43,0.098959886
XPC,0.084619775
LSM3,0.72048056
SLC6A6,0.070133746
GRIP2,0.0207531
CCDC174,0.09557547
FGD5,0.029025966
FGD5-AS1,0.3512183
NR2C2,0.04024521
MRPS25,0.3179987
RBSN,0.061609983
CAPN7,0.0966207
SH3BP5,0.12178396
METTL6,0.04181629
EAF1,0.06801447
HACL1,0.05902443
BTD,0.08992924
ANKRD28,0.10456899
GALNT15,0.020846207
DPH3,0.23132075
OXNAD1,0.052104652
RFTN1,0.043962102
PLCL2,0.045387954
TBC1D5,0.1256586
SATB1,0.07427676
RAB5A,0.17461494
KAT2B,0.059896376
ZNF385D,0.022319483
UBE2E2,0.12103025
UBE2E1,0.1252976
NKIRAS1,0.04978983
RPL15,2.367504
NR1D2,0.09127278
RARB,0.054139946
TOP2B,0.3001142
NGLY1,0.098868705
OXSM,0.08658194
SLC4A7,0.049162533
LINC02084,0.005910885
EOMES,0.0
CMC1,0.39614192
AZI2,0.16678385
RBMS3,0.078673586
TGFBR2,0.2620595
STT3B,0.21050808
GPD1L,0.0725096
CMTM8,0.08666724
CMTM7,0.024135422
CMTM6,0.28693622
DYNC1LI1,0.13048537
CNOT10,0.06271377
GLB1,0.18414842
CRTAP,0.2784492
SUSD5,0.007242918
UBP1,0.09470424
CLASP2,0.11795414
PDCD6IP,0.31572652
TRANK1,0.022209696
EPM2AIP1,0.21236302
MLH1,0.061584007
LRRFIP2,0.14026232
GOLGA4,0.3032546
ITGA9,0.025838176
CTDSPL,0.2809086
PLCD1,0.042654637
ACAA1,0.29518718
MYD88,0.028904503
OXSR1,0.14027064
XYLB,0.0071414826
ACVR2B,0.034134097
EXOG,0.022610974
WDR48,0.11130151
GORASP1,0.066654935
CSRNP1,0.38691998
CX3CR1,0.008592678
SLC25A38,0.07295884
RPSA,1.4899969
MYRIP,0.0046862653
EIF1B,0.793948
RPL14,2.1705062
ZNF620,0.011900644
ZNF621,0.043734252
CTNNB1,0.5021909
TRAK1,0.122361995
VIPR1,0.016245076
SEC22C,0.12867706
SS18L2,0.19440138
NKTR,0.26771134
HIGD1A,0.7453718
ZNF662,0.025387025
POMGNT2,0.056978293
SNRK,0.13600704
ANO10,0.16411164
ABHD5,0.109248646
TCAIM,0.12763312
ZNF445,0.04933529
ZNF852,0.005928247
ZNF660,0.008939155
ZNF197,0.022475138
ZNF35,0.018738853
KIAA1143,0.109633535
KIF15,0.0
TMEM42,0.11884803
ZDHHC3,0.21242899
EXOSC7,0.3550566
CLEC3B,0.113471225
CDCP1,0.039742973
LARS2,0.05303393
LIMD1,0.03409467
SACM1L,0.13369362
LZTFL1,0.06799962
FYCO1,0.0628936
CCR1,0.002550769
CCR2,0.0
CCR5,0.0
CCRL2,0.012159476
LRRC2,0.019381505
ALS2CL,0.096162535
PTH1R,0.7216499
CCDC12,0.32324103
NBEAL2,0.17431225
SETD2,0.17611942
KIF9,0.1945077
KLHL18,0.06349674
PTPN23-DT,0.005756597
PTPN23,0.113845184
SCAP,0.164309
ELP6,0.13944949
SMARCC1,0.16033716
DHX30,0.31150618
MAP4,0.3075684
CAMP,0.0
ZNF589,0.019778555
NME6,0.07404491
CCDC51,0.045302335
TMA7,2.0663826
ATRIP,0.02827091
SHISA5,0.19753487
PFKFB4,0.0070724213
UQCRC1,0.79294634
SLC26A6,0.01892294
CELSR3,0.0
NCKIPSD,0.049478337
IP6K2,0.24071068
PRKAR2A,0.1661745
SLC25A20,0.053175464
ARIH2OS,0.018905353
ARIH2,0.13622183
P4HTM,0.30545133
WDR6,0.27612022
DALRD3,0.10994641
NDUFAF3,0.7475067
IMPDH2,0.16310671
QRICH1,0.08105415
QARS1,0.21130395
USP19,0.11566383
LAMB2,0.36300236
KLHDC8B,0.07640856
C3orf62,0.029899731
USP4,0.085528865
RHOA,0.7527027
TCTA,0.12850186
DAG1,0.2838604
APEH,0.21428408
MST1,0.2532313
RNF123,0.05661702
GMPPB,0.047818124
IP6K1,0.15320317
INKA1,0.007640362
UBA7,0.07935304
MON1A,0.020125031
RBM6,0.18319525
RBM5,0.25278273
SEMA3F,0.13209186
GNAI2,0.39584285
SEMA3B,0.2413683
IFRD2,0.07372777
NAA80,0.025915433
HYAL1,0.13592021
HYAL2,0.27876678
TUSC2,0.32097504
RASSF1,0.08539354
NPRL2,0.056098178
CYB561D2,0.0
TMEM115,0.15713061
ENSG00000271858,0.0
CISH,0.13126943
MAPKAPK3,0.16297135
MANF,0.33488476
RBM15B,0.11752155
DCAF1,0.061361667
RAD54L2,0.0666636
TEX264,0.52422583
RRP9,0.04408771
PARP3,0.040679336
PCBP4,0.040969934
ABHD14B,0.38683814
ABHD14A,0.2001335
RPL29,2.4727635
DUSP7,0.033217713
POC1A,0.0053287656
ALAS1,0.13105464
TWF2,0.17104638
PPM1M,0.027351445
WDR82,0.17979373
GLYCTK,0.0314369
DNAH1,0.009462416
BAP1,0.13303068
PHF7,0.013867527
SEMA3G,0.052927967
NISCH,0.2285943
STAB1,0.02881847
NT5DC2,0.11050268
UQCC5,0.6075243
PBRM1,0.14236318
GNL3,0.087456524
GLT8D1,0.123557255
SPCS1,1.0689331
STIMATE,0.00832278
RFT1,0.055561677
PRKCD,0.0853626
TKT,0.24515091
DCP1A,0.10409793
CHDH,0.054997586
ACTR8,0.039591115
SELENOK,0.85113126
CACNA2D3,0.031027826
WNT5A,0.011884572
CCDC66,0.10640048
TASOR,0.15204953
ARHGEF3,0.11790762
HESX1,0.005033614
APPL1,0.23392011
PDE12,0.10026372
ARF4,0.6292328
DENND6A,0.07927403
SLMAP,0.09770518
FLNB,0.37591973
DNASE1L3,0.055863965
ABHD6,0.027648812
RPP14,0.074305855
PXK,0.10460931
PDHB,0.39223108
KCTD6,0.05089822
ACOX2,0.033964097
FAM107A,0.17393927
CFAP20DC,0.003308396
FHIT,0.17694844
PTPRG,0.22362182
CEP15,0.08800112
THOC7,0.36926666
PSMD6,0.24168955
PRICKLE2,0.028560609
ADAMTS9,0.08353936
ADAMTS9-AS2,0.056349922
MAGI1,0.13765182
SLC25A26,0.06682432
LRIG1,0.01746877
SUCLG2,0.34124944
SUCLG2-DT,0.008982447
EOGT,0.029907778
EOGT-DT,0.0
TMF1,0.17408362
UBA3,0.111286804
ARL6IP5,0.49603903
LMOD3,0.0
FRMD4B,0.06778305
MITF,0.20895939
FOXP1,0.19926229
ENSG00000277855,0.0
EIF4E3,0.07668839
GPR27,0.03893871
PROK2,0.0
RYBP,0.18981925
SHQ1,0.031084169
GXYLT2,0.008666927
PPP4R2,0.19869646
PDZRN3,0.051173396
LINC00960,0.0
ZNF717,0.058759537
ROBO1,0.032038186
GBE1,0.12913689
CADM2,0.0
VGLL3,0.010870305
CHMP2B,0.21987371
CGGBP1,0.31166944
ZNF654,0.0732866
C3orf38,0.07015669
EPHA3,0.004653257
PROS1,0.040074117
ARL13B,0.052598935
DHFR2,0.030545708
NSUN3,0.046586964
CRYBG3,0.16436578
RIOX2,0.11466946
CLDND1,0.22840235
CPOX,0.03240663
ST3GAL6,0.080508836
DCBLD2,0.10990325
COL8A1,0.019308014
CMSS1,0.10902129
FILIP1L,0.11795841
TBC1D23,0.07482079
NIT2,0.17377374
TOMM70,0.11338471
TMEM45A,0.004350191
TFG,0.22597077
ABI3BP,0.038174566
SENP7,0.10638734
TRMT10C,0.2107387
PCNP,0.35009617
ZBTB11,0.063756235
RPL24,2.635337
CEP97,0.03643404
NXPE3,0.019672344
NFKBIZ,0.23096257
ALCAM,0.074690595
CBLB,0.07625177
LINC00882,0.010090483
DUBR,0.011378887
BBX,0.3542074
CD47,0.35771638
IFT57,0.19564965
DZIP3,0.08974846
TRAT1,0.0
NECTIN3,0.019725913
CD96,0.015927097
PHLDB2,0.2174481
ABHD10,0.114032604
C3orf52,0.04441037
GCSAM,0.0
TBILA,0.0077756336
CD200,0.0266883
ATG3,0.17552002
SLC35A5,0.06788627
CCDC80,0.06315722
GTPBP8,0.06025722
NEPRO,0.09987275
SPICE1,0.036551505
SIDT1,0.010940566
USF3,0.10665784
NAA50,0.25619078
ATP6V1A,0.5600249
CCDC191,0.042699195
QTRT2,0.032867253
ZBTB20,0.7591704
B4GALT4,0.047443215
ARHGAP31,0.032882184
TMEM39A,0.04562541
POGLUT1,0.07026148
TIMMDC1,0.24797913
ADPRH,0.016538646
POPDC2,0.01454389
COX17,1.107683
GSK3B,0.12786436
LRRC58,0.14033319
FSTL1,0.10209953
NDUFB4,1.3071555
HGD,0.08603084
RABL3,0.08038748
GTF2E1,0.03296681
HCLS1,0.049314894
GOLGB1,0.3725376
IQCB1,0.055919733
EAF2,0.044147514
SLC15A2,0.068322174
CD86,0.017576257
CSTA,0.023743728
MIX23,0.070502244
FAM162A,0.69856226
WDR5B,0.020909194
WDR5B-DT,0.025573509
KPNA1,0.096422754
PARP9,0.09457967
DTX3L,0.072867684
PARP15,0.006109111
PARP14,0.17632791
HSPBAP1,0.015848733
SLC49A4,0.07101675
LINC02035,0.01721325
PDIA5,0.037005663
SEC22A,0.047748305
ADCY5,0.044832014
HACD2,0.17611873
MYLK,0.19037767
CCDC14,0.09489747
KALRN,0.03785115
UMPS,0.08928794
ITGB5,0.23139693
HEG1,0.103291206
SLC12A8,0.007725043
ZNF148,0.19412243
SNX4,0.12445669
OSBPL11,0.05206513
ALG1L1P,0.01643826
SLC41A3,0.11440179
ALDH1L1,0.26775748
KLF15,0.059549246
ZXDC,0.07245704
CHST13,0.0005571075
CHCHD6,0.1233023
PLXNA1,0.04130169
TPRA1,0.14259207
MCM2,0.010981401
PODXL2,0.11116325
ABTB1,0.11589737
MGLL,0.21520467
SEC61A1,0.28894383
RUVBL1,0.09703939
EEFSEC,0.051564224
GATA2,0.12460229
GATA2-AS1,0.01799775
RPN1,0.4801929
RAB7A,0.38776055
ACAD9,0.092397526
EFCC1,0.00877419
ISY1,0.08031096
ENSG00000273437,0.036079705
CNBP,0.66582394
COPG1,0.16149594
HMCES,0.1394545
H1-10,0.45542097
H1-10-AS1,0.011885809
MBD4,0.1491319
IFT122,0.056963496
PLXND1,0.06396571
TMCC1,0.043429315
TMCC1-DT,0.0033365353
PIK3R4,0.051826008
ATP2C1,0.2568242
ASTE1,0.022777868
NUDT16,0.32208094
MRPL3,0.26141202
ACP3,0.15047823
DNAJC13,0.07898252
UBA5,0.15528572
NPHP3,0.07690434
CDV3,0.47482854
TOPBP1,0.04826407
TF,0.0
SRPRB,0.1848683
RAB6B,0.010810508
SLCO2A1,0.14140071
RYK,0.1591185
AMOTL2,0.24598219
ANAPC13,0.44585755
CEP63,0.07563595
PPP2R3A,0.2435853
MSL2,0.07700775
PCCB,0.08472293
STAG1,0.12449821
SLC35G2,0.014086362
NCK1-DT,0.027198993
NCK1,0.075921126
DBR1,0.035554774
ARMC8,0.10727843
MRAS,0.08816568
CEP70,0.10205715
FAIM,0.10374041
PIK3CB,0.11447397
MRPS22,0.1243533
COPB2,0.22601242
COPB2-DT,0.0037228288
RBP1,0.08803868
NMNAT3,0.026080579
CLSTN2,0.04314659
SLC25A36,0.29126176
ZBTB38,0.308346
RASA2,0.06963269
RNF7,0.6284899
ATP1B3,0.73343766
TFDP2,0.28937632
GK5,0.084314205
XRN1,0.187504
ATR,0.04848117
PLS1,0.072969295
TRPC1,0.02805483
PCOLCE2,0.06250269
U2SURP,0.3662784
SLC9A9,0.023997119
DIPK2A,0.06043708
PLOD2,0.12032954
PLSCR4,0.04943139
PLSCR1,0.29952884
AGTR1,0.014478576
CPB1,0.0
CPA3,0.0
GYG1,0.13758674
HLTF,0.12674193
HPS3,0.07258543
CP,0.0
TM4SF18-AS1,0.0
TM4SF18,0.06810302
TM4SF1,0.12088505
WWTR1,0.30185068
COMMD2,0.16348375
RNF13,0.3001078
PFN2,0.4644812
TSC22D2,0.19207358
SERP1,0.77875227
EIF2A,0.2024114
SELENOT,0.51990044
SIAH2,0.089675784
P2RY13,0.005237114
P2RY12,0.0
MBNL1,0.3360025
P2RY1,0.0
RAP2B,0.06975785
ARHGEF26,0.021640923
DHX36,0.24034797
MME,0.1425066
SLC33A1,0.06785299
GMPS,0.08497546
KCNAB1,0.018247465
SSR3,0.5677509
TIPARP-AS1,0.03033694
TIPARP,0.19011122
LEKR1,0.0077659464
CCNL1,0.38251412
PTX3,0.0
RSRC1,0.110550575
MLF1-DT,0.017635385
MLF1,0.12959236
GFM1,0.13603033
LXN,0.060145967
RARRES1,0.0
MFSD1,0.17359373
SCHIP1,0.0044590924
IFT80,0.06433287
SMC4,0.051084086
KPNA4,0.22026514
PPM1L,0.059894033
B3GALNT1,0.07649541
NMD3,0.11530622
BCHE,0.0016874525
PDCD10,0.27135363
SERPINI1,0.059332337
GOLIM4,0.34425914
MECOM,0.44955888
MYNN,0.10471245
LRRC34,0.017321073
SEC62,0.92476356
GPR160,0.20865719
PHC3,0.14767277
PRKCI,0.14443661
SKIL,0.20152415
CLDN11,0.013636323
RPL22L1,0.34399232
EIF5A2,0.012678983
TNIK,0.023187546
PLD1,0.03426768
FNDC3B,0.21629901
TNFSF10,0.17263255
NCEH1,0.061803248
ECT2,0.014420791
TBL1XR1,0.20883872
KCNMB2-AS1,0.0
ZMAT3,0.09140427
PIK3CA,0.12487296
KCNMB3,0.011080779
ZNF639,0.07963667
MFN1,0.110364
GNB4,0.0597704
ENSG00000242539,0.004880778
ACTL6A,0.13456729
MRPL47,0.36924097
NDUFB5,0.9007079
USP13,0.055515584
TTC14,0.2045923
ENSG00000285336,0.0
FXR1,0.29721686
DNAJC19,0.63692385
ATP11B,0.09695499
DCUN1D1,0.22600013
MCCC1,0.101105444
B3GNT5,0.023967002
KLHL6,0.0
KLHL24,0.14605814
YEATS2,0.026047265
PARL,0.19755769
ABCC5,0.16552398
EIF2B5,0.15305126
DVL3,0.171659
AP2M1,0.65817374
ABCF3,0.095119596
ALG3,0.09424868
PSMD2,0.24717605
EIF4G1,0.28969124
FAM131A,0.090742916
POLR2H,0.33443072
CHRD,0.011220805
MAGEF1,0.18596219
VPS8,0.06347594
C3orf70,0.0065122037
EHHADH,0.09424333
MAP3K13,0.59116703
TMEM41A,0.053484876
LIPH,0.12353926
SENP2,0.08073493
IGF2BP2,0.061729215
TRA2B,0.39476392
ETV5,0.026181087
DGKG,0.014378686
TBCCD1,0.030967904
DNAJB11,0.15584801
AHSG,0.0
EIF4A2,0.92500407
RFC4,0.022736346
ST6GAL1,0.27221733
RPL39L,0.07639541
MASP1,0.0016791924
ENSG00000283175,0.0
BCL6,0.03743148
LPP,0.40817025
TPRG1,0.0
P3H2,0.166682
CLDN1,0.035838574
IL1RAP,0.011447672
CCDC50,0.20663676
FGF12,0.012538893
OPA1,0.15559533
HES1,0.4591321
ATP13A3,0.20555897
TMEM44-AS1,0.010921072
TMEM44,0.015598495
LSG1,0.062089793
FAM43A,0.03639603
XXYLT1,0.020662913
ACAP2,0.16953823
PPP1R2,0.22008584
APOD,0.017110167
MUC20-OT1,0.18874611
TNK2,0.04617767
TFRC,0.26074037
PCYT1A,0.083668336
DYNLT2B,0.11375627
UBXN7,0.08464313
RNF168,0.07058428
WDR53,0.01625849
FBXO45,0.04046915
NRROS,0.0027254086
PIGX,0.09889979
PAK2,0.22690567
SENP5,0.088169664
NCBP2,0.16919515
NCBP2AS2,0.24104631
PIGZ,0.013496117
MELTF,0.021909844
MELTF-AS1,0.011411129
DLG1,0.11145405
BDH1,0.10102616
RUBCN,0.047711875
FYTTD1,0.21300744
LRCH3,0.05804914
IQCG,0.042372983
RPL35A,2.5772178
LMLN,0.023330258
ZNF595,0.023086868
ZNF718,0.013288991
ZNF141,0.07081881
ZNF721,0.11524047
PIGG,0.0877834
PDE6B,0.0099131325
ATP5ME,2.1453629
SLC49A3,0.07937791
PCGF3,0.08378197
PCGF3-AS1,0.007040919
CPLX1,0.020075053
GAK,0.1597673
TMEM175,0.13772552
DGKQ,0.01724683
IDUA,0.05506371
FGFRL1,0.10123731
RNF212,0.05629682
SPON2,0.044917695
CTBP1-AS,0.0
CTBP1,0.25071242
CTBP1-DT,0.022965815
MAEA,0.2056826
UVSSA,0.069541305
ENSG00000244459,0.0072429795
SLBP,0.23617579
TMEM129,0.16907364
TACC3,0.0035176715
LETM1,0.13347347
NSD2,0.054117195
NELFA,0.081779525
NICOL1,0.46717957
HAUS3,0.03472355
MXD4,0.3703054
ZFYVE28,0.032916963
RNF4,0.11637112
FAM193A,0.045153122
TNIP2,0.10260612
SH3BP2,0.04559672
ADD1,0.3174638
MFSD10,0.22469957
NOP14,0.05085987
HTT,0.11676503
RGS12,0.061277922
LRPAP1,0.67221975
ADRA2C,0.037078224
TMEM128,0.17289664
LYAR,0.06985257
ZBTB49,0.011002645
STX18,0.14247803
STX18-AS1,0.009457797
MSX1,0.0039876187
CYTL1,0.0
STK32B,0.031964485
EVC,0.030427622
CRMP1,0.0
WFS1,0.056922633
PPP2R2C,0.0034780432
MAN2B2,0.066239245
MRFAP1,0.63826185
LINC02482,0.10137202
MRFAP1L2,0.045483258
S100P,0.0
MRFAP1L1,0.15832712
BLOC1S4,0.11592762
KIAA0232,0.2154134
TBC1D14,0.21089847
TADA2B,0.0851018
GRPEL1,0.21364121
AFAP1,0.027721673
ABLIM2,0.015229012
SH3TC1,0.14898267
ACOX3,0.022385078
TRMT44,0.018184703
WDR1,0.5602959
ZNF518B,0.06666528
HS3ST1,0.033493634
RAB28,0.10461949
BOD1L1,0.28261426
CPEB2,0.12004475
C1QTNF7,0.013343716
CC2D2A,0.0775275
FBXL5,0.26685736
FAM200B,0.51769155
BST1,0.015836943
FGFBP2,0.038578376
TAPT1,0.08441956
LDB2,0.06855776
QDPR,0.28220654
LAP3,0.32970282
MED28,0.32405734
FAM184B,0.010880199
DCAF16,0.17756915
LCORL,0.056715935
SLIT2,0.09500957
PACRGL,0.031893477
ADGRA3,0.04819293
DHX15,0.25985086
SOD3,0.12185673
CCDC149,0.029557463
LGI2,0.012880698
SEPSECS,0.04544841
SEPSECS-AS1,0.031026313
PI4K2B,0.017810369
ZCCHC4,0.033571117
ANAPC4,0.06619605
SEL1L3,0.007143136
SMIM20,0.20890392
RBPJ,0.23689179
STIM2,0.227293
ARAP2,0.049006548
DTHD1,0.008197535
RELL1,0.023608625
PGM2,0.079016104
TBC1D1,0.42390147
KLF3,0.14072834
TLR10,0.0
TLR1,0.0135730095
TLR6,0.0042519397
FAM114A1,0.05458047
TMEM156,0.017296363
KLHL5,0.109982796
WDR19,0.04534636
RFC1,0.20291051
RPL9,2.4660165
LIAS,0.07056223
UGDH,0.10554894
UGDH-AS1,0.0025506362
SMIM14,0.29272008
SMIM14-DT,0.00971428
UBE2K,0.31515208
PDS5A,0.12621966
N4BP2,0.05156569
RHOH,0.0062795905
RBM47,0.38820586
APBB2,0.15680075
LIMCH1,0.29328844
TMEM33,0.24143834
SLC30A9,0.20841126
ATP8A1,0.090787455
GUF1,0.057238534
GNPDA2,0.085874185
COMMD8,0.17568845
ATP10D,0.13560505
NFXL1,0.03902461
NIPAL1,0.09786072
CNGA1,0.028151065
TXK,0.01914509
TEC,0.011166593
SLAIN2,0.1567116
FRYL,0.118270844
OCIAD1,0.8020155
OCIAD2,0.5253785
DCUN1D4,0.09022963
SGCB,0.14364325
SPATA18,0.007191668
USP46,0.08758179
USP46-DT,0.015550218
RASL11B,0.096644685
SCFD2,0.016554963
FIP1L1,0.12408388
LNX1,0.09314427
CHIC2,0.11175125
PDGFRA,0.008764187
KIT,0.1041157
KDR,0.107826374
SRD5A3,0.04613999
TMEM165,0.2108991
CLOCK,0.09659457
EXOC1,0.13707004
CEP135,0.051105395
AASDH,0.09674448
PPAT,0.024331091
PAICS,0.137039
SRP72,0.21183452
HOPX,0.052461818
REST,0.19733115
NOA1,0.023928009
POLR2B,0.17323539
IGFBP7,2.7107615
ADGRL3,0.020962767
CENPC,0.19401014
UBA6,0.099428944
UBA6-DT,0.045183267
YTHDC1,0.23027118
UGT2B4,0.0
SULT1B1,0.0028016358
JCHAIN,0.01048974
UTP3,0.1206042
RUFY3,0.07828194
GRSF1,0.17440702
MOB1B,0.30184612
DCK,0.047469854
GC,0.0
COX18,0.04600524
ANKRD17,0.16220248
ALB,0.07100262
AFP,0.034987833
CXCL8,0.006328686
CXCL1,0.010451482
MTHFD2L,0.32791048
EREG,0.0
AREG,0.08058469
BTC,0.03680654
PARM1,0.10729314
LINC02562,0.0
RCHY1,0.18574199
THAP6,0.09572997
G3BP2,0.2727778
USO1,0.18312682
NAAA,0.15421279
SDAD1,0.08234966
NUP54,0.0998072
SCARB2,0.41450778
FAM47E,0.0282723
STBD1,0.0
SHROOM3,0.18677281
SEPTIN11,0.35055718
CCNI,0.9765582
CCNG2,0.16613661
CXCL13,0.0
CNOT6L,0.25199527
MRPL1,0.24747145
FRAS1,0.14447209
ANXA3,0.16155268
LINC01094,0.0
BMP2K,0.04167845
PAQR3,0.028102506
LINC01088,0.0
ANTXR2,0.036304552
PRDM8,0.0
RASGEF1B,0.046608225
ENSG00000273156,0.010595127
HNRNPD,0.54030997
HNRNPDL,0.858364
ENOPH1,0.11157443
TMEM150C,0.10227488
SCD5,0.19341561
SEC31A,0.31423947
THAP9-AS1,0.077805586
THAP9,0.023928832
LIN54,0.036045413
COPS4,0.18661642
PLAC8,0.061038554
COQ2,0.057162385
HPSE,0.023863748
HELQ,0.07437635
MRPS18C,0.5323982
ABRAXAS1,0.06259749
GPAT3,0.31892055
WDFY3,0.11462101
ARHGAP24,0.39232057
MAPK10,0.088103116
AFF1,0.2658741
KLHL8,0.09435873
HSD17B13,0.0
HSD17B11,0.11509858
NUDT9,0.16337352
SPARCL1,0.26574722
ENSG00000249001,0.0
SPP1,0.7577377
PKD2,0.12696268
ABCG2,0.014965793
PPM1K,0.14385957
HERC6,0.04539504
HERC5,0.057720985
PYURF,0.5246576
HERC3,0.03958354
NAP1L5,0.07507274
FAM13A,0.14784096
GPRIN3,0.2117919
SNCA,0.053887922
MMRN1,0.0
CCSER1,0.059068836
SMARCAD1,0.100478604
HPGDS,0.0
PDLIM5,0.26942763
UNC5C,0.020300053
UNC5C-AS1,0.0026559404
RAP1GDS1,0.066227436
TSPAN5,0.051507264
EIF4E,0.29959694
METAP1,0.106378645
ADH5,0.49192572
ADH4,0.0
ADH6,0.009476768
ADH1A,0.0
ADH1B,0.0
ADH1C,0.032607615
TRMT10A,0.043110896
DAPP1,0.0074456767
LAMTOR3,0.25661576
DNAJB14,0.24399745
H2AZ1,0.8259135
DDIT4L,0.016068228
EMCN,0.2518419
PPP3CA,0.14095737
ENSG00000254531,0.04473591
BANK1,0.011090377
NFKB1,0.11655626
MANBA,0.08672057
UBE2D3,0.7446537
UBE2D3-AS1,0.023757832
CISD2,0.29163003
SLC9B2,0.0
BDH2,0.455068
CENPE,0.005397222
TET2,0.104947425
PPA2,0.33451518
ARHGEF38,0.0317625
INTS12,0.06224012
GSTCD,0.03153585
NPNT,0.19487062
TBCK,0.06702776
AIMP1,0.34644094
PAPSS1,0.2226349
SGMS2,0.18364383
CYP2U1,0.03609559
HADH,0.19983353
LEF1,0.039466575
RPL34,3.0767035
OSTC,0.4885136
COL25A1,0.013769986
SEC24B-AS1,0.013111989
SEC24B,0.1006808
MCUB,0.020152668
CASP6,0.055190306
PLA2G12A,0.17488092
CFI,0.18583545
GAR1,0.15178679
ELOVL6,0.021385439
ENPEP,0.10122228
FAM241A,0.079563506
AP1AR,0.08034446
TIFA,0.022328302
ALPK1,0.02254821
LARP7,0.25518832
CAMK2D,0.07138503
NDST4,0.0
SNHG8,0.7308923
METTL14,0.13035087
SEC24D,0.030241206
SYNPO2,0.038595673
USP53,0.23927748
C4orf3,0.83399564
PDE5A,0.055087753
MAD2L1,0.008831227
PRDM5,0.021690886
ANXA5,0.7004277
EXOSC9,0.07418487
BBS7,0.06458977
BLTP1,0.28851053
BBS12,0.030897552
FGF2,0.0151766585
NUDT6,0.06653643
AFG2A,0.030186687
SPRY1,0.1484711
ANKRD50,0.030269386
FAT4,0.057501502
INTU,0.06841829
HSPA4L,0.120034024
PLK4,0.0011683265
MFSD8,0.052713692
ABHD18,0.051790256
LARP1B,0.07935052
PGRMC2,0.20143084
JADE1,0.32837152
SCLT1,0.02401969
C4orf33,0.07553367
PABPC4L,0.0
PCDH18,0.0052427566
ELF2,0.13449392
NDUFC1,1.5691574
NAA15,0.065994374
RAB33B-AS1,0.043737244
RAB33B,0.03866948
SETD7,0.046944935
MGST2,0.4353066
MAML3,0.050795622
SCOC,0.43447262
ELMOD2,0.10102502
TBC1D9,0.23841232
RNF150,0.15946542
ZNF330,0.19014056
IL15,0.027527379
INPP4B,0.05496245
USP38,0.06434299
GAB1,0.066012315
SMARCA5,0.34064075
HHIP-AS1,0.0082698325
ANAPC10,0.13398072
ABCE1,0.13394888
OTUD4,0.060923945
SMAD1,0.06315636
ZNF827,0.059356894
LSM6,0.38534716
SLC10A7,0.021710642
EDNRA,0.03218727
TMEM184C,0.06866657
PRMT9,0.09114006
ARHGAP10,0.03451718
NR3C2,0.13203171
LRBA,0.16163348
RPS3A,2.582224
SH3D19,0.050951995
GATB,0.063476406
FBXW7,0.053486925
TMEM154,0.0042375955
ARFIP1,0.12766743
TRIM2,0.29994726
TMEM131L,0.029904325
TLR2,0.026127776
PLRG1,0.15490715
FGB,0.0
FGA,0.0
FGG,0.0
MAP9,0.10853077
GUCY1A1,0.067624636
GUCY1B1,0.05010916
TDO2,0.0
CTSO,0.117305495
PDGFC,0.051880404
GASK1B,0.033607915
GASK1B-AS1,0.0
TMEM144,0.020199277
ETFDH,0.11891279
PPID,0.12566258
FNIP2,0.2101304
RAPGEF2,0.15636757
NAF1,0.08807747
NPY1R,0.10964051
TMA16,0.089223064
MARCHF1,0.021092474
TRIM61,0.0042213746
TMEM192,0.09108466
KLHL2,0.064904965
MSMO1,0.24726073
CPE,0.03337544
DDX60,0.092352584
DDX60L,0.04399432
PALLD,0.25946543
CBR4,0.14513291
SH3RF1,0.18179499
NEK1,0.096147954
CLCN3,0.3915888
HPF1,0.16140532
GALNT7,0.053698853
HMGB2,0.4212189
SAP30-DT,0.03574336
SAP30,0.048474666
SCRG1,0.0
HAND2,0.0
HAND2-AS1,0.0
FBXO8,0.12872876
CEP44,0.07416403
GPM6A,0.0069461777
SPCS3,0.38060305
VEGFC,0.044954173
AGA,0.10309903
DCTD,0.1376112
WWC2,0.16327819
CDKN2AIP,0.14561094
ING2,0.106304936
RWDD4,0.13159727
TRAPPC11,0.049247652
STOX2,0.030136734
IRF2,0.09451017
CASP3,0.04505191
PRIMPOL,0.019198898
ACSL1,0.26877764
SLC25A4,0.60326475
CFAP97,0.22464254
SNX25,0.038276687
ANKRD37,0.07067891
UFSP2,0.20084058
PDLIM3,0.03924385
SORBS2,0.16050152
TLR3,0.05495893
CYP4V2,0.08215729
FAT1,0.32794678
FRG1,0.2049255
CCDC127,0.08232344
SDHA,0.5173587
PDCD6,0.44832543
AHRR,0.0
EXOC3-AS1,0.04769026
EXOC3,0.13396655
SLC9A3,0.13328393
BRD9,0.116033815
TRIP13,0.00043590364
SLC12A7,0.13181698
CLPTM1L,0.23209643
LPCAT1,0.061473165
MRPL36,0.328016
NDUFS6,1.2344985
IRX2,0.060920633
IRX2-DT,0.03482567
ICE1,0.12843712
MED10,0.2357113
NSUN2,0.07719111
SRD5A1,0.053268798
TENT4A,0.056096602
CFAP90,0.006578817
MTRR,0.043937348
FASTKD3,0.040655468
MIR4458HG,0.36768055
SEMA5A,0.07914619
SNHG18,0.101017945
ATPSCKMT,0.05161813
CCT5,0.33182478
CMBL,0.23127681
MARCHF6,0.36543748
ROPN1L,0.0
DAP,0.2974403
TRIO,0.06271446
OTULINL,0.04043401
OTULIN,0.07148365
ANKH,0.06920743
FBXL7,0.015377955
ZNF622,0.07047123
RETREG1,0.16677748
MYO10,0.1630116
BASP1,0.018839417
LINC02899,0.0023313782
CDH6,0.041951038
DROSHA,0.063093536
C5orf22,0.04598159
PDZD2,0.025236659
GOLPH3,0.22124891
GOLPH3-DT,0.018014895
MTMR12,0.11722163
ZFR,0.18604077
SUB1,1.339064
NPR3,0.18724874
TARS1,0.13874097
RAI14-DT,0.0
RAI14,0.12610504
RAD1,0.07628037
BRIX1,0.14176337
DNAJC21,0.21146205
PRLR,0.117208324
SPEF2,0.052313734
IL7R,0.06036964
CAPSL,0.0026366124
LMBRD2,0.09553262
NADK2,0.08787875
RANBP3L,0.060521122
SLC1A3,0.017223772
NIPBL,0.25629792
CPLANE1,0.122580335
NUP155,0.06653736
WDR70,0.07880577
LIFR,0.34220833
OSMR,0.03391771
RICTOR,0.14270388
FYB1,0.06964184
DAB2,0.32807362
TTC33,0.057494614
PTGER4,0.04277882
PRKAA1,0.12978642
RPL37,2.5706446
CARD6,0.016894864
C7,0.0040653306
PLCXD3,0.013451377
OXCT1,0.15706442
RIMOC1,0.054597076
FBXO4,0.025193475
GHR,0.069058605
CCDC152,0.0077876505
SELENOP,1.0410093
ANXA2R,0.0127443755
ZNF131,0.11304502
HMGCS1,0.15163921
TMEM267,0.06989275
PAIP1,0.2491377
NNT-AS1,0.13633831
NNT,0.3408966
FGF10,0.0
MRPS30,0.14753628
EMB,0.035939325
PARP8,0.046141114
ITGA1,0.17137711
PELO,0.07997442
ITGA2,0.21911085
MOCS2,0.55278736
NDUFS4,0.5508133
ENSG00000272416,0.01114674
ARL15,0.175409
SNX18,0.1792906
GZMK,0.04249566
GZMA,0.08296627
GPX8,0.027230814
DHX29,0.19931406
MTREX,0.14109822
PLPP1,0.32172358
SLC38A9,0.04426228
IL6ST,0.5441231
ANKRD55,0.0
MAP3K1,0.1253249
SETD9,0.07422786
MIER3,0.06953312
GPBP1,0.40287286
RMEL3,0.0
PLK2,0.035632115
GAPT,0.013900956
RAB3C,0.0034150113
PDE4D,0.25530943
ERCC8,0.022575736
NDUFAF2,0.22569054
SMIM15,0.181814
ZSWIM6,0.07959904
KIF2A,0.07032937
DIMT1,0.047428675
IPO11,0.039583754
RNF180,0.057620633
RGS7BP,0.012559558
SREK1IP1,0.19652605
CWC27,0.0775251
ADAMTS6,0.029567232
PPWD1,0.10079875
TRIM23,0.061189145
TRAPPC13,0.057507697
SHLD3,0.023192361
SGTB,0.0119692115
NLN,0.037296023
ERBIN,0.25798532
SREK1,0.18584207
MAST4,0.092022374
CD180,0.0
PIK3R1,0.2196844
SLC30A5,0.15340099
CCNB1,0.015570509
CENPH,0.013115658
KGD4,0.67991275
CDK7,0.05511858
CCDC125,0.025388187
AK6,0.29917395
TAF9,0.1679541
RAD17,0.09687148
MARVELD2,0.09183972
OCLN,0.17272879
GTF2H2C,0.04121716
SMN1,0.018435018
NAIP,0.056515265
GTF2H2,0.09966601
BDP1,0.19356349
MCCC2,0.20115936
MAP1B,0.046424504
MRPS27,0.10314417
PTCD2,0.030224353
ZNF366,0.01853462
TNPO1,0.20559715
FCHO2,0.106829144
BTF3,1.4041988
ANKRA2,0.057050996
UTP15,0.031098735
ARHGEF28,0.13023107
ENC1,0.025127847
HEXB,0.14078334
GFM2,0.10111327
NSA2,0.5112038
HMGCR,0.31152517
CERT1,0.17414023
POLK,0.1475625
ANKDD1B,0.0051131034
POC5,0.028890347
IQGAP2,0.21681254
F2R,0.071728215
S100Z,0.0
CRHBP,0.1345907
AGGF1,0.048775233
ZBED3,0.08104194
ZBED3-AS1,0.013130401
PDE8B,0.04463285
WDR41,0.054058783
TBCA,1.0342687
AP3B1,0.16903256
SCAMP1-AS1,0.043385647
SCAMP1,0.16302721
LHFPL2,0.0067162258
ARSB,0.017032498
DMGDH,0.04149648
BHMT,0.071926154
JMY,0.08843519
TENT2,0.10837403
CMYA5,0.12974592
MTX3,0.07642986
SERINC5,0.07902341
ZFYVE16,0.23361416
FAM151B-DT,0.049527697
DHFR,0.03722571
MSH3,0.08688983
RASGRF2,0.030578455
CKMT2-AS1,0.018095464
ZCCHC9,0.101426214
SSBP2,0.10863029
ATG10,0.039996523
RPS23,3.0209463
ATP6AP1L,0.004904409
TMEM167A,0.41319108
XRCC4,0.05274308
VCAN,0.022085533
EDIL3,0.04178698
COX7C,2.6091337
RASA1,0.06117585
CCNH,0.20273724
TMEM161B,0.08494988
TMEM161B-DT,0.1458918
MEF2C,0.20596659
CETN3,0.19401763
POLR3G,0.0
LYSMD3,0.10220862
ARRDC3,0.16978058
NR2F1-AS1,0.025414318
NR2F1,0.095994234
ARB2A,0.12233082
POU5F2,0.0
KIAA0825,0.006463994
SLF1,0.030036155
MCTP1,0.006801327
SKIC3,0.28260386
ARSK,0.03314256
RHOBTB3,0.6025713
GLRX,0.5255559
ELL2,0.13171968
CAST,0.40191776
ERAP1,0.060443558
ENSG00000248734,0.0
ERAP2,0.102879114
LNPEP,0.17973305
RIOK2,0.065487675
CHD1,0.1426855
FAM174A,0.23102857
ST8SIA4,0.0053469823
PAM,0.1962258
GIN1,0.043664057
PPIP5K2,0.16977647
MACIR,0.021321146
NUDT12,0.09678639
FBXL17,0.12116681
LINC01023,0.12570903
FER,0.060113735
ENSG00000249476,0.0
PJA2,0.36201134
MAN2A1,0.21449292
SLC25A46,0.101497956
TSLP,0.006078384
WDR36,0.092689
CAMK4,0.0077808728
STARD4,0.031281814
STARD4-AS1,0.0
NREP,0.08228748
EPB41L4A,0.05566969
EPB41L4A-AS1,0.27398396
APC,0.13826817
SRP19,0.24557325
REEP5,0.8651662
DCP2,0.13358626
MCC,0.045885455
YTHDC2,0.086485274
PGGT1B,0.09537615
CCDC112,0.0396104
FEM1C,0.07685415
TMED7,0.30646324
ATG12,0.13178314
AP3S1,0.15618211
COMMD10,0.1573955
SEMA6A,0.08888011
DMXL1,0.1497668
TNFAIP8,0.066496015
HSD17B4,0.2863138
PRR16,0.0
ENSG00000248927,0.0
SRFBP1,0.13610439
SNCAIP,0.0019781746
SNX2,0.36424497
SNX24,0.12533793
PPIC,0.28318465
CEP120,0.046750434
CSNK1G3,0.10952581
ZNF608,0.037899032
GRAMD2B,0.07720416
ALDH7A1,0.22502337
PHAX,0.120795466
LMNB1,0.007846484
MARCHF3,0.0053594187
C5orf63,0.052906115
PRRC1,0.101164624
SLC12A2-DT,0.08819683
SLC12A2,0.13382092
ISOC1,0.1390075
HINT1,1.6444784
LYRM7,0.09805137
CDC42SE2,0.25219694
FNIP1,0.06445521
ACSL6,0.027734255
P4HA2,0.022369493
PDLIM4,0.06234935
SLC22A5,0.083559036
ENSG00000283782,0.0073021837
IRF1,0.109503716
RAD50,0.028310735
KIF3A,0.081206866
CCNI2,0.011211119
SEPTIN8,0.10959892
SHROOM1,0.034925252
UQCRQ,1.7943804
LEAP2,0.014174635
AFF4,0.28523684
ZCCHC10,0.15756816
HSPA4,0.21615835
ENSG00000250244,0.003722358
C5orf15,0.23916666
VDAC1,0.8883268
ENSG00000271737,0.045374546
TCF7,0.0062856674
SKP1,1.6603924
PPP2CA,0.2613541
CDKL3,0.013659291
UBE2B,0.63335186
ENSG00000248559,0.00043746625
CDKN2AIPNL,0.12264679
JADE2,0.06874959
SAR1B,0.26059848
SEC24A,0.06755592
CAMLG,0.18932599
DDX46,0.24570805
C5orf24,0.24688177
TXNDC15,0.17947912
PCBD2,0.07446965
PITX1,0.0
MACROH2A1,0.34534672
TGFBI,0.014953474
SMAD5-AS1,0.002713313
SMAD5,0.26121446
KLHL3,0.21939212
HNRNPA0,0.4491337
FAM13B,0.09925584
NME5,0.11898748
BRD8,0.09287774
CDC23,0.12689576
FAM53C,0.122096114
KDM3B,0.14595471
REEP2,0.0028975124
EGR1,1.5407736
ETF1,0.27741432
HSPA9,0.59755194
CTNNA1,0.45653665
SIL1,0.2549249
MATR3,0.0
PAIP2,0.5865084
PROB1,0.0
DNAJC18,0.024265058
ECSCR,0.03420782
STING1,0.0899523
UBE2D2,0.47448042
CXXC5,0.37133974
NRG2,0.033913687
MALINC1,0.0128710205
PURA,0.34138677
IGIP,0.05219793
CYSTM1,1.7293628
PFDN1,0.33404693
HBEGF,0.21945865
ANKHD1,0.034510564
SRA1,0.255743
EIF4EBP3,0.021227857
APBB3,0.056726266
SLC35A4,0.18307368
CD14,0.029938243
NDUFA2,1.2733549
TMCO6,0.014037801
IK,0.2600043
WDR55,0.059406023
HARS1,0.11890273
HARS2,0.041227877
ZMAT2,0.266072
TAF7,0.34595257
PCDHGA5,0.0043599755
PCDHGA6,0.0052568573
PCDHGA8,0.0
PCDHGA10,0.015439663
PCDHGA12,0.0
DIAPH1,0.22539303
HDAC3,0.09335498
RELL2,0.0060997857
FCHSD1,0.01295253
ARAP3,0.026603667
PCDH1,0.15447457
DELE1,0.10803878
PCDH12,0.015496337
RNF14,0.10247753
GNPDA1,0.09061714
NDFIP1,0.64701873
SPRY4,0.0627205
ARHGAP26,0.023045406
NR3C1,0.13478796
YIPF5,0.1560845
LARS1,0.27508643
RBM27,0.049365666
TCERG1,0.1075069
DPYSL3,0.040356696
JAKMIP2,0.00736297
FBXO38,0.06543045
ADRB2,0.010554006
AFAP1L1,0.011329848
GRPEL2,0.033269983
PCYOX1L,0.023302382
IL17B,0.0096385935
CARMN,0.037628565
LNPPS,0.0
CSNK1A1,0.45259795
ARHGEF37,0.031722285
PPARGC1B,0.0054236217
SLC26A2,0.09477428
TIGD6,0.034825172
HMGXB3,0.098576866
CSF1R,0.03160008
PDGFRB,0.07129829
TCOF1,0.041673392
CD74,0.8423398
RPS14,2.906942
NDST1,0.036215562
SYNPO,0.10394765
RBM22,0.14933787
DCTN4,0.14047746
SMIM3,0.06126059
ZNF300,0.012430207
GPX3,0.49506378
TNIP1,0.16826463
ANXA6,0.23359889
CCDC69,0.039038535
GM2A,0.042717706
SLC36A1,0.0073685753
SPARC,0.34252292
ATOX1,1.0325032
G3BP1,0.3619129
FAM114A2,0.05577961
MFAP3,0.018151019
GALNT10,0.11209561
SAP30L,0.09032708
LARP1,0.26017255
FAXDC2,0.061989643
CNOT8,0.0957934
GEMIN5,0.040514037
MRPL22,0.37517118
HAVCR2,0.029990336
MED7,0.17652504
CYFIP2,0.5316131
ADAM19,0.011336062
THG1L,0.023749193
LSM11,0.014069703
CLINT1,0.30076274
EBF1,0.05461136
RNF145,0.17536975
UBLCP1,0.124262944
TTC1,0.2537647
PWWP2A,0.08629219
C1QTNF2,0.0029510614
FAM200C,0.016892148
SLU7,0.117184505
PTTG1,0.013834529
CCNG1,0.19226873
NUDCD2,0.21802564
MAT2B,0.21963128
WWC1,0.22872102
RARS1,0.14516172
PANK3,0.1858047
SLIT3,0.0667149
SPDL1,0.024856288
DOCK2,0.016962856
LCP2,0.027694603
KCNMB1,0.013084204
RANBP17,0.02072538
NPM1,1.2059934
FBXW11,0.17792858
STK10,0.031693634
UBTD2,0.057201043
SH3PXD2B,0.006393225
NEURL1B,0.021893747
DUSP1,1.2066805
ERGIC1,0.24454439
RPL26L1,0.3396869
ATP6V0E1,1.4568775
CREBRF,0.24815401
BNIP1,0.08018076
STC2,0.0026279541
BOD1,0.14430632
CPEB4,0.45916432
DRD1,0.0
SFXN1,0.14419109
HRH2,0.016333101
THOC3,0.042816326
SIMC1,0.011734858
KIAA1191,0.261777
ARL10,0.008404869
NOP16,0.077809215
HIGD2A,0.97326547
CLTB,0.53004223
FAF2,0.11100444
RNF44,0.097750954
EIF4E1B,0.0
TSPAN17,0.055953387
HK3,0.0047522103
UIMC1,0.048697602
ZNF346,0.01915957
NSD1,0.18177491
MXD3,0.019516312
PRELID1,0.6407805
LMAN2,0.5994116
RGS14,0.101320304
F12,0.0018647
GRK6,0.059138983
PRR7,0.020002168
DBN1,0.17951696
PDLIM7,0.08765508
DOK3,0.0036537184
DDX41,0.10570823
FAM193B,0.063692614
TMED9,0.45382023
B4GALT7,0.08872616
N4BP3,0.014477882
RMND5B,0.1299137
NHP2,0.5839839
HNRNPAB,0.25600475
PHYKPL,0.102112
CLK4,0.124053374
ZNF354A,0.028212972
ZNF354B,0.022734242
ZNF354C,0.02087993
ADAMTS2,0.002041241
RUFY1,0.09600198
HNRNPH1,1.0772347
CANX,0.90968436
MAML1,0.062212095
LTC4S,0.121012256
MGAT4B,0.22727947
SQSTM1,0.7666582
MRNIP,0.050871063
MRNIP-DT,0.0052393167
TBC1D9B,0.13187374
RNF130,0.2623012
MAPK9,0.082747795
CNOT6,0.08277057
FLT4,0.040730007
MGAT1,0.19100842
LINC00847,0.030594898
ZFP62,0.045720305
BTNL9,0.06396374
TRIM7-AS2,0.0834897
TRIM7,0.031079154
TRIM41,0.06740937
RACK1,1.9065787
TRIM52,0.050025944
DUSP22,0.07916969
IRF4,0.0
EXOC2,0.054449733
ENSG00000272463,0.0
FOXC1,0.06667969
GMDS,0.12179321
GMDS-DT,0.019743111
WRNIP1,0.10640099
SERPINB1,0.20801507
SERPINB9,0.031469785
SERPINB6,0.3322571
LINC01011,0.017963594
NQO2,0.2807237
RIPK1,0.0494561
BPHL,0.1313216
TUBB2A,0.1527188
TUBB2B,0.14153796
PSMG4,0.30589852
SLC22A23,0.05052421
PXDC1,0.07894547
FAM50B,0.06445274
PRP4K,0.34984943
ECI2,0.4182238
CDYL,0.08158236
PPP1R3G,0.0
LYRM4,0.09806753
FARS2,0.048877355
NRN1,0.021491801
F13A1,0.011915622
LY86,0.01600312
RREB1,0.14029568
SSR1,0.33411133
RIOK1,0.047987513
DSP,0.3610258
SNRNP48,0.040475912
BLOC1S5,0.111127816
EEF1E1,0.3859968
SLC35B3,0.04825295
TFAP2A,0.16382754
GCNT2,0.088668056
PAK1IP1,0.065190606
TMEM14C,0.74023813
TMEM14B,0.71157575
SYCP2L,0.0035155504
ELOVL2,0.0
SMIM13,0.046453796
NEDD9,0.31397367
TMEM170B,0.02285075
HIVEP1,0.045859084
EDN1,0.035232306
PHACTR1,0.075858235
TBC1D7,0.073505424
GFOD1,0.02652435
SIRT5,0.12846564
NOL7,0.37841773
RANBP9,0.07060726
MCUR1,0.24001718
CD83,0.08708626
JARID2,0.07232183
DTNBP1,0.07719278
MYLIP,0.09466392
GMPR,0.16562751
ATXN1,0.106614485
RBM24,0.011036936
CAP2,0.054413833
FAM8A1,0.06226873
NUP153,0.09360816
NUP153-AS1,0.009006077
KIF13A,0.08934732
TPMT,0.17949866
KDM1B,0.027636515
DEK,0.44381225
RNF144B,0.059510525
ID4,0.1817435
E2F3,0.020449119
CDKAL1,0.060223114
SOX4,0.29533118
MRS2,0.1018102
TDP2,0.11724785
ACOT13,0.131065
ENSG00000272345,0.00746812
C6orf62,0.44345793
GMNN,0.32340768
RIPOR2,0.05607771
CARMIL1,0.20696166
TRIM38,0.16377558
H1-2,0.16935273
HFE,0.013799653
H4C3,0.65180117
H2BC4,0.0099536115
H2AC6,0.058420327
H1-4,0.025355102
H2BC5,0.009121997
ENSG00000282988,0.0
H4C5,0.0056787245
H1-3,0.011120955
H4C8,0.015084959
BTN3A2,0.071347676
BTN2A2,0.029866813
BTN3A1,0.056234207
BTN3A3,0.032209635
BTN2A1,0.07479103
HCG11,0.039823845
HMGN4,0.009314292
ABT1,0.09447656
ZNF322,0.07444325
ZNF391,0.01722406
H4C11,0.008001105
H2BC15,0.0
ZSCAN16-AS1,0.5334784
ZKSCAN8,0.056304347
ZSCAN9,0.04301988
ZKSCAN4,0.007329143
ZSCAN26,0.040357914
PGBD1,0.018064274
ZKSCAN3,0.0086055
ZSCAN12,0.015876746
TRIM27,0.08514924
UBD,0.016014053
GABBR1,0.053572655
HLA-F,0.17876813
HLA-A,1.5930421
POLR1H,0.3554159
PPP1R11,0.20888047
TRIM26,0.120530605
HCG18,0.12423921
TRIM39,0.036908913
RPP21,0.09720703
HLA-E,0.75556713
GNL1,0.23209992
PRR3,0.018072164
ABCF1,0.18751876
PPP1R10,0.3296082
MRPS18B,0.31685996
ATAT1,0.028796045
C6orf136,0.18147941
DHX16,0.06324554
PPP1R18,0.045300573
NRM,0.015692236
MDC1,0.052765142
TUBB,0.4870587
FLOT1,0.31440538
IER3,1.4085753
DDR1,0.39998728
VARS2,0.044755474
PSORS1C1,0.0014850647
CCHCR1,0.06886152
TCF19,0.0191887
ENSG00000272501,0.011165645
HCG27,0.0021651443
HLA-C,1.0994989
HLA-B,1.8059632
MICA,0.069358625
DDX39B,0.041098148
NFKBIL1,0.08547516
TNF,0.006882287
LTB,0.02961095
LST1,0.080491394
NCR3,0.005901967
AIF1,0.17395712
PRRC2A,0.32470736
BAG6,0.33147758
C6orf47,0.0750112
GPANK1,0.071277484
CSNK2B,0.6444271
LY6G5C,0.020032408
ABHD16A,0.020734968
LY6G6C,0.005767308
DDAH2,0.4022966
CLIC1,1.0500485
VARS1,0.06435993
LSM2,0.32401735
HSPA1A,1.0807965
HSPA1B,0.6698762
SNHG32,0.3509263
NEU1,0.2795206
SLC44A4,0.013904777
EHMT2,0.06200948
C2,0.0052397805
NELFE,0.25922427
SKIC2,0.066731974
DXO,0.10057325
STK19,0.07725619
TNXB,0.019835314
ATF6B,0.16119955
FKBPL,0.015439695
PRRT1,0.008189656
PPT2,0.04843248
AGPAT1,0.19020273
RNF5,0.37345055
AGER,0.02077
PBX2,0.08893064
GPSM3,0.05313916
NOTCH4,0.057141114
HLA-DRA,0.53709877
HLA-DRB5,0.36114085
HLA-DRB1,0.57180655
HLA-DQA1,0.124670796
HLA-DQB1,0.19947532
HLA-DQA2,0.010174915
TAP2,0.057459902
PSMB8,0.30546278
PSMB8-AS1,0.045466825
PSMB9,0.22526573
TAP1,0.092476875
HLA-DMB,0.060398184
HLA-DMA,0.21452482
BRD2,0.47609138
HLA-DOA,0.019962566
HLA-DPA1,0.31990007
HLA-DPB1,0.2655128
RXRB,0.10828294
SLC39A7,0.20603482
HSD17B8,0.23035209
RING1,0.19296403
VPS52,0.065316536
RPS18,3.0405195
B3GALT4,0.04974552
WDR46,0.08213534
PFDN6,0.17259143
RGL2,0.11440778
TAPBP,0.38275242
ZBTB22,0.0719303
DAXX,0.065803185
PHF1,0.24609517
CUTA,1.0754213
SYNGAP1,0.019668914
BAK1,0.077073835
UQCC2,0.50766134
LEMD2,0.061236534
HMGA1,0.1694691
SMIM29,0.051385436
NUDT3,0.3027219
RPS10,1.8113079
SPDEF,0.0
ILRUN,0.0952342
ILRUN-AS1,0.1416049
SNRPC,0.33310124
BLTP3A,0.04458339
TAF11,0.14448553
ANKS1A,0.12019946
SCUBE3,0.06887098
ZNF76,0.116648786
DEF6,0.017859282
PPARD,0.05502143
RPL10A,1.9071664
TEAD3,0.049744368
FKBP5,0.28464198
SRPK1,0.043993194
MAPK14,0.075804174
MAPK13,0.08564911
BRPF3,0.06083056
ETV7,0.013538393
KCTD20,0.09554442
STK38,0.06383123
SRSF3,0.9084101
CDKN1A,0.24460663
PPIL1,0.06840798
C6orf89,0.2040013
MTCH1,0.5586657
FGD2,0.0064890226
PIM1,0.050831538
TBC1D22B,0.030844213
RNF8,0.0896803
CMTR1,0.04936852
CCDC167,0.1446188
ZFAND3,0.18616113
BTBD9,0.04885924
GLO1,0.4696959
SAYSD1,0.088815525
KCNK17,0.0
DAAM2,0.020013902
MOCS1,0.037667252
OARD1,0.25240278
NFYA,0.031306926
TREM2,0.0
TREM1,0.0061750603
FOXP4-AS1,0.0072838576
FOXP4,0.054324724
TFEB,0.15411259
FRS3,0.030018022
MED20,0.040917337
BYSL,0.030596614
CCND3,0.12350493
TAF8,0.09512525
C6orf132,0.011344064
MRPS10,0.17453992
TRERF1,0.027911652
UBR2,0.14675987
TBCC,0.106541105
BICRAL,0.037663322
RPL7L1,0.18736011
C6orf226,0.16248277
PTCRA,0.0
CNPY3,0.14040677
LINC02976,0.00420971
GNMT,0.003081087
PPP2R5D,0.045837715
MEA1,0.26396778
KLHDC3,0.19759609
RRP36,0.14394444
CUL7,0.04668443
KLC4,0.057846785
MRPL2,0.40302882
PTK7,0.08048766
SRF,0.18430701
CUL9,0.037933905
DNPH1,0.68404037
ZNF318,0.04129087
ABCC10,0.026897026
TJAP1,0.07115883
POLR1C,0.08640371
YIPF3,0.4187875
XPO5,0.032826804
GTPBP2,0.035319526
MAD2L1BP,0.11353208
MRPS18A,0.25462106
VEGFA,0.46451572
MRPL14,0.4192428
TMEM63B,0.13564907
SLC29A1,0.12938853
HSP90AB1,1.4084785
SLC35B2,0.14783911
NFKBIE,0.046861466
CDC5L,0.15994966
SUPT3H,0.031609055
RUNX2,0.009551594
CLIC5,0.11075046
ENPP4,0.14529434
ENPP5,0.050362043
RCAN2,0.22298129
SLC25A27,0.056235395
PLA2G7,0.0
ADGRF5,0.5055326
TNFRSF21,0.051518023
CD2AP,0.32062143
MMUT,0.18983026
CENPQ,0.02625032
MCM3,0.08412651
PAQR8,0.03273934
EFHC1,0.06474265
TRAM2,0.02914861
TRAM2-AS1,0.021522779
TMEM14A,0.21723175
GSTA2,0.19235574
GSTA1,0.24450597
GSTA4,0.11867948
CILK1,0.025507368
FBXO9,0.21553083
ELOVL5,0.08201405
GCLC,0.027022872
LRRC1,0.03945892
HMGCLL1,0.0
BMP5,0.0
COL21A1,0.0047469772
DST,0.21504329
KIAA1586,0.033259004
ZNF451,0.13609831
BAG2,0.014340799
RAB23,0.022910574
PTP4A1,0.63925445
PHF3,0.32163033
ADGRB3,0.007179269
LMBRD1,0.50975084
FAM135A,0.052348766
SDHAF4,0.05728995
SMAP1,0.07861011
B3GAT2,0.009317585
OGFRL1,0.07172815
LINC00472,0.101618856
CGAS,0.0048333593
MTO1,0.0533785
EEF1A1,3.5578995
SLC17A5,0.06592633
CD109,0.05337484
COL12A1,0.088968836
COX7A2,1.7560655
TMEM30A,0.28298786
FILIP1,0.057893462
SENP6,0.30325314
MYO6,0.4325679
IRAK1BP1,0.0516856
PHIP,0.2321318
HMGN3,1.0698152
LCA5,0.027450593
SH3BGRL2,0.06890494
BCKDHB,0.09429402
TENT5A,0.06102323
IBTK,0.15244593
TPBG,0.028035007
UBE3D,0.021914203
DOP1A,0.08973011
PGM3,0.07500566
RWDD2A,0.0321303
ME1,0.0036421
CYB5R4,0.04155846
CEP162,0.049388677
NT5E,0.010883634
SNX14,0.17862296
SYNCRIP,0.37863815
CGA,0.078790225
ZNF292,0.1955106
SMIM8,0.11530587
SLC35A1,0.091301784
RARS2,0.08223851
ORC3,0.08804471
AKIRIN2,0.08387417
RNGTT,0.039995935
PNRC1,0.7155918
PM20D2,0.0777843
UBE2J1,0.18274266
RRAGD,0.2592678
ANKRD6,0.038164835
LYRM2,0.2757987
MDN1,0.07992476
CASP8AP2,0.064678185
MAP3K7,0.09229706
MANEA,0.11719563
UFL1,0.21253613
FHL5,0.00715119
NDUFAF4,0.38171986
MMS22L,0.013799905
FBXL4,0.102326125
COQ3,0.048230063
PNISR,0.52974707
USP45,0.031691123
CCNC,0.19053352
ASCC3,0.065128244
HACE1,0.046981324
PREP,0.0339954
ATG5,0.11634729
PRDM1,0.043417543
CRYBG1,0.14365694
RTN4IP1,0.04168434
QRSL1,0.0625435
CD24,1.386254
MTRES1,0.18801662
SOBP,0.026121218
SCML4,0.010495451
SEC63,0.15073945
OSTM1,0.08613191
SNX3,0.7266589
AFG1L,0.026660727
FOXO3,0.16982156
ARMC2,0.013886146
SESN1,0.06380461
CEP57L1,0.028019607
CD164,0.61710775
SMPD2,0.046256743
MICAL1,0.031710796
ZBTB24,0.03783676
AK9,0.04795822
FIG4,0.046950217
WASF1,0.007179872
CDC40,0.12082715
CDK19,0.06107796
AMD1,0.58761597
GTF3C6,0.5199465
RPF2,0.1211299
MFSD4B,0.019913072
REV3L,0.09673695
ENSG00000272356,0.0048919944
TRAF3IP2-AS1,0.036118124
TRAF3IP2,0.01925686
FYN,0.08594107
TUBE1,0.08229516
FAM229B,0.20125535
LAMA4,0.01608374
MARCKS,0.22135054
MROCKI,0.0
HDAC2,0.22618903
NT5DC1,0.19551143
COL10A1,0.004660513
TSPYL4,0.079921514
DSE,0.054928184
TSPYL1,0.5283068
CALHM6,0.024994595
RWDD1,0.32540736
ZUP1,0.051528756
KPNA5,0.088299885
FAM162B,0.017509252
DCBLD1,0.019416818
GOPC,0.09974866
NUS1,0.1569943
CEP85L,0.041809842
PLN,0.10486216
MCM9,0.03670867
ASF1A,0.08122969
MAN1A1,0.35617557
GJA1,0.031827807
HSF2,0.035326827
SERINC1,0.6321439
PKIB,0.030014692
SMPDL3A,0.081686005
RNF217,0.031468205
TPD52L1,0.21595134
HDDC2,0.41756603
HEY2,0.010814221
NCOA7,0.330385
HINT3,0.13724542
TRMT11,0.0740075
CENPW,0.01554496
RSPO3,0.0
RNF146,0.11714508
ECHDC1,0.19806084
THEMIS,0.005522937
PTPRK,0.08337024
LAMA2,0.010899831
ARHGAP18,0.2750585
L3MBTL3,0.02708933
SAMD3,0.02230084
EPB41L2,0.051524997
AKAP7,0.056184325
ARG1,0.0
MED23,0.08336203
CCN2,0.5291218
STX7,0.19434668
VNN1,0.011685532
VNN2,0.0039351545
SLC18B1,0.10301937
RPS12,3.1392982
TCF21,0.06108459
TBPL1,0.081046514
SGK1,0.7216272
LINC03002,0.006658831
HBS1L,0.11012542
AHI1,0.17373621
PDE7B,0.046437092
BCLAF1,0.3535891
MAP3K5,0.04756224
PEX7,0.0992492
IFNGR1,0.25165114
WAKMAR2,0.007737624
TNFAIP3,0.05827636
PERP,0.32370985
HEBP2,0.44398358
NHSL1,0.039782673
NHSL1-AS1,0.011493631
CCDC28A,0.23941116
REPS1,0.057524554
ABRACL,0.09904911
HECA,0.07492561
CITED2,0.34563643
ENSG00000234147,0.0
VTA1,0.111975476
ADGRG6,0.034552027
HIVEP2,0.093708366
AIG1,0.37696496
ADAT2,0.018587658
PEX3,0.11312986
FUCA2,0.206699
PHACTR2,0.17253438
LTV1,0.052470636
PLAGL1,0.078598306
SF3B5,0.72861
STX11,0.019689485
UTRN,0.28125793
EPM2A,0.038943116
FBXO30,0.07845824
SHPRH,0.13542747
RAB32,0.06849496
STXBP5,0.032005746
SAMD5,0.04616578
SASH1,0.08097204
TAB2,0.20446946
PPIL4,0.19640368
GINM1,0.4097436
KATNA1,0.07662005
LATS1,0.08048202
ENSG00000278899,0.011309497
NUP43,0.046859622
PCMT1,0.29690957
LRP11,0.10516055
ULBP2,0.0057361284
PLEKHG1,0.021728497
MTHFD1L,0.03302167
AKAP12,0.124962956
ZBTB2,0.0131732235
RMND1,0.05806535
ARMT1,0.09917184
ESR1,0.008566895
SYNE1,0.3943938
MYCT1,0.05597272
FBXO5,0.014026927
MTRF1L,0.09472995
IPCEF1,0.061029207
CNKSR3,0.122868516
SCAF8,0.087167226
TIAM2,0.028688269
TFB1M,0.0456417
ARID1B,0.24088445
TMEM242,0.15037145
ZDHHC14,0.08141837
SNX9,0.1359082
SYNJ2,0.015661074
SERAC1,0.014686739
GTF2H5,0.6335231
TULP4,0.12211406
TMEM181,0.06836453
DYNLT1,0.872095
SYTL3,0.028511465
EZR,0.7223074
LINC02901,0.0034416504
TAGAP,0.016683334
SOD2,0.0
WTAP,0.38892588
ACAT2,0.06968476
TCP1,0.3394733
MRPL18,0.3134889
IGF2R,0.25785896
MAP3K4,0.08539068
AGPAT4,0.025887614
CAHM,0.027799577
QKI,0.27931592
PDE10A,0.05276833
SFT2D1,0.5390129
MPC1,1.1238482
RPS6KA2,0.0769532
ENSG00000249141,0.0032357154
RNASET2,0.22077592
CEP43,0.06297662
CCR6,0.0
AFDN,0.25580323
SMOC2,0.0050839284
THBS2,0.008839894
WDR27,0.048664182
C6orf120,0.09633036
PHF10,0.19437212
ERMARD,0.046340033
ENSG00000273100,0.0
DLL1,0.055234633
FAM120B,0.08861496
PSMB1,0.89945483
TBP,0.05072072
PDCD2,0.17111327
LINC03014,0.013585312
FAM20C,0.087178424
PDGFA,0.07575689
PRKAR1B,0.097899005
DNAAF5,0.04701286
SUN1,0.21088104
ADAP1,0.112665124
COX19,0.124475166
C7orf50,0.54943913
GPR146,0.02362256
ZFAND2A,0.117466465
ZFAND2A-DT,0.046389185
MICALL2,0.028071055
INTS1,0.146738
MAFK,0.22300708
PSMG3,0.17252965
PSMG3-AS1,0.0421494
MAD1L1,0.04539656
MRM2,0.06971962
NUDT1,0.08916517
SNX8,0.033354055
EIF3B,0.18889253
CHST12,0.08178338
LFNG,0.0147916535
BRAT1,0.07804711
IQCE,0.04182477
TTYH3,0.033723697
AMZ1,0.0
GNA12,0.056000777
CARD11,0.0050980365
FOXK1,0.08768636
AP5Z1,0.033747837
RADIL,0.0
RBAK-RBAKDN,0.012221366
RBAK,0.04541359
WIPI2,0.18496786
TNRC18,0.21763113
ACTB,2.9952528
FSCN1,0.044619855
RNF216,0.08371801
CCZ1,0.13905397
PMS2,0.030307671
AIMP2,0.12299999
EIF2AK1,0.21227705
USP42,0.070905276
CYTH3,0.05001708
FAM220A,0.032979626
RAC1,0.8676469
DAGLB,0.020481981
KDELR2,0.34916872
ZDHHC4,0.16197541
INTS15,0.07408315
ZNF853,0.020562882
ZNF316,0.07205992
ZNF12,0.09353129
CCZ1B,0.05841401
C1GALT1,0.12156588
MIOS,0.081377
RPA3,0.4661848
UMAD1,0.10853207
GLCCI1,0.06589242
ICA1,0.14595175
NDUFA4,2.485993
PHF14,0.1464737
THSD7A,0.2583153
TMEM106B,0.28650865
ARL4A,0.1492997
ETV1,0.018005602
MEOX2,0.0036541903
ANKMY2,0.047424268
BZW2,0.10129765
TSPAN13,0.047027037
AGR2,0.044148345
AGR3,0.008249272
AHR,0.06992013
ENSG00000237773,0.03487393
SNX13,0.15618742
HDAC9,0.015075228
POLR1F,0.093156755
MACC1,0.11533863
SP4,0.046270434
CDCA7L,0.013125082
RAPGEF5,0.05706794
STEAP1B-AS1,0.0026044925
TOMM7,1.8187848
HYCC1,0.021652468
KLHL7,0.0591483
NUP42,0.0835682
GPNMB,0.16980666
MALSU1,0.28614715
TRA2A,0.25171033
CCDC126,0.0550002
GSDME,0.028413441
OSBPL3,0.13323559
CYCS,1.2633369
NFE2L3,0.023496222
HNRNPA2B1,1.3197223
CBX3,0.45833722
SNX10,0.15311475
SKAP2,0.27170438
HOTAIRM1,0.24786597
HOXA-AS2,0.048649315
HOXA4,0.018024666
HOXA5,0.055195957
HIBADH,0.43077886
TAX1BP1,0.5595703
JAZF1,0.024104215
CREB5,0.01624023
TRIL,0.013743977
CPVL,0.44934788
CHN2,0.017600564
PRR15,0.21949495
SCRN1,0.15180556
FKBP14,0.05374885
PLEKHA8,0.03712481
MTURN,0.5348815
ZNRF2,0.08252094
NOD1,0.0237339
GGCT,0.19071141
GARS1,0.14375837
INMT,0.016788691
MINDY4,0.019106485
AQP1,0.21961156
PDE1C,0.07102822
LSM5,0.5011058
AVL9,0.06494353
KBTBD2,0.1112355
FKBP9,0.2320784
NT5C3A,0.0919293
RP9,0.061303325
BBS9,0.03869143
BMPER,0.003913056
DPY19L1,0.050201565
HERPUD2,0.09359225
HERPUD2-AS1,0.034782026
SEPTIN7,0.5275126
EEPD1,0.016239157
AOAH,0.020842247
ELMO1,0.018010337
NME8,0.0
STARD3NL,0.14080553
TRGC2,0.012723091
TRG-AS1,0.0135129765
AMPH,0.008970688
VPS41,0.122526206
YAE1,0.08935025
RALA,0.12383896
CDK13,0.12716484
MPLKIP,0.31166974
SUGCT,0.022002166
INHBA,0.0070924945
GLI3,0.0073008863
PSMA2,0.54376584
MRPL32,0.36666358
STK17A,0.1362232
COA1,0.21321939
BLVRA,0.12403898
URGCP,0.122136086
UBE2D4,0.076633066
DBNL,0.15433203
PGAM2,0.052484997
POLM,0.045123115
AEBP1,0.05054797
POLD2,0.21251218
YKT6,0.1342563
NUDCD3,0.16931435
DDX56,0.09700617
TMED4,0.53014857
OGDH,0.37896413
ZMIZ2,0.10776816
PPIA,2.2689939
H2AZ2,0.5787702
PURB,0.20239606
MYO1G,0.030410117
SNHG15,0.12713721
CCM2,0.08056788
TBRG4,0.13657089
RAMP3,0.09777565
ADCY1,0.03748716
IGFBP3,0.5718363
TNS3,0.18674038
HUS1,0.05875886
UPP1,0.28885105
IKZF1,0.028634742
FIGNL1,0.010425169
GRB10,0.058477227
VSTM2A,0.0
SEC61G,1.281538
EGFR,0.10882176
VOPP1,0.13959548
NIPSNAP2,0.37125352
MRPS17,0.12172172
PSPH,0.028972242
CCT6A,0.4137589
SUMF2,0.28434667
PHKG1,0.08519282
CHCHD2,1.8151156
ZNF736,0.028276844
ZNF680,0.057307888
ZNF107,0.009418018
ZNF138,0.05187813
ZNF273,0.00695291
ZNF117,0.047878865
ERV3-1,0.02718699
ZNF92,0.022204354
VKORC1L1,0.064369224
GUSB,0.13653249
ASL,0.23242883
CRCP,0.05726534
TPST1,0.10094463
KCTD7,0.018958958
RABGEF1,0.034176003
ENSG00000272831,0.18960574
TMEM248,0.28271753
SBDS,0.48849
TYW1,0.03643632
AUTS2,0.070942916
POM121,0.122811094
NSUN5,0.10732843
BAZ1B,0.11329788
BCL7B,0.21113549
TBL2,0.059827864
DNAJC30,0.12856956
BUD23,0.35547
ABHD11,0.1649069
CLDN3,0.26725137
CLDN4,0.5635405
ELN,0.02810027
LIMK1,0.035278797
EIF4H,0.39834625
LAT2,0.0058586136
RFC2,0.03854757
GTF2IRD1,0.05734078
GTF2I,0.64555085
NCF1,0.03429424
GTF2IRD2,0.069403306
RCC1L,0.12472608
GTF2IRD2B,0.05977031
TRIM73,0.029339662
POM121C,0.11592521
HIP1,0.09973709
RHBDD2,0.26102838
POR,0.21119678
TMEM120A,0.14371435
STYXL1,0.07656285
MDH2,0.7777975
HSPB1,1.714948
YWHAG,0.25493878
ZP3,0.034699835
DTX2,0.02935807
CCDC146,0.059295844
FGL2,0.31576186
GSAP,0.051520724
PTPN12,0.09406946
APTR,0.061816342
RSBN1L,0.16266222
TMEM60,0.19257843
PHTF2,0.06450517
MAGI2,0.08152251
GNAI1,0.11892191
CD36,0.006855522
SEMA3C,0.07275048
HGF,0.0024882902
CACNA2D1,0.021466479
SEMA3D,0.0026051241
ELAPOR2,0.030408638
DMTF1-AS1,0.017012823
DMTF1,0.09509043
TMEM243,0.16913128
TP53TG1,0.31703842
CROT,0.15766625
ABCB1,0.29106155
RUNDC3B,0.0062002586
SLC25A40,0.06279923
DBF4,0.02752077
SRI,0.73621416
STEAP4,0.0
STEAP2,0.06682978
CFAP69,0.025980692
GTPBP10,0.098943405
CDK14,0.062115286
FZD1,0.062403046
MTERF1,0.042489823
AKAP9,0.47837234
CYP51A1,0.044245593
KRIT1,0.13161033
ANKIB1,0.11750888
GATAD1,0.12727518
PEX1,0.098996274
RBM48,0.037567478
FAM133B,0.2720304
CDK6,0.19287899
SAMD9,0.10194057
SAMD9L,0.07057883
VPS50,0.07687648
TFPI2,0.034520246
GNG11,0.43974274
BET1,0.132532
COL1A2,0.04224591
CASD1,0.10258636
SGCE,0.11870516
PPP1R9A,0.09686782
PON3,0.0035517602
PON2,0.16310036
PDK4,1.2766867
DYNC1I1,0.013058285
SLC25A13,0.10492105
SEM1,1.0397042
SDHAF3,0.20540968
ASNS,0.026290054
LMTK2,0.04894203
TECPR1,0.044379726
BRI3,0.9291256
TRRAP,0.0884739
SMURF1,0.06441592
ARPC1A,0.36285537
ARPC1B,0.19211577
PDAP1,0.3262102
BUD31,0.54687685
PTCD1,0.013422329
CPSF4,0.062011342
ATP5MF,1.4873976
ZNF394,0.046434358
ZKSCAN5,0.022096997
FAM200A,0.06558958
ZNF655,0.20286557
TMEM225B,0.007254571
ZSCAN25,0.024255015
CYP3A5,0.018492145
CYP3A4,0.0
ENSG00000273407,0.0
TRIM4,0.08886735
AZGP1,0.07063114
ZKSCAN1,0.17532496
ZSCAN21,0.031438395
ZNF3,0.056905914
COPS6,0.42565235
MCM7,0.06539445
AP4M1,0.048142076
TAF6,0.08195466
CNPY4,0.054890316
LAMTOR4,1.2010094
TRAPPC14,0.049515937
GAL3ST4,0.0
STAG3,0.0061978074
PILRB,0.15485728
PILRA,0.03613385
MEPCE,0.18232222
PPP1R35,0.23916684
SPACDR,0.0050624297
TSC22D4,0.21118182
AGFG2,0.030806234
SAP25,0.045727883
LRCH4,0.0991181
PCOLCE,0.045853417
MOSPD3,0.0941777
GNB2,0.5685392
GIGYF1,0.11749345
POP7,0.1780927
EPHB4,0.078951925
SLC12A9,0.0483834
TRIP6,0.21251333
SRRT,0.12560695
UFSP1,0.013111522
MUC12,0.0014874305
MUC12-AS1,0.0
TRIM56,0.15902501
SERPINE1,0.021330645
AP1S1,0.25853196
PLOD3,0.10148469
ZNHIT1,0.8570061
CLDN15,0.06612666
FIS1,1.1760163
IFT22,0.16690765
CUX1,0.23918366
PRKRIP1,0.11022196
ORAI2,0.07567371
ALKBH4,0.05652286
LRWD1,0.057197627
POLR2J,0.6494903
POLR2J3,0.0
POLR2J3,0.0
RASA4,0.03774821
FAM185A,0.020467946
LRRC17,0.011486917
ARMC10,0.14326657
NAPEPLD,0.056975998
PMPCB,0.24236707
DNAJC2,0.08922324
PSMC2,0.18176499
RELN,0.0
ORC5,0.027543778
KMT2E-AS1,0.20755719
KMT2E,0.30469722
SRPK2,0.07375799
PUS7,0.01050931
RINT1,0.03417426
ATXN7L1,0.014539035
SYPL1,0.5035126
NAMPT,0.26598513
NAMPT-AS1,0.003937663
CCDC71L,0.055548307
PRKAR2B,0.03572346
HBP1,0.1629635
COG5,0.055556316
DUS4L,0.04473922
BCAP29,0.21650185
CBLL1-AS1,0.006012336
CBLL1,0.065398306
DLD,0.3826437
LAMB1,0.35842827
PNPLA8,0.2526934
THAP5,0.10689472
DNAJB9,0.13144301
IMMP2L,0.2080075
DOCK4,0.063071705
ZNF277,0.059067424
IFRD1,0.1889491
LSMEM1,0.010739808
TMEM168,0.106466845
SAMTOR,0.028102512
SMIM30,0.32230142
MDFIC,0.110901944
TFEC,0.014441683
TES,0.19011019
CAV2,0.16263862
CAV1,0.13538066
CAPZA2,0.55296355
ST7,0.060834467
CTTNBP2,0.049535852
LSM8,0.37671608
TSPAN12,0.31366527
ING3,0.09215424
CPED1,0.008529458
FAM3C,0.30220714
AASS,0.035065677
CADPS2,0.29789996
NDUFA5,0.9576528
WASL,0.30948702
WASL-DT,0.062300894
POT1,0.03809189
ZNF800,0.10858569
GCC1,0.03403498
ARF5,0.5235569
SND1,0.15161973
SND1-IT1,0.0046473704
RBM28,0.10122942
IMPDH1,0.06510965
HILPDA,0.021343116
METTL2B,0.051380344
LINC03072,0.030775635
CALU,0.19430356
FLNC,0.012993951
ATP6V1F,1.0306966
IRF5,0.02247893
TNPO3,0.052673798
TSPAN33,0.22586364
AHCYL2,0.08086518
ENSG00000273329,0.06490058
NRF1,0.023844825
UBE2H,0.3407539
ZC3HC1,0.039876126
KLHDC10,0.14575346
TMEM209,0.064996846
CEP41,0.03588604
MEST,0.10734687
COPG2,0.037910435
LINC00513,0.0
ENSG00000271204,0.023835784
MKLN1,0.19291396
ENSG00000273489,0.018989826
PODXL,0.2709852
CHCHD3,0.14577846
EXOC4,0.06744072
SLC35B4,0.14248711
LINC03060,0.0
AKR1B1,0.30755943
BPGM,0.13655727
CALD1,0.2715874
CYREN,0.12811542
TMEM140,0.029840654
ENSG00000272941,0.006738887
WDR91,0.13951288
CNOT4,0.14509241
NUP205,0.08855658
STMP1,0.5639528
FAM180A,0.015031133
MTPN,0.22048625
PTN,0.055920232
CREB3L2,0.18042254
AKR1D1,0.0
TRIM24,0.06854679
KIAA1549,0.021259438
ZC3HAV1,0.19906881
IFT56,0.028283726
UBN2,0.08737875
FMC1,0.69593495
LUC7L2,0.24724197
HIPK2,0.63848674
TBXAS1,0.05281968
PARP12,0.054804534
KDM7A,0.054456454
SLC37A3,0.06786826
MKRN1,0.18750304
DENND2A,0.03582394
ADCK2,0.08746757
NDUFB2,1.890561
NDUFB2-AS1,0.004349364
BRAF,0.13280463
MRPS33,0.46767032
AGK,0.055967472
ENSG00000244701,0.013511069
DENND11,0.0475515
SSBP1,0.75169134
CLEC5A,0.006966866
PRSS2,0.0
TRBC1,0.03843891
TRBC2,0.056724947
EPHB6,0.038531493
GSTK1,0.8008032
CASP2,0.05165021
FAM131B-AS2,0.108327046
ZYX,0.28432065
EPHA1-AS1,0.0061540864
TCAF1,0.10871066
OR2A25,0.0
OR2A1-AS1,0.029646661
TPK1,0.019502196
ENSG00000273314,0.016632264
CUL1,0.10388676
EZH2,0.008487063
PDIA4,0.2592277
ZNF282,0.04306391
ZNF212,0.03681926
ZNF783,0.02941882
ZNF777,0.059933174
ZNF746,0.050058305
ZNF467,0.077705935
ZNF862,0.031377066
ATP6V0E2,0.17075168
RARRES2,0.7222314
REPIN1,0.19156551
ENSG00000284691,0.031369142
GIMAP8,0.04477402
GIMAP7,0.115854815
GIMAP4,0.07973945
GIMAP6,0.04906276
GIMAP2,0.034290608
GIMAP1,0.06140859
GIMAP5,0.0024778612
TMEM176B,0.47033188
TMEM176A,0.2660981
NOS3,0.014668984
ATG9B,0.0
ABCB8,0.09386827
CDK5,0.053116016
SLC4A2,0.19744763
FASTK,0.2773623
TMUB1,0.23984976
AGAP3,0.062523805
ABCF2,0.0
CHPF2,0.05400267
SMARCD3,0.08809426
NUB1,0.1729426
WDR86,0.010889678
RHEB,0.6960859
PRKAG2,0.21046184
PRKAG2-AS1,0.13824943
GALNT11,0.29105082
ENSG00000229591,0.0
KMT2C,0.19065535
LINC01003,0.079959944
XRCC2,0.0
ACTR3B,0.02096791
PAXIP1-AS2,0.037753772
PAXIP1,0.038591005
PAXIP1-DT,0.07588625
INSIG1,0.07795615
RBM33-DT,0.034795944
RBM33,0.09552711
RNF32-DT,0.055288523
LMBR1,0.061859667
NOM1,0.035448622
UBE3C,0.11706856
DNAJB6,0.5411889
PTPRN2,0.06743274
NCAPG2,0.012971411
ESYT2,0.23028816
DYNC2I1,0.06122568
PLCXD1,0.017990643
GTPBP6,0.1609028
LINC00685,0.013947106
PPP2R3B,0.038241323
CSF2RA,0.017363584
IL3RA,0.021781193
SLC25A6,1.4676995
ASMTL,0.14047948
P2RY8,0.016368046
AKAP17A,0.09986931
DHRSX,0.13942568
ZBED1,0.101245426
CD99,0.29746246
ARSD,0.31032467
MXRA5,0.17026824
PRKX,0.05456491
PUDP,0.03788437
STS,0.009382207
PNPLA4,0.19565444
ANOS1,0.009181008
TBL1X,0.16079336
WWC3,0.07918637
HCCS,0.12507063
ARHGAP6,0.076956235
MSL3,0.070689656
PRPS2,0.40975618
TLR7,0.0
TLR8,0.0
TMSB4X,2.3406572
TCEANC,0.013290846
RAB9A,0.19865923
TRAPPC2,0.0748384
OFD1,0.14019929
GPM6B,0.013393312
GEMIN8,0.0645759
MOSPD2,0.07190188
ASB9,0.06557891
PIGA,0.028820861
PIR,0.014369654
CLTRN,0.0802295
CA5B,0.04712166
ZRSR2,0.048756253
AP1S2,0.14081441
CTPS2,0.019304777
SYAP1,0.37444684
TXLNG,0.08000221
RBBP7,0.27038154
REPS2,0.022864424
NHS,0.05262107
SCML1,0.142314
RAI2,0.07382025
CDKL5,0.03576564
PHKA2,0.04126957
PDHA1,0.5325295
SH3KBP1,0.055138066
BCLAF3,0.053236827
EIF1AX,0.7583425
RPS6KA3,0.12031103
MBTPS2,0.036080778
SMS,0.5897089
PRDX4,0.26119292
ACOT9,0.06432276
SAT1,1.5633699
APOO,0.2509405
KLHL15,0.04574155
EIF2S3,0.33016965
ZFX,0.1490107
PDK3,0.016472979
POLA1,0.029019995
TASL,0.0060672406
GK,0.077863395
TAB3,0.07513894
DMD,0.041420728
TMEM47,0.10977636
PRRG1,0.06224351
CYBB,0.031621058
DYNLT3,0.32874173
SRPX,0.008846552
RPGR,0.043871496
TSPAN7,0.29523367
MID1IP1,0.04128605
BCOR,0.06864217
ATP6AP2,0.825164
CXorf38,0.06662653
MED14,0.07330292
MED14OS,0.015975008
USP9X,0.3206326
DDX3X,0.64098436
CASK,0.091531955
GPR34,0.017227713
GPR82,0.0
MAOA,0.10865033
FUNDC1,0.1813413
KDM6A,0.07491884
DIPK2B,0.005172773
MIR222HG,0.11101005
KRBOX4,0.027780162
ZNF674-AS1,0.01302785
CHST7,0.00980887
RP2,0.04324749
RGN,0.080697395
NDUFB11,1.3844315
RBM10,0.12852922
UBA1,0.59156907
CDK16,0.26655424
USP11,0.28764057
ZNF41,0.008450918
ARAF,0.16857715
TIMP1,0.2544208
CFP,0.02248336
ELK1,0.06322608
UXT,0.6813301
ZNF182,0.022109881
SLC38A5,0.0052297385
FTSJ1,0.035695285
EBP,0.29227656
TBC1D25,0.021260982
RBM3,0.44847023
WDR13,0.29196054
WAS,0.027245486
HDAC6,0.10432587
PCSK1N,0.571289
TIMM17B,0.4336127
PQBP1,0.17111789
SLC35A2,0.095888264
PIM2,0.013030872
OTUD5,0.12322484
GRIPAP1,0.08972863
TFE3,0.065813474
CCDC120,0.04265433
PRAF2,0.062960505
WDR45,0.17645687
GPKOW,0.046924375
MAGIX,0.08868853
PLP2,0.23145775
CCDC22,0.065651946
CLCN5,0.28828037
SHROOM4,0.051644474
GSPT2,0.034879763
MAGED1,0.21983552
TSPYL2,0.11168612
KANTR,0.017516434
KDM5C,0.12545432
IQSEC2,0.050578393
SMC1A,0.18076167
HSD17B10,0.4673542
HUWE1,0.31157193
PHF8,0.050267637
FAM120C,0.033111237
WNK3,0.047625434
TSR2,0.1975146
GNL3L,0.03281189
MAGED2,0.64515215
APEX2,0.05848655
VCF2,0.14352237
MAGEH1,0.17519453
USP51,0.045320004
RRAGB,0.08766112
ENSG00000227486,0.019326769
KLF8,0.010373258
UBQLN2,0.12024367
NBDY,0.56077516
SPIN3,0.021208063
SPIN2B,0.06252271
ENSG00000226310,0.0
ZXDB,0.039300922
SPIN4,0.0057085436
ARHGEF9,0.07271374
AMER1,0.010657448
LAS1L,0.08525848
MSN,0.43706462
MIR223HG,0.007418227
VSIG4,0.0
HEPH,0.003109959
AR,0.03185608
OPHN1,0.023699157
YIPF6,0.26551962
STARD8,0.070725225
EFNB1,0.10097482
PJA1,0.084153354
EDA,0.004361871
IGBP1,0.16731803
PDZD11,0.18687938
DLG3,0.059163608
SNX12,0.08848967
IL2RG,0.032229852
MED12,0.058678687
ZMYM3,0.04106263
NONO,0.31668377
TAF1,0.061484035
OGT,0.3004334
GCNA,0.009129345
LINC00891,0.0
NHSL2,0.024278963
PIN4,0.52811605
RPS4X,2.733796
CITED1,0.003482266
HDAC8,0.052882962
NAP1L2,0.07025979
CHIC1,0.055237956
TSIX,0.0041680406
XIST,0.8207983
JPX,0.24353355
FTX,0.14209072
SLC16A2,0.035203677
RLIM,0.097155206
ABCB7,0.05324647
UPRT,0.043136995
PBDC1,0.1736385
MAGEE1,0.025858382
ATRX,0.49522483
MAGT1,0.25358772
COX7B,2.080649
ATP7A,0.0791095
PGK1,0.9773016
TAF9B,0.06536836
CYSLTR1,0.018388316
P2RY10,0.0
GPR174,0.0033512106
ITM2A,0.121341884
BRWD3,0.03378948
HMGN5,0.080989696
SH3BGRL,0.7057169
APOOL,0.17416953
ZNF711,0.034770813
CHM,0.11625751
KLHL4,0.0
PABPC5,0.0053088767
NAP1L3,0.019673344
DIAPH2,0.051283024
TSPAN6,0.35222623
SYTL4,0.022502717
CSTF2,0.029334383
TIMM8A,0.083551355
BTK,0.008303545
RPL36A,1.2244073
GLA,0.10247647
HNRNPH2,0.30418533
ARMCX4,0.070539385
ARMCX1,0.0679084
ARMCX6,0.15002897
ARMCX3,0.33806437
ARMCX2,0.20563212
ZMAT1,0.08068731
TCEAL2,0.20673063
BEX5,0.2053477
TMSB15A,0.029204478
ARMCX5,0.054836124
GPRASP1,0.06097667
GPRASP3,0.03470694
LINC00630,0.008530225
BEX1,0.12188103
BEX4,0.62442875
TCEAL8,0.40416852
BEX2,0.58093303
TCEAL9,0.64318466
BEX3,1.4421542
TCEAL4,0.59260124
TCEAL3,0.31270212
TCEAL1,0.11305706
MORF4L2,0.43172252
PLP1,0.0
RAB9B,0.0063478937
TMSB15B,0.0
SLC25A53,0.050430316
FAM199X,0.16616285
TBC1D8B,0.043855906
MORC4,0.039726794
RBM41,0.047628127
PRPS1,0.121026345
TSC22D3,0.50625294
PSMD10,0.07105634
ATG4A,0.049890663
COL4A5,0.07792328
NXT2,0.031192824
ACSL4,0.37672684
TMEM164,0.080024816
AMMECR1,0.06277945
ALG13,0.2450075
AMOT,0.045938145
IL13RA2,0.027914217
LRCH2,0.0033493277
PLS3,0.41865724
WDR44,0.044377916
DOCK11,0.020898212
IL13RA1,0.116009906
PGRMC1,0.5827656
SLC25A43,0.009170716
SLC25A5,1.2515572
STEEP1,0.047226116
UBE2A,0.25825208
NKRF,0.033564612
SEPTIN6,0.18897806
SOWAHD,0.0012230481
RPL39,3.1675026
UPF3B,0.055420436
RNF113A,0.047650594
NDUFA1,1.95954
NKAP,0.09583504
ZBTB33,0.052225333
TMEM255A,0.0076071387
LAMP2,0.3864529
CUL4B,0.08841153
MCTS1,0.24658811
C1GALT1C1,0.179815
THOC2,0.17739175
XIAP,0.20576578
STAG2,0.28033358
SH2D1A,0.008712182
SMARCA1,0.1576913
OCRL,0.04119311
SASH3,0.017099936
ZDHHC9,0.06389288
UTP14A,0.03946734
ELF4,0.018011346
AIFM1,0.20790517
RAB33A,0.0
RBMX2,0.10356796
ENOX2,0.028725578
STK26,0.014467671
RAP2C,0.12943377
MBNL3,0.058010403
GPC4,0.06246292
GPC3,0.09423418
PHF6,0.11942914
HPRT1,0.3762325
MIR503HG,0.06662504
PABIR2,0.06464813
MOSPD1,0.07040332
SMIM10,0.02153304
RTL8B,0.053458642
RTL8C,0.4370843
RTL8A,0.31382647
ZNF75D,0.023164885
ZNF449,0.017756002
SMIM10L2A,0.027406702
INTS6L,0.01372053
MMGT1,0.13594997
SLC9A6,0.039643656
FHL1,0.09294409
MAP7D3,0.038800072
HTATSF1,0.16543946
CD40LG,0.009150014
ARHGEF6,0.05022804
ENSG00000232611,0.0029425242
RBMX,0.45543817
FGF13,0.03721513
ATP11C,0.055476587
LDOC1,0.12263943
SLITRK4,0.06631486
FMR1,0.1799337
IDS,0.39200827
EOLA1-DT,0.021553304
EOLA1,0.04336097
TMEM185A,0.041939612
EOLA2,0.045168668
MTM1,0.046164606
MTMR1,0.029478483
CD99L2,0.07450221
HMGB3,0.096228056
VMA21,0.21528882
PRRG3,0.004155271
GABRE,0.014059888
CETN2,0.3135303
NSDHL,0.044516243
ZNF185,0.052499097
ZNF275,0.047144834
HAUS7,0.04339653
BGN,0.112136595
CCNQ,0.090213776
PNCK,0.0021107162
SLC6A8,0.17633183
BCAP31,0.74320376
ABCD1,0.02997871
IDH3G,0.31621823
SSR4,1.1615009
PDZD4,0.00571781
ARHGAP4,0.11180527
NAA10,0.37043017
RENBP,0.028672693
HCFC1,0.14666788
TMEM187,0.04557649
IRAK1,0.08147282
MECP2,0.22406611
FLNA,0.65137184
EMD,0.35863057
RPL10,3.1134236
ENSG00000280195,0.005140812
DNASE1L1,0.043464806
TAFAZZIN,0.0843145
ATP6AP1-DT,0.17934747
ATP6AP1,0.5882331
GDI1,0.23735511
FAM50A,0.24609323
PLXNA3,0.041824892
LAGE3,0.27352142
UBL4A,0.06712975
SLC10A3,0.11836447
FAM3A,0.17282818
G6PD,0.09386804
GAB3,0.0057716025
DKC1,0.08446183
MPP1,0.17433012
F8,0.042535797
F8A1,0.0
FUNDC2,0.48396277
CMC4,0.018172894
MTCP1,0.0008007597
BRCC3,0.06289762
VBP1,0.21892388
RAB39B,0.011706538
CLIC2,0.030509815
TMLHE-AS1,0.0
TMLHE,0.055780057
VAMP7,0.11172472
ZNF596,0.01520845
FBXO25,0.12148476
TDRP,0.079343624
ERICH1,0.10280021
CLN8,0.1510059
CLN8-AS1,0.2241061
ARHGEF10,0.0209541
MYOM2,0.023263836
MCPH1,0.05362038
ANGPT2,0.023759812
AGPAT5,0.07705969
DEFB1,3.0314808
PRAG1,0.005996635
CLDN23,0.03565869
MFHAS1,0.12791947
ERI1,0.030192377
PPP1R3B,0.049821008
TNKS,0.067086846
MSRA,0.08888108
SOX7,0.020632107
PINX1,0.0
XKR6,0.014270093
MTMR9,0.072927274
BLK,0.0
GATA4,0.0
NEIL2,0.04070364
FDFT1,0.24021743
CTSB,0.4085416
LONRF1,0.13989307
DLC1,0.13536677
TUSC3,0.13167892
MSR1,0.02181071
MICU3,0.058306955
ZDHHC2,0.1774622
CNOT7,0.2763356
VPS37A,0.10861551
SLC7A2,0.06879123
PDGFRL,0.0036834104
MTUS1,0.18600157
PCM1,0.31661212
ASAH1,0.6627117
NAT1,0.0155966235
PSD3,0.039678156
SH2D4A,0.04035746
CSGALNACT1,0.05241601
INTS10,0.14741203
LPL,0.09815563
ATP6V1B2,0.15296409
LZTS1,0.0068139094
GFRA2,0.0
DOK2,0.016126852
XPO7,0.086979546
DMTN,0.2155247
FHIP2B,0.06384841
NUDT18,0.021494102
REEP4,0.018493582
BMP1,0.028967518
POLR3D,0.047790617
SLC39A14,0.06903892
PPP3CC,0.06403357
ENSG00000251034,0.0
SORBS3,0.13038081
PDLIM2,0.09814811
C8orf58,0.024239583
CCAR2,0.10131354
BIN3,0.066832885
EGR3,0.09872405
RHOBTB2,0.04088058
TNFRSF10B,0.08091792
TNFRSF10D,0.05161985
TNFRSF10A,0.0087409085
CHMP7,0.1001508
R3HCC1,0.14184585
LOXL2,0.006760048
ENTPD4,0.07485621
SLC25A37,0.13963224
STC1,0.60047454
ADAM28,0.008931873
DOCK5,0.056447454
KCTD9,0.0685783
PPP2R2A,0.18301822
BNIP3L,0.1855605
PNMA2,0.008291073
DPYSL2,0.1765942
TRIM35,0.039511867
PTK2B,0.042950418
EPHX2,0.24671504
CLU,1.0538782
CCDC25,0.20204918
ELP3,0.07139935
ZNF395,0.09595452
FZD3,0.054428373
EXTL3,0.051425908
HMBOX1,0.043529637
KIF13B,0.13825664
DUSP4,0.009410859
SARAF,0.8359541
ENSG00000272256,0.004312232
LEPROTL1,0.26069602
DCTN6-DT,0.03619191
DCTN6,0.23112105
RBPMS,0.43641436
GTF2E2,0.05666447
GSR,0.1891876
UBXN8,0.05632608
PPP2CB,0.42871514
WRN,0.060229342
FUT10,0.019385727
TTI2,0.04409194
MAK16,0.05645875
RNF122,0.008273476
DUSP26,0.021789277
ZNF703,0.02293567
ERLIN2,0.1815918
PLPBP,0.18976867
ADGRA2,0.031624183
BRF2,0.03356958
RAB11FIP1,0.15237929
EIF4EBP1,0.08539263
ASH2L,0.0721715
LSM1,0.2582106
BAG4,0.07177753
DDHD2,0.13140328
PLPP5,0.35971183
NSD3,0.21536173
LETM2,0.03823499
FGFR1,0.1195934
ENSG00000253361,0.0
TACC1,0.28221497
PLEKHA2,0.16869041
ENSG00000253645,0.0
HTRA4,0.0
TM2D2,0.17305519
ADAM9,0.16756354
TCIM,0.39616007
SIRLNT,0.0604207
SFRP1,0.4206841
GOLGA7,0.22847581
GINS4,0.0
GPAT4,0.11366526
ANK1,0.0030955602
KAT6A,0.116435595
AP3M2,0.04969924
PLAT,0.16953732
IKBKB,0.05898947
POLB,0.042411238
VDAC3,0.37642232
SLC20A2,0.12503706
SMIM19,0.32520443
THAP1,0.07704495
RNF170,0.10256263
HOOK3,0.18264323
FNTA,0.17548957
HGSNAT,0.14864841
SPIDR,0.06875025
CEBPD,1.4305879
PRKDC,0.2644001
MCM4,0.052189946
UBE2V2,0.22736984
SNAI2,0.013468193
PCMTD1,0.35893774
PCMTD1-DT,0.016053826
RB1CC1,0.1771744
ATP6V1H,0.36761883
TCEA1,0.34225714
LYPLA1,0.33835822
MRPL15,0.39638248
SOX17,0.011735884
TMEM68,0.12178257
TGS1,0.116230525
LYN,0.05418305
RPS20,0.91045046
PLAG1,0.031239444
CHCHD7,0.24367741
SDR16C5,0.0
BPNT2,0.20818114
LINC03018,0.0
FAM110B,0.05241383
UBXN2B,0.1120641
SDCBP,0.47953779
NSMAF,0.039451923
RAB2A,0.5292686
CHD7,0.05395731
ASPH,0.20219122
GGH,0.06680731
YTHDF3,0.19011936
CYP7B1,0.02435961
ARMC1,0.10392347
MTFR1,0.046469647
ENSG00000272155,0.0
PDE7A,0.048699997
DNAJC5B,0.0
RRS1,0.024381412
ADHFE1,0.058130737
MYBL1,0.011919322
VCPIP1,0.10238137
SGK3,0.077636376
COPS5,0.24218696
CSPP1,0.061197262
ARFGEF1,0.20120369
PREX2,0.039656956
SULF1,0.035375655
NCOA2,0.105169944
TRAM1,0.5574579
LACTB2,0.11732432
MSC-AS1,0.0061379857
MSC,0.0043537105
TERF1,0.14876233
RPL7,1.6870923
STAU2,0.09284567
UBE2W,0.1897997
ELOC,0.62602925
TMEM70,0.18516377
LY96,0.032187577
JPH1,0.0024707578
GDAP1,0.023241835
PI15,0.0
CRISPLD1,0.020062733
PEX2,0.26955426
ZC2HC1A,0.09933357
IL7,0.0038552934
HEY1,0.027329963
MRPS28,0.25264695
TPD52,0.3309298
ENSG00000251867,0.013792992
ZBTB10,0.16768375
ZNF704,0.26873392
PAG1,0.051121544
FABP5,0.035443828
FABP4,0.02048302
IMPA1,0.085297614
ZFAND1,0.15989074
CHMP4C,0.044207983
SNX16,0.05403839
LRRCC1,0.07012809
E2F5,0.041126233
RBIS,0.697351
CA13,0.018164672
CA3,0.0031947321
CA2,1.244188
WWP1,0.19145651
RMDN1,0.15745197
CPNE3,0.33857942
PARAIL,0.016535534
RIPK2,0.025594775
OSGIN2,0.071903035
NBN,0.15293546
DECR1,0.504585
TMEM64,0.08226677
NECAB1,0.03724864
PIP4P2,0.11234975
OTUD6B-AS1,0.40929973
OTUD6B,0.041103043
LRRC69,0.010417015
RUNX1T1,0.025218563
TRIQK,0.10493661
CIBAR1,0.0978412
RBM12B,0.11692578
TMEM67,0.033582628
PDP1,0.115743056
GEM,0.09093903
VIRMA,0.06625844
ESRP1,0.07223414
DPY19L4,0.14177181
INTS8,0.048386402
NDUFAF6,0.07711347
TP53INP1,0.06096033
PLEKHF2,0.0835308
UQCRB,2.0960584
MTERF3,0.05176362
PTDSS1,0.0625186
SDC2,0.25269413
CPQ,0.39280468
TSPYL5,0.10171684
MTDH,0.36398762
LAPTM4B,0.39803573
MATN2,0.06243459
RPL30,2.7831662
RIDA,0.22450979
NIPAL2,0.014180593
STK3,0.08041491
VPS13B-DT,0.16558819
VPS13B,0.075678654
COX6C,2.1459143
POLR2K,0.67959005
SPAG1,0.019520015
RNF19A,0.3052829
ANKRD46,0.12106471
SNX31,0.0
PABPC1,0.7767875
YWHAZ,0.89842504
ZNNT1,0.014638843
ZNF706,0.49645585
GRHL2,0.030131103
NCALD,0.048072502
RRM2B,0.12393467
UBR5,0.1253642
KLF10,0.4678267
AZIN1,0.2250294
ATP6V1C1,0.1664204
BAALC,0.026269995
FZD6,0.1235166
CTHRC1,0.008320383
SLC25A32,0.043098666
DCAF13,0.13762085
LRP12,0.038965017
ZFPM2,0.011844852
OXR1,0.14780797
ANGPT1,0.108891465
EIF3E,0.6002252
EMC2,0.22475457
NUDCD1,0.05002145
ENY2,0.78337765
EBAG9,0.1845493
SYBU,0.013966593
TRPS1,0.095534585
EIF3H,0.5080636
UTP23,0.090914965
RAD21,0.30805922
AARD,0.001143063
SLC30A8,0.0
MED30,0.14521787
EXT1,0.06960479
ENSG00000225885,0.0
TNFRSF11B,0.15827169
COLEC10,0.0
MAL2,0.49548134
CCN3,0.012076136
ENPP2,0.026594143
TAF2,0.078815795
DEPTOR,0.16735165
ENSG00000254343,0.019911617
COL14A1,0.01046163
MRPL13,0.38636243
SNTB1,0.09576379
ZHX2,0.032315746
DERL1,0.16034596
TBC1D31,0.015332318
C8orf76,0.062808424
ZHX1,0.15063415
ATAD2,0.005179951
NTAQ1,0.051762596
FBXO32,0.054691065
FAM91A1,0.091879256
TMEM65,0.084767096
TRMT12,0.033091817
RNF139,0.10218812
TATDN1,0.3026212
NDUFB9,1.2209021
MTSS1,0.23073833
SQLE,0.15923437
WASHC5,0.092851
NSMCE2,0.07880205
TRIB1,0.33026338
LINC00861,0.0063853725
LRATD2,0.22109033
PCAT1,0.0126071675
MYC,0.023479829
PVT1,0.0052560675
CYRIB,0.21818961
ASAP1,0.06063073
EFR3A,0.19256873
KCNQ3,0.0
DNAAF11,0.018236231
TMEM71,0.0069699944
PHF20L1,0.16503033
SLA,0.051571775
NDRG1,0.9047825
ST3GAL1,0.08010187
ZFAT,0.022830052
KHDRBS3,0.065688044
LINC02055,0.0
TRAPPC9,0.056020584
CHRAC1,0.17517307
AGO2,0.16420887
PTK2,0.23667303
DENND3,0.05223522
SLC45A4,0.2579314
GPR20,0.0066458015
PTP4A3,0.108978175
ENSG00000271959,0.0
JRK,0.020257864
THEM6,0.0825121
LYNX1,0.073475316
LY6E,0.33411068
GPIHBP1,0.010833999
GLI4,0.09701588
MINCR,0.14659813
TOP1MT,0.033267453
RHPN1,0.08979633
ZC3H3,0.04570658
GSDMD,0.20495935
MROH6,0.012250446
NAPRT,0.26089457
EEF1D,1.3244892
TIGD5,0.048488367
GFUS,0.14143057
ZNF623,0.044882014
FAM83H,0.10459763
SCRIB,0.11642035
PUF60,0.31171012
NRBP2,0.0787991
EPPK1,0.035742458
PLEC,0.26593506
PARP10,0.110774346
GRINA,0.3262908
OPLAH,0.10117146
EXOSC4,0.1722539
GPAA1,0.42937273
CYC1,0.8030895
SHARPIN,0.2523823
MAF1,0.36222443
HGH1,0.035917718
MROH1,0.09797167
BOP1,0.040321585
HSF1,0.38907364
DGAT1,0.13334128
SLC52A2,0.13438463
FBXL6,0.055464637
ADCK5,0.04874708
CPSF1,0.07892443
SLC39A4,0.16600823
VPS28,0.8205713
ZFTRAF1,0.340414
KIFC2,0.05427392
PPP1R16A,0.23744662
GPT,0.015066214
MFSD3,0.10673836
LRRC14,0.07208993
C8orf82,0.18092977
ZNF251,0.019593872
ZNF34,0.019482495
RPL8,2.673326
ZNF517,0.018189
ZNF7,0.024857974
COMMD5,0.1238418
ZNF250,0.0263264
ZNF16,0.029594634
C8orf33,0.1878492
WASHC1,0.15827054
ZNG1A,0.18019004
DOCK8-AS1,0.022767436
DOCK8,0.06120849
KANK1,0.13868965
SMARCA2,0.36213118
PUM3,0.09792558
RFX3,0.047258776
GLIS3,0.17229201
CDC37L1,0.13827853
AK3,0.40615052
RCL1,0.04079129
JAK2,0.03278186
RLN2,0.0063768174
PLGRKT,0.23697136
PDCD1LG2,0.0
RIC1,0.017953707
ERMP1,0.25660717
BRD10,0.13274124
RANBP6,0.07934463
IL33,0.0063257613
UHRF2,0.073591195
KDM4C,0.03988889
DMAC1,0.4692507
LURAP1L,0.03813995
MPDZ,0.071843274
ENSG00000226197,0.0
NFIB,0.21972609
ZDHHC21,0.12209733
TTC39B,0.09671111
SNAPC3,0.06907627
PSIP1,0.15876356
BNC2,0.026352672
CNTLN,0.02629936
ADAMTSL1,0.018967625
RRAGA,0.30290666
HAUS6,0.04874922
PLIN2,0.117544994
DENND4C,0.054063246
ENSG00000273226,0.01262281
RPS6,2.3960545
MLLT3,0.092022106
FOCAD,0.049585994
HACD4,0.069439024
KLHL9,0.1593755
MTAP,0.0557448
CDKN2A,0.0
CDKN2B,0.003228365
TUSC1,0.20899484
CAAP1,0.117570534
PLAA,0.06398541
IFT74,0.058945403
TEK,0.10082174
MOB3B,0.08279733
C9orf72,0.068880305
ACO1,0.15905985
RIGI,0.03880674
TOPORS,0.13773818
SMIM27,0.2494412
NDUFB6,0.6410757
APTX,0.117995
DNAJA1,0.7564125
SMU1,0.17620711
B4GALT1,0.41745996
BAG1,0.6233226
CHMP5,0.6036906
NFX1,0.099559546
AQP7,0.034545705
AQP3,0.6709428
NOL6,0.03594576
UBE2R2,0.15400061
UBAP2,0.072205916
DCAF12,0.054143135
UBAP1,0.079348914
NUDT2,0.04931611
FAM219A,0.024581913
ENHO,0.0041453154
CNTFR,0.0
RPP25L,0.25026515
DCTN3,0.56767493
SIGMAR1,0.0498004
GALT,0.07477336
IL11RA,0.04427765
ENSG00000187186,0.11418503
CCL19,0.004745654
CCL21,0.0
VCP,0.31406888
PIGO,0.09418715
STOML2,0.35053942
ATOSB,0.040430848
UNC13B,0.07984135
RUSC2,0.07542432
TESK1,0.08847888
CD72,0.008078035
SIT1,0.010560661
CCDC107,0.31259525
TPM2,0.2401585
TLN1,0.27628383
CREB3,0.15459935
GBA2,0.2112335
RGP1,0.08544544
ENSG00000227388,0.01158213
HINT2,0.6889868
HRCT1,0.0055434816
RECK,0.038308978
GLIPR2,0.031114224
CLTA,0.86693126
GNE,0.03721165
RNF38,0.13029478
EBLN3P,0.18433626
ZCCHC7,0.073334664
GRHPR,0.28757837
ZBTB5,0.023015238
POLR1E,0.021518102
FBXO10,0.0061620562
TOMM5,0.2140805
TRMT10B,0.02552107
EXOSC3,0.10467033
DCAF10,0.123464555
SLC25A51,0.059691347
SHB,0.0877926
ALDH1B1,0.06592431
ZNG1F,0.014341227
CNTNAP3B,0.01705055
ZNG1E,0.11163429
ANKRD20A3P,0.0
ZNG1C,0.05298193
PGM5,0.074290924
PABIR1,0.121272646
FXN,0.09676073
ENTREP1,0.024787953
APBA1,0.018022668
PTAR1,0.15428367
SMC5,0.121298894
KLF9,0.41210818
CEMIP2,0.09282461
ABHD17B,0.033831187
C9orf85,0.04520776
LINC01504,0.012685335
ZFAND5,0.8692237
ALDH1A1,0.6192005
ANXA1,0.23719935
C9orf40,0.037869878
CARNMT1,0.0895463
NMRK1,0.15632653
OSTF1,0.15794064
PCSK5,0.009136904
RFK,0.11175371
GCNT1,0.012828661
VPS13A,0.13525118
GNAQ,0.33018342
CEP78,0.059997745
TLE4,0.16995953
TLE1,0.09188161
RASEF,0.021924261
FRMD3,0.13197982
IDNK,0.06800479
UBQLN1,0.19276251
UBQLN1-AS1,0.006440399
GKAP1,0.07253429
KIF27,0.014570408
QNG1,0.052295957
HNRNPK,1.0366962
RMI1,0.023746187
NTRK2,0.09418043
AGTPBP1,0.06872611
NAA35,0.055217467
GOLM1,0.1854404
ISCA1,0.37935078
TUT7,0.085486375
GAS1,0.046659224
DAPK1,0.12190899
CTSL,0.6134972
CDK20,0.025861075
SPIN1,0.2132475
S1PR3,0.02534332
CKS2,0.16568315
SECISBP2,0.22584218
SEMA4D,0.0897069
GADD45G,0.16387665
SYK,0.07363545
AUH,0.20190755
NFIL3,0.15631056
SPTLC1,0.21362925
IARS1,0.1435513
NOL8,0.06616608
CENPP,0.0019120433
OMD,0.0
ASPN,0.0
ECM2,0.019397482
IPPK,0.02656388
BICD2,0.09050387
ZNF484,0.029042805
FGD3,0.0883772
SUSD3,0.059309606
CARD19,0.14949933
NINJ1,0.30496928
WNK2,0.013579469
FAM120AOS,0.12865289
FAM120A,0.34042472
PHF2,0.07300167
MIRLET7A1HG,0.040989913
ZNF169,0.0076890592
MFSD14B,0.10513937
FBP1,0.21950439
AOPEP,0.33259243
PTCH1,0.048879962
ERCC6L2-AS1,0.054317158
ERCC6L2,0.06900947
SLC35D2,0.08943864
HABP4,0.14513078
CDC14B,0.09853707
PRXL2C,0.100110106
ZNF510,0.021951223
ZNF782,0.013977124
MFSD14CP,0.055583894
TDRD7,0.01463616
TMOD1,0.025754716
TSTD2,0.053558778
NCBP1,0.053414866
XPA,0.16695008
TRMO,0.044272203
ANP32B,0.39048427
NANS,0.11807446
TRIM14,0.02038732
CORO2A,0.004809668
TBC1D2,0.020775152
ANKS6,0.03240818
COL15A1,0.008980778
TGFBR1,0.09889981
ALG2,0.1776806
SEC61B,1.1676134
NR4A3,0.26306045
STX17,0.062828064
ERP44,0.24815954
INVS,0.012044942
TEX10,0.054132022
MSANTD3,0.055129077
BAAT,0.0
MRPL50,0.2902062
ZNF189,0.054960772
ALDOB,0.22107661
PGAP4,0.022552915
RNF20,0.08838977
SMC2,0.069959395
NIPSNAP3A,0.15109733
ABCA1,0.032668434
SLC44A1,0.23940678
FSD1L,0.032021303
FKTN,0.044324916
TMEM38B,0.18519107
ZNF462,0.03963748
RAD23B,0.16335732
KLF4,0.11811087
ELP1,0.07877249
ABITRAM,0.06331958
CTNNAL1,0.3170847
TMEM245,0.40035385
PTPN3,0.18496974
TXN,1.2744508
SVEP1,0.008126051
ENSG00000232896,0.0
ECPAS,0.1270908
PTGR1,0.56615186
DNAJC25,0.10571166
DNAJC25-GNG10,0.0
GNG10,0.02106191
UGCG,0.18898952
SUSD1,0.08143969
PTBP3,0.3989064
HSDL2,0.183931
KIAA1958,0.06756468
INIP,0.13167703
SNX30,0.053280424
SLC46A2,0.0
SLC31A2,0.053003304
FKBP15,0.050543718
SLC31A1,0.07852714
CDC26,0.29267195
PRPF4,0.072266
WDR31,0.011801831
BSPRY,0.08542906
HDHD3,0.10221889
ALAD,0.053749703
POLE3,0.115012854
RGS3,0.16308662
ZNF618,0.14022703
AMBP,0.018229907
COL27A1,0.029373834
ORM1,0.0
ORM2,0.0
AKNA,0.027172277
ATP6V1G1,1.2098008
TNFSF8,0.0033471747
TNC,0.01597747
PAPPA,0.06656527
TRIM32,0.03173014
TLR4,0.03641736
ENSG00000284977,0.0
CDK5RAP2,0.079272896
MEGF9,0.12230614
FBXW2,0.10068067
PSMD5,0.057141077
PHF19,0.011791103
C5,0.031997863
CNTRL,0.034039605
RAB14,0.3874354
GSN,0.5654178
GSN-AS1,0.0
STOM,0.24746275
DAB2IP,0.12664153
NDUFA8,0.61792606
RBM18,0.11812521
MRRF,0.0861535
PTGS1,0.0057385466
PDCL,0.09247424
RC3H2,0.14619449
ZBTB6,0.03553851
ZBTB26,0.01757914
RABGAP1,0.14518066
STRBP,0.084048666
DENND1A,0.04716911
LHX2,0.0
NEK6,0.011033621
PSMB7,0.45317388
NR6A1,0.014002806
OLFML2A,0.04051292
RPL35,2.553371
ARPC5L,0.31911042
GOLGA1,0.053223904
SCAI,0.040157057
PPP6C,0.23925166
RABEPK,0.03313683
HSPA5,0.95091254
GAPVD1,0.099972926
MAPKAP1,0.17257917
PBX3,0.049773738
MVB12B,0.021173738
LMX1B-DT,0.0
ZBTB43,0.07698841
ZBTB34,0.03913821
RALGPS1,0.06302973
ANGPTL2,0.0
SLC2A8,0.06459862
RPL12,2.4225998
LRSAM1,0.0434706
NIBAN2,0.15806416
STXBP1,0.074007176
PTRH1,0.13435884
TOR2A,0.053636152
SH2D3C,0.04801165
CDK9,0.122788884
FPGS,0.07297479
ENG,0.21634324
AK1,0.062032852
ST6GALNAC6,0.0
ST6GALNAC4,0.041932777
PIP5KL1,0.0045840954
DPM2,0.273165
EEIG1,0.123513296
SLC25A25,0.20534831
PTGES2,0.22705978
LCN2,0.0038059412
BBLN,0.7453791
CIZ1,0.07151429
GOLGA2,0.17818093
SWI5,0.29892525
TRUB2,0.10951974
COQ4,0.32270175
SLC27A4,0.088638775
URM1,0.15875705
CERCAM,0.057568595
ODF2,0.04469654
GLE1,0.051375594
SPTAN1,0.4910775
DYNC2I2,0.22161892
SET,0.78468215
PKN3,0.021407004
ZDHHC12,0.20673147
ZER1,0.12979937
TBC1D13,0.08738756
ENDOG,0.30483297
SPOUT1,0.059967607
LRRC8A,0.08333584
PHYHD1,0.19879717
DOLK,0.052043885
NUP188,0.05447453
SH3GLB2,0.33184996
MIGA2,0.06300643
CRAT,0.09489515
PTPA,0.32134166
IER5L,0.20843
LINC02975,0.0036042384
LINC01503,0.06403037
NTMT1,0.15200517
ASB6,0.06812817
PTGES,0.03142508
TOR1B,0.04536465
TOR1A,0.10802028
C9orf78,0.2012745
USP20,0.04435866
FNBP1,0.117489494
GPR107,0.12102228
ASS1,0.14043078
FUBP3,0.10518639
EXOSC2,0.024574209
ABL1,0.09874307
FIBCD1,0.0
LAMC3,0.0
AIF1L,1.0219519
NUP214,0.1828004
FAM78A,0.007044676
PRRC2B,0.0
POMT1,0.0892694
UCK1,0.079289764
RAPGEF1,0.13308349
MED27,0.056412753
NTNG2,0.012547942
SETX,0.24028699
TTF1,0.09450023
DDX31,0.026348507
GTF3C4,0.0686724
TSC1,0.11655141
GTF3C5,0.07812045
RALGDS,0.05907188
GBGT1,0.006136423
SURF6,0.10841835
MED22,0.04795648
RPL7A,2.472989
SURF1,0.4307896
SURF2,0.2601459
SURF4,0.3391472
REXO4,0.08862847
ADAMTS13,0.011557845
SLC2A6,0.0072546774
ADAMTSL2,0.022124724
VAV2,0.08579967
BRD3OS,0.03676435
BRD3,0.08227268
WDR5,0.050259784
RXRA,0.14228852
COL5A1,0.005627837
FCN2,0.0
FCN1,0.034268174
OLFM1,0.005219002
PPP1R26,0.052056976
PIERCE1,0.02491716
MRPS2,0.17474052
CAMSAP1,0.031221952
UBAC1,0.1597061
NACC2,0.046987504
TMEM250,0.06416054
GPSM1,0.055589646
CARD9,0.010856788
SNAPC4,0.031935997
ENTR1,0.072545126
PMPCA,0.18537445
SEC16A,0.15330166
NOTCH1,0.06234909
LNCEGFL7OS,0.030983258
EGFL7,0.19317473
AGPAT2,0.30890164
DIPK1B,0.06423503
SNHG7,0.25149494
LCN6,0.0
TMEM141,0.79684484
CCDC183,0.0032709574
RABL6,0.24796122
PHPT1,1.0461999
EDF1,1.4871011
TRAF2,0.033501204
FBXW5,0.24072193
PTGDS,0.19262485
PAXX,0.42417026
CLIC3,0.059823096
ABCA2,0.13404137
NPDC1,0.13700716
UAP1L1,0.033999257
MAN1B1,0.12069733
DPP7,0.48061004
SSNA1,0.3293882
TPRN,0.045249514
TMEM203,0.17257412
RNF208,0.06501747
TUBB4B,0.805084
NELFB,0.12575473
TOR4A,0.03572298
NRARP,0.007761625
EXD3,0.075452566
NSMF,0.10334722
PNPLA7,0.014305041
MRPL41,1.063969
DPH7,0.06937723
ARRDC1,0.1226328
ARRDC1-AS1,0.081613466
EHMT1,0.064660296
LINC01001,0.015599666
BET1L,0.10011146
RIC8A,0.1070516
SIRT3,0.055927638
PSMD13,0.26457104
PGGHG,0.019763764
IFITM2,0.7792598
IFITM1,0.17898473
IFITM3,1.1017408
PKP3,0.0072454945
SIGIRR,0.4236259
ANO9,0.026430324
PTDSS2,0.102075584
RNH1,0.58508885
HRAS,0.2792436
LMNTD2,0.033375006
RASSF7,0.32468468
MIR210HG,0.025356222
PHRF1,0.0695644
IRF7,0.103972115
DEAF1,0.12049147
EPS8L2,0.30131832
TMEM80,0.21034528
TALDO1,0.4698432
GATD1,0.09679872
GATD1-DT,0.03251636
SLC25A22,0.033046253
RPLP2,1.9784523
PNPLA2,0.28025272
CRACR2B,0.057789743
CD151,0.4384506
POLR2L,1.6659445
TSPAN4,0.17744248
CHID1,0.4329957
AP2A2,0.2874706
TOLLIP,0.23645827
MOB2,0.14491023
DUSP8,0.14629164
IFITM10,0.020249916
CTSD,1.7620759
TNNI2,0.0
LSP1,0.03430012
MRPL23,0.38542408
IGF2,0.0
ASCL2,0.01652381
TSPAN32,0.010833695
CD81,1.5037768
TSSC4,0.20362839
KCNQ1,0.22108583
KCNQ1OT1,0.104328774
CDKN1C,0.3173274
SLC22A18AS,0.005215335
SLC22A18,0.076386884
PHLDA2,0.1647838
NAP1L4,0.3945975
CARS1,0.067352876
OSBPL5,0.037878305
ZNF195,0.036841623
NUP98,0.11624076
PGAP2,0.060605694
RHOG,0.17015645
STIM1,0.051078286
RRM1,0.058150213
TRIM21,0.038387597
TRIM68,0.036426928
HBB,0.0
TRIM5,0.048494507
TRIM22,0.09182278
FHIP1B,0.09371004
CAVIN3,0.15676488
SMPD1,0.19586264
APBB1,0.08636652
TRIM3,0.021665152
ARFIP2,0.1321951
TIMM10B,0.17510924
DNHD1,0.010532657
RRP8,0.07287334
ILK,0.28753364
TAF10,0.5456853
TPP1,0.20623738
DCHS1,0.036416683
MRPL17,0.23124172
OLFML1,0.005854633
PPFIBP2,0.057597283
CYB5R2,0.011995781
EIF3F,0.60843664
RIC3,0.13873495
RPL27A,1.8979439
DENND2B,0.08041748
AKIP1,0.09237479
TMEM9B,0.31358862
NRIP3,0.006731912
SCUBE2,0.0042068115
DENND5A,0.08002958
TMEM41B,0.12778161
IPO7,0.24890739
ZNF143,0.044865765
WEE1,0.095266216
SWAP70,0.10626236
SBF2,0.1245362
ADM,0.5343049
AMPD3,0.05384526
RNF141,0.19205053
LYVE1,0.0
IRAG1,0.05820437
CTR9,0.2424899
EIF4G2,0.9198523
ZBED5,0.12581977
ZBED5-AS1,0.13827462
GALNT18,0.12593926
USP47,0.19624932
DKK3,0.0076538827
MICAL2,0.016186254
PARVA,0.12149697
TEAD1,0.14548051
BMAL1,0.022101965
BTBD10,0.04839067
FAR1,0.1370523
SPON1,0.0055360678
RRAS2,0.07316846
COPB1,0.30850863
PSMA1,0.50907934
PDE3B,0.04422198
SOX6,0.17470938
C11orf58,0.59225553
RPS13,2.5082166
PIK3C2A,0.27497527
NUCB2,0.25828785
SERGEF,0.086565346
SAAL1,0.031724703
SAA2,0.0
SAA1,0.0
HPS5,0.06298155
GTF2H1,0.08114581
LDHA,0.66391665
TSG101,0.35893458
UEVLD,0.067489244
MISFA,0.029034568
SPTY2D1,0.17438558
TMEM86A,0.039141893
ZDHHC13,0.08156989
NAV2,0.22061892
NAV2-AS3,0.01062131
HTATIP2,0.13939431
PRMT3,0.032265972
FANCF,0.021615459
SVIP,0.53775966
FIBIN,0.09379231
BBOX1,0.07651656
CCDC34,0.049216475
LGR4,0.36285788
LIN7C,0.22495772
METTL15,0.05285498
ARL14EP,0.13858886
DNAJC24,0.048759516
IMMP1L,0.30732876
ELP4,0.099258594
RCN1,0.11237271
EIF3M,0.3894853
PRRG4,0.106119074
QSER1,0.0990919
TCP11L1,0.017016243
LINC00294,0.016855316
CSTF3,0.18998389
HIPK3,0.23296233
CD59,0.9478249
FBXO3,0.1465528
LMO2,0.05716003
CAPRIN1,0.23023511
NAT10,0.060516607
CAT,0.47207424
EHF,0.033168886
APIP,0.25030005
PDHX,0.09868049
CD44,0.057403762
PAMR1,0.0
FJX1,0.0
TRIM44,0.24595149
LDLRAD3,0.004246818
COMMD9,0.16053061
PRR5L,0.011179623
TRAF6,0.031784017
IFTAP,0.12409059
API5,0.20178907
TTC17,0.18471499
HSD17B12,0.35490343
ALKBH3,0.05172585
C11orf96,0.1828692
ACCS,0.03539505
EXT2,0.088185936
CD82,0.11329678
TSPAN18,0.031146795
TP53I11,0.092774846
PRDM11,0.033379335
CHST1,0.003674915
SLC35C1,0.02992684
CRY2,0.11184315
MAPK8IP1,0.0773627
PEX16,0.16060242
PHF21A,0.055070184
CREB3L1,0.014109403
DGKZ,0.08984009
MDK,0.050535355
AMBRA1,0.02703214
ATG13,0.10175274
ARHGAP1,0.11557049
ZNF408,0.03647422
CKAP5,0.09375996
CSTPP1,0.072384395
ARFGAP2,0.19931248
PACSIN3,0.042709325
DDB2,0.017433912
ACP2,0.099406056
NR1H3,0.025409678
MADD,0.057910226
SPI1,0.053767014
SLC39A13,0.18926759
PSMC3,0.36424932
CELF1,0.27409416
NDUFS3,0.584167
PTPMT1,0.267858
KBTBD4,0.056945235
MTCH2,0.3073687
FNBP4,0.12939073
NUP160,0.088052526
PTPRJ,0.08585323
FOLH1,0.01007912
APLNR,0.027598007
TNKS1BP1,0.08872171
SSRP1,0.133227
SLC43A3,0.007997064
SLC43A1,0.037246287
TIMM10,0.50432634
UBE2L6,0.19328243
SERPING1,0.5187141
ZDHHC5,0.15035054
MED19,0.11187671
TMX2,0.32610986
SELENOH,0.7266561
CTNND1,0.3921533
LPXN,0.025344025
ZFP91,0.09940605
GLYATL1,0.04988317
FAM111A-DT,0.007805101
FAM111A,0.11429864
DTX4,0.0035093138
MPEG1,0.022266984
OR4D9,0.0
OSBP,0.18904579
PATL1,0.062827624
STX3,0.11342739
MRPL16,0.38176674
MS4A2,0.0
MS4A6A,0.03154192
MS4A4A,0.018198684
MS4A7,0.04446875
MS4A14,0.0
MS4A1,0.0
CCDC86,0.030909535
PRPF19,0.11853612
TMEM109,0.22921035
TMEM132A,0.014621453
SLC15A3,0.048381533
CD6,0.0
CD5,0.0
VPS37C,0.058482226
DDB1,0.34327546
TKFC,0.082304224
CYB561A3,0.07268894
TMEM138,0.099317685
TMEM216,0.10327166
CPSF7,0.13548388
SDHAF2,0.23210317
SYT7,0.018636305
TMEM258,1.1747394
FEN1,0.018643877
FADS2,0.010515949
FADS1,0.030651923
FADS3,0.04933801
RAB3IL1,0.010062596
BEST1,0.0035518266
FTH1,2.8907814
INCENP,0.0032846385
SCGB1D2,0.033303555
ASRGL1,0.0978748
AHNAK,0.8449706
TUT1,0.05898299
MTA2,0.029367933
EML3,0.060768977
ROM1,0.006311751
B3GAT3,0.29325366
GANAB,0.26724178
INTS5,0.08863801
CSKMT,0.04519551
UQCC3,0.38295087
UBXN1,0.47051886
HNRNPUL2,0.14122279
TTC9C,0.052658565
POLR2G,0.19640788
TAF6L,0.06763119
TMEM223,0.17961954
TMEM179B,0.5390904
NXF1,0.11622267
STX5,0.13385588
STX5-DT,0.0027515332
WDR74,0.10886477
SLC3A2,0.67098325
PLAAT4,0.46106005
PLAAT3,0.25067505
ATL3,0.12954833
RTN3,0.52754843
ZFTA,0.064534284
SPINDOC,0.020789884
MARK2,0.10168253
COX8A,2.3154867
OTUB1,0.24193844
MACROD1,0.3023126
STIP1,0.22688076
FERMT3,0.034353685
TRPT1,0.223066
NUDT22,0.26267526
DNAJC4,0.331386
VEGFB,0.44841355
FKBP2,1.2426404
PPP1R14B,0.5467581
PLCB3,0.031328753
BAD,0.3833702
GPR137,0.09935666
ESRRA,0.25958142
TRMT112,1.1979457
PRDX5,1.4609035
CCDC88B,0.013255508
RPS6KA4,0.04873448
RASGRP2,0.055549297
SF1,0.62112516
MAP4K2,0.036649518
MEN1,0.04152807
EHD1,0.11770832
ATG2A,0.059294637
PPP2R5B,0.034898173
BATF2,0.0028193002
ARL2,0.59100914
SNX15,0.0
SAC3D1,0.029883236
NAALADL1,0.020764736
ZFPL1,0.20801471
VPS51,0.2543301
TM7SF2,0.26555392
ZNHIT2,0.057474095
FAU,2.7459657
SYVN1,0.116845414
MRPL49,0.1635715
CAPN1,0.21061744
POLA2,0.027009562
CDC42EP2,0.041202333
DPF2,0.1070619
SLC25A45,0.033199634
FRMD8,0.07695075
NEAT1,1.342646
MALAT1,4.033495
SCYL1,0.16385795
LTBP3,0.32765976
ZNRD2,0.26758876
FAM89B,0.13353181
EHBP1L1,0.054550763
MAP3K11,0.13661861
PCNX3,0.13898389
SIPA1,0.10172954
RELA,0.15488602
KAT5,0.17526235
RNASEH2C,0.5131715
AP5B1,0.04365564
CFL1,1.5243034
MUS81,0.07866965
EFEMP2,0.13838579
CTSW,0.07337801
FIBP,0.26801306
CCDC85B,0.22817533
C11orf68,0.12569553
DRAP1,0.65348476
SART1,0.112673275
EIF1AD,0.067154065
BANF1,0.67024064
CATSPER1,0.0
SF3B2,0.32980478
PACS1,0.10469149
KLC2,0.08848441
RAB1B,0.4441679
YIF1A,0.33576086
RIN1,0.0068109613
BRMS1,0.15648538
B4GAT1,0.12299198
MRPL11,0.29653051
PELI3,0.021793764
DPP3,0.041780744
ZDHHC24,0.11906006
CTSF,0.3884691
CCS,0.37070775
RBM14,0.10929902
RBM4,0.04943917
RBM4B,0.08017188
RCE1,0.124192454
LRFN4,0.037955265
RHOD,0.1216015
KDM2A,0.11558244
GRK2,0.15359797
ANKRD13D,0.057149757
SSH3,0.037129316
RAD9A,0.04771439
POLD4,0.08722938
PPP1CA,0.47497138
TBC1D10C,0.031141955
RPS6KB2,0.13023992
CORO1B,0.26287168
CABP4,0.0035149702
TMEM134,0.3573803
AIP,0.25645357
PITPNM1,0.108174846
CDK2AP2,0.66191494
GSTP1,2.04313
NDUFV1,0.789374
NUDT8,0.15265913
UNC93B1,0.060577918
ALDH3B1,0.014148539
NDUFS8,1.0708077
TCIRG1,0.110571474
ENSG00000255031,0.0059596132
CHKA,0.09089152
KMT5B,0.18681113
C11orf24,0.061071232
LRP5,0.07507279
PPP6R3,0.20172599
TESMIN,0.01854851
CPT1A,0.30543572
MRPL21,0.33964145
IGHMBP2,0.02166175
MRGPRF,0.020108012
TPCN2,0.028252453
MYEOV,0.0
LINC02953,0.0
CCND1,0.30183414
LTO1,0.07463145
ANO1,0.006588941
FADD,0.04304751
PPFIA1,0.1192646
CTTN,0.30513766
SHANK2,0.09018816
DHCR7,0.10919604
DHCR7-DT,0.05755359
NADSYN1,0.085219525
FAM86C1P,0.012735079
RNF121,0.083063416
IL18BP,0.014742395
NUMA1,0.3241019
LRRC51,0.058528014
LAMTOR1,0.5113704
ANAPC15,0.24905327
FOLR1,0.35606894
FOLR2,0.0
INPPL1,0.13397011
CLPB,0.060044486
PDE2A,0.047509335
ARAP1,0.13488024
STARD10,0.4122245
ATG16L2,0.07494179
FCHSD2,0.05410733
ARHGEF17,0.14182389
RELT,0.014896487
FAM168A,0.05821429
PLEKHB1,0.08098342
RAB6A,0.19301833
MRPL48,0.1862719
COA4,0.35564747
PAAF1,0.04297947
UCP2,0.056844886
C2CD3,0.036618397
PPME1,0.08682616
PGM2L1,0.024659928
KCNE3,0.045691803
ENSG00000254928,0.0
POLD3,0.03690477
RNF169,0.052028187
XRRA1,0.04063072
SPCS2,0.9352594
NEU3,0.02726218
SLCO2B1,0.0104898345
ARRB1,0.03597169
RPS3,2.4743896
GDPD5,0.011871501
SERPINH1,0.16055161
MAP6,0.021783253
UVRAG,0.06490648
THAP12,0.1168838
GVQW3,0.004353062
EMSY-DT,0.17790242
EMSY,0.060540535
LRRC32,0.081284836
TSKU,0.038774688
ACER3,0.04890331
CAPN5,0.05098149
MYO7A,0.008248522
PAK1,0.108393595
CLNS1A,0.21918815
RSF1,0.26983234
AAMDC,0.37828177
INTS4,0.040527426
NDUFC2,1.3896526
ALG8,0.10688649
KCTD21,0.006372919
GAB2,0.022843782
FAM181B,0.009346713
PRCP,0.43099266
RAB30-DT,0.21068454
PCF11,0.22355504
PCF11-AS1,0.008484018
ANKRD42,0.04400989
CCDC90B,0.12644643
TMEM126B,0.21784595
TMEM126A,0.25798053
CREBZF,0.12390305
SYTL2,0.119798966
PICALM,0.4031999
EED,0.08929227
HIKESHI,0.15538007
ME3,0.09880878
PRSS23,0.44370714
PRSS23-AS1,0.03494675
FZD4,0.28335536
CTSC,0.4502803
NOX4,0.030532533
NAALAD2,0.0024741532
CHORDC1,0.15039133
SLC36A4,0.1075213
SMCO4,0.22162484
CEP295,0.041402597
TAF1D,0.23141138
C11orf54,0.46203557
MED17,0.030446306
MRE11,0.047690287
ANKRD49,0.121936254
FUT4,0.017000632
AMOTL1,0.06716377
CWC15,0.3368361
SRSF8,0.19700004
ENDOD1,0.11337472
SESN3,0.084589
FAM76B,0.08837979
CEP57,0.11709018
MTMR2,0.045017637
MAML2,0.22344562
CCDC82,0.096610695
JRKL,0.026538813
ARHGAP42,0.02394728
TRPC6,0.0078025283
CEP126,0.026780337
YAP1,0.22939102
BIRC3,0.11938086
BIRC2,0.34458616
TMEM123,0.45422056
TMEM123-DT,0.018314589
MMP12,0.0035944856
DCUN1D5,0.1410131
DYNC2H1,0.13769644
PDGFD,0.06379177
CASP4,0.11489547
CASP1,0.042279646
CARD16,0.11704705
MSANTD4,0.057867583
KBTBD3,0.09513421
AASDHPPT,0.13060309
GUCY1A2,0.005534696
ENSG00000261098,0.016609266
CWF19L2,0.18598387
ALKBH8,0.019080916
CUL5,0.24470522
ACAT1,0.6243771
NPAT,0.06518309
ATM,0.13744281
C11orf65,0.023025589
POGLUT3,0.092638046
DDX10,0.074565455
RDX,0.43003008
ZC3H12C,0.09596843
FDX1,0.6311504
LAYN,0.012826156
SIK2,0.18830597
PPP2R1B,0.073963195
ALG9,0.018661465
FDXACB1,0.010912063
CFAP68,0.26692358
CRYAB,0.5125626
HSPB2,0.03648278
DIXDC1,0.06965174
DLAT,0.123809315
NKAPD1,0.06886147
TIMM8B,0.71347386
SDHD,0.75903636
IL18,0.21474908
BCO2,0.013034846
PTS,0.38393432
LINC02762,0.030354189
ZW10,0.038180962
USP28,0.05529643
ZBTB16,0.07930454
NNMT,0.01220249
C11orf71,0.066746324
RBM7,0.15495905
REXO2,0.36040214
CADM1,0.1976179
LINC00900,0.0
BUD13,0.053279113
ZPR1,0.10607464
APOC3,0.019304741
APOA1,0.00798141
SIK3,0.11014052
PAFAH1B2,0.21450795
SIDT2,0.05202364
TAGLN,0.24570008
PCSK7,0.09444474
RNF214,0.040697336
BACE1,0.08437808
CEP164,0.047482662
FXYD2,2.1092577
FXYD6,0.08981867
IL10RA,0.028943801
JAML,0.028187962
MPZL2,0.08222172
CD3E,0.04815047
CD3D,0.0630217
CD3G,0.032203685
UBE4A,0.14720984
ATP5MG,2.051743
ENSG00000255384,0.0
KMT2A,0.22008318
TTC36,0.042372357
TMEM25,0.084960856
IFT46,0.06190474
ARCN1,0.17928983
PHLDB1,0.13099313
ENSG00000255422,0.0
DDX6,0.22729486
ENSG00000278376,0.14112262
BCL9L,0.060017176
CENATAC-DT,0.0033839862
CENATAC,0.07984918
RPS25,2.549378
TRAPPC4,0.3805426
SLC37A4,0.12703694
HYOU1,0.14909889
VPS11,0.089657165
HMBS,0.06816459
H2AX,0.15390372
DPAGT1,0.071165346
C2CD2L,0.017764976
HINFP,0.028979558
DRC12,0.018974114
CBL,0.048813887
MCAM,0.09617503
RNF26,0.06613571
THY1,0.3960699
NECTIN1,0.047110055
OAF,0.102535665
TLCD5,0.035482023
ARHGEF12,0.3267539
TBCEL,0.04694994
SC5D,0.15758415
SORL1,0.5217145
UBASH3B,0.012087676
CRTAM,0.0
HSPA8,1.4661058
GRAMD1B,0.049612135
OR8D4,0.0
VWA5A,0.051968597
TBRG1,0.09848435
SIAE,0.09893016
SPA17,0.034075066
VSIG2,0.05475074
ESAM,0.12872231
MSANTD2,0.049145132
ROBO4,0.07713387
CCDC15,0.0050051664
SLC37A2,0.0
TMEM218,0.0961475
FEZ1,0.017916279
EI24,0.3407339
STT3A,0.13656203
HYLS1,0.030311199
PUS3,0.04317212
VSIG10L2,0.0
CDON,0.0048418
RPUSD4,0.036962196
FAM118B,0.031150743
SRPRA,0.20471098
FOXRED1,0.04756714
TIRAP,0.011146499
TIRAP-AS1,0.003155563
DCPS,0.14079434
ST3GAL4,0.07334024
LINC02712,0.0
ETS1,0.22457902
FLI1,0.026190545
KCNJ5,0.004207002
KCNJ5-AS1,0.0058747474
ARHGAP32,0.05406149
TMEM45B,0.117477365
NFRKB,0.045180116
APLP2,1.1252694
ST14,0.24325208
ZBTB44,0.26270413
JAM3,0.061011694
NCAPD3,0.04214039
VPS26B,0.06990059
THYN1,0.18892221
ACAD8,0.1504822
ZMYND11,0.260341
DIP2C,0.041316606
DIP2C-AS1,0.025709325
LARP4B,0.117573
GTPBP4,0.099296264
IDI1,0.3369721
WDR37,0.038778897
PFKP,0.24251793
PITRM1,0.10405698
KLF6,0.780212
LINC00702,0.0045624017
AKR1C1,0.044501044
AKR1C2,0.004150576
AKR1C3,0.11122821
AKR1C4,0.0
NET1,0.13394602
ASB13,0.053542398
TASOR2,0.11346367
GDI2,0.29299924
FBH1,0.11394709
ENSG00000232807,0.0
IL15RA,0.0147554325
RBM17,0.26498273
PFKFB3,0.055752296
PRKCQ,0.01227512
SFMBT2,0.030601371
ITIH5,0.1469806
KIN,0.07219595
ATP5F1C,1.0979259
TAF3,0.09974363
GATA3,0.2976329
GATA3-AS1,0.3252341
ENSG00000232638,0.011839123
CELF2,0.07762619
USP6NL,0.025983408
ECHDC3,0.1900916
UPF2,0.16645318
DHTKD1,0.0801816
NUDT5,0.203262
CDC123,0.13147067
CAMK1D,0.01973706
CCDC3,0.015775096
OPTN,0.1246607
PHYH,0.22741911
SEPHS1,0.15501975
BEND7,0.07212775
PRPF18,0.115738384
FRMD4A,0.104935534
FAM107B,0.65338373
HSPA14,0.0
SUV39H2,0.023794146
DCLRE1C,0.010923486
RPP38,0.07645773
NMT2,0.04357632
FAM171A1,0.24282213
ITGA8,0.060257148
MINDY3,0.06083193
PTER,0.11426989
RSU1,0.12686186
TRDMT1,0.019132234
VIM-AS1,0.006243293
VIM,0.49240413
HACD1,0.059910323
STAM-DT,0.0062149395
STAM,0.080068514
MRC1,0.020288184
ENSG00000240291,0.012315539
NSUN6,0.0943395
ARL5B,0.09510294
PLXDC2,0.13504307
NEBL,0.22004576
MLLT10,0.11176672
DNAJC1,0.17964284
COMMD3,0.23594913
BMI1,0.115478344
PIP4K2A,0.075783364
MSRB2,0.4258445
OTUD1,0.16762684
KIAA1217,0.17278016
ARHGAP21,0.12872194
PRTFDC1,0.036471177
THNSL1,0.04218548
APBB1IP,0.027091341
PDSS1,0.016569743
ABI1,0.14261939
ANKRD26,0.074123815
YME1L1,0.311659
MASTL,0.009955552
ACBD5,0.12165787
RAB18,0.31702307
MPP7,0.0891913
WAC-AS1,0.059874773
WAC,0.32341784
BAMBI,0.075988635
SVIL,0.106574446
JCAD,0.036987234
MTPAP,0.07482832
MAP3K8,0.044265404
ZNF438,0.016742762
ZEB1-AS1,0.027935127
ZEB1,0.06649136
MACORIS,0.0037079323
ARHGAP12,0.11598754
KIF5B,0.42276394
EPC1,0.21777347
CCDC7,0.01822741
ITGB1,0.6941333
NRP1,0.13869801
PARD3,0.089903556
CUL2,0.11326789
CREM,0.4601657
CCNY,0.18313487
FZD8,0.08123502
ANKRD30A,0.0
ZNF248,0.051198196
ZNF25,0.03619538
ZNF33A,0.13416538
ZNF37A,0.10259301
PLD5P1,0.015209961
LINC00839,0.03662312
ZNF33B,0.07481822
BMS1,0.103166066
CSGALNACT2-DT,0.0
CSGALNACT2,0.044174075
HNRNPF,0.44318837
LINC02916,0.00860206
ZNF239,0.0062308945
ZNF485,0.0063517224
ZNF32,0.1690271
CXCL12,0.09391518
RASSF4,0.10049598
DEPP1,0.098142184
ZNF22,0.13887061
ALOX5,0.017918812
MARCHF8,0.057783395
ZFAND4,0.023191858
WASHC2C,0.048134036
TIMM23,0.09332407
NCOA4,0.3333592
SYT15,0.009266511
PTPN20,0.029294385
AGAP9,0.025364565
MAPK8,0.08838661
ARHGAP22,0.0
WDFY4,0.0
VSTM4,0.014767594
TMEM273,0.009189647
ERCC6,0.0449923
PARG,0.04250151
TIMM23B,0.018497905
WASHC2A,0.088109516
SGMS1,0.14052477
A1CF,0.014352427
PRKG1,0.08247258
CSTF2T,0.06563369
ZWINT,0.0195354
IPMK,0.031599756
CISD1,0.67010355
UBE2D1,0.12650926
TFAM,0.23574743
BICC1,0.4198578
LINC00844,0.020402875
FAM13C,0.040177938
SLC16A9,0.07645621
CCDC6,0.1247967
ANK3,0.3143424
CDK1,0.004070599
RHOBTB1,0.021051966
ARID5B,0.3339501
RTKN2,0.0057393997
ADO,0.076722
EGR2,0.23120902
NRBF2,0.09765841
JMJD1C,0.20737658
REEP3,0.18498398
SIRT1,0.06821629
HERC4,0.12193423
PBLD,0.18465129
HNRNPH3,0.4449346
RUFY2,0.07216153
SLC25A16,0.08015263
TET1,0.01822114
CCAR1,0.21022977
STOX1,0.023092855
DDX50,0.13255368
DDX21,0.28774494
KIFBP,0.10875578
SRGN,0.3058667
VPS26A,0.18882589
SUPV3L1,0.06910334
HK1,0.17986347
TSPAN15,0.06417887
FAM241B,0.06546197
MACROH2A2,0.07714023
AIFM2,0.046427418
TYSND1,0.07015988
SAR1A,0.4325406
PPA1,0.45617223
EIF4EBP2,0.30194148
PALD1,0.023222068
PRF1,0.053553075
SGPL1,0.12375661
PCBD1,0.780479
UNC5B,0.058075197
VSIR,0.07878864
PSAP,1.2323573
CHST3,0.0967409
SPOCK2,0.11747344
ASCC1,0.041710705
ANAPC16,0.97352505
DDIT4,0.16938022
DNAJB12,0.16613348
MICU1,0.15188669
MCU,0.039249916
OIT3,0.0
P4HA1,0.06658101
ECD,0.081192665
FAM149B1,0.040545564
DNAJC9,0.0645964
MRPS16,0.37045056
ANXA7,0.4118584
PPP3CB,0.14676844
USP54,0.032304164
SEC24C,0.09389792
FUT11,0.03223701
CHCHD1,0.4887693
ZSWIM8,0.13209875
CAMK2G,0.050396934
PLAU,0.07392187
VCL,0.27962554
AP3M1,0.09161445
ADK,0.09938131
KAT6B,0.15744524
DUSP13B,0.0
SAMD8,0.06925008
VDAC2,0.74921876
COMTD1,0.4034838
ZNF503,0.26122695
ZNF503-AS2,0.11878658
LRMDA,0.15706293
KCNMA1,0.038387388
DLG5,0.050454546
ENSG00000204049,0.0
POLR3A,0.037430633
RPS24,3.0381489
ZMIZ1,0.17490734
PPIF,0.28280428
ZCCHC24,0.012120013
EIF5AL1,0.04606963
NUTM2B-AS1,0.0939965
ENSG00000272447,0.084200576
TMEM254,0.04996043
PLAC9,0.098330654
ANXA11,0.83988786
MAT1A,0.0031420146
PRXL2A,0.29296455
TSPAN14,0.20932415
NRG3,0.0026451373
GHITM,0.721624
CCSER2,0.15506582
WAPL,0.17458655
LDB3,0.03188472
BMPR1A,0.07378065
MMRN2,0.06415957
SNCG,0.10086883
ADIRF,1.0457262
GLUD1,0.27744585
SHLD2,0.09801355
NUTM2A-AS1,0.084918864
MINPP1,0.0600363
PAPSS2,0.08570558
ATAD1,0.20179841
PTEN,0.23556247
STAMBPL1,0.021234356
ACTA2,0.15324128
CH25H,0.0
LIPA,0.14789528
IFIT2,0.044061497
IFIT3,0.11177632
IFIT1,0.13299355
IFIT5,0.08320642
KIF20B,0.027032848
HTR7,0.0
RPP30,0.12040007
PCGF5,0.24292007
HECTD2,0.046238117
TNKS2,0.119391896
BTAF1,0.09071585
CPEB3,0.08699494
MARCHF5,0.14403597
IDE,0.05576882
KIF11,0.005247127
HHEX,0.018197699
EXOC6,0.06439106
MYOF,0.10836688
FFAR4,0.0
RBP4,0.019378515
FRA10AC1,0.17484428
SLC35G1,0.008129848
PLCE1,0.054045685
NOC3L,0.06769429
TBC1D12,0.014687709
HELLS,0.06478313
PDLIM1,0.12926517
SORBS1,0.040071994
ALDH18A1,0.08799848
TCTN3,0.16502456
ENTPD1,0.025772635
CC2D2B,0.0
CCNJ,0.01393561
ZNF518A,0.17424579
BLNK,0.1025044
TM9SF3,0.5110339
PIK3AP1,0.0317997
LCOR,0.14032087
ARHGAP19,0.02515599
FRAT1,0.022564083
FRAT2,0.021562621
RRP12,0.03760721
PGAM1,0.5625679
EXOSC1,0.11764731
ZDHHC16,0.061997272
MMS19,0.055137064
UBTD1,0.04282424
MORN4,0.092128314
PI4K2A,0.06447981
MARVELD1,0.030485045
ZFYVE27,0.08164656
GOLGA7B,0.0
CRTAC1,0.0064566145
R3HCC1L,0.040453035
PYROXD2,0.014221237
HPS1,0.08916809
GOT1,0.497013
SLC25A28,0.11469896
CUTC,0.059002444
COX15,0.11151415
DNMBP,0.06973798
ERLIN1,0.0740093
CHUK,0.07987606
CWF19L1,0.040868226
BLOC1S2,0.22715747
PKD2L1,0.00249049
SCD,0.014316124
NDUFB8,1.3088583
HIF1AN,0.09397177
SLF2,0.07979013
MRPL43,0.51792055
TWNK,0.010511823
LZTS2,0.09312671
SFXN3,0.04545511
BTRC,0.048878368
DPCD,0.1378623
POLL,0.057306867
FBXW4,0.1520069
NPM3,0.06712369
OGA,0.35729834
ARMH3,0.056050356
HPS6,0.042295147
LDB1,0.031337753
PPRC1,0.039680827
NOLC1,0.11245447
GBF1,0.08875826
NFKB2,0.08091389
FBXL15,0.31079647
CUEDC2,0.28051576
MFSD13A,0.00633106
ACTR1A,0.1633111
ENSG00000273262,0.0
SUFU,0.029181603
TRIM8,0.3642172
TRIM8-DT,0.0025341625
ARL3,0.35768008
SFXN2,0.038464893
WBP1L,0.10391664
BORCS7,0.28422013
CNNM2,0.13313256
NT5C2,0.09275332
PCGF6,0.017990274
TAF5,0.0082164705
ATP5MK,1.8670002
PDCD11,0.0637208
CALHM2,0.015451445
NEURL1,0.013985447
SH3PXD2A,0.03433082
STN1,0.052777685
SLK,0.21793854
SFR1,0.046302237
GSTO1,0.7092354
GSTO2,0.1969923
ITPRIP,0.07894551
XPNPEP1,0.06131418
ADD3,0.4061636
MXI1,0.14357571
SMNDC1,0.13331173
DUSP5,0.17010881
SMC3,0.20859598
PDCD4,0.21234307
BBIP1,0.20624523
SHOC2,0.20638654
ADRA2A,0.0
GPAM,0.06330541
ACSL5,0.01995755
ZDHHC6,0.16194916
VTI1A,0.055699617
TCF7L2,0.13315725
HABP2,0.0015159508
CASP7,0.078769416
DCLRE1A,0.021349441
NHLRC2,0.17447338
CCDC186,0.17911357
AFAP1L2,0.10296734
ABLIM1,0.24144222
FHIP2A,0.06485484
TRUB1,0.054895226
ATRNL1,0.0
GFRA1,0.013078531
HSPA12A,0.11201807
SHTN1,0.07301329
PDZD8,0.15637676
RAB11FIP2,0.17762558
FAM204A,0.21207392
CACUL1,0.0990757
NANOS1,0.01779379
EIF3A,0.38747147
DENND10,0.20146537
SFXN4,0.11958842
PRDX3,0.7717245
GRK5,0.015874
RGS10,0.08655983
TIAL1,0.21317954
BAG3,0.16177164
INPP5F,0.03600369
MCMBP,0.078032084
SEC23IP,0.08259684
WDR11,0.12337156
FGFR2,0.11514328
ATE1,0.098506786
NSMCE4A,0.10272966
TACC2,0.12668735
PLEKHA1,0.156438
HTRA1,0.124424376
FAM24B,0.33817267
C10orf88,0.016369812
IKZF5,0.04201279
ACADSB,0.18185829
BUB3,0.22163418
CHST15,0.019188358
OAT,0.27665168
LHPP,0.07641181
FAM53B,0.105007
EEF1AKMT2,0.11369422
ABRAXAS2,0.06741781
ZRANB1,0.07350672
CTBP2,0.23376185
ENSG00000273599,0.0030552903
EDRF1-DT,0.023231877
EDRF1,0.054637447
UROS,0.19375421
BCCIP,0.17834346
DHX32,0.06851456
DOCK1,0.13360544
PTPRE,0.03989005
MKI67,0.0
MGMT,0.47700205
C10orf143,0.029626193
GLRX3,0.21258245
PPP2R2D,0.12892312
BNIP3,0.38981676
ENSG00000277959,0.0054939776
STK32C,0.0789045
LRRC27,0.030012503
PWWP2B,0.06075775
INPP5A,0.0701991
CFAP46,0.0066600624
VENTX,0.0032041247
ADAM8,0.009719715
TUBGCP2,0.19338913
ZNF511,0.16951251
FUOM,0.07569836
ECHS1,0.7315018
PAOX,0.026420314
MTG1,0.012490665
SPRN,0.0
CYP2E1,0.002834558
IQSEC3-AS2,0.0
KDM5A,0.17153987
CCDC77,0.015499574
NINJ2,0.009452389
NINJ2-AS1,0.0074152546
WNK1,1.4124485
RAD52,0.008398728
ERC1,0.10937188
ADIPOR2,0.1423468
CACNA2D4,0.0066593294
DCP1B,0.05123819
CACNA1C,0.021643039
FKBP4,0.37292713
ITFG2,0.0558105
NRIP2,0.02420838
RHNO1,0.06196703
TULP3,0.042987138
TEAD4,0.015583885
TSPAN9,0.26486704
CRACR2A,0.0
PARP11,0.029897131
PARP11-AS1,0.0
CCND2,0.05491169
TIGAR,0.079031706
FERRY3,0.039825838
DYRK4,0.12935603
NDUFA9,0.42574665
KCNA5,0.045573957
NTF3,0.0038496095
VWF,0.024613734
CD9,1.5271145
TNFRSF1A,0.1563074
SCNN1A,0.5987055
LTBR,0.10991237
CD27,0.0074056643
TAPBPL,0.07801526
VAMP1,0.007682164
MRPL51,0.8121586
NCAPD2,0.029026156
GAPDH,2.030109
IFFO1,0.014560985
NOP2,0.015181567
CHD4,0.3271406
LPAR5,0.0
ACRBP,0.0018314812
ING4,0.108645886
ZNF384,0.065573044
COPS7A,0.23336032
MLF2,0.6658217
PTMS,1.0250313
CD4,0.015384328
GPR162,0.004346471
P3H3,0.018054608
CDCA3,0.0045249257
USP5,0.09692776
TPI1,1.3664659
SPSB2,0.0536213
LRRC23,0.05220286
ENO2,0.025279269
ATN1,0.2751127
C12orf57,0.89452946
PTPN6,0.08515795
MIR200CHG,0.059248097
PHB2,0.48845425
EMG1,0.0
LPCAT3,0.11319843
C1S,0.025732026
C1R,0.035598774
C1RL,0.039824177
RBP5,0.16866107
CLSTN3,0.07392386
PEX5,0.037276346
CD163L1,0.0
CD163,0.025368458
SLC2A3,0.03170761
FOXJ2,0.0502516
C3AR1,0.018013692
NECAP1,0.10357833
CLEC4A,0.017745215
FAM66C,0.0114038475
CLEC4E,0.013245703
MFAP5,0.0
RIMKLB,0.08311092
LINC02972,0.0
PHC1,0.08485582
M6PR,0.30987453
KLRG1,0.012776126
A2M,0.3315606
LINC00987,0.0063947286
KLRB1,0.0905047
CLEC2D,0.018972058
CLECL1P,0.015762884
CD69,0.06738
KLRF1,0.043425985
CLEC2B,0.114339374
CLEC12A,0.01601836
CLEC1B,0.0
CLEC1A,0.006851103
CLEC7A,0.032742526
OLR1,0.058259133
TMEM52B,1.2691418
GABARAPL1,0.7781762
KLRD1,0.05918537
KLRK1-AS1,0.007052249
KLRC1,0.010249242
LINC02446,0.0
MAGOHB,0.1377389
YBX3,0.4357244
PRH1,0.053552784
TAS2R14,0.011889586
SMIM10L1,0.17137885
ETV6,0.044589385
LRP6,0.13257083
MANSC1,0.04138768
LOH12CR2,0.011207457
BORCS5,0.037007567
DUSP16,0.062134277
CREBL2,0.20466486
CDKN1B,0.13341826
APOLD1,0.081205145
GPRC5A,0.030609451
GPRC5D-AS1,0.022355659
HEBP1,0.43393683
FAM234B,0.043144796
EMP1,0.06938102
ATF7IP,0.116336875
PLBD1,0.10860355
H2AJ,0.60905904
WBP11,0.23471172
SMCO3,0.02282277
ART4,0.0
MGP,0.52967465
ARHGDIB,0.27112028
RERG,0.072922766
PTPRO,0.071807005
EPS8,0.23095244
STRAP,0.4140976
DERA,0.1559604
MGST1,0.22008868
RERGL,0.094743766
PLEKHA5,0.11222775
AEBP2,0.13112499
PDE3A,0.032571796
PYROXD1,0.12256178
RECQL,0.09586093
GOLT1B,0.09550733
LDHB,1.7929032
KCNJ8,0.008102979
ABCC9,0.0052446756
CMAS,0.08965241
C2CD5,0.09605716
ETNK1,0.32071614
SOX5,0.027641477
BCAT1,0.02961037
IRAG2,0.008901582
ETFRF1,0.30563748
KRAS,0.20155227
ENSG00000274987,0.005676458
ENSG00000278743,0.07012403
RASSF8-AS1,0.07140246
RASSF8,0.126499
BHLHE41,0.027537815
SSPN,0.031073073
ITPR2,0.2727298
INTS13,0.045030277
FGFR1OP2,0.19126754
TM7SF3,0.11135984
MED21,0.24071425
ENSG00000275764,0.023522846
STK38L,0.07728932
PPFIBP1,0.19971848
MRPS35,0.2898217
KLHL42,0.09104183
CCDC91,0.11169473
FAR2,0.013769589
ERGIC2,0.2822578
TMTC1,0.1435718
IPO8,0.12320065
CAPRIN2,0.04275593
SINHCAF,0.21760993
DENND5B,0.030847821
ETFBKMT,0.04315611
AMN1,0.08148964
ENSG00000276900,0.020048738
RESF1,0.17250991
ENSG00000276136,0.005597575
BICD1,0.05206988
FGD4,0.15602621
DNM1L,0.18667051
YARS2,0.04069396
ALG10B,0.053470086
CPNE8,0.08423607
KIF21A,0.12210446
SLC2A13,0.043702085
LRRK2,0.09280994
ENSG00000257239,0.0035545838
GXYLT1,0.09417936
YAF2,0.07516958
PPHLN1,0.1496339
ZCRB1,0.28349826
PRICKLE1,0.01642389
PUS7L,0.12812842
IRAK4,0.067243494
TWF1,0.19099283
ANO6,0.21209842
LINC00938,0.11393714
ARID2,0.1199565
SCAF11,0.39677644
SLC38A1,0.41837153
SLC38A2,0.3202538
AMIGO2,0.055311736
PCED1B,0.018758003
RPAP3,0.120089196
RAPGEF3,0.31689167
SLC48A1,0.2079026
HDAC7,0.11038865
VDR,0.07900137
TMEM106C,0.25236169
SENP1,0.047176216
PFKM,0.19332224
ASB8,0.12570329
ZNF641,0.04758387
KANSL2,0.08109834
CCNT1,0.09768274
ADCY6,0.10601397
CACNB3,0.018978091
DDX23,0.08723734
FKBP11,0.072284244
ARF3,0.31823003
PRKAG1,0.12119044
KMT2D,0.06457476
LMBR1L,0.06819673
TUBA1B,0.8017957
TUBA1A,0.27944574
TUBA1C,0.5121095
SPATS2,0.093952045
MCRS1,0.1722764
PRPF40B,0.08820857
FMNL3,0.026993508
TMBIM6,1.6036975
NCKAP5L,0.042638335
BCDIN3D,0.04645347
SMARCD1,0.113647364
COX14,0.7544281
ENSG00000272368,0.06667464
CERS5,0.07391261
LIMA1,0.264196
LARP4,0.20803596
DIP2B,0.046640262
ATF1,0.06728349
TMT1A,0.45890135
SLC11A2,0.23113991
LETMD1,0.19584417
CSRNP2,0.06692585
TFCP2,0.07425966
DAZAP2,0.73444015
SMAGP,0.074963994
BIN2,0.01990221
GALNT6,0.00895369
ACVRL1,0.0625763
ACVR1B,0.20772596
TAMALIN,0.13139825
NR4A1,1.5677882
NR4A1AS,0.012792922
ATG101,0.28178832
KRT80,0.0073197572
KRT7,0.27981123
KRT1,0.0
KRT8,1.0360447
KRT18,1.3019822
EIF4B,0.6435208
TNS2-AS1,0.08833492
TNS2,0.19810331
SPRYD3,0.10132457
IGFBP6,0.07131741
CSAD,0.090199165
ZNF740,0.045063507
ITGB7,0.02769778
RARG,0.017805994
MFSD5,0.05904178
ESPL1,0.0
PFDN5,1.9313201
MYG1,0.18313533
AAAS,0.10406124
SP1,0.12538062
PRR13,0.8993137
PCBP2,1.120692
MAP3K12,0.033163063
ENSG00000270175,0.021476239
TARBP2,0.04636116
ATF7,0.08930451
ATP5MC2,1.7704016
CALCOCO1,0.13656382
HOXC10,0.09873073
HOXC9,0.041330747
SMUG1,0.11927517
LINC02381,0.15137297
CBX5,0.34551898
HNRNPA1,1.2510842
NFE2,0.0
COPZ1,0.41165498
ZNF385A,0.030144604
ITGA5,0.04645342
GTSF1,0.0
NCKAP1L,0.015672313
PDE1B,0.0106525365
PPP1R1A,0.2766417
TESPA1,0.0
ITGA7,0.06707814
BLOC1S1,1.0991918
CD63,2.0209258
CD63-AS1,0.020771787
GDF11,0.015314633
SARNP,0.07604956
ORMDL2,0.2264255
DNAJC14,0.073367976
PYM1,0.13218632
DGKA,0.0119736185
CDK2,0.04146321
RAB5B,0.2411436
SUOX,0.09113394
IKZF4,0.021297256
RPS26,2.4193194
ERBB3,0.12441799
PA2G4,0.34412265
RPL41,3.8407326
ZC3H10,0.03219735
ESYT1,0.06759754
MYL6B,0.41761106
MYL6,2.406167
SMARCC2,0.10653516
RNF41,0.083665475
NABP2,0.087596096
ANKRD52,0.04279362
COQ10A,0.113503955
CS,0.16672699
CNPY2-AS1,0.14577186
ENSG00000257740,0.0
CNPY2,0.5045434
PAN2,0.06204336
STAT2,0.08836561
SPRYD4,0.1209156
RBMS2,0.09515537
BAZ2A,0.1677147
ATP5F1B,1.5841552
PTGES3,0.89974
NACA,2.000506
PRIM1,0.016159786
GPR182,0.0
ZBTB39,0.014506811
NEMP1,0.020777682
NAB2,0.3131102
STAT6,0.13697852
LRP1,0.082509495
SHMT2,0.07269868
NDUFA4L2,0.03508925
STAC3,0.009973574
R3HDM2,0.16281652
ARHGAP9,0.0136660375
MARS1,0.08629925
DDIT3,0.5461385
MBD6,0.13962908
DCTN2,0.25658742
PIP4K2C,0.16843222
DTX3,0.1367965
ARHGEF25,0.010527272
SLC26A10P,0.0
OS9,0.38827464
AGAP2-AS1,0.002787508
TSPAN31,0.19080861
CDK4,0.1983776
MARCHF9,0.05778605
METTL1,0.05011032
TSFM,0.19913773
AVIL,0.019144278
ENSG00000270039,0.004298135
CTDSP2,0.25554675
GIHCG,0.09975183
ATP23,0.02100602
LRIG3,0.017774181
SLC16A7,0.3764942
USP15,0.15320331
MON2,0.12831475
MIRLET7IHG,0.013992109
PPM1H,0.03778526
AVPR1A,0.16516687
RXYLT1,0.11724638
SRGAP1,0.04674147
KICS2,0.024671588
XPOT,0.08279687
TBK1,0.079458565
RASSF3,0.04953985
GNS,0.37526938
TBC1D30,0.013831506
LEMD3,0.08583912
MSRB3,0.05992515
LLPH,0.20080644
TMBIM4,0.9167732
IRAK3,0.04372665
HELB,0.015999207
CAND1,0.24032713
DYRK2,0.036314357
IFNG-AS1,0.0
MDM1,0.03212926
RAP1B,0.4123733
NUP107,0.05366972
SLC35E3,0.05117779
MDM2,0.094703734
CPM,0.2866506
CPSF6,0.15055881
LYZ,0.036630668
ENSG00000257764,0.0
YEATS4,0.110484704
FRS2,0.082157955
CCT2,0.37840527
RAB3IP,0.2833985
PRANCR,0.11911998
CNOT2,0.14857572
KCNMB4,0.031214789
ENSG00000258168,0.0
PTPRB,0.1537595
ZFC3H1,0.11773775
TMEM19,0.108149715
RAB21,0.31568387
TBC1D15,0.11719533
ATXN7L3B,0.26332673
KCNC2,0.0
GLIPR1,0.038939416
KRR1,0.2404352
PHLDA1,0.26029667
NAP1L1,0.63884753
BBS10,0.038562074
OSBPL8,0.2003182
ZDHHC17,0.086874336
CSRP2,0.21804461
NAV3,0.0
SYT1,0.0082492335
PAWR,0.21081416
PPP1R12A,0.2407363
LIN7A,0.07303589
ACSS3,0.062849164
CCDC59,0.24040127
METTL25,0.06462547
RASSF9,0.026651192
NTS,0.0
RLIG1,0.07933768
CEP290,0.11183657
TMTC3,0.10761421
KITLG,0.3410163
DUSP6,0.5577138
POC1B,0.042549685
POC1B-AS1,0.01577761
ATP2B1,0.24778596
ATP2B1-AS1,0.047814395
LUM,0.0
DCN,0.08403294
BTG1,0.82023495
BTG1-DT,0.033672225
EEA1,0.1185772
NUDT4,0.5120066
UBE2N,0.48344398
MRPL42,0.3328867
SOCS2,0.14201675
CRADD,0.023511682
PLXNC1,0.015689403
CEP83,0.034668237
TMCC3,0.090448916
NDUFA12,0.8969418
NR2C1,0.07364407
FGD6,0.024228495
VEZT,0.123623826
METAP2,0.31798127
NTN4,0.31557885
SNRPF,0.69314575
LTA4H,0.15508272
ELK3,0.075007975
CDK17,0.040855065
NEDD1,0.057107147
TMPO,0.1581936
SLC25A3,1.4663752
IKBIP,0.06021538
APAF1,0.024244774
BLTP3B,0.062246982
ACTR6,0.15056372
SCYL2,0.10640901
NR1H4,0.06845644
GAS2L3,0.0029271843
UTP20,0.06073797
ARL1,0.4254067
SPIC,0.0
CHPT1,0.36921957
GNPTAB,0.15776297
DRAM1,0.03731894
WASHC3,0.29412535
NUP37,0.118380554
PARPBP,0.010264253
IGF1,0.019803721
PAH,0.10300759
STAB2,0.0
NT5DC3,0.021023076
HSP90B1,1.270682
UQCC6,0.100301005
TDG,0.12784345
GLT8D2,0.0071000764
HCFC2,0.061702643
NFYB,0.19438209
TXNRD1,0.08961826
EID3,0.01930859
CHST11,0.019103356
NOPCHAP1,0.07737042
ALDH1L2,0.0
WASHC4,0.15347564
APPL2,0.08089139
C12orf75,0.65683264
NUAK1,0.033181056
CKAP4,0.120922185
TCP11L2,0.012431332
POLR3B,0.023542466
RIC8B,0.062576585
TMEM263,0.21850671
MTERF2,0.10176319
CRY1,0.051360864
PWP1,0.14088005
PRDM4,0.10930469
CMKLR1,0.0035247707
FICD,0.029077424
SART3,0.0657898
ISCU,1.0330036
TMEM119,0.0
SELPLG,0.015716271
CORO1C,0.037365235
SSH1,0.088666126
USP30,0.04493346
USP30-AS1,0.009724076
ALKBH2,0.0631605
UNG,0.1293634
ACACB,0.12854756
KCTD10,0.073475435
UBE3B,0.12778199
MMAB,0.23987521
MVK,0.06812166
GLTP,0.29994944
TCHP,0.048873607
GIT2,0.12080933
ANKRD13A,0.1340709
C12orf76,0.0920131
IFT81,0.071314625
ATP2A2,0.24088053
ANAPC7,0.064717524
ARPC3,0.9036903
GPN3,0.18214333
VPS29,0.5679485
PPTC7,0.13653076
TCTN1,0.09013694
HVCN1,0.012930035
PPP1CC,0.23681198
PHETA1,0.017637318
SH2B3,0.03620429
ATXN2,0.14393963
BRAP,0.046950474
ACAD10,0.076954186
ALDH2,0.40410748
MAPKAPK5-AS1,0.117180794
MAPKAPK5,0.08062073
TMEM116,0.2076162
ERP29,0.7855119
NAA25,0.049783584
TRAFD1,0.056929737
HECTD4,0.067520276
RPL6,2.1869473
PTPN11,0.22488299
OAS1,0.0781846
OAS3,0.031576477
OAS2,0.053122096
DDX54,0.12281616
RITA1,0.05580516
TPCN1,0.11840568
SLC8B1,0.04491366
PLBD2,0.032575775
SDS,0.0
SDSL,0.15933277
RBM19,0.044369254
TBX3,0.030345788
MED13L,0.17535791
SPRING1,0.1783333
RNFT2,0.006016735
TESC,0.044243246
FBXO21,0.28462318
RFC5,0.033864457
WSB2,0.1653685
VSIG10,0.051234633
PEBP1,1.5430775
TAOK3,0.16609897
SUDS3,0.15996772
HSPB8,0.063439585
ENSG00000248636,0.011802005
TMEM233,0.0045306277
PRKAB1,0.18721813
BICDL1,0.087930836
RAB35,0.083338425
GCN1,0.08640369
RPLP0,1.3667786
PXN,0.2138897
SIRT4,0.007454771
COX6A1,1.9300809
TRIAP1,0.097002536
GATC,0.09717738
SRSF9,0.8556925
DYNLL1,1.6711732
NRAV,0.03071111
COQ5,0.102352135
RNF10,0.42317468
POP5,0.38161084
CABP1,0.03630981
MLEC,0.37576735
UNC119B,0.12703715
ACADS,0.24390584
SPPL3,0.20522511
C12orf43,0.054663472
OASL,0.01163215
P2RX7,0.012584443
P2RX4,0.05869004
CAMKK2,0.050225645
ANAPC5,0.24574949
RNF34,0.08457518
KDM2B,0.034935318
ORAI1,0.059182145
TMEM120B,0.07002761
RHOF,0.05408886
LINC01089,0.09397696
SETD1B,0.030332493
HPD,0.108361855
PSMD9,0.18843521
CFAP251,0.0104748625
BCL7A,0.13166296
MLXIP,0.116099514
VPS33A,0.04212909
CLIP1,0.1745239
ZCCHC8,0.08323296
RSRC2,0.34820184
HCAR2,0.0
DENR,0.2116933
HIP1R,0.25956
VPS37B,0.30541015
OGFOD2,0.04025323
ARL6IP4,0.96129894
MPHOSPH9,0.065959305
MTRFR,0.08643426
CDK2AP1,0.17244728
SBNO1,0.14846161
SBNO1-AS1,0.051432163
KMT5A,0.07257652
RILPL2,0.13043353
SNRNP35,0.1942998
RILPL1,0.039114278
TMED2,0.39232937
DDX55,0.035714686
EIF2B1,0.057769585
GTF2H3,0.07967107
ATP6V0A2,0.036106914
CCDC92,0.085189514
ZNF664,0.1891762
NCOR2,0.12755074
SCARB1,0.008674538
UBC,1.7599272
BRI3BP,0.0874728
SLC15A4,0.07470013
GLT1D1,0.0
STX2,0.05155892
RAN,0.8771033
SFSWAP,0.087502465
ULK1,0.11319075
PUS1,0.049302757
EP400,0.07565946
DDX51,0.03949763
NOC4L,0.08825161
FBRSL1,0.14417455
ENSG00000277186,0.0
POLE,0.020306919
PXMP2,0.20815825
PGAM5,0.05988178
ANKLE2,0.13198951
GOLGA3,0.11021407
CHFR,0.042851914
ZNF605,0.062707506
ZNF26,0.03712233
ZNF84,0.051772542
ZNF140,0.060394168
ZNF891,0.041639335
ZNF10,0.08339733
ZNF268,0.068465054
MPHOSPH8,0.28217223
PSPC1,0.11130366
ZMYM5,0.086671755
ENSG00000275964,0.049324777
ZMYM2,0.20919366
CRYL1,0.5931038
IFT88,0.11205731
ENSG00000278291,0.0032060333
IL17D,0.0021661825
EEF1AKMT1,0.085089274
XPO4,0.041167073
LATS2,0.16179056
SAP18,1.1736401
MRPL57,0.8108475
ZDHHC20,0.0761758
MICU2,0.28851098
SACS,0.03133451
MIPEP,0.06777837
SPATA13,0.11103854
PARP4,0.07668053
RNF17,0.0
CENPJ,0.017627148
MTMR6,0.07864189
NUP58,0.11887365
RNF6,0.07035021
CDK8,0.025455669
WASF3,0.042663153
USP12,0.18149714
RPL21,2.5040226
RASL11A,0.15601783
GTF3A,0.19786586
MTIF3,0.37449834
LNX2,0.033707142
POLR1D,0.4202999
LINC00543,0.0067589255
FLT3,0.0052087423
PAN3,0.09550594
FLT1,0.19800457
POMP,1.1034706
SLC46A3,0.047877807
SLC7A1,0.15275301
UBL3,0.29653507
KATNAL1,0.037587903
LINC00426,0.0
HMGB1,1.4440397
USPL1,0.061393358
ALOX5AP,0.05071913
HSPH1,0.31198016
FRY,0.16675323
N4BP2L1,0.064333774
N4BP2L2,0.83523965
PDS5B,0.17612042
STARD13,0.08957486
NBEA,0.06996347
SPART,0.23577045
RFXAP,0.020555919
SMAD9,0.036605608
ALG5,0.34465563
EXOSC8,0.15997516
SUPT20H,0.12707582
POSTN,0.022057222
UFM1,0.33065578
PROSER1,0.07687282
NHLRC3,0.14586468
LHFPL6,0.04771869
COG6,0.062242955
FOXO1,0.15013875
MRPS31,0.20983689
SLC25A15,0.003962779
ELF1,0.20726642
WBP4,0.17752269
KBTBD6,0.02864846
KBTBD6-DT,0.0036031923
KBTBD7,0.05570922
MTRF1,0.027633445
NAA16,0.05437519
RGCC,0.25461248
VWA8,0.07206352
DGKH,0.053166974
AKAP11,0.18655047
EPSTI1,0.06313709
DNAJC15,0.47062394
CCDC122,0.025772877
LACC1,0.012917854
TSC22D1,0.74969065
TSC22D1-AS1,0.0076060756
NUFIP1,0.028021721
GPALPP1,0.095390454
GTF2F2,0.10495399
TPT1,3.0443318
SLC25A30,0.13553809
COG3,0.12288065
ZC3H13,0.20926811
LCP1,0.08041387
RUBCNL,0.0
LRCH1,0.12545262
ESD,0.5933726
SUCLA2,0.24667732
NUDT15,0.06825976
MED4,0.22317803
ITM2B,2.644002
RB1,0.18103959
LPAR6,0.058161624
RCBTB2,0.052953336
FNDC3A,0.17191517
CAB39L,0.08321932
SETDB2,0.06483135
PHF11,0.17797315
RCBTB1,0.03757874
ARL11,0.0071824994
EBPL,0.2599785
KPNA3,0.082371406
SPRYD7,0.11371779
DLEU2,0.018692417
TRIM13,0.15459847
DLEU7,0.0
RNASEH2B,0.10676591
FAM124A,0.012242846
INTS6,0.16657051
WDFY2,0.11710331
DHRS12,0.10343415
ALG11,0.026938695
UTP14C,0.09979859
NEK5,0.0055170027
NEK3,0.04366373
THSD1,0.005310435
VPS36,0.24555665
CKAP2,0.018331701
HNRNPA1L2,0.015007651
SUGT1-DT,0.031402744
SUGT1,0.2945846
PCDH17,0.01816281
DIAPH3,0.008064361
TDRD3,0.09468079
PCDH9,0.10898902
DACH1,0.11983395
MZT1,0.15415727
BORA,0.008506302
DIS3,0.10632386
PIBF1,0.042581573
KLF12,0.04890064
TBC1D4,0.20576584
COMMD6,1.5252523
UCHL3,0.18472381
LMO7-AS1,0.0347233
LMO7,0.25440565
KCTD12,0.2670752
CLN5,0.37713492
FBXL3,0.21742225
MYCBP2,0.18068203
EDNRB,0.24013954
OBI1,0.05204209
RBM26,0.17275473
NDFIP2,0.20658202
SPRY2,0.071235694
ENSG00000278177,0.0
GPC6,0.04770552
TGDS,0.056269247
GPR180,0.02974691
DZIP1,0.034046613
DNAJC3,0.23376928
UGGT2,0.06533752
MBNL2,0.26250997
RAP2A,0.054576457
IPO5,0.20552807
FARP1,0.35338375
STK24,0.2443206
DOCK9,0.09585663
UBAC2,0.16822062
GPR18,0.0
GPR183,0.033100743
TM9SF2,0.52480173
CLYBL,0.15493461
PCCA-DT,0.07825465
PCCA,0.31418234
GGACT,0.045812346
TMTC4,0.030540263
ITGBL1,0.0
FGF14-AS2,0.05634233
TPP2,0.08602952
TEX30,0.106215276
POGLUT2,0.009576459
BIVM,0.06576569
EFNB2,0.06139022
ENSG00000284966,0.0
ARGLU1,0.5583107
NALF1,0.004382279
LIG4,0.06582246
ABHD13,0.10102242
TNFSF13B,0.025434153
ENSG00000283384,0.0
IRS2,0.1254083
COL4A1,0.23445113
COL4A2,0.24961877
RAB20,0.062288836
NAXD,0.0955992
CARS2,0.14386909
ING1,0.08918762
ANKRD10,0.22657074
ARHGEF7,0.09083341
TUBGCP3,0.05050286
ATP11A,0.08833207
MCF2L,0.057317425
MCF2L-AS1,0.0226324
F10,0.004629991
PCID2,0.12998486
CUL4A,0.13938257
LAMP1,0.6384161
GRTP1,0.032490917
DCUN1D2,0.033296943
TMCO3,0.162927
TFDP1,0.23858388
TMEM255B,0.023034062
GAS6-AS1,0.0
GAS6,0.64006513
RASA3,0.015254143
CDC16,0.11277046
UPF3A,0.23568237
CHAMP1,0.09206662
TTC5,0.085804075
ENSG00000258768,0.005693256
CCNB1IP1,0.2667253
PARP2,0.066491686
TEP1,0.023254361
OSGEP,0.10116579
APEX1,0.30383018
PIP4P1,0.169973
PNP,0.3969957
RNASE4,0.017120237
ANG,0.051841214
RNASE6,0.032678705
RNASE1,0.24476951
RNASE2,0.0
METTL17,0.08665674
NDRG2,0.52162045
ARHGEF40,0.046944384
ZNF219,0.07893247
HNRNPC,0.6409467
SUPT16H,0.20123735
CHD8,0.11194071
RAB2B,0.07109508
TOX4,0.16770904
METTL3,0.083847255
TRDC,0.012194564
TRAC,0.076794066
DAD1,1.2232546
ABHD4,0.108178936
OXA1L,0.19760092
SLC7A7,0.06484887
MRPL52,0.8370866
MMP14,0.0776371
LRP10,0.31890655
RBM23,0.20766616
HAUS4,0.032874804
C14orf93,0.016316466
PSMB5,0.50072134
CDH24,0.013355055
ACIN1,0.1862355
C14orf119,0.26045486
SLC7A8,0.2831413
HOMEZ,0.046211336
PPP1R3E,0.041578893
BCL2L2,0.1075152
PABPN1,0.43767643
SLC22A17,0.16707373
EFS,0.025521243
NGDN,0.11537952
THTPA,0.07599751
AP1G2,0.09183373
AP1G2-AS1,0.011773119
DHRS2,0.003624294
DHRS4-AS1,0.06266731
DHRS4,0.0642056
DHRS4L2,0.22764976
NRL,0.023210974
PCK2,0.07543616
DCAF11,0.17808633
PSME1,0.76154786
EMC9,0.15027697
ENSG00000259321,0.0039020167
PSME2,0.62185276
ENSG00000259529,0.010672861
IRF9,0.016847475
IPO4,0.0331632
TM9SF1,0.022909306
CHMP4A,0.2806155
MDP1,0.094324104
NEDD8,1.087969
GMPR2,0.14905933
TINF2,0.10405105
RABGGTA,0.08184949
DHRS1,0.1307139
NOP9,0.034905527
CIDEB,0.019683808
LTB4R,0.020500017
ADCY4,0.030634971
RIPK3,0.01879553
NFATC4,0.016530113
NYNRIN,0.014395739
KHNYN,0.055698905
SDR39U1,0.29724333
GZMH,0.067097105
GZMB,0.060009312
NOVA1,0.055059694
G2E3,0.06685472
SCFD1,0.14854549
COCH,0.0
STRN3,0.13514858
AP4S1,0.028011987
HECTD1,0.32050294
HEATR5A,0.051592983
ENSG00000203546,0.010756412
DTD2,0.023093538
NUBPL,0.05964428
ARHGAP5-AS1,0.026943225
ARHGAP5,0.47020212
EGLN3,0.04072246
SPTSSA,0.1774878
EAPP,0.26946384
SNX6,0.36641157
CFL2,0.216781
BAZ1A,0.0503801
SRP54,0.18421121
FAM177A1,0.33980897
PPP2R3C,0.109683104
PSMA6,0.041573606
NFKBIA,0.56998354
RALGAPA1,0.1836206
BRMS1L,0.039965
MBIP,0.19519255
MIPOL1,0.023097882
FOXA1,0.0
CLEC14A,0.04925866
SEC23A,0.102078065
GEMIN2,0.04908903
TRAPPC6B,0.13923919
PNN,0.36398014
MIA2,0.18720955
FBXO33,0.09190774
C14orf28,0.02707407
KLHL28,0.052050937
TOGARAM1,0.062462997
PRPF39,0.050172925
FKBP3,0.3139405
FANCM,0.019199723
MIS18BP1,0.07187477
RPS29,2.6127486
LRR1,0.021988979
RPL36AL,1.5601535
MGAT2,0.06626594
DNAAF2,0.06703613
POLE2,0.0065371883
KLHDC2,0.19736715
NEMF,0.1991238
ENSG00000278002,0.014461399
ARF6,0.4399853
VCPKMT,0.044117372
SOS2,0.1760601
DMAC2L,0.16952828
MAP4K5,0.093176275
SAV1,0.14708601
NIN,0.07650039
PYGL,0.031079113
TMX1,0.18777674
FRMD6,0.019978255
GNG2,0.019787552
RTRAF,0.54857
NID2,0.025848655
PTGER2,0.021549182
TXNDC16,0.06884476
ERO1A,0.11580021
ENSG00000258757,0.022465527
PSMC6,0.31563607
STYX,0.05821764
GNPNAT1,0.17267665
FERMT2,0.27876517
DDHD1,0.042382225
BMP4,0.01832886
CDKN3,0.0
CNIH1,0.23973575
GMFB,0.15699641
CGRRF1,0.10116333
SAMD4A,0.032521907
SOCS4,0.13343295
MAPK1IP1L,0.41919413
LGALS3,0.8592692
DLGAP5,0.0
FBXO34,0.14056188
ATG14,0.05980929
KTN1,0.7422658
ENSG00000277763,0.0046725445
PELI2,0.052040074
TMEM260,0.08415704
EXOC5,0.13288356
AP5M1,0.13831125
NAA30,0.09566188
ARMH4,0.0498067
ACTR10,0.31458518
PSMA3,0.4665131
PSMA3-AS1,0.18834104
ARID4A,0.10353863
TIMM9,0.1524441
KIAA0586,0.06628492
DACT1,0.004918333
DAAM1,0.1364118
GPR135,0.013194146
L3HYPDH,0.032944493
JKAMP,0.20444994
RTN1,0.011069773
PCNX4,0.1908233
DHRS7,0.71661
PPM1A,0.1799072
MNAT1,0.13182583
TRMT5,0.06845977
SLC38A6,0.038293958
PRKCH,0.048548866
PRKCH-AS1,0.0
HIF1A,0.3854058
SNAPC1,0.08616448
RHOJ,0.011504288
PPP2R5E,0.21349736
WDR89,0.04393003
SGPP1,0.22645146
SYNE2,0.55132157
ENSG00000214770,0.0
MTHFD1,0.067038566
ZBTB25,0.047128003
AKAP5,0.009058087
ZBTB1,0.10082848
HSPA2,0.37446302
CHURC1,0.5085525
RAB15,0.026685715
MAX,0.14231962
FUT8,0.03623146
GPHN,0.052110754
PALS1,0.10860462
ATP6V1D,0.3873743
EIF2S1,0.15159489
TMEM229B,0.004800453
PIGH,0.24351044
VTI1B,0.45853817
RDH11,0.2603191
ZFYVE26,0.021537697
RAD51B,0.024103088
ZFP36L1,0.7151863
ACTN1,0.11713715
DCAF5,0.100856744
EXD2,0.051000275
GALNT16,0.023836985
ERH,0.9171974
SLC39A9,0.18616724
SUSD6,0.18688561
SRSF5,1.0616195
COX16,0.24425383
SYNJ2BP,0.27842224
MED6,0.09936438
TTC9,0.023883594
PCNX1,0.10302347
SIPA1L1,0.06453194
RGS6,0.0059214677
DCAF4,0.0089640785
RBM25,0.30228603
PSEN1,0.13867019
NUMB,0.15064122
RIOX1,0.033250995
ACOT1,0.046169337
ACOT4,0.032809056
DNAL1,0.06646863
PNMA1,0.10817743
MIDEAS,0.08298115
PTGR2,0.12398838
ENSG00000258653,0.0
COQ6,0.092730336
ENTPD5,0.055962387
ALDH6A1,0.426934
LIN52,0.029456338
ABCD4,0.12795228
NPC2,0.88866556
ISCA2,0.3034236
LTBP2,0.03819029
AREL1,0.071123086
FCF1,0.05683965
YLPM1,0.14019464
DLST,0.17828791
RPS6KL1,0.0061588106
PGF,0.022257395
EIF2B2,0.07995187
MLH3,0.09428767
ACYP1,0.18753432
NEK9,0.09055769
TMED10,0.58614355
FOS,1.8909206
JDP2,0.07920677
BATF,0.012289999
FLVCR2,0.003875474
TTLL5,0.030872589
ERG28,0.23252176
IFT43,0.197242
TGFB3,0.005973834
GPATCH2L,0.12294561
VASH1,0.020623535
ANGEL1,0.03380717
IRF2BPL,0.20353106
CIPC,0.14017227
GSTZ1,0.10695357
TMED8,0.094690956
VIPAS39,0.02496105
AHSA1,0.25759357
SPTLC2,0.1959767
ALKBH1,0.04353868
SLIRP,1.0231549
SNW1,0.19992992
ENSG00000284959,0.0049050073
GTF2A1,0.13916062
SEL1L,0.28491047
FLRT2,0.012622919
GALC,0.06927724
GPR65,0.029797688
SPATA7,0.027693491
ZC3H14,0.18878148
TTC8,0.028342063
FOXN3,0.16256456
ENSG00000277801,0.0
FOXN3-AS1,0.026491664
EFCAB11,0.034415297
PSMC1,0.28698203
NRDE2,0.064130954
CALM1,1.2797729
TTC7B,0.047418658
RPS6KA5,0.043838326
DGLUCY,0.15691684
CCDC88C,0.033582103
PPP4R3A,0.2280037
TC2N,0.06072212
FBLN5,0.05795231
TRIP11,0.2977685
ATXN3,0.1139284
NDUFB1,1.738834
CPSF2,0.13294065
SLC24A4,0.0066820695
RIN3,0.031574138
LGMN,0.30716887
GOLGA5,0.08111366
ITPK1,0.1278223
MOAP1,0.12849684
LYSET,0.27436578
GON7,0.10898573
UBR7,0.056751426
BTBD7,0.16441338
OTUB2,0.0
DDX24,0.5670609
IFI27L1,0.12211692
IFI27,0.4064205
IFI27L2,0.26616046
SERPINA1,0.110148534
DICER1,0.2589995
DICER1-AS1,0.04648463
CLMN,0.34981573
SYNE3,0.02119622
SNHG10,0.16953267
GLRX5,0.6620954
C14orf132,0.03740478
ATG2B,0.061259955
GSKIP,0.08060108
AK7,0.014141327
PAPOLA,0.424047
VRK1,0.047599852
BCL11B,0.011014407
SETD3,0.17935754
CCNK,0.080311805
CCDC85C,0.029315494
EML1,0.046317253
EVL,0.1576202
DEGS2,0.061001636
YY1,0.2699968
SLC25A29,0.35416973
WARS1,0.17203735
WDR25,0.034813423
MEG3,0.047050256
MEG8,0.0048874076
PPP2R5C,0.24932234
ENSG00000256705,0.0
DYNC1H1,0.41929373
HSP90AA1,1.8454033
WDR20,0.07347312
MOK,0.04163745
ZNF839,0.02870387
CINP,0.14078124
TECPR2,0.04133018
ANKRD9,0.35895383
RCOR1,0.049091376
TRAF3,0.036445092
CDC42BPB,0.21900551
TNFAIP2,0.042389464
EIF5,0.5338273
MARK3,0.16005921
CKB,1.3638356
BAG5,0.20944034
KLC1,0.12612845
COA8,0.24343938
KLC1-AS1,0.0
ZFYVE21,0.18634237
PPP1R13B,0.040847458
ATP5MJ,1.4990494
KIF26A,0.025438538
INF2,0.10095585
ADSS1,0.019570034
SIVA1,0.7164443
AKT1,0.21283756
ZBTB42,0.019848598
PLD4,0.017128697
AHNAK2,0.006708764
CDCA4,0.010175896
JAG2,0.027481234
NUDT14,0.21600395
BRF1,0.09249972
BTBD6,0.13342191
PACS2,0.10224049
MTA1,0.13674577
CRIP2,0.43405116
CRIP1,0.23559055
TEDC1,0.026171621
TMEM121,0.015979271
IGHD,0.0
IGHM,0.0
NIPA1,0.06468174
NIPA2,0.1367765
CYFIP1,0.17751615
TUBGCP5,0.053451944
NDN,0.10494274
SNRPN,0.84488875
SNURF,0.015159799
UBE3A,0.27644143
ATP10A,0.028185308
HERC2,0.09653547
APBA2,0.0
NSMCE3,0.17692654
TJP1,0.23126836
ENSG00000259523,0.0
FAN1,0.07933527
MTMR10,0.22787948
LINC02352,0.021813871
KLF13,0.20043045
LINC02256,0.025323061
ARHGAP11A,0.0
FMN1,0.049392257
AVEN,0.016437685
EMC7,0.4144703
KATNBL1,0.12942207
EMC4,0.3073259
SLC12A6,0.03991966
NOP10,0.80676436
LPCAT4,0.058187958
GOLGA8A,0.14089051
GOLGA8B,0.14401162
AQR,0.114889726
ZNF770,0.15229492
DPH6,0.07190059
CDIN1,0.022991475
MEIS2,0.11679574
ENSG00000259460,0.004024737
SPRED1,0.09085275
FAM98B,0.12735535
RASGRP1,0.037260223
THBS1,0.2848118
FSIP1,0.0
GPR176-DT,0.0
EIF2AK4,0.06596315
SRP14,2.0520756
SRP14-DT,0.061209068
BMF,0.009766709
PLCB2,0.01538861
INAFM2,0.023080444
CCDC9B,0.019643126
PHGR1,0.0
KNSTRN,0.013075075
IVD,0.26659688
BAHD1,0.083978154
CHST14,0.026116326
CCDC32,0.10141475
RPUSD2,0.07785851
RMDN3,0.092375666
GCHFR,0.1410332
DNAJC17,0.06724235
ZFYVE19,0.06646619
SPINT1-AS1,0.500654
SPINT1,0.33975735
RHOV,0.016140815
VPS18,0.066734925
DLL4,0.011007145
INO80,0.070882566
CHP1,0.40630752
NUSAP1,0.0057701953
NDUFAF1,0.10759779
RTF1,0.28249732
LTK,0.016480459
RPAP1,0.04565569
MGA,0.09897676
MAPKBP1,0.052074894
EHD4,0.1476305
VPS39,0.09268855
TMEM87A,0.2106838
GANC,0.021255005
ZNF106,0.21035345
SNAP23,0.11741329
LRRC57,0.05799774
HAUS2,0.068154134
STARD9,0.0128602935
CDAN1,0.017601673
TTBK2,0.032157112
TTBK2-AS1,0.0
UBR1,0.09100102
CCNDBP1,0.26832354
MAPDA,0.09662007
ZSCAN29,0.041550003
TUBGCP4,0.036774226
TP53BP1,0.15097989
MAP1A,0.014271873
PPIP5K1,0.043587424
CKMT1B,0.04316833
CATSPER2,0.02506971
PDIA3,0.86350614
SERF2,2.7729642
HYPK,0.014839778
MFAP1,0.1870272
WDR76,0.0080267815
GOLM2,0.2510891
CTDSPL2,0.089402765
EIF3J-DT,0.08701525
EIF3J,0.33922476
SPG11,0.15838172
B2M,2.9449205
TRIM69,0.104945175
SORD,0.06129744
SHF,0.015859576
GATM,0.20014377
AFG2B,0.025040386
C15orf48,0.01033747
SLC30A4,0.016680095
BLOC1S6,0.13586485
SQOR,0.100020446
SEMA6D,0.1272134
MYEF2,0.14189069
DUT,0.5603075
FBN1,0.005008249
EID1,0.8567494
SECISBP2L,0.2388857
COPS2,0.22260039
GALK2,0.08111572
FAM227B,0.04960829
ENSG00000275580,0.0047336393
FGF7,0.04268263
DTWD1,0.12837681
ATP8B4,0.0056678713
GABPB1,0.04786775
GABPB1-AS1,0.0886302
USP8,0.2476754
TRPM7,0.19969946
SPPL2A,0.39336407
AP4E1,0.026804889
TNFAIP8L3,0.008088739
GLDN,0.0029277906
DMXL2,0.056776937
ENSG00000259668,0.0
LYSMD2,0.12781706
TMOD2,0.032047346
TMOD3,0.19909646
LEO1,0.046833083
MAPK6,0.06883918
GNB5,0.16570394
MYO5C,0.08870796
MYO5A,0.057289753
ARPP19,0.5033391
ATOSA,0.07273224
RSL24D1,0.5737423
RAB27A,0.062392045
PIGBOS1,0.10531299
PIGB,0.015981117
CCPG1,0.33204582
DNAAF4,0.047631186
PRTG,0.027175615
NEDD4,0.03143901
RFX7,0.033933993
TEX9,0.048502788
MNS1,0.027196918
ZNF280D,0.09024062
TCF12,0.107028276
POLR2M,0.09799779
AQP9,0.0
ADAM10,0.17739615
MINDY2,0.3302729
RNF111,0.059583332
SLTM,0.3002601
MYO1E,0.10922884
FAM81A,0.045926586
GTF2A2,0.6285939
BNIP2,0.1580364
ANXA2,0.52325493
ICE2,0.14776881
RORA,0.07578669
VPS13C,0.25627744
C2CD4B,0.013550498
TLN2,0.09616793
ENSG00000259727,0.0
TPM1,0.53562844
LACTB,0.073102705
RPS27L,0.99272186
RAB8B,0.093329296
APH1B,0.09825304
CA12,1.5436623
USP3,0.14452694
FBXL22,0.05175743
HERC1,0.1501503
DAPK2,0.0022188982
CIAO2A,0.31224066
SNX1,0.15060893
PPIB,0.88872916
CSNK1G1,0.04319331
PCLAF,0.010457443
TRIP4,0.07453569
ZNF609,0.052431516
OAZ2,0.24601664
ENSG00000264937,0.0
ENSG00000259635,0.0
RBPMS2,0.031957198
PLEKHO2,0.036549557
SPG21,0.18064032
MTFMT,0.079125494
RASL12,0.01587183
UBAP1L,0.014969132
PDCD7,0.09114265
CLPX,0.11900418
DPP8,0.14047049
HACD3,0.5427969
INTS14,0.091909744
SLC24A1,0.017105611
DENND4A,0.07053298
RAB11A,0.5521406
DIS3L,0.063024186
TIPIN,0.037386682
MAP2K1,0.12461445
ENSG00000261351,0.019869123
SNAPC5,0.1590401
RPL4,1.3792284
ZWILCH,0.024537116
SMAD6,0.039513696
SMAD3,0.1115852
AAGAB,0.093062036
C15orf61,0.27388948
MAP2K5,0.031632014
PIAS1,0.16333786
CLN6,0.0
FEM1B,0.15811956
ANP32A,0.36986646
GLCE,0.07844076
RPLP1,3.3649626
TLE3,0.13979575
UACA,0.19513981
LARP6,0.26685923
LRRC49,0.035995703
THSD4,0.05466612
MYO9A,0.19942668
PKM,1.0928845
PARP6,0.06001549
HEXA,0.34484196
ARIH1,0.16237664
BBS4,0.056859758
ADPGK,0.063291825
NEO1,0.107469514
NPTN,0.42245787
CD276,0.04160614
INSYN1,0.059956968
LOXL1,0.046570424
PML,0.06497983
ISLR,0.0066547403
SEMA7A,0.0052982215
UBL7,0.10417145
UBL7-DT,0.011611916
CLK3,0.10413043
EDC3,0.05203685
CSK,0.081918776
ULK3,0.1196095
SCAMP2,0.2922904
MPI,0.0555022
FAM219B,0.08087608
COX5A,1.1997235
RPP25,0.01717119
PPCDC,0.05457909
C15orf39,0.015149277
COMMD4,0.27913058
ENSG00000275645,0.019106349
NEIL1,0.04357402
MAN2C1,0.15843199
SIN3A,0.08466058
PTPN9,0.04500152
SNUPN,0.055026222
IMP3,0.33759093
SNX33,0.044603225
CSPG4,0.035803568
UBE2Q2,0.08166863
FBXO22,0.0928784
ETFA,0.3941601
SCAPER,0.083465435
RCN2,0.39928526
PSTPIP1,0.014819112
TSPAN3,0.3688871
PEAK1,0.05837097
HMG20A,0.0700125
LINGO1,0.0160034
TBC1D2B,0.037155084
CIB2,0.017372154
IDH3A,0.19297175
DNAJA4,0.06591489
SKIC8,0.21585448
CRABP1,0.29538155
IREB2,0.12429762
HYKK,0.037725497
PSMA4,0.4630755
ADAMTS7,0.0
MORF4L1,0.9757657
CTSH,0.70547813
TMED3,0.19687738
MTHFS,0.20469673
ST20,0.06274012
ST20-AS1,0.010468235
BCL2A1,0.028781032
ZFAND6,0.3120314
FAH,0.10347711
MESD,0.25469276
TLNRD1,0.11217543
IL16,0.026825747
STARD5,0.0061190394
MEX3B,0.0
EFL1,0.0299032
GOLGA6L10,0.005032863
RPS17,0.50732166
SNHG21,0.047085684
WHAMM,0.05035308
HOMER2,0.015633807
RAMAC,0.19011389
C15orf40,0.16281882
BTBD1,0.09811006
TM6SF1,0.014907158
HDGFL3,0.10805779
ADAMTSL3,0.012049191
GOLGA6L4,0.0042105215
ZSCAN2,0.02616424
WDR73,0.09174771
NMB,0.124820545
SEC11A,0.76847196
ENSG00000259654,0.0
ZNF592,0.07148447
ALPK3,0.08857514
PDE8A,0.09679802
AKAP13,0.18208058
LINC00052,0.0
NTRK3,0.05518225
MRPL46,0.16398112
MRPS11,0.20185845
DET1,0.017249785
ISG20,0.09044733
HAPLN3,0.009384915
MFGE8,0.08717997
ABHD2,0.2156992
POLG,0.08554874
POLG-DT,0.0017809693
KIF7,0.0
PEX11A,0.03391473
MESP1,0.019693725
MESP2,0.0023858561
ANPEP,0.06779088
AP3S2,0.06909487
ARPIN,0.08149885
ZNF710,0.015562211
ZNF710-AS1,0.15610233
IDH2,0.76166445
SEMA4B,0.04703657
CIB1,0.80991834
NGRN,0.0508974
IQGAP1,0.40365377
CRTC3,0.055809535
BLM,0.0
FURIN,0.1580509
FES,0.020976307
MAN2A2,0.059475597
HDDC3,0.13865755
UNC45A,0.121183805
RCCD1,0.049518347
VPS33B,0.016463323
SLCO3A1,0.043380547
FAM174B,0.031302366
CHD2,0.22977148
RGMA,0.0
MCTP2,0.009079571
LETR1,0.012895095
LINC00924,0.006629272
NR2F2-AS1,0.04371064
NR2F2,0.37309396
LINC02253,0.0
ARRDC4,0.21705078
IGF1R,0.23779969
SYNM,0.06980465
TTC23,0.023285994
LRRC28,0.07977545
MEF2A,0.27416745
LYSMD4,0.041716594
LINS1,0.06846127
ASB7,0.03694972
LRRK1,0.012613274
CHSY1,0.15714538
SELENOS,0.5594882
SNRPA1,0.14399967
TM2D3,0.221124
TARS3,0.0830457
POLR3K,0.11024187
SNRNP25,0.25732192
RHBDF1,0.045491297
MPG,0.19178203
NPRL3,0.11509094
HBA2,0.0029964193
HBA1,0.0
LUC7L,0.20537975
FAM234A,0.2132403
RGS11,0.0
AXIN1,0.04079831
MRPL28,0.39841205
PGAP6,0.25381875
NME4,0.35741395
RAB11FIP3,0.14925529
CAPN15,0.07328101
PIGQ,0.3379064
NHLRC4,0.07205566
RAB40C,0.070240535
METTL26,0.42963573
MCRIP2,0.540651
RHOT2,0.17970634
STUB1,0.5578854
JMJD8,0.18512277
WDR24,0.037958276
FBXL16,0.030060623
METRN,0.37768358
ANTKMT,0.37919682
HAGHL,0.07179598
CIAO3,0.06955174
RPUSD1,0.039194766
LMF1,0.094496235
CACNA1H,0.045563463
TPSB2,0.0
TPSAB1,0.0
UBE2I,0.31213284
TSR3,0.2666958
GNPTG,0.22486445
UNKL,0.04192502
UQCC4,0.08648911
CLCN7,0.15241939
TELO2,0.06414644
TMEM204,0.14782259
CRAMP1,0.040590942
ENSG00000261732,0.0
JPT2,0.1130274
MAPK8IP3,0.07056047
NME3,0.88447845
MRPS34,0.4465203
EME2,0.02187196
SPSB3,0.33619922
NUBP2,0.27463377
IGFALS,0.022185557
HAGH,0.346735
FAHD1,0.10586833
MSRB1,0.08957258
NDUFB10,1.1664497
RPS2,1.8019522
SNHG9,0.68127936
TBL3,0.1242317
GFER,0.15116532
ZNF598,0.039681893
NPW,0.011152501
NHERF2,0.28983846
NTHL1,0.11131222
TSC2,0.17337134
PKD1,0.11818428
RAB26,0.0056915013
SNHG19,0.07331466
TRAF7,0.075872816
MLST8,0.13935547
PGP,0.2320582
E4F1,0.06755937
ECI1,0.69650614
RNPS1,0.35717335
ABCA3,0.038042687
TBC1D24,0.2360277
AMDHD2,0.05787415
PDPK1,0.13244057
KCTD5,0.052079495
SRRM2,0.6388422
ELOB,1.7655756
ZG16B,0.0
PRSS22,0.08576528
FLYWCH2,0.25768209
FLYWCH1,0.09456824
TNFRSF12A,0.9561684
HCFC1R1,0.47291258
THOC6,0.08677267
BICDL2,0.015854085
MMP25,0.0
MMP25-AS1,0.013639229
IL32,0.25583908
ENSG00000262370,0.0019827003
ZNF205,0.05708996
ZNF213,0.027273912
ZNF200,0.030360106
LINC00921,0.0039848806
ZNF263,0.048277617
TIGD7,0.026741315
ZNF75A,0.0878944
ZSCAN32,0.023754673
ZNF174,0.01703378
NAA60,0.21838577
CLUAP1,0.08446744
NLRC3,0.004800579
DNASE1,0.37641162
TRAP1,0.17487252
CREBBP,0.13543376
ADCY9,0.03380718
TFAP4,0.017861824
GLIS2,0.12414426
CORO7,0.047679633
VASN,0.23722401
DNAJA3,0.11152343
NMRAL1,0.19238222
HMOX2,0.1771872
CDIP1,0.18284401
UBALD1,0.12799561
MGRN1,0.084146105
NUDT16L1,0.20483717
ANKS3,0.056074377
ZNF500,0.01700474
SMIM22,0.1444919
ROGDI,0.09753315
GLYR1,0.20225242
UBN1,0.07309857
NAGPA,0.03262333
ALG1,0.053913746
EEF2KMT,0.037284017
METTL22,0.024376916
ABAT,0.041737974
PMM2,0.02937581
CARHSP1,0.18481426
USP7,0.24491474
HAPSTR1,0.28667876
ATF7IP2,0.22680898
EMP2,0.07507488
NUBP1,0.10030439
CIITA,0.03354946
DEXI,0.14058408
CLEC16A,0.077253655
SOCS1,0.1069562
LITAF,0.6068496
SNN,0.06582976
TXNDC11,0.111288786
TXNDC11-AS1,0.006564861
ZC3H7A,0.15079209
RSL1D1,0.3385603
GSPT1,0.31707346
SNX29,0.13928355
CPPED1,0.107883155
ERCC4,0.0577329
LINC02185,0.0
MRTFB,0.061223347
PARN,0.054208476
BFAR,0.1087588
NOMO1,0.05987309
NPIPA1,0.044197034
PDXDC1,0.17013212
NTAN1,0.10940669
RRN3,0.074281454
MPV17L,0.03918251
BMERB1,0.10151443
MARF1,0.13805023
NDE1,0.023591164
MYH11,0.13210666
CEP20,0.13460746
XYLT1,0.011724477
RPS15A,2.526653
ARL6IP1,0.5483296
SMG1,0.16638717
TMC7,0.003864355
COQ7,0.07472346
ITPRIPL2,0.08056617
ENSG00000261759,0.006392829
SYT17,0.04947771
GDE1,0.100992925
CCP110,0.03349615
VPS35L,0.10606676
KNOP1,0.074893035
IQCK,0.18881705
GPRC5B,0.35027903
ACSM2A,0.082932666
ACSM3,0.16816694
THUMPD1,0.23193128
ERI2,0.026505273
DCUN1D3,0.03883331
LYRM1,0.122015715
LDAF1,0.06483795
CRYM,0.029353675
METTL9,0.50684214
IGSF6,0.021705063
OTOA,0.0
ENSG00000274460,0.0
UQCRC2,0.6388007
MOSMO,0.1243059
EEF2K,0.027211728
POLR3E,0.068106346
CDR2,0.05222736
NPIPB5,0.032051425
HS3ST2,0.0
USP31,0.023226434
SCNN1B,0.41491774
COG7,0.12949203
ENSG00000260136,0.018643357
GGA2,0.11890978
UBFD1,0.10571466
NDUFAB1,0.9884888
PALB2,0.014072814
DCTN5,0.13531852
PRKCB,0.021445679
RBBP6,0.2720617
TNRC6A,0.20620522
ENSG00000261669,0.0
ARHGAP17,0.06986331
LCMT1,0.16820265
ZKSCAN2-DT,0.010263699
NSMCE1,0.2750254
NSMCE1-DT,0.0
IL4R,0.060233623
GTF3C1,0.11820699
XPO6,0.10096239
CLN3,0.002136452
APOBR,0.0038572007
NUPR1,0.25987658
SGF29,0.07711986
SULT1A1,0.26412594
EIF3C,0.008330242
ATXN2L,0.17751455
TUFM,0.7812737
SH2B1,0.16639407
RABEP2,0.06514027
NFATC2IP,0.108151466
SPNS1,0.11515359
LAT,0.023157246
NPIPB11,0.0051354007
BOLA2-SMG1P6,0.028171191
SPN,0.021567661
QPRT,0.11576656
C16orf54,0.0092485
KIF22,0.17383482
MAZ,0.19060002
PRRT2,0.0
PAGR1,0.020562353
MVP,0.1504168
CDIPT,0.23813525
SEZ6L2,0.041477367
KCTD13,0.04112349
TMEM219,0.6630936
TAOK2,0.10721351
HIRIP3,0.0884394
INO80E,0.13197553
ALDOA,0.15140457
PPP4C,0.40978205
TBX6,0.0101163
YPEL3,0.52790487
GDPD3,0.017524527
MAPK3,0.16063444
CORO1A,0.11164802
BOLA2B,0.13873762
SULT1A3,0.004413707
ENSG00000258130,0.0
CD2BP2,0.22453451
TBC1D10B,0.080137506
ZNF48,0.031848118
SEPTIN1,0.12504718
ZNF771,0.042000152
DCTPP1,0.20057489
SEPHS2,0.23296456
ITGAL,0.027148439
ZNF768,0.12291872
ZNF747,0.030733043
ZNF747-DT,0.026868185
ZNF764,0.019428037
ZNF688,0.078233965
ZNF785,0.014458984
ZNF689,0.030263608
PRR14,0.07505673
FBRS,0.091846906
ENSG00000261840,0.037339535
PHKG2,0.12002721
RNF40,0.16873585
ZNF629,0.034579217
BCL7C,0.58171564
MIR762HG,0.027081663
CTF1,0.052897602
FBXL19,0.035900053
ORAI3,0.07989464
SETD1A,0.038828142
HSD3B7,0.062164433
STX4,0.108091936
ZNF668,0.018560603
VKORC1,0.54028285
BCKDK,0.16310576
KAT8,0.13654695
PRSS8,0.20320901
PRSS36,0.0004921875
FUS,0.6130638
PYCARD,0.1112097
ITGAM,0.0108603155
ITGAX,0.013234029
ENSG00000261474,0.0
ENSG00000260267,0.009113554
TGFB1I1,0.08065604
RUSF1,0.13186273
KRBOX5,0.058650784
ZNF267,0.023845436
TP53TG3D,0.0
VPS35,0.33752245
C16orf87,0.04824579
GPT2,0.04061256
DNAJA2,0.30662686
NETO2,0.016177319
ITFG1,0.26194385
PHKB,0.21356682
LONP2,0.17965445
SIAH1,0.09492685
N4BP1,0.12632808
CBLN1,0.0
ENSG00000279249,0.0
CNEP1R1,0.044061802
HEATR3,0.017640589
TENT4B,0.089971885
ADCY7,0.013165145
BRD7,0.2221741
NKD1,0.009220859
CYLD,0.10762186
HNRNPA1L3,0.0716722
CHD9,0.3069762
RBL2,0.20339146
AKTIP,0.15988812
FTO,0.06265617
IRX3,0.021868452
CRNDE,0.02452599
IRX5,0.0031615885
MMP2,0.001366153
LPCAT2,0.15319513
ENSG00000261997,0.005252253
CES1,0.01975301
AMFR,0.36573192
NUDT21,0.25659207
OGFOD1,0.06301252
BBS2,0.10704688
MT2A,2.1473713
MT1E,1.8741101
MT1M,0.27334735
MT1A,0.031114062
MT1F,0.6645298
MT1G,0.8766791
MT1H,0.2777095
MT1X,0.98851633
NUP93,0.05634854
HERPUD1,0.8610526
CETP,0.01784397
NLRC5,0.028480804
CPNE2,0.07811909
PSME3IP1,0.1956137
RSPRY1,0.0913209
ARL2BP,0.24564727
PLLP,0.28810725
CX3CL1,0.22218262
CIAPIN1,0.1624158
COQ9,0.3140726
POLR2C,0.23732182
DOK4,0.05007257
CCDC102A,0.021662345
ADGRG1,0.44294387
KATNB1,0.031542517
KIFC3,0.25898403
ZNF319,0.015483592
USB1,0.051237494
CFAP20,0.10651614
CSNK2A2,0.095955715
NDRG4,0.006009091
SETD6,0.042833675
CNOT1,0.24164647
ENSG00000276259,0.012432205
SLC38A7,0.032887947
GOT2,0.26496655
CDH11,0.0026682788
CDH5,0.08418826
LINC00920,0.00521137
TK2,0.09282643
CKLF,0.18348436
CMTM2,0.0037539096
CMTM3,0.03304886
CMTM4,0.2656177
DYNC1LI2,0.2536533
NAE1,0.13975993
PDP2,0.045430694
RRAD,0.23812994
CIAO2B,0.8107311
CES2,0.11535936
CES4A,0.014957069
CBFB,0.08816065
PHAF1,0.022787549
B3GNT9,0.017413115
TRADD,0.12556325
HSF4,0.016425777
NOL3,0.07966013
MATCAP1,0.037974756
EXOC3L1,0.035966553
E2F4,0.13536122
ELMO3,0.06013948
FBXL9P,0.03082994
TMEM208,0.5033299
FHOD1,0.019164635
TPPP3,0.07715708
ZDHHC1,0.09439753
ATP6V0D1,0.44203675
RIPOR1,0.18850926
CTCF,0.11836786
ACD,0.06624464
PARD6A,0.15485089
ENKD1,0.085438654
GFOD2,0.048596494
RANBP10,0.047461383
CENPT,0.086808346
THAP11,0.079956055
NUTF2,0.2649176
PSKH1,0.07659339
PSMB10,0.089099534
LCAT,0.029119205
SLC12A4,0.0513379
DPEP2,0.010236074
DUS2,0.015780674
DDX28,0.040807743
NFATC3,0.12367892
PLA2G15,0.10224843
SLC7A6,0.042342648
SLC7A6OS,0.044524517
PRMT7,0.05163489
ZFP90,0.05858885
CDH1,0.35271996
TANGO6,0.020211847
CHTF8,0.19247462
UTP4,0.05470108
SNTB2,0.07188041
VPS4A,0.17444669
COG8,0.0
NIP7,0.075943835
TERF2,0.087694004
CYB5B,0.24499045
NFAT5,0.289922
NQO1,0.16975753
NOB1,0.06458609
WWP2,0.152633
PDPR,0.09815823
EXOSC6,0.1901543
AARS1,0.1324666
DDX19B,0.048604205
DDX19A,0.090667285
ST3GAL2,0.02601707
FCSK,0.0452935
COG4,0.0828598
SF3B3,0.14960247
MTSS2,0.02188443
VAC14,0.070171416
CMTR2,0.0753972
CALB2,0.0
TAT,0.0
MARVELD3,0.03195849
PHLPP2,0.016844207
AP1G1,0.22930631
ATXN1L,0.092564695
IST1,0.3117593
ZNF821,0.0294731
DHODH,0.03919633
TXNL4B,0.04633501
HP,0.0
HPR,0.0
DHX38,0.07546513
ZFHX3,0.20676547
ENSG00000271009,0.0036116138
ENSG00000261227,0.0037362268
PSMD7,0.18602082
GLG1,0.32151145
RFWD3,0.042205106
MLKL,0.015140803
WDR59,0.08098005
ZNRF1,0.030115617
ZFP1,0.025036575
BCAR1,0.21745312
CFDP1,0.3358951
TMEM170A,0.16239274
TMEM231,0.036960788
GABARAPL2,1.0551069
ADAT1,0.04468252
KARS1,0.19646788
TERF2IP,0.35257617
MON1B,0.101331
SYCE1L,0.17209119
NUDT7,0.08525616
WWOX,0.071429305
MAF,0.1495357
CDYL2,0.018349089
CMC2,0.41875574
CENPN,0.014343849
ATMIN,0.12550686
GCSH,0.447819
GAN,0.02471691
CMIP,0.15514557
PLCG2,0.24600263
MPHOSPH6,0.15362962
CDH13,0.036072686
HSBP1,1.0850775
MLYCD,0.08218345
NECAB2,0.0035943007
MBTPS1,0.24944808
HSDL1,0.052404165
TAF1C,0.05347442
WFDC1,0.065778546
MEAK7,0.026930256
COTL1,0.17823716
KLHL36,0.13847132
USP10,0.13604467
CRISPLD2,0.0068361843
ZDHHC7,0.10460215
GSE1,0.13469857
GINS2,0.0043333448
C16orf74,0.016125537
EMC8,0.110916354
COX4I1,1.7781957
IRF8,0.014804796
FENDRR,0.0
FOXF1,0.0
MTHFSD,0.028865986
FOXC2,0.04319061
C16orf95,0.0070835305
FBXO31,0.025882486
MAP1LC3B,0.55074996
ZCCHC14,0.08737569
KLHDC4,0.05815853
BANP,0.069913276
ZFPM1,0.24942744
ZC3H18,0.09013249
CYBA,0.88312
MVD,0.16002816
SNAI3-AS1,0.0069765933
RNF166,0.05938888
CTU2,0.04349212
PIEZO1,0.30110443
CDT1,0.003172049
APRT,0.78411853
TRAPPC2L,0.43954352
CBFA2T3,0.003954197
ACSF3,0.068701245
ZNF778,0.021965299
ANKRD11,0.23458217
ENSG00000268218,0.0
SPG7,0.21040863
RPL13,3.1175025
CPNE7,0.0
CHMP1A,0.19340013
SPATA33,0.076097175
CDK10,0.123900674
VPS9D1,0.06083947
ZNF276,0.04485651
SPIRE2,0.024464604
TCF25,0.39621747
DEF8,0.12693425
DBNDD1,0.023530751
GAS8,0.06873802
DOC2B,0.047675345
RPH3AL,0.11046278
LIAT1,0.09497657
RFLNB,0.046681173
VPS53,0.07060636
TLCD3A,0.014895565
GEMIN4,0.021917773
GLOD4,0.2611303
MRM3,0.059875663
NXN,0.04768989
TIMM22,0.14976074
ABR,0.070710555
YWHAE,1.1799085
CRK,0.20917368
MYO1C,0.2502951
INPP5K,0.09161609
PITPNA-AS1,0.15961711
PITPNA,0.16150743
SLC43A2,0.30942953
SCARF1,0.020667745
RILP,0.094092704
PRPF8,0.38486648
TLCD2,0.01295068
MIR22HG,0.35173455
WDR81,0.02763977
SERPINF1,0.0094452705
SMYD4,0.02514548
RPA1,0.081422344
HIC1,0.008995855
SMG6,0.07973326
SRR,0.014823153
TSR1,0.06913807
SGSM2,0.11333522
MNT,0.04186673
METTL16,0.08406816
PAFAH1B1,0.3000505
CLUH,0.21017456
RAP1GAP2,0.07850693
OR3A3,0.0
TRPV3,0.0017287576
CTNS,0.030855076
TAX1BP3,0.14734307
EMC6,0.49834973
P2RX5,0.0
ITGAE,0.19658688
NCBP3,0.1333647
CAMKK1,0.011907418
P2RX1,0.008488926
ATP2A3,0.026944213
ZZEF1,0.05935012
CYB5D2,0.13883893
ANKFY1,0.06297681
UBE2G1,0.14369722
SPNS2,0.03080131
MYBBP1A,0.04635038
PELP1,0.10236267
ARRB2,0.07331682
MED11,0.1245534
CXCL16,0.09875494
ZMYND15,0.005093376
VMO1,0.016039444
PSMB6,0.7964848
PLD2,0.02383196
MINK1,0.09336671
SLC25A11,0.38618383
RNF167,0.29637617
PFN1,1.5091391
SPAG7,0.45360512
CAMTA2,0.09633086
KIF1C,0.21403436
ZNF232,0.024029931
ZNF594,0.028558671
SCIMP,0.013806736
RABEP1,0.1140062
NUP88,0.06664018
RPAIN,0.2951441
ENSG00000263272,0.044735625
C1QBP,0.5681122
DHX33,0.041956626
DERL2,0.26118916
MIS12,0.06586004
NLRP1,0.03666572
WSCD1,0.0066946233
KIAA0753,0.029718548
TXNDC17,0.6479072
MED31,0.24408062
XAF1,0.10023815
RNASEK,0.04983686
C17orf49,0.0246843
MIR497HG,0.013289605
BCL6B,0.009138776
CLEC10A,0.022005133
ASGR2,0.0
ASGR1,0.004503741
DLG4,0.017201608
ACADVL,0.83474016
DVL2,0.060076103
PHF23,0.1899138
GABARAP,0.37589264
CTDNEP1,0.26392132
ELP5,0.17475922
CLDN7,0.72495013
SLC2A4,0.011733549
YBX2,0.0045709605
EIF5A,0.686341
GPS2,0.08030178
ACAP1,0.04616881
KCTD11,0.022028295
TMEM256,0.5936955
NLGN2,0.012599894
TMEM102,0.031930402
CHRNB1,0.032219738
ZBTB4,0.1677943
POLR2A,0.3178213
TNFSF12,0.16046742
SENP3,0.041425116
EIF4A1,0.46815407
CD68,0.043748047
MPDU1-AS1,0.018853422
MPDU1,0.27720347
FXR2,0.092727914
SAT2,0.47377083
ATP1B2,0.16638157
TP53,0.061027892
WRAP53,0.03849246
KDM6B,0.1587571
TMEM88,0.105708644
NAA38,1.0058953
CHD3,0.17619848
KCNAB3,0.0044312086
TRAPPC1,0.66694987
GUCY2D,0.0024999597
ALOX15B,0.0
PER1,0.40318248
VAMP2,0.9259484
TMEM107,0.12296065
BORCS6,0.0409863
LINC00324,0.037922215
CTC1,0.050733753
PFAS,0.024879426
RANGRF,0.20711493
ARHGEF15,0.01386242
KRBA2,0.015777186
RPL26,2.82699
NDEL1,0.09416944
MYH10,0.20754525
PIK3R5,0.010407932
STX8,0.27350804
GAS7,0.0036499132
SCO1,0.12168786
ADPRM,0.04095746
TMEM220,0.11989259
TMEM220-AS1,0.00806087
MAP2K4,0.087478675
MYOCD,0.012978868
ARHGAP44,0.024873218
ELAC2,0.09403631
HS3ST3B1,0.011027435
ENSG00000266378,0.0
PMP22,0.05368734
CDRT4,0.0015897508
TVP23C,0.0072148563
ENSG00000266538,0.006446067
TRIM16,0.021981228
ZNF286A,0.0061776787
ENSG00000276855,0.050239556
ZSWIM7,0.27695692
TTC19,0.21707976
NCOR1,0.2868706
PIGL,0.05355494
CENPV,0.095018715
UBB,1.9843422
TRPV2,0.017688883
LRRC75A,0.08333048
ZNF287,0.0161059
ZNF624,0.0073255273
CCDC144A,0.017858675
ENSG00000266302,0.04209641
MPRIP,0.23362619
FLCN,0.016922133
COPS3,0.14707233
NT5M,0.025195658
MED9,0.111965105
RASD1,0.81018305
PEMT,0.12672858
RAI1,0.07202991
SMCR5,0.0052714976
SREBF1,0.08456907
TOM1L2,0.15976986
DRC3,0.015402778
ATPAF2,0.09492585
GID4,0.042908378
DRG2,0.11915999
ALKBH5,0.24021558
LLGL1,0.005654387
FLII,0.16028558
TOP3A,0.02500162
SMCR8,0.061098177
SHMT1,0.15574849
TRIM16L,0.0048143035
TVP23B,0.045411196
PRPSAP2,0.11066628
GRAP,0.007806339
ENSG00000263394,0.0
ENSG00000262202,0.031413123
GRAPL,0.0
EPN2,0.1167978
B9D1,0.11120816
MAPK7,0.057822604
MFAP4,0.023068495
ALDH3A2,0.22517556
ULK2,0.051882084
AKAP10,0.05696969
SPECC1,0.058137044
USP22,0.37445337
DHRS7B,0.13837804
TMEM11,0.17015912
NATD1,0.037879653
MAP2K3,0.26985997
LINC02693,0.024916744
WSB1,0.95172906
KSR1,0.06290119
LGALS9,0.06689134
LYRM9,0.13161476
NLK,0.14061293
TMEM97,0.05061291
IFT20,0.19828314
TNFAIP1,0.124042
POLDIP2,0.26679876
TMEM199,0.096693374
VTN,0.0042225975
SLC46A1,0.024242422
ENSG00000258472,0.01279293
UNC119,0.1014689
PIGS,0.13626057
ALDOC,0.02292378
SPAG5,0.007172854
ENSG00000265287,0.0
RSKR,0.0072149853
BLTP2,0.17038037
SDF2,0.2871457
SUPT6H,0.15539122
RAB34,0.32339397
RPL23A,2.0633786
NEK8,0.024202663
TRAF4,0.22890373
FAM222B,0.07160453
ERAL1,0.10831641
FLOT2,0.1193341
PHF12,0.07691393
PIPOX,0.009241681
MYO18A,0.008586375
NUFIP2,0.21159343
TAOK1,0.2137782
ABHD15,0.021589335
TP53I13,0.3144781
GIT1,0.082719065
ANKRD13B,0.0058948305
SSH2,0.16981828
NSRP1,0.2368174
BLMH,0.09691176
CPD,0.2323682
GOSR1,0.17778954
CRLF3,0.033817273
ATAD5,0.008688483
TEFM,0.07219022
ADAP2,0.009376335
RNF135,0.054562975
MIR4733HG,0.004564432
NF1,0.15388483
EVI2B,0.023500104
EVI2A,0.021956548
RAB11FIP4,0.09671635
COPRS,0.49356762
UTP6,0.1037933
SUZ12,0.16034247
LRRC37B,0.012411013
RHOT1,0.106727526
C17orf75,0.11232365
ZNF207,0.37211403
ENSG00000266385,0.0
PSMD11,0.21774755
MYO1D,0.104825296
ENSG00000266599,0.0
TMEM98,0.10391056
CCL2,0.07179136
CCL7,0.0
CCL8,0.0
ZNF830,0.07215465
LIG3,0.054902118
RFFL,0.036984637
RAD51D,0.021198291
NLE1,0.014490929
UNC45B,0.0048944345
SLFN5,0.08876829
ENSG00000267364,0.0
SLFN11,0.009741729
SLFN12,0.017033972
SLFN13,0.011629661
SLFN12L,0.006041799
SNHG30,0.1469542
AP2B1,0.3666207
TAF15,0.14978093
MMP28,0.01226949
ENSG00000270871,0.0
CCL5,0.09576437
CCL14,0.0
CCL23,0.0
CCL18,0.0
CCL3,0.043012034
CCL4,0.10068232
ENSG00000274767,0.0
CCL3L3,0.016595488
CCL4L2,0.03023109
ZNHIT3,0.20291781
MYO19,0.058624454
GGNBP2,0.24947461
DHRS11,0.10918618
MRM1,0.008010779
AATF,0.08424725
ACACA,0.058452453
TADA2A,0.021651387
DUSP14,0.07210565
SYNRG,0.13214011
DDX52,0.13456346
MRPL45,0.113455445
SOCS7,0.03297471
ARHGAP23,0.03945282
EPOP,0.0042860396
ENSG00000277969,0.030256268
MLLT6,0.25887316
CISD3,0.28963923
PCGF2,0.1375489
PSMB3,0.79139686
PIP4K2B,0.09968926
CWC25,0.09475421
RPL23,1.6226445
LASP1,0.15021394
LASP1NB,0.0050752354
PLXDC1,0.0
RPL19,2.6967525
FBXL20,0.06349249
MED1,0.0896743
CDK12,0.11838425
STARD3,0.098700725
PNMT,0.021037016
PGAP3,0.09597572
ERBB2,0.45111206
MIEN1,0.5572766
IKZF3,0.008902332
ORMDL3,0.101494715
PSMD3,0.16673462
MED24,0.11026447
THRA,0.21050121
NR1D1,0.0136801815
MSL1,0.10048717
CASC3,0.16121529
WIPF2,0.13038024
RARA,0.062306933
RARA-AS1,0.026042722
TOP2A,0.0
IGFBP4,0.2686643
CCR7,0.0
SMARCE1,0.09454607
KRT222,0.0
KRT10,0.9280512
KRT10-AS1,0.13889107
KRT23,0.0
KRT19,0.7445917
EIF1,2.68105
HAP1,0.0
JUP,0.46026185
P3H4,0.042992715
FKBP10,0.030564114
NT5C3B,0.20955262
KLHL11,0.004535791
ACLY,0.08671697
CNP,0.110159256
DNAJC7,0.23495069
NKIRAS2,0.096671976
DHX58,0.030680893
KAT2A,0.12499628
RAB5C,0.3990324
GHDC,0.07117416
STAT5B,0.12905414
STAT5A,0.059217066
STAT3,0.29067388
CAVIN1,0.22731231
ATP6V0A1,0.15876894
NAGLU,0.091439396
HSD17B1-AS1,0.031093683
COASY,0.1493597
MLX,0.12299284
RETREG3,0.16251491
TUBG1,0.072900124
TUBG2,0.048653066
PLEKHH3,0.062272497
ENSG00000267042,0.024930185
CNTNAP1,0.0
EZH1,0.10426043
RAMP2-AS1,0.0018662795
RAMP2,0.215035
VPS25,0.37157464
WNK4,0.18308993
COA3,1.1042186
BECN1,0.14561714
PSME3,0.15931685
AOC3,0.01991588
AARSD1,0.023732008
PTGES3L,0.0
RUNDC1,0.061363257
RPL27,1.9374185
IFI35,0.13453154
VAT1,0.14338563
BRCA1,0.007854902
ENSG00000267002,0.0525968
NBR1,0.21315375
TMEM106A,0.010266322
ARL4D,0.37630808
DHX8,0.05102869
DUSP3,0.22239733
TMEM101,0.4082691
LSM12,0.2277402
G6PC3,0.23048161
HDAC5,0.17313969
ASB16-AS1,0.026453301
TMUB2,0.16426569
ATXN7L3,0.053601205
UBTF,0.2394657
SLC25A39,0.6279538
GRN,0.523288
GPATCH8,0.108292714
FZD2,0.009675343
MEIOC,0.012002526
CCDC43,0.09908158
GJC1,0.013685238
HIGD1B,0.0
EFTUD2,0.07070182
DCAKD,0.074802436
NMT1,0.23705555
ACBD4,0.057654977
ENSG00000276728,0.032930046
HEXIM1,0.20887889
HEXIM2-AS1,0.012520689
HEXIM2,0.028323859
FMNL1-DT,0.006438579
FMNL1,0.014035491
MAP3K14,0.091962904
ARHGAP27,0.027935697
PLEKHM1,0.04377539
ENSG00000267198,0.020015888
MAPT,0.015735505
KANSL1,0.14320241
KANSL1-AS1,0.19547668
ARL17B,0.011853365
ARL17A,0.028874889
FAM215B,0.01194769
NSF,0.08885748
GOSR2,0.14953695
CDC27,0.10536024
EFCAB13,0.016827013
NPEPPS,0.22600795
KPNB1,0.26857537
TBKBP1,0.031739086
OSBPL7,0.019571863
MRPL10,0.12864514
SCRN2,0.11965456
SP2,0.055114493
PNPO,0.13998707
CDK5RAP3,0.22261013
COPZ2,0.07685181
NFE2L1,0.46716493
CBX1,0.16900508
SNX11,0.058583114
SKAP1,0.14449151
HOXB2,0.22385718
HOXB-AS1,0.043879576
HOXB3,0.13884366
HOXB-AS3,0.4277396
HOXB4,0.05219358
HOXB5,0.08102896
HOXB6,0.19555272
HOXB7,0.18836111
CALCOCO2,0.2534015
ATP5MC1,1.4706507
UBE2Z,0.18126754
SNF8,0.38780344
GNGT2,0.007807571
ABI3,0.04947984
ZNF652,0.11670171
PHB1,0.7236281
NGFR,0.0077926572
SPOP,0.13958777
SLC35B1,0.17367427
FAM117A,0.029273402
KAT7,0.082497604
ITGA3,0.19334652
PDK2,0.23710997
SAMD14,0.005850994
PPP1R9B,0.060185157
SGCA,0.0170809
COL1A1,0.017353812
XYLT2,0.07245132
MRPL27,0.55317605
LRRC59,0.13086711
RSAD1,0.093870796
SPATA20,0.19884154
ABCC3,0.006218826
ANKRD40,0.14913191
ENSG00000262967,0.04024444
LUC7L3,0.5253529
TOB1,0.6446213
SPAG9,0.25498646
NME1,0.2593982
NME2,0.04521515
MBTD1,0.053554762
UTP18,0.091870874
TOM1L1,0.20790751
COX11,0.1842866
STXBP4,0.11293013
HLF,0.07310567
MMD,0.082377344
PCTP,0.034890946
C17orf67,0.011971433
DGKE,0.045589767
TRIM25,0.06406053
COIL,0.067779094
SCPEP1,0.8301177
AKAP1,0.17203037
ENSG00000263089,0.00606407
MSI2,0.57333505
MRPS23,0.26480252
CUEDC1,0.11140574
VEZF1,0.17457823
ENSG00000264112,0.017845828
SRSF1,0.36777127
DYNLL2,0.3147826
TSPOAP1-AS1,0.003595846
MIR142HG,0.017609173
SUPT4H1,0.31450483
MTMR4,0.07275163
SEPTIN4,0.05629844
RAD51C,0.17247118
TRIM37,0.054281257
SKA2,0.186607
PRR11,0.0016760149
YPEL2,0.037713602
DHX40,0.14909433
ENSG00000273702,0.034259427
CLTC,0.55925864
PTRH2,0.10825137
VMP1,0.5420804
TUBD1,0.040043738
RPS6KB1,0.081397
RNFT1,0.03802702
HEATR6,0.023094952
USP32,0.028487828
APPBP2,0.13909304
BCAS3,0.06664329
TBX2-AS1,0.46876276
TBX2,0.42599568
LINC02875,0.008662031
INTS2,0.022535115
MED13,0.2239667
METTL2A,0.05393039
TLK2,0.07709379
ENSG00000277463,0.0
ENSG00000274565,0.0
MRC2,0.019753763
TANC2,0.0467389
CYB561,0.076511726
ACE,0.008544107
DCAF7,0.2128619
TACO1,0.116763
MAP3K3,0.06611213
STRADA,0.0125324335
LIMD2,0.07051417
CCDC47,0.2987328
DDX42,0.17525068
FTSJ3,0.053956874
PSMC5,0.5408972
SMARCD2,0.07855377
CD79B,0.014099746
SCN4A,0.004972904
ICAM2,0.15683156
ERN1,0.068037644
SNHG25,0.50363654
TEX2,0.05560796
PECAM1,0.13625902
MILR1,0.0049358862
POLG2,0.034453895
DDX5,1.3202989
CEP95,0.07912396
SMURF2,0.07213558
GNA13,0.08829925
RGS9,0.026030416
AXIN2,0.008877774
CEP112,0.01254254
APOH,0.0077194013
PRKCA,0.1623782
CACNG4,0.0
HELZ,0.15309118
HELZ-AS1,0.016849484
PSMD12,0.26682073
PITPNC1,0.03484801
NOL11,0.11126319
BPTF,0.32103798
C17orf58,0.046504635
KPNA2,0.08456271
ENSG00000278730,0.05557247
ENSG00000274561,0.013899783
AMZ2,0.12489879
ARSG,0.017687783
SLC16A6,0.008033579
WIPI1,0.03443547
PRKAR1A,0.7517196
FAM20A,0.01232697
ABCA8,0.004483572
ABCA9,0.0
ABCA6,0.0075000706
ABCA5,0.25918207
MAP2K6,0.078019574
ENSG00000267653,0.0022440602
KCNJ16,0.76241213
KCNJ2,0.018127281
SLC39A11,0.042740762
SSTR2,0.0074636294
COG1,0.051316105
VCF1,0.079162255
MTNAP1,0.06303925
CDC42EP4,0.13402124
SDK2,0.00044674423
RPL38,2.1709354
GPRC5C,0.48825213
CD300A,0.013335879
CD300C,0.0
CD300E,0.012132312
RAB37,0.009642581
CD300LF,0.0028030067
NHERF1,0.10614938
NAT9,0.09894259
TMEM104,0.026989177
FDXR,0.04509855
HID1,0.04204743
CDR2L,0.033419773
MRPL58,0.1410472
KCTD2,0.077050686
ATP5PD,1.3180282
ARMC7,0.094566904
NT5C,0.43662167
JPT1,0.3024267
SUMO2,1.3370986
NUP85,0.039236724
GGA3,0.06327632
MRPS7,0.4066735
MIF4GD,0.09495387
MIF4GD-DT,0.0
SLC25A19,0.018353734
GRB2,0.19903356
TMEM94,0.109152
CASKIN2,0.13195561
TSEN54,0.06422
LLGL2,0.36157873
RECQL5,0.12274686
SAP30BP,0.16327512
ITGB4,0.030996485
GALK1,0.12624177
H3-3B,1.8750883
UNK,0.08473367
UNC13D,0.00788001
WBP2,0.38343775
TRIM47,0.054114737
TRIM65,0.012240749
FBF1,0.008304072
ACOX1,0.17617671
TEN1,0.09110387
CDK3,0.019861005
SRP68,0.108758464
EXOC7,0.18915743
RNF157,0.015042751
UBALD2,0.20777425
PRPSAP1,0.12832104
SPHK1,0.007942172
UBE2O,0.029046018
RHBDF2,0.04153885
CYGB,0.0
PRCD,0.0
ENSG00000284526,0.0014168575
MXRA7,0.13216388
JMJD6,0.15780145
METTL23,0.153335
SRSF2,0.6821604
MFSD11,0.06693246
SEC14L1,0.42709586
SEPTIN9,0.26656473
TNRC6C,0.07625258
TMC6,0.049951784
TMC8,0.008948712
SYNGR2,0.3449922
TK1,0.0108879255
AFMID,0.12760505
LINC01993,0.0
SOCS3,0.12703536
PGS1,0.048737105
CYTH1,0.08482035
USP36,0.19234492
TIMP2,0.2542768
LGALS3BP,0.6928359
CANT1,0.11641973
C1QTNF1,0.05749047
ENGASE,0.044347316
CBX2,0.0
CBX4,0.10082525
TBC1D16,0.07422215
GAA,0.22792111
EIF4A3,0.22882594
SGSH,0.04908296
SLC26A11,0.049721584
RNF213,0.20704585
RNF213-AS1,0.007048733
ENDOV,0.07294963
RPTOR,0.014937295
CHMP6,0.080073304
BAIAP2-DT,0.05397781
BAIAP2,0.0910233
AATK,0.0068061133
CEP131,0.03433996
TEPSIN,0.061455615
NDUFAF8,0.5681584
SLC38A10,0.23555212
ENSG00000262877,0.031148415
BAHCC1,0.045228794
ACTG1,2.6685996
FAAP100,0.04712581
NPLOC4,0.12542218
OXLD1,0.21410686
CCDC137,0.059897378
ARL16,0.2528672
HGS,0.15157606
ENSG00000262049,0.031965155
MRPL12,0.46261832
SLC25A10,0.033186186
MCRIP1,0.288883
P4HB,0.49031925
ARHGDIA,0.58235687
ENSG00000263731,0.016691739
ALYREF,0.22345673
ANAPC11,0.7062997
NPB,0.012808079
PCYT2,0.09072649
SIRT7,0.0854626
MAFG,0.07835291
PYCR1,0.0010757166
ASPSCR1,0.11479139
CENPX,0.29539874
LRRC45,0.035736214
RAC3,0.022020448
DCXR,0.7208938
RFNG,0.13795173
GPS1,0.222771
DUS1L,0.21648173
FASN,0.061703194
CCDC57,0.108533174
SLC16A3,0.14944832
CSNK1D,0.2256926
CD7,0.055262953
SECTM1,0.02423065
OGFOD3,0.13705984
HEXD,0.10366328
CYBC1,0.124534346
NARF,0.08021572
FOXK2,0.07513766
ENSG00000261845,0.0
WDR45B,0.26124904
RAB40B,0.15205923
FN3KRP,0.07782509
FN3K,0.03399921
TBCD,0.112387456
METRNL,0.6994439
USP14,0.18806519
THOC1,0.079158686
COLEC12,0.0
TYMS,0.0019514186
ENOSF1,0.1618833
YES1,0.16276513
LINC00470,0.0
METTL4,0.06861514
NDC80,0.008280749
SMCHD1,0.18606123
EMILIN2,0.011373573
LPIN2,0.15772885
MYOM1,0.021549247
ENSG00000272688,0.04207445
MYL12A,1.4275466
MYL12B,1.745981
TGIF1,0.1643124
GAPLINC,0.0
DLGAP1-AS1,0.25942707
LINC00667,0.135144
ZBTB14,0.03604666
EPB41L3,0.11155642
L3MBTL4,0.015978865
L3MBTL4-AS1,0.0
PTPRM,0.109050795
RAB12,0.05325625
NDUFV2,0.96890706
ANKRD12,0.29805344
TWSG1,0.26263916
RALBP1,0.6262437
PPP4R1,0.14339726
RAB31,0.07095289
VAPA,0.8120237
APCDD1,0.0069260704
NAPG,0.106520616
PIEZO2,0.009421072
GNAL,0.011094348
CHMP1B,0.25511128
MPPE1,0.13358791
IMPA2,0.53797215
TUBB6,0.035530444
AFG3L2,0.3288852
PRELID3A,0.0037498183
SPIRE1,0.1459611
PSMG2,0.35550117
CEP76,0.01152996
PTPN2,0.120474465
SEH1L,0.074389294
CEP192,0.0452126
LDLRAD4,0.02238989
FAM210A,0.064197816
RNMT,0.2569912
ZNF519,0.006251926
ROCK1,0.23096804
ESCO1,0.1071324
SNRPD1,0.48549026
ABHD3,0.07223705
MIB1,0.15658145
GATA6,0.021291258
RBBP8,0.35612607
CABLES1,0.03567908
TMEM241,0.012756433
RIOK3,0.14265867
RMC1,0.06423566
NPC1,0.072430186
ANKRD29,0.03588354
LAMA3,0.005772794
TTC39C,0.0482881
OSBPL1A,0.1386175
IMPACT,0.08491658
ZNF521,0.0071969954
SS18,0.19963941
KCTD1,0.17487875
CDH2,0.03562892
DSC2,0.09956249
DSG2,0.39631692
TTR,0.019879932
B4GALT6,0.022286618
TRAPPC8,0.08154349
RNF125,0.008926014
RNF138,0.0588479
ENSG00000263393,0.0
DTNA,0.015000746
MAPRE2,0.09997799
ZNF397,0.06540885
ZSCAN30,0.034945093
ZNF24,0.26692113
ZNF396,0.006473806
INO80C,0.08761842
GALNT1,0.10247899
C18orf21,0.07034014
RPRD1A,0.14813879
SLC39A6,0.22099245
ELP2,0.12989321
COSMOC,0.041753903
MOCOS,0.021654377
TPGS2,0.13340618
KIAA1328,0.024638526
CELF4,0.0
PIK3C3,0.105703056
SETBP1,0.14118001
SLC14A1,0.046828404
EPG5,0.03979139
PSTPIP2,0.016186165
ATP5F1A,1.0814786
HAUS1,0.06335953
ARK2N,0.056256805
ARK2C,0.006961626
PIAS2,0.11487401
KATNAL2,0.043521713
HDHD2,0.09896071
IER3IP1,0.40228814
SMAD2,0.18369406
CTIF,0.069539726
SMAD7,0.074882954
DYM,0.06568937
C18orf32,0.25836357
RPL17-C18orf32,0.0
RPL17,0.56646734
LIPG,0.020996794
ACAA2,0.3756751
SNHG22,0.0
MYO5B,0.044908866
MBD1,0.099500656
CXXC1,0.09962727
MRO,0.046032563
ME2,0.09761289
ELAC1,0.07041322
SMAD4,0.1918267
MEX3C,0.066721104
MBD2,0.21876058
ENSG00000277324,0.0
POLI,0.070017636
C18orf54,0.009363897
RAB27B,0.0
CCDC68,0.029921541
TCF4,0.10990788
TXNL1,0.32786408
WDR7,0.030468933
FECH,0.17835374
NARS1,0.3824667
ATP8B1-AS1,0.008932827
ATP8B1,0.08274213
NEDD4L,0.5228018
MALT1,0.074598804
ZNF532,0.055439528
SEC11C,0.4688029
LMAN1,0.5328669
CCBE1,0.023583522
PMAIP1,0.0370007
RNF152,0.22282459
PIGN,0.04552685
RELCH,0.07341258
TNFRSF11A,0.0014047709
ZCCHC2,0.06407981
PHLPP1,0.025709717
BCL2,0.11994267
KDSR,0.1925239
VPS4B,0.19260088
SERPINB2,0.0
ENSG00000283667,0.00732281
SERPINB8,0.005633425
CDH19,0.0
DSEL,0.025218816
TMX3,0.10929395
CCDC102B,0.018747967
DOK6,0.005921092
CD226,0.0034626683
RTTN,0.016289884
SOCS6,0.07975777
TIMM21,0.07783594
CYB5A,1.6093485
CNDP2,0.34280583
ZNF407-AS1,0.06355601
ZNF407,0.050882883
PTGR3,0.120785624
TSHZ1,0.06961951
ZNF516,0.055271447
ZNF236,0.03453446
MBP,0.20412405
ATP9B,0.07475448
NFATC1,0.04341923
CTDP1,0.041129384
SLC66A2,0.20714499
HSBP1L1,0.31725797
TXNL4A,0.5571492
RBFA,0.08291733
RBFADN,0.0032444654
ADNP2,0.099132776
PARD6G,0.03879328
C20orf96,0.027672933
ZCCHC3,0.11605497
SOX12,0.039445154
NRSN2,0.066382796
TRIB3,0.014498781
RBCK1,0.31058177
TBC1D20,0.12410845
CSNK2A1,0.2697602
TCF15,0.0
FAM110A,0.028615074
PSMF1,0.2104269
TMEM74B,0.0
SDCBP2,0.037943695
FKBP1A,0.619268
NSFL1C,0.19288787
SIRPB2,0.0
SIRPA,0.082600266
STK35,0.03733021
SNRPB,0.59343827
NOP56,0.11373515
IDH3B,0.25749397
EBF4,0.020512791
PCED1A,0.0831783
VPS16,0.08457502
PTPRA,0.3313526
MRPS26,0.3902263
UBOX5,0.029233847
FASTKD5,0.0775056
LZTS3,0.07657983
DDRGK1,0.3424834
ITPA,0.23015407
DNAAF9,0.08445197
ATRN,0.11752641
SIGLEC1,0.0
HSPA12B,0.01355895
ADISSP,0.096099064
CENPB,0.1877187
CDC25B,0.021754194
AP5S1,0.02547664
MAVS,0.10383496
PANK2-AS1,0.010091013
PANK2,0.06791811
RNF24,0.059616435
SMOX,0.011851778
PRNP,0.15696827
RASSF2,0.0066163354
SLC23A2,0.07135049
TMEM230,0.6559661
PCNA,0.20505539
CDS2,0.14065288
GPCPD1,0.107591
SHLD1,0.035814416
TRMT6,0.06453681
MCM8,0.017822575
CRLS1,0.11544168
BMP2,0.02432329
TMX4,0.33429554
PLCB1,0.05567657
PLCB4,0.038195603
MKKS,0.119488746
SLX4IP,0.022045715
JAG1,0.28742507
BTBD3,0.09335822
TASP1,0.03147646
ESF1,0.2648301
NDUFAF5,0.06688215
FLRT3,0.07165566
KIF16B,0.097049154
SNRPB2,0.55194324
DSTN,1.6322929
RRBP1,0.29513413
SNX5,0.25645593
OVOL2,0.018314453
MGME1,0.07147721
PET117,0.079608254
KAT14,0.025796654
ZNF133,0.031336136
POLR3F,0.047619652
RBBP9,0.0629136
SEC23B,0.19492213
SMIM26,0.831603
DTD1,0.15465759
SLC24A3,0.0028271347
RIN2,0.15101948
NAA20,0.5153759
CRNKL1,0.1130562
RALGAPA2,0.068877056
KIZ,0.08718869
KIZ-AS1,0.0
XRN2,0.2455748
THBD,0.037519023
CD93,0.090813056
NXT1,0.14175603
GZF1,0.06711115
NAPB,0.028810974
CST3,1.3333876
CST7,0.076171815
APMAP,0.22679485
ACSS1,0.19686952
ENTPD6,0.100971825
PYGB,0.15759607
ABHD12,0.1769008
ZNF337,0.04838416
REM1,0.0
HM13,0.32896116
ID1,0.5258317
COX4I2,0.05799138
BCL2L1,0.38557225
FOXS1,0.003820887
PDRG1,0.15300393
CCM2L,0.015555081
HCK,0.013535816
TM9SF4,0.15850042
PLAGL2,0.050100483
POFUT1,0.10531222
KIF3B,0.18599126
ASXL1,0.17047383
NOL4L,0.06801722
ENSG00000277301,0.0
COMMD7,0.22517024
MAPRE1,0.27756572
ENSG00000260257,0.039445553
BPIFB1,0.0
CDK5RAP1,0.059115436
SNTA1,0.106166065
CBFA2T2,0.054677777
NECAB3,0.09824423
PXMP4,0.0691564
ZNF341,0.006038316
CHMP4B,0.21699032
RALY-AS1,0.036056656
RALY,0.29928148
EIF2S2,0.41609582
ASIP,0.0
AHCY,0.083798945
ITCH,0.12374128
DYNLRB1,1.1198477
MAP1LC3A,0.6401409
NCOA6,0.073738866
TP53INP2,0.2844357
ACSS2,0.09609279
GSS,0.08446254
TRPC4AP,0.12529287
EDEM2,0.09358899
PROCR,0.010864723
MMP24OS,0.94680357
EIF6,0.543523
UQCC1,0.08550482
CEP250,0.018506657
ERGIC3,0.40898773
CPNE1,0.16172482
RBM12,0.20797849
NFS1,0.12079313
ROMO1,1.0568279
RBM39,0.69116044
PHF20,0.14640631
SCAND1,0.933597
NORAD,0.66043437
EPB41L1,0.1940384
AAR2,0.051065337
DLGAP4,0.10627537
MYL9,0.46245047
TGIF2,0.07367033
RAB5IF,0.25168592
SLA2,0.013426539
NDRG3,0.059440352
DSN1,0.023217836
MTCL2,0.044983614
SAMHD1,0.048909195
RBL1,0.019772602
RPN2,0.50291926
MANBAL,0.17071067
SRC,0.07045885
BLCAP,0.2573844
CTNNBL1,0.11209998
TTI1,0.04777944
RPRD1B,0.09546474
TGM2,0.04001054
RALGAPB,0.1268639
ACTR5,0.017541582
PPP1R16B,0.023243416
FAM83D,0.0011430432
DHX35,0.04226023
MAFB,0.08129002
TOP1,0.39523977
PLCG1-AS1,0.0
ZHX3,0.15636823
LPIN3,0.04765358
CHD6,0.17674544
PTPRT,0.0
SRSF6,0.37255788
IFT52,0.06424348
TOX2,0.018576762
JPH2,0.010833599
OSER1,0.14701821
OSER1-DT,0.040104203
FITM2,0.07268033
TTPAL,0.049335886
SERINC3,0.32946813
PKIG,0.26891482
ADA,0.01816197
CCN5,0.0
KCNK15,0.003635436
YWHAB,0.78265417
TOMM34,0.071229644
STK4,0.13264933
SDC4,0.98788553
SYS1,0.18891715
PIGT,0.2738508
WFDC2,1.1202754
DNTTIP1,0.12703364
UBE2C,0.0
SNX21,0.08514163
ACOT8,0.11259061
ZSWIM3,0.008997835
ZSWIM1,0.012606902
CTSA,0.36922306
PLTP,0.04495205
PCIF1,0.1052266
ZNF335,0.06915571
MMP9,0.0
NCOA5,0.075421944
CD40,0.07519741
SLC35C2,0.14651944
ELMO2,0.04043776
TP53RK,0.10276318
SLC2A10,0.021290332
EYA2,0.008911819
ZMYND8,0.13155825
NCOA3,0.14467075
SULF2,0.07728631
PREX1,0.051376298
ENSG00000278231,0.0050766156
ARFGEF2,0.12080791
CSE1L,0.1490263
STAU1,0.22542988
DDX27,0.14250472
ZNFX1,0.08301377
ZFAS1,0.7715196
PTGIS,0.017791972
B4GALT5,0.067383714
SLC9A8,0.03768916
SPATA2,0.036110636
RNF114,0.29198223
SNAI1,0.015292611
UBE2V1,0.06938948
PEDS1,0.08550436
CEBPB,0.37940738
PELATON,0.031139927
PTPN1,0.11813942
RIPOR3,0.019361889
PARD6B,0.28299725
BCAS4,0.07171145
ADNP,0.23454684
DPM1,0.2172586
MOCS3,0.0122323055
NFATC2,0.012495964
ATP9A,0.12053417
TSHZ2,0.023332797
ZNF217-AS1,0.0
ZNF217,0.10165024
BCAS1,0.004406601
PFDN4,0.25554654
DOK5,0.02736673
CBLN4,0.0
FAM210B,0.15896243
CSTF1,0.06923938
CASS4,0.0
RTF2,0.34006944
TFAP2C,0.0016945726
RAE1,0.11417905
RBM38,0.049459662
ZBP1,0.009105641
PMEPA1,0.09727638
RAB22A,0.11950179
VAPB,0.1507069
STX16,0.12737891
NPEPL1,0.1473962
GNAS,1.5814254
NELFCD,0.13152435
CTSZ,0.2044766
ATP5F1E,2.5458481
PRELID3B,0.14817917
FAM217B,0.049648184
PPP1R3D,0.023849918
TAF4,0.036709793
LSM14B,0.034931026
PSMA7,0.77747196
SS18L1,0.05346172
MTG2,0.083926365
OSBPL2,0.110883005
ADRM1,0.3772895
LAMA5,0.26593935
RPS21,2.3449848
CABLES2,0.009700556
GATA5,0.015435465
SLCO4A1,0.0524803
MRGBP,0.08430595
OGFR,0.13445248
TCFL5,0.018093191
DIDO1,0.1292655
GID8,0.20663187
YTHDF1,0.12728646
BIRC7,0.0
ARFGAP1,0.100738175
EEF1A2,0.0053230342
PPDPF,1.607127
HELZ2,0.041159667
GMEB2,0.029931802
MHENCR,0.06710528
STMN3,0.022914346
ARFRP1,0.17743707
SLC2A4RG,0.3363215
ZBTB46,0.029778976
TPD52L2,0.15414105
DNAJC5,0.15442877
UCKL1,0.13644859
ZNF512B,0.044263393
SAMD10,0.035413872
PRPF6,0.21769604
C20orf204,0.013177068
SOX18,0.08264523
TCEA2,0.2553964
RGS19,0.04293085
OPRL1,0.0
PCMTD2,0.21322888
PLPP2,0.006289426
MIER2,0.07229934
SHC2,0.042759925
TPGS1,0.25200933
CDC34,0.12821828
GZMM,0.03809173
BSG,1.3716161
POLRMT,0.0905299
FGF22,0.0
RNF126,0.1465061
FSTL3,0.073802955
PALM,0.15634876
MISP,0.011003414
PTBP1,0.38126588
PLPPR3,0.0
CFD,0.07855777
MED16,0.1452392
R3HDM4,0.15251577
ARID3A,0.057148185
WDR18,0.17658582
TMEM259,0.34636194
CNN2,0.25344828
ABCA7,0.03188244
ARHGAP45,0.028369078
POLR2E,0.3139692
GPX4,1.5836865
SBNO2,0.056443688
STK11,0.21196663
ATP5F1D,1.8149266
MIDN,0.42099878
CIRBP,1.3645047
FAM174C,0.25672382
PWWP3A,0.16470963
NDUFS7,0.9791762
GAMT,0.20435005
DAZAP1,0.15065289
RPS15,2.8649442
ENSG00000268798,0.0
C19orf25,0.16487642
REEP6,0.034903932
ADAMTSL5,0.0027877332
MEX3D,0.061582785
MBD3,0.19220208
UQCR11,1.9377544
TCF3,0.081707306
ATP8B3,0.0
REXO1,0.06395509
KLF16,0.07277526
ENSG00000261526,0.04429452
ABHD17A,0.2840243
SCAMP4,0.17958178
CSNK1G2,0.123341046
BTBD2,0.12688735
MKNK2,0.33315554
MOB3A,0.04368433
AP3D1,0.18680361
DOT1L,0.10354894
PLEKHJ1,0.49980956
SF3A2,0.06528511
OAZ1,1.5877125
LSM7,0.7914493
SPPL2B,0.15044622
TIMM13,0.6417694
LMNB2,0.05259933
GADD45B,0.62444043
GNG7,0.12305951
DIRAS1,0.020473724
SLC39A3,0.162619
SGTA,0.20704368
THOP1,0.060125258
ZNF555,0.022258978
ZNF77,0.021349758
TLE6,0.017933352
TLE2,0.09125602
TLE5,1.0946963
GNA11,0.27545995
GNA15,0.0036215794
S1PR4,0.024924362
NCLN,0.09080187
NFIC,0.38603064
DOHH,0.056390807
FZR1,0.097059
MFSD12,0.1718396
HMG20B,0.23190331
GIPC3,0.008408444
TBXA2R,0.019278906
CACTIN,0.04405557
PIP5K1C,0.06265114
TJP3,0.075687446
APBA3,0.039012376
MRPL54,0.65525424
MATK,0.03506401
DAPK3,0.057849802
EEF2,1.0132488
PIAS4,0.06763463
ZBTB7A,0.17165181
MAP2K2,0.37638113
SIRT6,0.045987464
EBI3,0.005297104
YJU2,0.06926624
TMIGD2,0.0064362204
STAP2,0.054286435
MPND,0.058465388
SH3GL1,0.066314384
UBXN6,0.32297075
HDGFL2,0.11392257
PLIN5,0.06391336
LRG1,0.0075076907
SEMA6B,0.0037726457
TNFAIP8L1,0.01682438
MYDGF,0.38635606
DPP9,0.08553163
FEM1A,0.08280893
ENSG00000269604,0.0049127378
TICAM1,0.039981168
PLIN3,0.074140914
KDM4B,0.053006575
PTPRS,0.021521194
TINCR,0.008142925
SAFB2,0.21901505
SAFB,0.2201656
RPL36,2.8432064
MICOS13,1.1299682
HSD11B1L,0.093794
LONP1,0.1901971
DUS3L,0.039079998
NRTN,0.041869286
NDUFA11,1.2094097
VMAC,0.017203981
ENSG00000267571,0.0
CAPS,0.1968672
RANBP3,0.10224269
RFX2,0.008593778
MLLT1,0.15789449
CLPP,0.27843475
ALKBH7,0.78160506
PSPN,0.0070619644
GTF2F1,0.11131807
KHSRP,0.1895184
CRB3,0.19009264
DENND1C,0.0076193367
TNFSF9,0.0095591135
TNFSF14,0.0
C3,0.027561866
GPR108,0.26711532
SH2D3A,0.072533734
VAV1,0.0060453066
ZNF557,0.03804961
INSR,0.35021207
PEX11G,0.046701793
ZNF358,0.18401976
MCOLN1,0.08991683
PNPLA6,0.12455567
XAB2,0.12342973
PET100,1.0936526
STXBP2,0.19162281
RETN,0.0
MCEMP1,0.0
TRAPPC5,0.025786275
CLEC4G,0.0
CD209,0.0
CLEC4M,0.005281022
EVI5L,0.02978002
MAP2K7,0.12117369
TGFBR3L,0.0064967074
SNAPC2,0.06077057
CTXN1,0.038313672
TIMM44,0.1433939
ELAVL1,0.23436193
CERS4,0.17465438
CD320,0.1837327
NDUFA7,0.51420325
RPS28,3.3487885
KANK3,0.07484364
ANGPTL4,0.053144388
RAB11B-AS1,0.02592912
RAB11B,0.45089343
MARCHF2,0.11837976
HNRNPM,0.6756334
PRAM1,0.009621682
ZNF414,0.095620565
MYO1F,0.023394655
ADAMTS10,0.0047344067
ZNF558,0.021097945
ZNF317,0.044794817
ZNF559,0.041320518
ZNF426,0.08430262
ZNF121,0.06291827
ZNF561,0.0673122
ZNF562,0.06275513
FBXL12,0.06965517
UBL5,2.0487037
PIN1,0.4036678
OLFM2,0.0061436207
SHFL,0.09287619
ANGPTL6,0.0020547041
PPAN,0.06555385
EIF3G,0.64327925
DNMT1,0.07092016
S1PR2,0.028725278
MRPL4,0.37451336
ICAM1,0.027934618
ZGLP1,0.015464003
ENSG00000167807,0.010497056
FDX2,0.15905397
RAVER1,0.01087708
ICAM3,0.1009688
TYK2,0.18381491
CDC37,0.40788013
PDE4A,0.06117217
KEAP1,0.09233112
ATG4D,0.13471487
KRI1,0.040324915
CDKN2D,0.06986458
AP1M2,0.2491991
SLC44A2,0.38911745
ILF3-DT,0.18800525
ILF3,0.32385454
QTRT1,0.24218583
DNM2,0.23418951
TMED1,0.2568019
C19orf38,0.015959945
CARM1,0.06783093
YIPF2,0.16877037
TIMM29,0.03899152
SMARCA4,0.21335249
LDLR,0.15136433
KANK2,0.117863566
DOCK6,0.070438325
RAB3D,0.044983756
TMEM205,0.7995418
CCDC159,0.06433599
PLPPR2,0.04159993
EPOR,0.14458239
RGL3,0.14550695
ODAD3,0.08658832
PRKCSH,0.42666522
ECSIT,0.2004558
CNN1,0.045002718
ELOF1,0.18380924
ZNF627,0.03574501
ACP5,0.021384874
ZNF823,0.015637636
ZNF441,0.033717796
ZNF439,0.01624254
ZNF69,0.01384179
ZNF700,0.033479877
ZNF763,0.008531749
ZNF844,0.070780806
ZNF788P,0.017525151
ZNF625,0.004961186
ZNF136,0.051578294
ZNF44,0.18825775
ZNF563,0.011840682
ZNF442,0.014829451
ENSG00000268744,0.0026671593
ZNF799,0.017497305
ZNF564,0.007335646
ZNF791,0.10206319
MAN2B1,0.011391158
WDR83,0.06292524
WDR83OS,1.2003305
DHPS,0.22287087
ENSG00000268945,0.0
FBXW9,0.037051845
TNPO2,0.10698829
TRIR,0.9317823
GET3,0.2889341
HOOK2,0.13281801
JUNB,1.4168062
PRDX2,1.3370129
DNASE2,0.11511526
GCDH,0.07052719
FARSA,0.1598134
CALR,1.0286167
ENSG00000267458,0.012822928
RAD23A,0.33428666
GADD45GIP1,0.7229559
NFIX,0.05316885
LYL1,0.022710755
TRMT1,0.09315041
NACC1,0.08107034
STX10,0.13691992
IER2,1.5719267
YJU2B,0.13765529
MRI1,0.05531194
C19orf53,0.96015376
ZSWIM4,0.020706626
MIR23AHG,0.09634913
CC2D1A,0.05840603
DCAF15,0.06524375
RFX1,0.09054992
IL27RA,0.020411704
PALM3,0.03848599
MISP3,0.1026195
SAMD1,0.088419035
PRKACA,0.17023884
ASF1B,0.0
ADGRL1-AS1,0.015122911
ADGRL1,0.051440876
ADGRE5,0.061733656
DDX39A,0.08439403
PKN1,0.15900932
PTGER1,0.3076094
GIPC1,0.30529276
DNAJB1,0.52399313
TECR,0.8359262
NDUFB7,1.5527109
ZNF333,0.018630704
ADGRE2,0.003553802
SYDE1,0.028992353
ILVBL,0.24895325
NOTCH3,0.22040237
BRD4,0.25181666
AKAP8,0.080602825
AKAP8L,0.209988
WIZ,0.09706589
RASAL3,0.012842368
PGLYRP2,0.004825178
CYP4F12,0.005046298
TPM4,0.6258576
RAB8A,0.23008831
HSH2D,0.013984393
FAM32A,0.18172543
AP1M1,0.0582808
KLF2-DT,0.0
KLF2,0.32496443
EPS15L1,0.044860758
C19orf44,0.02290141
CHERP,0.10079103
SLC35E1,0.12046695
MED26,0.017170722
SMIM7,0.39738268
TMEM38A,0.06857922
SIN3B,0.08455865
F2RL3,0.033134688
CPAMD8,0.029583571
HAUS8,0.019573394
MYO9B,0.0549488
USE1,0.15551427
OCEL1,0.11574939
NR2F6,0.2049535
USHBP1,0.019555401
BABAM1,0.18834023
ABHD8,0.04733145
MRPL34,0.710011
DDA1,0.19514018
GTPBP3,0.055153925
PLVAP,0.08809474
BST2,0.91631705
BISPR,0.029226279
MVB12A,0.20518067
SLC27A1,0.053687543
PGLS,0.38273957
COLGALT1,0.05736996
MAP1S,0.08356916
FCHO1,0.0044752704
JAK3,0.0063698
RPL18A,2.4416373
CCDC124,0.32930803
ARRDC2,0.09184615
IL12RB1,0.0
MAST3,0.018092923
PIK3R2,0.010755249
IFI30,0.0155461095
MPV17L2,0.05673369
JUND,1.9454975
LSM4,0.517504
PGPEP1,0.08753688
GDF15,1.0706509
LRRC25,0.018460171
SSBP4,0.22097139
ISYNA1,0.26498637
ELL,0.06796265
FKBP8,0.62435496
KXD1,0.14213689
UBA52,1.9798717
CRLF1,0.005339387
REX1BD,0.6583697
KLHL26,0.02844489
CRTC1,0.114039935
UPF1,0.19720283
COPE,0.7487051
DDX49,0.09905189
HOMER3,0.08491771
SUGP2,0.17425306
ARMC6,0.049382035
SLC25A42,0.051636245
TMEM161A,0.11376555
BORCS8,0.17096314
RFXANK,0.16897796
NR2C2AP,0.06375518
SUGP1,0.071403705
MAU2,0.086165026
GATAD2A,0.15727793
NDUFA13,1.6569458
PBX4,0.007788265
GMIP,0.013887261
ATP13A1,0.1146024
ZNF101,0.015515434
ZNF14,0.026364844
ZNF506,0.08853195
ZNF253,0.01936323
ZNF93,0.00692178
ZNF682,0.018251479
ZNF90,0.007968366
ENSG00000267383,0.010513129
ZNF486,0.020278657
ZNF737,0.01754331
ZNF626,0.10596114
ZNF66,0.015613985
ZNF85,0.018191049
ZNF430,0.067770205
ZNF714,0.009192334
ZNF431,0.054736834
ZNF708,0.030601015
ZNF738,0.0441825
ZNF493,0.10554539
LINC00664,0.0
ZNF429,0.049272213
ZNF100,0.049515568
ZNF43,0.047040176
ZNF208,0.02711804
ZNF257,0.006505706
ZNF676,0.039439663
ZNF730,0.0
ZNF91,0.18960293
ZNF675,0.023375863
ZNF254,0.060746998
ENSG00000268362,0.014753258
LINC00662,0.04643356
ENSG00000261770,0.0
LINC02987,0.025187327
UQCRFS1,0.9404463
POP4,0.2084801
PLEKHF1,0.018903052
C19orf12,0.06595041
URI1,0.1984681
TSHZ3,0.009580656
ZNF507,0.050176904
DPY19L3,0.045524303
PDCD5,0.6161421
ANKRD27,0.046583876
NUDT19-DT,0.017283447
NUDT19,0.06055868
CEP89,0.055624735
RHPN2,0.037168283
GPATCH1,0.039866686
LRP3,0.06554934
CEBPA,0.012036163
CEBPG,0.10033753
PEPD,0.24386749
KCTD15,0.013395327
SUNO1,0.0040661413
LSM14A,0.22390902
GARRE1,0.15160808
GPI,0.55361
PDCD2L,0.027202748
UBA2,0.1942292
WTIP,0.12577862
ZNF302,0.09973199
ZNF181,0.038833965
ZNF599,0.055422507
ZNF30,0.005040052
ZNF792,0.0035696311
GRAMD1A,0.06338884
SCN1B,0.023823349
HPN,0.31000116
FXYD3,0.15469286
LGI4,0.016185375
FXYD1,0.08894867
FXYD5,0.12504269
LSR,0.23865551
USF2,0.22487871
HAMP,0.0
CD22,0.0
FFAR2,0.0
DMKN,0.61414313
TMEM147,0.5887735
HAUS5,0.02502953
RBM42,0.29839787
COX6B1,2.0316803
KMT2B,0.078586675
U2AF1L4,0.10108303
PSENEN,0.37244028
LIN37,0.0067049856
HSPB6,0.014379773
PROSER3,0.0039978973
ARHGAP33,0.022130528
APLP1,0.009950843
NFKBID,0.020208402
HCST,0.1605113
TYROBP,0.14739564
LRFN3,0.027177451
SDHAF1,0.14824562
SYNE4,0.07445465
ALKBH6,0.059251256
CLIP3,0.024810918
POLR2I,0.76581645
TBCB,0.44576734
CAPNS1,0.7266826
COX7A1,1.0418081
ZNF565,0.003573252
ZNF146,0.11275161
LINC00665,0.097043134
ZFP14,0.046276078
ZFP82,0.020148931
ZNF566,0.029396415
ZNF260,0.0575879
ZNF529,0.050043877
ZNF529-AS1,0.0378612
ZNF382,0.017891683
ZNF461,0.013094679
ZNF567,0.047745023
ZNF850,0.0035877693
ZNF790-AS1,0.034269888
ZNF790,0.021741867
ZNF345,0.031717837
ZNF829,0.011205572
ZNF568,0.019720418
ZNF420,0.03994367
ZNF585A,0.03556041
ZNF383,0.030977162
LINC01535,0.025749026
ZNF875,0.062201563
ENSG00000276846,0.0
ZNF569,0.022121098
ZNF570,0.032259934
ZNF793-AS1,0.02433389
ZNF540,0.03070861
ZNF571,0.029618919
ZFP30,0.031306803
ZNF781,0.015630743
ZNF573,0.018909413
SIPA1L3,0.12746796
SPINT2,1.0163118
PPP1R14A,0.1529968
C19orf33,0.032544736
YIF1B,0.09448063
KCNK6,0.016991282
PSMD8,0.6121276
SPRED3,0.006331396
FAM98C,0.123561405
RASGRP4,0.0
RYR1,0.0030918235
MAP4K1,0.010705879
EIF3K,1.4563199
ACTN4,0.79593813
CAPN12,0.017773835
LGALS4,0.0038615968
ECH1,0.7919804
HNRNPL,0.15124607
RINL,0.017288614
SIRT2,0.13937208
NFKBIB,0.09459826
SARS2,0.056014046
MRPS12,0.5181644
FBXO17,0.10051274
FBXO27,0.019064797
PAK4,0.1498489
LRFN1,0.0
GMFG,0.17862493
SAMD4B,0.19930355
PAF1,0.16936591
MED29,0.15742975
ZFP36,1.1537824
RPS16,1.5928773
SUPT5H,0.24063466
TIMM50,0.15879455
DLL3,0.0014104784
EID2,0.06941669
DYRK1B,0.051972516
FBL,0.20420368
PSMC4,0.30521974
ZNF546,0.008111246
ZNF780B,0.06977385
ZNF780A,0.06258165
MAP3K10,0.035632435
AKT2,0.1551928
PLD3,0.38642645
PRX,0.03524928
SERTAD1,0.6969763
SERTAD3,0.3089013
BLVRB,0.66688144
SHKBP1,0.09554664
LTBP4,0.08717764
NUMBL,0.013994446
COQ8B,0.054859903
ITPKC,0.030507015
ACTMAP,0.025179187
SNRPA,0.16461979
RAB4B,0.0033071355
EGLN2,0.0071228733
AXL,0.054118663
HNRNPUL1,0.21160188
TGFB1,0.11418566
CCDC97,0.04388458
TMEM91,0.11873943
B9D2,0.051272865
EXOSC5,0.06669298
B3GNT8,0.037749756
DMAC2,0.103939556
PCAT19,0.038657915
LINC01480,0.0
ENSG00000268027,0.006133837
CEACAM21,0.0
RPS19,2.654761
ARHGEF1,0.08448291
RABAC1,0.9254323
ZNF574,0.031556807
POU2F2,0.016688216
DEDD2,0.09905662
GSK3A,0.17276004
ERF,0.20080894
CIC,0.118760884
PAFAH1B3,0.1608345
MEGF8,0.0837937
CNFN,0.023090297
LIPE-AS1,0.1005342
LIPE,0.011840565
CEACAM1,0.052997906
ETHE1,0.17465779
XRCC1,0.06661766
PINLYP,0.063391216
IRGQ,0.069590606
ZNF576,0.06527992
ZNF428,0.44170883
CADM4,0.04400132
PLAUR,0.03446441
SMG9,0.038286854
ZNF283,0.022869064
ZNF155,0.019568464
ZNF230,0.017568655
ZNF224,0.052416418
ZNF225,0.012231239
ZNF234,0.023990517
ZNF226,0.104278736
ZNF227,0.025816591
ZNF235,0.01390567
ZNF233,0.0016558616
ZNF112,0.009404335
ZNF180,0.024601271
PVR,0.072851
BCL3,0.03992239
BCAM,1.267583
NECTIN2,0.33245152
TOMM40,0.1523557
APOE,0.8687429
APOC1,0.20246235
CLPTM1,0.31030363
RELB,0.06871697
CLASRP,0.06656437
ZNF296,0.0064705987
GEMIN7,0.09316531
MARK4,0.055347532
PPP1R37,0.054254252
TRAPPC6A,0.4229133
BLOC1S3,0.010535389
EXOC3L2,0.03739091
ERCC2,0.037046492
PPP1R13L,0.024473285
POLR1G,0.013891618
ERCC1,0.22660096
FOSB,0.55908227
RTN2,0.03110238
PPM1N,0.0054590018
VASP,0.12539746
OPA3,0.056311227
GPR4,0.019293025
EML2,0.15261756
SNRPD2,0.828747
FBXO46,0.051046014
SIX5,0.04784704
DMPK,0.057774056
DMWD,0.09032987
SYMPK,0.23736739
IRF2BP1,0.13092741
MYPOP,0.039834566
NOVA2,0.025776684
CCDC61,0.047027636
HIF3A,0.044120263
PPP5C,0.1519295
CCDC8,0.046678226
PNMA8B,0.0
CALM3,0.58731496
PTGIR,0.0
DACT3,0.03218256
PRKD2,0.07119317
STRN4,0.12178797
SLC1A5,0.11126679
AP2S1,0.5945478
ARHGAP35,0.13484044
TMEM160,0.65431046
ZC3H4,0.095958635
SAE1,0.07770452
BBC3,0.016514067
CCDC9,0.04379969
INAFM1,0.10000358
C5AR1,0.032380864
C5AR2,0.013875782
DHX34,0.026932819
MEIS3,0.0
KPTN,0.03336341
NAPA,0.5368385
BICRA,0.021368358
EHD2,0.040101703
NOP53,0.7005304
SELENOW,1.2017474
SULT2A1,0.0
PLA2G4C,0.01933318
LIG1,0.048104797
ZSWIM9,0.032976486
CARD8,0.08668411
CARD8-AS1,0.022741469
ZNF114,0.0
EMP3,0.30132028
TMEM143,0.041336615
KDELR1,0.5854092
GRWD1,0.088866845
KCNJ14,0.0043317094
CYTH2,0.20243707
LMTK3,0.025061142
SULT2B1,0.0028972873
RPL18,2.5333443
SPHK2,0.04568323
DBP,0.06326356
CA11,0.15316804
RASIP1,0.05172215
FUT1,0.016483184
BCAT2,0.121998884
HSD17B14,0.07999851
PLEKHA4,0.020950422
PPP1R15A,0.32963616
NUCB1,0.50709206
BAX,0.24819513
FTL,2.8346345
GYS1,0.063495375
RUVBL2,0.08048371
SNRNP70,0.5184114
LIN7B,0.037489828
PPFIA3,0.028793888
HRC,0.014266735
TRPM4,0.09641194
CD37,0.087407514
TEAD2,0.03921817
ENSG00000268157,0.0
PIH1D1,0.22628343
ALDH16A1,0.05802731
FLT3LG,0.015614293
RPL13A,1.6540387
RPS11,1.7350974
FCGRT,0.65473
RCN3,0.0051803775
NOSIP,0.2788821
PRRG2,0.064799294
PRR12,0.043467242
RRAS,0.26163876
SCAF1,0.15556474
IRF3,0.17433174
BCL2L12,0.057193037
PRMT1,0.48424283
ADM5,0.014115656
CPT1C,0.0055893157
AP2A1,0.10255969
FUZ,0.10011553
ENSG00000269194,0.04914514
MED25,0.13209452
PTOV1-AS1,0.004024376
PTOV1,0.33575812
PNKP,0.10194867
AKT1S1,0.14756733
TBC1D17,0.091517985
IL4I1,0.008011324
NUP62,0.050915144
ATF5,0.14033206
VRK3,0.07513791
ZNF473,0.011491867
MYH14,0.07323351
KCNC3,0.051719286
NR1H2,0.2238451
POLD1,0.01938269
EMC10,0.37620115
MYREM,0.0
JOSD2,0.25964716
C19orf81,0.06319272
CLEC11A,0.38154677
C19orf48P,0.09500339
CTU1,0.077744156
SIGLEC9,0.0
SIGLEC7,0.004589567
CD33,0.0
ETFB,0.83865315
NKG7,0.09038674
SIGLEC10,0.0072780475
SIGLEC8,0.0
ZNF175,0.019417454
SIGLEC14,0.007625124
SPACA6,0.07686516
FPR1,0.027034922
FPR2,0.0081615355
FPR3,0.0
ZNF577,0.08645249
ZNF649,0.039729763
ZNF350,0.023752114
ZNF615,0.026428945
ZNF614,0.033172604
ZNF432,0.026475133
ZNF841,0.006247291
ZNF836,0.042915713
PPP2R1A,0.53925794
ZNF766,0.04928952
ZNF480,0.076724455
ZNF528,0.053175267
ZNF808,0.066731185
ZNF701,0.053835385
ZNF83,0.116591975
ZNF611,0.03521279
ZNF600,0.01870055
ZNF28,0.054388214
ZNF468,0.044795666
ZNF816-ZNF321P,0.019680561
ZNF816,0.009820323
ZNF160,0.07098784
ZNF415,0.034392394
ZNF347,0.04325708
ZNF677,0.07649727
ZNF845,0.020115271
ZNF765,0.023378566
ZNF761,0.032636613
ZNF813,0.011737865
ZNF331,0.24622492
NLRP12,0.0
MYADM,0.21079095
CACNG8,0.0
OSCAR,0.0056321193
NDUFA3,1.5520148
TFPT,0.08691425
PRPF31,0.19762704
CNOT3,0.13392857
LENG1,0.15134522
TMC4,0.18030901
MBOAT7,0.13444436
TSEN34,0.28140575
RPS9,2.4518595
LILRB3,0.015647683
LILRA6,0.004588741
LILRB5,0.0
LILRB2,0.018200098
LILRA5,0.018121913
LILRA4,0.0
LAIR1,0.028210819
TTYH1,0.0
LENG8-AS1,0.0038122856
LENG8,0.27113998
LENG9,0.0010565118
CDC42EP5,0.031082844
LILRA2,0.00387391
LILRA1,0.0051517934
LILRB1,0.0047629573
LILRB4,0.0078050075
ENSG00000268734,0.0
NCR1,0.0
RDH13,0.07311563
PPP1R12C,0.14234571
TNNT1,0.0
TNNI3,0.0
PPP6R1,0.10143612
HSPBP1,0.16830958
BRSK1,0.0032584216
KMT5C,0.016121332
TMEM238,0.54241544
RPL28,2.9234602
UBE2S,0.2948131
ISOC2,0.28649363
ZNF628,0.021793786
NAT14,0.10333109
SSC5D,0.006315053
ZNF579,0.07839609
FIZ1,0.0644852
ZNF524,0.13841115
ZNF865,0.04487051
ZNF580,0.2852886
ZNF581,0.038447015
CCDC106,0.14831145
U2AF2,0.14278866
EPN1,0.38140637
ZNF787,0.10560982
ZNF444,0.0968511
ZSCAN5A,0.02451989
ZNF582,0.021544386
ZNF582-DT,0.05279243
ZNF583,0.02738174
ZNF667-AS1,0.41133615
ZNF471,0.030689873
ZFP28,0.029013418
ZNF470,0.024718167
ZNF71,0.00899557
ZNF835,0.005631665
PEG3,0.069801114
ZNF264,0.08800201
ZNF805,0.008423737
ENSG00000268713,0.018669449
ZNF460,0.025309205
ENSG00000268205,0.11614525
ZNF543,0.011711229
TRAPPC2B,0.23584653
ZNF548,0.049409058
ZNF772,0.029317621
ZNF419,0.022679383
ZNF773,0.01591301
ZNF550,0.019634597
ZIK1,0.010623862
ZNF134,0.056646608
ZNF211,0.03326087
ZNF551,0.013406552
ZNF154,0.033055317
ZNF776,0.057336714
ZNF552,0.031884823
ZNF587B,0.02263942
ZNF814,0.04988307
ZNF587,0.023216855
ZNF417,0.015783655
ZNF418,0.009980153
ZNF256,0.007338582
ZNF606,0.032563597
ZNF135,0.05174563
ZSCAN18,0.16953278
ZNF329,0.016211238
ZNF274,0.044720218
ZNF544,0.07565145
ZNF8-DT,0.057722036
ZNF8,0.023550889
ERVK3-1,0.06001267
ENSG00000283103,0.18397813
A1BG,0.18390054
ZNF837,0.01195877
RPS5,1.7753402
ZNF584,0.01638997
ZNF324,0.01904473
ZNF446,0.032111626
SLC27A5,0.14816314
ZBTB45,0.023530448
TRIM28,0.3569387
CHMP2A,0.76678514
UBE2M,0.520648
MZF1-AS1,0.024043614
MZF1,0.09963251
SEPTIN14P23,0.0
IL17RA,0.04873993
HDHD5,0.09121399
ADA2,0.07542504
ATP6V1E1,0.5733998
BCL2L13,0.1337659
BID,0.035066634
MICAL3,0.056805205
PEX26,0.06520063
USP18,0.023764146
TMEM191B,0.044771563
DGCR2,0.20865391
ESS2,0.047860365
SLC25A1,0.26115802
CLTCL1,0.0063262903
HIRA,0.032499664
C22orf39,0.24342386
MRPL40,0.49326098
UFD1,0.2356667
CDC45,0.0
CLDN5,0.086598374
GNB1L,0.011487021
RTL10,0.032175884
TXNRD2,0.16950463
COMT,0.65303946
ARVCF,0.024206301
TANGO2,0.062408026
DGCR8,0.029814059
TRMT2A,0.056662958
RANBP1,0.47353908
ZDHHC8,0.08422682
DGCR6L,0.34063852
KLHL22,0.040303484
MED15,0.09845593
PI4KA,0.09489329
SNAP29,0.10047634
CRKL,0.07220765
LINC01637,0.025520202
LZTR1,0.06145533
THAP7,0.14479971
THAP7-AS1,0.015166029
HIC2,0.023559123
TMEM191C,0.020921852
UBE2L3,0.4154103
YDJC,0.087285645
SDF2L1,0.37233174
PPIL2,0.120403506
YPEL1,0.016740043
MAPK1,0.26700863
PPM1F,0.08497724
PPM1F-AS1,0.008978271
ENSG00000274422,0.011397484
BCR,0.1354839
RGL4,0.01716688
VPREB3,0.0034579313
CHCHD10,1.8277273
MMP11,0.0023670318
SMARCB1,0.19997646
SLC2A11,0.07758845
MIF,1.4658786
MIF-AS1,0.0060714292
GSTT2B,0.015614826
DDT,1.1825494
CABIN1,0.12061101
SUSD2,0.011195829
GGT5,0.0
SPECC1L,0.064684406
UPB1,0.015025797
GUCD1,0.11674815
SNRPD3,0.65992796
GGT1,0.019366574
KIAA1671,0.049123894
ENSG00000279110,0.0
LRP5L,0.01892719
GRK3,0.024569428
HPS4,0.05989397
SRRD,0.07854694
TFIP11,0.06608205
TPST2,0.2910488
CRYBB1,0.0
MIAT,0.0
MIATNB,0.0154291745
MN1,0.0
PITPNB,0.18056364
TTC28,0.04918817
HSCB,0.08386327
CCDC117,0.071454786
XBP1,0.6156251
ENSG00000226471,0.05125468
ZNRF3,0.09646332
EMID1,0.03170401
RHBDD3,0.061644655
EWSR1,0.38872048
GAS2L1,0.06778428
RASL10A,0.015020504
AP1B1,0.16077754
THOC5,0.04497344
NIPSNAP1,0.12040892
NF2,0.17073779
ZMAT5,0.11830464
UQCR10,1.7403972
ASCC2,0.067777
MTMR3,0.09027484
OSM,0.0
CASTOR1,0.040110778
TBC1D10A,0.078552164
SF3A1,0.21261911
RNF215,0.021145912
PES1,0.08175853
TCN2,0.08778229
SLC35E4,0.00876326
DUSP18,0.019527353
MORC2,0.044775072
SMTN,0.12377077
SELENOM,1.308225
RNF185,0.07976304
LIMK2,0.03474128
PIK3IP1,0.08666033
PATZ1,0.13325699
LINC01521,0.0
DRG1,0.106257595
EIF4ENIF1,0.07366744
SFI1,0.040931173
PISD,0.09484833
PRR14L,0.10544233
DEPDC5,0.034328688
YWHAH,0.36099774
RTCB,0.17739971
FBXO7,0.25433674
TIMP3,0.73613125
LARGE1,0.022177594
HMGXB4,0.055629455
TOM1,0.13898504
HMOX1,0.031441275
MCM5,0.052672196
MB,0.004157537
APOL6,0.10099086
RBFOX2,0.099696524
ENSG00000279927,0.0
APOL3,0.033452034
APOL4,0.015439355
APOL2,0.07481897
APOL1,0.05971658
MYH9,0.4955107
TXN2,0.5429039
FOXRED2,0.027692333
EIF3D,0.31320322
IFT27,0.20425181
PVALB,0.8430371
NCF4,0.009162126
CSF2RB,0.0
TST,0.32268322
MPST,0.17766255
KCTD17,0.009511181
IL2RB,0.00929146
RAC2,0.07180037
CYTH4,0.009046202
MFNG,0.02804504
CARD10,0.056093134
CDC42EP1,0.16156149
LGALS2,0.1039968
GGA1,0.13831764
SH3BP1,0.008808241
PDXP-DT,0.0
LGALS1,0.49465367
NOL12,0.054492414
TRIOBP,0.24610451
H1-0,0.21922944
GCAT,0.07845674
ANKRD54,0.06608912
EIF3L,0.55606735
MICALL1,0.03700217
POLR2F,0.5621297
PICK1,0.09253548
ENSG00000272720,0.0
MAFF,0.26125765
TMEM184B,0.09101188
CSNK1E,0.14308739
DDX17,1.1433526
CBY1,0.13511515
TOMM22,0.3800762
JOSD1,0.1618648
GTPBP1,0.06757227
SUN2,0.17972317
ENSG00000272669,0.014992174
DNAL4,0.0748775
NPTXR,0.006869963
CBX6,0.23893529
APOBEC3A,0.017780982
APOBEC3C,0.0183591
APOBEC3G,0.040362503
CBX7,0.18111858
PDGFB,0.06675231
RPL3,2.6431043
SYNGR1,0.21868323
TAB1,0.02287748
MIEF1,0.08763997
ATF4,0.57711387
RPS19BP1,0.5922011
GRAP2,0.0
TNRC6B,0.31937763
ADSL,0.06866524
SGSM3,0.06112215
MRTFA,0.033178166
SLC25A17,0.054508917
ST13,0.9394108
XPNPEP3,0.070273
RBX1,1.008589
EP300,0.15647213
L3MBTL2,0.04862947
CHADL,0.028858658
RANGAP1,0.0779748
ZC3H7B,0.15163948
TEF,0.08696276
TOB2,0.24544735
PHF5A,0.1269186
ACO2,0.5295575
POLR3H,0.06927328
PMM1,0.21582523
DESI1,0.17456682
XRCC6,0.5789017
SNU13,0.9518636
C22orf46P,0.027395131
MEI1,0.0025509766
CCDC134,0.012868127
SREBF2,0.25354922
NAGA,0.06984139
PHETA2,0.022754043
SMDT1,0.9732173
NDUFA6,0.9487685
TCF20,0.052558087
LINC01315,0.01476974
NFAM1,0.0069606677
RRP7A,0.13501814
SERHL2,0.025661172
POLDIP3,0.11126818
ENSG00000270022,0.0052843224
CYB5R3,0.4589819
A4GALT,0.10521305
ARFGAP3,0.14913523
PACSIN2,0.1852051
TTLL1,0.028850446
BIK,0.025309164
MCAT,0.07629491
TSPO,0.9114804
TTLL12,0.023624687
SAMM50,0.13825932
PARVB,0.101339586
PARVG,0.009118736
PRR5,0.0467329
NUP50-DT,0.017096786
NUP50,0.1069695
KIAA0930,0.05819226
FAM118A,0.024569416
FBLN1,0.0
ATXN10,0.21213861
MIRLET7BHG,0.038543835
PPARA,0.11617769
CDPF1,0.025759488
TTC38,0.076694734
TRMU,0.08322571
CELSR1,0.044086136
GRAMD4,0.057597294
CERK,0.13764264
TBC1D22A-DT,0.13532034
TBC1D22A,0.062931225
BRD1,0.07985145
ZBED4,0.03157663
ALG12,0.059491716
CRELD2,0.12974216
PIM3,0.43920782
PANX2,0.08036464
TRABD,0.17248473
SELENOO,0.13706057
TUBGCP6,0.0880764
HDAC10,0.055700254
MAPK12,0.009877184
PLXNB2,0.33998296
DENND6B,0.037430964
PPP6R2,0.21650796
SBF1,0.05452856
LMF2,0.14425296
NCAPH2,0.0997458
TYMP,0.2709759
CIMAP1B,0.037220925
ARSA,0.060610034
SHANK3,0.084851064
ENSG00000225929,0.0
RABL2B,0.07399109
ENSG00000275464,0.0077043734
ENSG00000275895,0.014634836
ENSG00000280145,0.049836416
ENSG00000277991,0.0
ENSG00000278932,0.011966866
HSPA13,0.09365721
SAMSN1,0.025772449
NRIP1,0.15541105
USP25,0.11576282
MIR99AHG,0.085061006
CXADR,0.17443256
BTG3,0.48472607
C21orf91,0.07069165
NCAM2,0.0
ENSG00000226771,0.0
MRPL39,0.1412951
JAM2,0.017915308
ATP5PF,1.7908759
GABPA,0.08875971
APP,1.2053976
CYYR1-AS1,0.0
CYYR1,0.057796665
ADAMTS1,0.088638715
ADAMTS5,0.034172416
ENSG00000232855,0.0
N6AMT1,0.05121898
LTN1,0.11601534
RWDD2B,0.043028522
ENSG00000273254,0.008510517
USP16,0.23664832
CCT8,0.4007965
MAP3K7CL,0.016979083
BACH1,0.10681411
TIAM1,0.017990334
SOD1,1.4444754
SCAF4,0.07764641
MIS18A,0.03687285
URB1,0.018389719
URB1-AS1,0.0670935
EVA1C,0.040538203
CFAP298,0.13629721
SYNJ1,0.049734645
PAXBP1,0.09065849
EPCIP-AS1,0.0074596377
IFNAR2,0.038843002
IL10RB-DT,0.0
IL10RB,0.02111479
IFNAR1,0.2559676
IFNGR2,0.12558186
TMEM50B,0.36265427
DNAJC28,0.009397486
GART,0.08039097
SON,0.8484774
DONSON,0.006601985
CRYZL1,0.13471045
ITSN1,0.06133341
ATP5PO,1.258493
ENSG00000273102,0.007569183
MRPS6,0.75544363
SLC5A3,0.36365142
KCNE1,0.0142636895
RCAN1,0.7031226
RUNX1,0.014009396
SETD4,0.055243973
CBR1,0.50936526
CBR3,0.01990008
DOP1B,0.034004267
MORC3,0.074084975
SIM2,0.008838322
HLCS,0.03304183
PIGP,0.3038111
TTC3,0.5272508
DSCR9,0.0
VPS26C,0.06219582
DYRK1A,0.16904922
ERG,0.01766804
ETS2,0.27961096
PSMG1,0.14279252
BRWD1,0.17719209
HMGN1,0.9579875
GET1,0.19103599
SH3BGR,0.09768209
B3GALT5,0.0
BACE2,0.22295988
FAM3B,0.26851764
MX2,0.04594445
MX1,0.15220055
PRDM15,0.0055012386
C2CD2,0.026590044
ZBTB21,0.1322106
ABCG1,0.023315528
TFF3,0.021429302
TFF1,0.008638101
RSPH1,0.0165443
SLC37A1,0.022140294
PDE9A,0.07190826
WDR4,0.0050851344
NDUFV3,0.52775156
PKNOX1,0.074481815
SIK1,0.045449845
RRP1B,0.042864043
PDXK,0.48846424
CSTB,1.0656987
RRP1,0.068006486
AGPAT3,0.17082377
TRAPPC10,0.064066105
PWP2,0.0
LINC01678,0.0
ICOSLG,0.07300645
PFKL,0.5102933
CFAP410,0.20561737
ENSG00000184441,0.03368928
TRPM2,0.004696274
UBE2G2,0.19907771
SUMO3,0.2989008
PTTG1IP,0.4860364
ITGB2,0.05345354
ITGB2-AS1,0.010972578
SLX9,0.11582871
ADARB1,0.03162074
POFUT2,0.07628436
COL18A1,0.96661705
SLC19A1,0.014139769
COL6A1,0.5977845
COL6A2,0.05873658
FTCD,0.08189525
SPATC1L,0.030607825
LSS,0.030889973
MCM3AP-AS1,0.0027985785
MCM3AP,0.068403505
YBEY,0.13119133
PCNT,0.036118053
DIP2A,0.083895616
PRMT2,0.26096958
MT-ND1,4.595149
MT-ND2,4.9026594
MT-CO1,5.9191723
MT-CO2,5.967348
MT-ATP8,1.3402483
MT-ATP6,5.543559
MT-CO3,5.5925093
MT-ND3,6.050341
MT-ND4L,3.632174
MT-ND4,5.3278623
MT-ND5,3.6351237
MT-ND6,0.6787621
MT-CYB,5.241274
ENSG00000273748,0.007006237
ENSG00000278817,0.024475917
ENSG00000271254,0.006333647
TNMD,0.0015299899
FIRRM,0.0061400062
CFTR,0.007834422
AOC1,0.18003556
WNT16,0.0
HECW1,0.007350683
KLHL13,0.10120138
MTMR7,0.00962472
SARM1,0.022067951
CD38,0.01642496
SLC22A16,0.0
ZMYND10,0.0042550303
ABCB5,0.0
ARX,0.0
SLC4A1,0.2714285
CALCR,0.027995313
HOXA11,0.0051854504
MEOX1,0.0
REXO5,0.0
TSPOAP1,0.04395196
MPO,0.0
PON1,0.0048955786
ABCB4,0.0012911982
SOX8,0.0
ITGA2B,0.0034443617
ASB4,0.0
KRT33A,0.0
ABCC8,0.0
CACNG3,0.0
TAC1,0.0029576565
CACNA1G,0.0
DLX6,0.0
MAP3K9,0.012880553
BAIAP2L1,0.066280864
TTC22,0.014295942
CCL26,0.0
USH1C,0.06027774
LGALS14,0.0
COX10,0.0797699
SCIN,0.63444036
MYH13,0.0
UPP2,0.005940311
PRSS21,0.0
PROM1,0.062044602
NOS2,0.0081260875
DNAH9,0.0025387774
SLC13A2,0.013547807
CEACAM7,0.0
TKTL1,0.0
PAX6,0.0
CACNA2D2,0.021065721
BAIAP3,0.07085483
SELE,0.0
NOX1,0.0
E2F2,0.0
SYN1,0.0
CAMK1G,0.0
TFAP2B,0.09456687
TFAP2D,0.0
DLEC1,0.0
ADAM22,0.048538417
PLEKHG6,0.0045498875
PGLYRP1,0.0
MAPK8IP2,0.003326789
TENM1,0.007367441
PAX7,0.0
MASP2,0.0
IYD,0.018821217
POMT2,0.027753731
MLXIPL,0.029799972
HHATL,0.0
GIPR,0.0
SLC6A13,0.04753889
PRSS3,0.0012363435
FMO1,0.021968586
NME1-NME2,0.0
SLC6A7,0.0
MKS1,0.041804336
DPF1,0.0
ANLN,0.0
QPCTL,0.002172389
ZBTB32,0.0
GABRA3,0.0
PRICKLE3,0.0066362964
LTF,0.0051845084
KDM5D,0.0
SLC7A14,0.0
DDX11,0.010111519
MAMLD1,0.0026587266
DPEP1,0.07185456
NPC1L1,0.0009170278
STMN4,0.0014241664
ISL1,0.0
IL20RA,0.0
CLCA1,0.0
CLCA4,0.0
CNTN1,0.026310876
CYP24A1,0.0076417145
SYT13,0.13651057
NCDN,0.044765454
ZFP64,0.0222957
CYP3A43,0.0
SLC7A9,0.019296024
NRXN3,0.008086535
C8B,0.0
GABRA1,0.0
NLRP2,0.0
ABCC2,0.0041133966
DEPDC1,0.0
HSD17B6,0.0014140964
RTEL1-TNFRSF6B,0.0
FAS,0.011993347
KCNG1,0.0
INSRR,0.020526823
BMAL2,0.0004716481
IBSP,0.0
MUSK,0.0
IKZF2,0.018679647
LRRC7,0.0
CLXN,0.005929574
MYOC,0.0
DEPDC1B,0.029976822
STAP1,0.04611189
OTC,0.0
CYP46A1,0.0049761008
SLC18A1,0.0
USP2,0.24880879
CASR,0.07805221
HOXC8,0.016534036
TLL1,0.0054181023
EDC4,0.0026937488
DNAH5,0.0027787369
C6,0.0023803853
SOX30,0.0
BEST2,0.0
RTN4R,0.007027436
CDH10,0.0
MYO16,0.0019753117
TDP1,0.02823071
SLC19A4P,0.0
USH2A,0.0
ZPBP,0.0
TG,0.0014056864
BARX2,0.04103611
ZIC2,0.0
ADRB1,0.01070477
GUCA2B,0.0
MAGEC2,0.0
KATNIP,0.024860691
XK,0.009468204
ANO2,0.0
ROS1,0.0
TNFRSF17,0.0
LMO3,0.013705719
GUCA1A,0.0
UTS2,0.0
TNFRSF9,0.0
EPN3,0.110009
FOXP3,0.0025573522
PPP1R3F,0.010181685
NEXMIF,0.02303147
ARHGEF5,0.051542893
SLC4A8,0.0
PTGER3,0.6099629
TNIP3,0.0
COL23A1,0.010593388
RAD51,0.0
POLQ,0.0
ALX4,0.0
FSTL4,0.032723483
METTL24,0.0
NNAT,0.0
MCF2L2,0.0014998876
ENTPD2,0.005626983
PTPRN,0.0
PLEKHH1,0.029804878
SPO11,0.0
CHRDL2,0.03391359
KCNH2,0.007100056
MCOLN3,0.024517046
ITIH4,0.0
ITIH1,0.0
ZNF280C,0.011148646
NPFFR2,0.0
PHF21B,0.0112831155
TRAF1,0.013122971
IL17RB,0.012792737
GYG2,0.0033359532
SERPINB3,0.0
PKP2,0.031041788
MSH4,0.0
F7,0.0
LAMC2,0.006170769
RASGRF1,0.0
CAMK2B,0.022871183
PSD,0.005015179
STYK1,0.0
CREB3L3,0.0
RIMBP2,0.015007734
COL11A1,0.0
PRDM6,0.00669947
WNT8A,0.0
SPAG4,0.02716238
CDH3,0.03612156
ARSF,0.0
DGAT2,0.008272819
MRPS24,0.0044520698
SEZ6,0.0
SLC6A16,0.017632285
GSC2,0.0
ADCK1,0.019642513
DLX3,0.0
DMRT3,0.0
ATP2C2,0.0
BORCS8-MEF2B,0.0019626657
LPAR2,0.026362145
POU1F1,0.0
CHI3L2,0.0023106914
NTN1,0.017553879
GLP2R,0.0
MCM10,0.0
ROPN1,0.0
SNAP91,0.0
COL17A1,0.0
SEC61A2,0.011223267
SLC9A7,0.024648419
CTNNA2,0.0
ZMYND12,0.0072526773
NGEF,0.0017592333
ASPM,0.0039261444
MPPED2,0.13586302
CLDN18,0.0
ACSM2B,0.080107234
DDX3Y,0.0
PHKA1,0.023611844
CACNB1,0.00435473
STOML1,0.027495205
TRO,0.02095025
ZFY,0.0
ATP2B3,0.0
FGFR3,0.07689175
STON1-GTF2A1L,0.0
PYGM,0.015365002
PAGE1,0.0
TRPC7,0.0
ADAM7,0.0
GAL,0.0
MAOB,0.07237882
DRD4,0.0041409256
PLA2G10,0.0
HES2,0.0
GUCY2C,0.0
SCT,0.003886794
SPTB,0.017958086
ST6GALNAC1,0.0
FRMPD1,0.00948128
CNGB1,0.0
ST6GALNAC2,0.0
CHAT,0.0
TESK2,0.0074208076
PTPN21,0.06606549
CAMK2A,0.0028569219
EPHA8,0.0
SLC12A3,0.54701006
TRPM5,0.012371183
MS4A12,0.0
PRLH,0.0
MYO3B,0.031215787
SLC6A15,0.0
SPP2,0.0
RPS6KA6,0.094408035
ASIC4,0.0
TRPC5,0.0
HMMR,0.0009828118
TRHDE,0.067379534
CYP2W1,0.0012920669
MOV10L1,0.0
TP63,0.0050278287
CLCN4,0.016726267
FNDC8,0.0
GSDMB,0.0086344555
ADAM11,0.0019606482
ABCB11,0.0
DHRS9,0.0044719805
TBX21,0.012795344
GLI2,0.0
CDHR2,0.008369661
SNCB,0.0
NOX3,0.0
SLC12A1,0.33651718
ANO8,0.02639031
WSCD2,0.0041309022
KCNQ2,0.0
TACR2,0.0
SEMA3A,0.004695904
GTSE1,0.0
WNT8B,0.0
ADD2,0.0
FGF4,0.0
CACNG5,0.0
ATP12A,0.106382124
WDR62,0.0
SEC31B,0.03016583
TUBA3D,0.0
PAX2,0.22609848
CAMSAP3,0.04517093
RAP1GAP,0.23667769
NMRK2,0.009097671
ACTL6B,0.0
PAK3,0.0071344464
CAPN6,0.0
DCX,0.0
SPAG6,0.0
TYR,0.0
ACTN2,0.008500465
FKBP6,0.0
SMC1B,0.0
LAMP3,0.0
ADCY2,0.0
RBFOX1,0.0
HOXA9,0.12808086
ZCWPW1,0.024481382
ADCYAP1R1,0.0
FGF20,0.0
BRINP1,0.0
PKD2L2,0.0
MYH7B,0.0062824734
BPIFB2,0.0
TP73,0.0
CLUL1,0.0185667
CDH17,0.0032022991
OSBPL6,0.0052452697
AFM,0.022632005
SCGN,0.008666204
RIMS1,0.0
MOXD1,0.002488749
DDX43,0.004147391
PTPRH,0.0
DCT,0.0
EPHA6,0.0
SCTR,0.03572893
SLC4A4,0.10845977
RDH8,0.0
MID2,0.013781083
DNAAF6,0.0
COL5A3,0.0033261871
SRCAP,0.011841789
CPB2,0.0
CHRNA3,0.0
KCNN2,0.0066677574
IGSF9B,0.0
CFHR2,0.0
CXCL2,0.10010182
COL4A4,0.15487826
CDH7,0.0
IMPG2,0.0
ARG2,0.56059915
CACNA1S,0.0
LRP2,0.1285039
AACS,0.05289103
SLC13A1,0.032814603
PCDHB4,0.013040237
PCDHA6,0.0
PCDHGA2,0.0
IL12RB2,0.0
MPP4,0.0021103795
PGR,0.0077375164
C1QTNF3,0.011135229
COL19A1,0.0
KCNK2,0.0
SERTAD4,0.016675722
OPRK1,0.0
SEMA5B,0.012899399
TRPM3,0.13369413
ENSG00000083622,0.0
EPYC,0.0
ZNF671,0.03338425
ZNF416,0.014385655
ZNF586,0.028832607
HAL,0.0017433142
SLCO1A2,0.0
APOB,0.0
EFR3B,0.0018504923
GCKR,0.0
CAD,0.03261987
BCORL1,0.021848423
OVGP1,0.005285308
IGSF9,0.0014296074
WNT11,0.0041474914
TTC39A,0.017371725
ORC1,0.0025886917
RAD54L,0.0
AQP6,0.08038989
EPDR1,0.0565279
HBQ1,0.0
CEACAM6,0.0
FAT2,0.0
HSD17B2,0.0
PPEF1,0.0
MYBPC2,0.0
ACHE,0.008880652
TMPRSS11E,0.0
MT3,0.124576285
GNAO1,0.0049125566
L2HGDH,0.025213242
PTHLH,0.0
PHACTR3,0.021156669
AURKA,0.011333671
GP6,0.0
DNMT3B,0.0037839364
TPX2,0.0012653767
SLC15A1,0.0
DOCK3,0.0057121124
C3orf18,0.03305935
ARHGAP28,0.04646719
DEFB127,0.0
SLC4A11,0.02716054
ZNF343,0.010318451
CPXM1,0.008304658
F11,0.027907034
SIRPG,0.0
DZANK1,0.020201663
CFAP61,0.0
LHX5,0.0
RPH3A,0.0
CHGB,0.15111877
TBX5,0.0
NOS1,0.034367178
CMTM1,0.0
KCNH4,0.0
BIRC5,0.0015200272
LAG3,0.012250793
ANKRD24,0.0074886815
SI,0.0
FETUB,0.0
THPO,0.0
KIF4A,0.0
PLEKHG2,0.015955146
PITPNM2,0.042299528
POU4F3,0.0
NLRC4,0.0055712964
LAMB4,0.009987303
NRCAM,0.0811149
SLC26A4,0.019854316
SLC26A3,0.0
IL5RA,0.0
ABCC6,0.032359835
SMPX,0.0
MYO15A,0.0
PITPNM3,0.012239603
ORC6,0.003174918
ZFHX4,0.0
SLC17A6,0.0
CPA1,0.0026807862
RGS17,0.0
CMA1,0.0
JPH4,0.0061499653
MYH7,0.0
CEBPE,0.0
RNF31,0.0028226378
RPGRIP1,0.0
TGM1,0.014082691
DAZL,0.0
TBL1Y,0.0
TYRO3,0.046147794
CAPN3,0.0
TBX15,0.0
COL9A3,0.017365888
TEKT2,0.0041066124
VNN3P,0.0
OR1I1,0.0
GABRP,0.0
KRT31,0.0
CDC6,0.0
NXPE1,0.0
EPB41L4B,0.04713465
WHRN,0.019232253
PDE6C,0.0
SEMA4G,0.021456273
TLL2,0.0
CYP26A1,0.0
TDRD1,0.0
IL11,0.0
MYO3A,0.004052419
TPSD1,0.0
SMIM24,0.45748407
KCNK16,0.0
CRISP3,0.0
PGC,0.0
NCR2,0.0
MLN,0.0
ITPR3,0.03330611
ZNF184,0.035477176
CDC7,0.0
SYDE2,0.033536755
CATSPERG,0.006908533
STX1B,0.0039138882
MAGEB2,0.0
EFNA2,0.0
CBARP,0.18004183
PCDH11Y,0.0
AMELY,0.0
CEP170B,0.08477229
HCN2,0.011772754
CDHR5,0.02573035
IZUMO4,0.024488112
MADCAM1,0.007574894
IGF2-AS,0.0
SERPIND1,0.0
CECR2,0.02304966
P2RX6,0.0
DERL3,0.010738809
SLC7A4,0.0
DDTL,0.0
SEC14L2,0.011356525
SEC14L3,0.0
PRODH,0.00102038
TOP3B,0.049594335
CRYBB3,0.0034245867
PLA2G3,0.0
SEZ6L,0.0
ENSG00000100101,0.0015008444
GGTLC2,0.0
SOX10,0.0
SLC16A8,0.004696313
CENPM,0.0024920583
SEPTIN3,0.0
SLC5A1,0.0018641093
TPTEP1,0.0
SLC5A4,0.0
KDELR3,0.02146494
CYP2D6,0.0019945966
DMC1,0.022735858
RSPH14,0.01141392
RAB36,0.0315519
C22orf31,0.002611334
MIOX,0.13609727
NEFH,0.0029637546
CHKB,0.11046523
APOBEC3H,0.0071821203
RASD2,0.0
ACR,0.0
CABP7,0.0
PNPLA5,0.0
PNPLA3,0.0
CACNA1I,0.0
UPK3A,0.0
MLC1,0.0
KCNK10,0.0
CTSG,0.0
PRMT5,0.079379834
CDKL1,0.035477776
TRIM9,0.0
CCDC198,0.36401448
PLEK2,0.029771527
LRRC74A,0.0
SAMD15,0.0042583817
ISM2,0.0032820082
CHGA,0.0
SIX4,0.016945211
ASB2,0.005506073
CEP128,0.007256458
SLC10A1,0.0
SERPINA4,0.10474914
SLC8A3,0.0
TCL1A,0.0
BDKRB1,0.0019972543
PAPLN,0.061966475
CPNE6,0.0054644356
PRORP,0.009761494
REC8,0.051508896
VSX1,0.0
GINS1,0.005277804
NINL,0.053016853
SGK2,0.111830726
MYBL2,0.0
R3HDML,0.0
HNF4A,0.025035247
RIMS4,0.0
PABPC1L,0.050846122
SALL4,0.0
BMP7,0.049881727
TUBB1,0.0
HRH3,0.0
NTSR1,0.0
SLC17A9,0.0
NKAIN4,0.009271968
AVP,0.011274731
COL20A1,0.0
CHRNA4,0.00087310147
PTK6,0.0
SPEF1,0.0040138043
ISM1,0.0028806648
SEL1L2,0.0
SLC52A3,0.10834368
ANGPT4,0.0
RSPO4,0.0
PROKR2,0.0
SNPH,0.006510706
MYLK2,0.0
SIRPB1,0.0
FERMT1,0.0048661893
HAO1,0.0
PDYN,0.0
TLDC2,0.0039015338
PAK5,0.0042071203
MROH8,0.0062674065
OXT,0.010455354
E2F1,0.0018866892
BPI,0.0
CST9L,0.0
SLC32A1,0.0
CST4,0.0
SPINT3,0.0
EPPIN,0.0
SYNDIG1,0.004060249
PIGU,0.07603587
TNNC2,0.010754322
CDH20,0.0
ST8SIA5,0.0056043994
LAMA1,0.027810514
NOL4,0.0
H2BW2,0.0
VSIG1,0.0
GPR143,0.013362045
MID1,0.08179591
RHOXF1,0.00791254
GUCY2F,0.0
ATP1B4,0.0
CHRDL1,0.013859146
SUV39H1,0.007272329
PAGE4,0.0
GLRA2,0.0
MCF2,0.0138172405
F9,0.0
CACNA1F,0.0029817398
SYP,0.024742234
BMX,0.0
LUZP4,0.0
MTMR8,0.0030334701
ZC3H12B,0.007942815
PPP1R2C,0.0
KCND1,0.0035403077
OPN1LW,0.0
SLC25A14,0.02893783
SCML2,0.0029974703
RS1,0.0
RAB40AL,0.0
GATA1,0.0
PHEX,0.0
GPR50,0.0
JADE3,0.021979194
PCYT1B,0.0
BRS3,0.0
VGLL1,0.0
PCDH11X,0.0
FGD1,0.02122272
PORCN,0.027482355
ITIH6,0.0
SRPX2,0.0
ZDHHC15,0.015295634
CENPI,0.0
DRP2,0.0
TAF7L,0.010528227
NALCN,0.0
FGF14,0.0011022358
HTR2A,0.0
MLNR,0.0
CDADC1,0.086229995
KLF5,0.13543476
FGF9,0.14808911
SGCG,0.0
ACOD1,0.0
MEDAG,0.0
OLFM4,0.09340175
MSLN,0.013229893
MT4,0.0
TSNAXIP1,0.012849502
ZNF423,0.012498305
CCL22,0.0
CCL17,0.0
MMP15,0.053195633
CFAP263,0.008572061
PRSS54,0.0
HAS3,0.0
SMPD3,0.0
ESRP2,0.032817602
FA2H,0.035327774
SEC14L5,0.0033012189
ABCC1,0.030886414
NOMO3,0.006188269
SLC7A5,0.04955118
RHBDL1,0.012192948
ZP2,0.0
MEFV,0.0
PRSS33,0.0
EARS2,0.039981417
AQP8,0.0
CORO7-PAM16,0.0
SALL1,0.10368492
TOX3,0.18792807
RPGRIP1L,0.026865687
IL21R,0.0
TMC5,0.0
SLC6A2,0.0038193413
IQCH,0.012507063
CORO2B,0.030221729
AP3B2,0.0029503093
ACSBG1,0.0
IGDCC4,0.0
CEMIP,0.0
CEP152,0.019997535
OCA2,0.0
TGM5,0.0
ENTREP2,0.012366955
SCG3,0.0
OIP5,0.0
RP1,0.00976717
INTS9,0.032602146
EYA1,0.0032927212
TRPA1,0.0
CALB1,1.274689
POP1,0.012861401
DKK4,0.0
CCN4,0.006556632
STMN2,0.0
GML,0.0
PYCR3,0.0406513
ANXA13,0.0046270327
NEFM,0.0
ADAM2,0.0
FGL1,0.0
KCNN4,0.0052036946
TULP2,0.0
DHDH,0.0073485905
CGB2,0.0
LHB,0.0
CGB3,0.0
TUBB4A,0.007506357
KCNA7,0.0
CKM,0.002261286
ARHGEF18,0.0
SLC17A7,0.0
RNASEH2A,0.0049244016
KLC3,0.034376334
AMH,0.0067136786
DKKL1,0.0
FCER2,0.0
RSPH6A,0.0
KIR3DX1,0.0
EPHX3,0.0081526665
CASP14,0.0
SLC1A6,0.0
AURKC,0.0
CCNE1,0.003135216
LGALS13,0.0
CLC,0.0
CCNP,0.0
SHD,0.0
FSD1,0.014424543
OVOL3,0.0
ZFR2,0.0
CEACAM4,0.0
CD79A,0.0
LIM2,0.0
ICAM4,0.003519322
ICAM5,0.0023198302
CEACAM5,0.0
CRX,0.0
ATP1A3,0.0
ZNRF4,0.0
GRIN2D,0.0
SYNGR4,0.0
ODAD1,0.0045125214
SIGLEC6,0.0
SIGLEC5,0.0
CABP5,0.0
HAS1,0.0
FAM83E,0.0
SPMAP2,0.0
FGF21,0.0
CACNG7,0.0
KLF1,0.0
MAST1,0.0020915112
SLC5A5,0.0
KCNN1,0.0
RAB3A,0.048914403
PDE4C,0.0
COMP,0.0
UPK1A,0.0
ETV2,0.024203071
ATP4A,0.0
GAPDHS,0.0
MAG,0.013110899
TMEM59L,0.0
GRIK5,0.058622267
PIK3CG,0.0043345494
ITGB8,0.19599392
DNAH11,0.004039787
DLX5,0.0
STEAP1B,0.0
PALS2,0.017355174
ATP6V0A4,0.5526517
NPVF,0.0
MET,0.0822437
RNF32,0.0071736127
WNT2,0.0
HOXA1,0.002167168
HOXA2,0.0
HOXA3,0.020131184
HOXA6,0.010900491
ANKRD7,0.004520935
VIPR2,0.0
HOXA13,0.0
EVX1,0.0
COBL,0.06782467
STX1A,0.007420737
CRHR2,0.0
GHRHR,0.0
CCL24,0.0
NPTX2,0.0
PTPRZ1,0.0
HYAL4,0.0
SPAM1,0.0
TFR2,0.0
FSCN3,0.0
PAX4,0.0
FBXO24,0.0
PPP1R17,0.0
MOGAT3,0.0
NOBOX,0.0
MYL10,0.0
SFRP4,0.0029037334
ACTR3C,0.038592473
POU6F2,0.0
MYL7,0.0
GCK,0.0
GALNTL5,0.0
CLIP2,0.036696833
SPATA6L,0.0050676754
SLC1A1,0.06568359
CNTNAP3,0.003980377
PRUNE2,0.059166223
OGN,0.0
LHX6,0.0
DNM1,0.012941068
RLN1,0.0028637862
ELAVL2,0.0048524095
NCS1,0.026845396
KCNT1,0.0
CA9,0.0
TYRP1,0.042605676
LHX3,0.0
PIP5K1B,0.08100278
SH3GL2,0.02176268
DNTT,0.0
CUBN,0.09785907
CDH23,0.0035266986
TLX1,0.0
KAZALD1,0.011888075
FGF8,0.0
PITX3,0.0
DKK1,0.0
EBF3,0.0
SORCS1,0.0033359104
DNAJC12,0.008887357
LGI1,0.0
CYP2C18,0.0
CRYBA1,0.0
RUNDC3A,0.008859517
CSF3,0.0
RAPGEFL1,0.0035976763
RNF43,0.061664987
WNT3,0.0027257046
ASPA,0.07345874
KRT37,0.0
ENO3,0.023776961
CHRNE,0.0068962406
SLC6A4,0.0064718532
ALDH3A1,0.0
ASIC2,0.0
CCL1,0.0
PEX12,0.024836542
KRT32,0.0
HSD17B1,0.05374165
DLX4,0.0
PTGES3L-AARSD1,0.0
RND2,0.008950568
ALOX12,0.0
PPY,0.0
MPP2,0.011894497
CACNG1,0.0
EFNB3,0.0
DPH1,0.0024607023
RCVRN,0.0
MYH1,0.0
MYH3,0.005836941
FOXN1,0.0
PHOX2B,0.0
GABRA4,0.0046806233
GNRHR,0.0
UGT2B10,0.0
CWH43,0.076167844
SULT1E1,0.0021638975
ODAM,0.024566574
SMR3A,0.0
NMU,0.012698032
CRACD,0.0
PF4V1,0.0
UCP1,0.0
IL2,0.0
ANXA10,0.0
AADAT,0.012009532
CPZ,0.0
SLC2A9,0.014523648
NEIL3,0.0
TBC1D19,0.028795997
CLNK,0.07022446
NKX3-2,0.0
GLRB,0.015489884
HGFAC,0.0025912204
LRP2BP,0.009176694
FAM149A,0.03022343
NCAPG,0.0
PPARGC1A,0.3339484
DDX25,0.014694352
DBX1,0.0
TECTA,0.0053393743
JHY,0.0052356697
B3GAT1,0.0
P2RX3,0.0
NRXN2,0.00554076
CCKBR,0.0
HPX,0.0
FOLR3,0.22108614
PANX1,0.011297314
APOA5,0.0
APOA4,0.0
UPK2,0.0
KIAA1549L,0.003911213
SLC1A2,0.0015468702
SCGB2A2,0.0
NAA40,0.03777245
SLC35F2,0.023406481
C11orf21,0.014288326
ELMOD1,0.0056219613
CALCA,0.017138364
EXPH5,0.08879097
POU2AF1,0.0
PTPN5,0.0
ASIC1,0.0
DAO,0.013081399
TSPAN11,0.0
IL23A,0.0
SYT10,0.015723746
CYP27B1,0.0054512126
MYF6,0.0
MYF5,0.0
GLI1,0.0
SLC6A12,0.053539082
WNT5B,0.0030571048
TRPV4,0.078726396
FOXM1,0.0
PRR4,0.0
PRMT8,0.0
FGF6,0.0
MYL2,0.0
RAD51AP1,0.004532997
CUX2,0.0
AKAP3,0.008312944
KCNA1,0.0
GPRC5D,0.0
GSG1,0.0
RASAL1,0.055245552
ENDOU,0.003429043
FZD10,0.0
ADGRD1,0.011536709
IL26,0.0
IFNG,0.008803532
TIMELESS,0.010340125
GNB3,0.0017475248
SLCO1B3,0.0
APOBEC1,0.0
NANOG,0.0
GYS2,0.0
ST8SIA1,0.0
AICDA,0.0
ENSG00000111780,0.0
RFX4,0.0
FRK,0.1264348
RSPH4A,0.0
MAK,0.0
ADTRP,0.053092588
FAM184A,0.05473175
GABRR2,0.0
UST,0.03014753
ULBP1,0.0
OPRM1,0.0
FANCE,0.003999467
TULP1,0.0
SLC26A8,0.0
RHAG,0.0
IL17A,0.0
IL17F,0.0
MDGA1,0.0038212913
GLP1R,0.0
BACH2,0.01861128
TREML2,0.0
TSPO2,0.0
GPR63,0.003941813
KHDRBS2,0.0017328053
PRDM13,0.0
SIM1,0.1585178
HDGFL1,0.0
BVES,0.006419637
COL9A1,0.0
GPLD1,0.0
ALDH5A1,0.08415711
EYA4,0.0131000765
NR2E1,0.0
SLC17A2,0.0
ARFGEF3,0.017263083
SLC16A10,0.07637188
OR12D3,0.0
UNC93A,0.0018662167
SLC22A2,0.15817666
PACRG,0.10438711
C6orf118,0.0
MDFI,0.0
GUCA1B,0.0
PRPH2,0.006364407
IMPG1,0.0023585355
TTK,0.0
CCN6,0.008067689
PRSS16,0.010524628
MEP1A,0.0
TBX18,0.0
PCDHB2,0.008963061
CEP72,0.0
KIF20A,0.0
SLC4A9,0.14344227
LOX,0.027505279
CDH9,0.0
HAND1,0.0
PCDHB3,0.0107161775
PCDHB5,0.035322778
PCDHB6,0.0038447378
PCDHB7,0.0
PCDHB15,0.01793226
HAVCR1,0.0
GRM6,0.0
ITK,0.0062475135
THBS4,0.0031482347
IL12B,0.0
BTNL8,0.0
GABRG2,0.0
SLC27A6,0.0
IRX4,0.0
AGXT2,0.03099957
IL4,0.0
IL5,0.0
FGF1,0.062913574
C9,0.0056105657
CDX1,0.0
UNC5A,0.0
CNTN3,0.007519595
KNG1,1.2642144
HRG,0.106172934
CLDN16,0.1530594
ARL6,0.054245103
RBP2,0.024978666
GRK7,0.0
SERPINI2,0.0
LRRC31,0.0
COL7A1,0.013619943
GNAT1,0.0
USP9Y,0.0
HHLA2,0.004911969
MORC1,0.0
ROPN1B,0.0
UPK1B,0.0036819794
CSPG5,0.002805977
CFAP92,0.0
NEK11,0.025858548
HEMK1,0.072692566
PEX5L,0.0
AADAC,0.0
ABHD14A-ACY1,0.002014877
PLCH1,0.005317323
ZBTB47,0.004565036
TNNC1,0.15040633
CLCN2,0.021616092
NEK4,0.05528477
SLC4A3,0.013714721
IL1A,0.0
CCL20,0.0078137135
KCNIP3,0.023525735
ZAP70,0.007987631
OTOF,0.0
CENPA,0.0
SLC30A3,0.0
ITGB6,0.06781291
ASB3,0.0147587685
PCSK4,0.012233436
GCG,0.0
APC2,0.0
GRB14,0.24819116
TLX2,0.0
GALNT3,0.080329835
TACR1,0.0054945233
ACADL,0.048702173
EVA1A,0.15025114
REG1A,0.0
DNAH6,0.00960021
KCNJ13,0.016254842
NEU2,0.0
OTX1,0.0
PLCD4,0.012605893
ZNF142,0.025333727
PRKAG3,0.0
SMYD1,0.0
IL1RL2,0.015520033
SLC9A2,0.10105993
ABCB6,0.0
SLC5A7,0.001900076
TPO,0.0
DLX2,0.0
LCT,0.0
LINC02566,0.0
KISS1R,0.0
CD207,0.0
GRIN3B,0.0
VAX2,0.0
ATP6V1B1,0.36794463
PRRX1,0.0
TNR,0.0
MORN1,0.026125742
TPSG1,0.0
PAPPA2,0.060991302
NPHS2,0.077330895
CHD5,0.0071263947
ELAPOR1,0.0
OPRD1,0.0
TRIM62,0.009680102
DLGAP3,0.016543759
PRG4,0.0
PDC,0.0
SLC35D1,0.05439235
PLA2G4A,0.011926034
PRAMEF1,0.0
PRAMEF12,0.0
RPE65,0.0
AMPD1,0.0
CTH,0.07002387
AGMAT,0.039202377
TNNI3K,0.0
CFHR3,0.0
TFAP2E,0.0
HAO2,0.03221704
NT5C1A,0.0
HPCAL4,0.040851377
BMP8B,0.0028002723
MYCL,0.0058255466
ZP4,0.0
KMO,0.018047182
KCNQ4,0.0028417362
ST6GALNAC5,0.0028258418
ACTL8,0.0
PLA2G2D,0.0
CR2,0.0
CDC20,0.0
MPL,0.0
PTCH2,0.01652527
CCDC181,0.040751837
MROH9,0.0
FASLG,0.0
TNFSF4,0.0052164597
HSD11B1,0.0
PLPPR5,0.0
PLPPR4,0.0018204722
SERPINC1,0.0
PROX1,0.038137693
SLC5A9,0.0014812035
CHRNB4,0.0
MUC5B,0.0
A4GNT,0.0
TREH,0.002408608
MMP8,0.0
ZNF541,0.0
SLC8A2,0.0
KIF14,0.0
TNNT2,0.10342718
CRYGD,0.0
MREG,0.01988107
TNP1,0.0
CA14,0.0
DNAI7,0.013699364
ATP10B,0.0
USP35,0.007362472
ELOVL4,0.009219461
CNR1,0.0
SPACA1,0.0
ZC2HC1B,0.0
ADGB,0.0
MYB,0.0
ALDH8A1,0.022346955
PMFBP1,0.0
GHRH,0.0
OLFM3,0.0
PPL,0.03321519
HS1BP3,0.05504911
FGF23,0.0
DNAH7,0.017789992
SATB2,0.00441518
TRPM6,0.104904726
GDA,0.011766028
TJP2,0.018325632
TRIM67,0.0
GALNT12,0.01694227
ONECUT2,0.0018548615
PROX2,0.0
VSX2,0.0
BBOF1,0.043873027
ACOT2,0.15366778
PPP4R4,0.0
ZC2HC1C,0.027960246
GPR68,0.0
ESRRB,0.01822908
ZNF410,0.004339383
GPR75,0.0
KLHL29,0.006884117
TECTB,0.0
ELOVL3,0.0
NKX2-3,0.0
PPP1R3C,0.019915346
CNNM1,0.0
PRLHR,0.0
AVPI1,0.11146607
KCNIP2,0.005409065
CFAP58,0.0
CPN1,0.0
C10orf95,0.005963477
SFRP5,0.0
HOXB8,0.1348402
CRHR1,0.0
HOXB1,0.0
MSX2,0.0
EQTN,0.0
INSL6,0.0
INSL4,0.0
MLANA,0.0
CD274,0.012627753
IFNA6,0.0
IFNA8,0.0
GRIA2,0.0040240083
CCDC170,0.0
MAGEB4,0.0
PCDHB8,0.0
PCDHB10,0.003317196
PCDHB14,0.010831973
PCDHB12,0.0039304527
SLC25A2,0.0
TNN,0.0
TNFSF18,0.0
GPR31,0.0
TTLL2,0.0
SNX19,0.10575961
TP53AIP1,0.009959967
TEX11,0.0
ARR3,0.0
LYZL1,0.0
IQSEC3,0.011489141
ENOX1,0.03787107
TNFSF11,0.0
SPART-AS1,0.006916203
SOHLH2,0.0
MYOT,0.00253413
CHRNA2,0.0
ADRA1A,0.003627204
NPPB,0.0
TNFRSF8,0.0
PRAMEF2,0.0
RDH10,0.3351951
EPX,0.0
TBX4,0.0
TEX14,0.0
LRAT,0.0
MND1,0.002051046
TRIM6,0.0066734864
ABCC11,0.0
TAS2R8,0.0
TAS2R10,0.0
PRB2,0.0
IAPP,0.0
TAS2R7,0.0
BCL2L14,0.0
TAS2R9,0.0
ZNF549,0.02111764
RGSL1,0.0
LHX4,0.0039306064
DPPA4,0.0
CD80,0.0
KIF18A,0.004630218
GJA8,0.0
DEPDC7,0.0
GJB6,0.0
GJA3,0.0061296155
ADGRB2,0.008724775
HCRTR1,0.0
GHSR,0.0
SLITRK3,0.0
CPXM2,0.08281479
ZSCAN20,0.0
CSMD2,0.0
HPCA,0.0
SV2C,0.0
LINC00544,0.0
XPNPEP2,0.040576473
PAEP,0.0
OBP2A,0.0
TBX22,0.0
FMOD,0.0026268053
MYOG,0.0
PLG,0.0632042
PRM2,0.0
OPN4,0.0
PTGFR,0.07142683
LRRC39,0.0038622047
RWDD3,0.009729442
OCM,0.0
KIAA0087,0.0
WIPF3,0.04295999
NXPH1,0.0
NPY,0.0
HOXA7,0.11405865
TWIST1,0.0
SPINK4,0.0
TAF1L,0.0
PHF24,0.0
DNAI1,0.0
NUDT10,0.0042695156
SFTPA1,0.0
NEUROG3,0.0
CIT,0.05612364
ACTRT1,0.0
CCDC70,0.0
ATP7B,0.010026035
CENPK,0.0046941414
NEUROD4,0.0
MMP19,0.0
HOXC13,0.0
HOXC11,0.0
HOXC12,0.0
EEF1AKMT3,0.024303235
SARDH,0.021634603
DBH,0.0
STIL,0.0
HJURP,0.0
SERPINA7,0.0017143742
H2BW1,0.0
NRK,0.1287735
ESX1,0.0
MAGEA9,0.0
ATXN3L,0.0
ACVR1C,0.007304472
C4BPA,0.0
C4BPB,0.0
RAB38,0.04181825
GPR83,0.0
DAW1,0.0
INHA,0.017562164
MOGAT1,0.0
FAM124B,0.0
MC3R,0.0
GCNT7,0.0
CTCFL,0.0
PI3,0.0
FAM209A,0.0
SLPI,0.033066627
WFDC3,0.013627295
KCNS1,0.0
SLC12A5,0.0
ARHGAP40,0.005017917
SEMG2,0.0
MATN4,0.0010640139
PLCG1,0.034159835
GDAP1L1,0.0
GTSF1L,0.0
ZNF831,0.006179674
EDN3,0.0
PEDS1-UBE2V1,0.0
CDH26,0.0
ANKRD60,0.0
RBPJL,0.0
SEMG1,0.0
CIMIP1,0.0
TP53TG5,0.0
PCK1,0.3179321
NEURL2,0.02096527
MAGEA10,0.0
CHST8,0.0
IL9R,0.0
XG,0.0
IL17C,0.0
POF1B,0.0022790208
IRGC,0.0
ZNF45,0.013835748
LYPD3,0.036382925
PSG8,0.0
CEACAM8,0.0
NDP,0.0
CRISP2,0.0155679695
GRM4,0.0
PACSIN1,0.0024231423
BTN1A1,0.0
SLC17A3,0.015125222
SLC17A1,0.015077448
PEX6,0.040949672
ENSG00000124593,0.018904751
UNC5CL,0.0052010715
AARS2,0.017775778
H1-1,0.0075699347
H2BC11,0.0059499503
OR2B6,0.0
TCP11,0.012060493
APOBEC2,0.0
DNAH8,0.0
KLHL31,0.0
CPNE5,0.025834994
RPP40,0.006617267
CRISP1,0.0
OPN5,0.0
GCM2,0.0
ENSG00000124835,0.0
CXCL6,0.004340985
TRIM51,0.0
MYRF-AS1,0.0
MYRF,0.046224188
SCGB2A1,0.009315862
WNT1,0.0
PIWIL1,0.0
SLC10A2,0.013812268
ABCC4,0.07055136
SOX21,0.0
HROB,0.0
KIF25,0.0
AMELX,0.0
GRK4,0.010112997
SOX9,0.037300266
TEKT3,0.0
MYH2,0.0
SLC25A35,0.06239194
MIR9-1HG,0.0
BARHL1,0.0
KIR2DL1,0.0
SRMS,0.0
LINC00029,0.0
NPBWR2,0.0
FNDC11,0.0
BHLHE23,0.0
PLGLB2,0.0
IL37,0.0
SLC25A23,0.2422603
GRIA3,0.0038313838
ENSG00000125695,0.0
CD70,0.0
TRIP10,0.0723601
TGM3,0.0
GNRH2,0.0
DEFB126,0.0025972768
FOXA2,0.0
PAX1,0.0
CST8,0.0
NKX2-4,0.0
NKX2-2,0.0
CSTL1,0.0
CST11,0.0028147432
PCSK2,0.0
GFRA4,0.0
BFSP1,0.0043407693
LAMP5,0.006020305
LRRN4,0.0
OTOR,0.0
BANF2,0.0
LINC02871,0.0
SIRPD,0.0
DEFB129,0.0
CHURC1-FNTB,0.0
GDF5,0.0
MMP24,0.044282157
C20orf173,0.0
FAM83C,0.0
GRPR,0.0
XRCC3,0.0050660637
PROZ,0.008563763
SLURP1,0.0
IGFLR1,0.014513042
GPR42,0.0
KIRREL2,0.002043229
FFAR1,0.0
KRT36,0.0
TSKS,0.0
FLRT1,0.009970881
CSN1S1,0.0
STATH,0.0
HTN1,0.0
PRKCG,0.0
DACH2,0.0
SSX1,0.0
SIX1,0.0
PLEKHG3,0.10698374
PZP,0.0
PRDM7,0.0
OMG,0.0
CTAG2,0.0
AVPR2,0.113784485
TMEM35A,0.0
NXF5,0.0
ZC4H2,0.017855052
EDN2,0.04275549
ATP13A4,0.0
PLAAT1,0.008024288
IL22,0.0
TSPAN8,0.083454385
BEST3,0.0
TAS2R3,0.0
TAS2R4,0.0
TAS2R5,0.0
CRYGN,0.0
LRRC61,0.05046759
TRPV5,0.0074206437
AUNIP,0.0
OR7A10,0.0
OR7C2,0.0
OR7C1,0.0
SYNGR3,0.0048755715
PKMYT1,0.0
WFIKKN1,0.028186006
CHTF18,0.015015256
GNG13,0.0
OR1E2,0.0
VIL1,0.0036279084
TNFRSF19,0.084235966
GNGT1,0.0
SPINK2,0.0
ADM2,0.014144489
ASPHD2,0.012050717
GAL3ST1,0.04510621
RFPL1,0.0
RFPL2,0.0
GNAZ,0.017702186
MGAT3,0.0059330813
ADORA2A,0.0
RFPL3,0.0
MCHR1,0.0
BAIAP2L2,0.010350074
GALR3,0.0017557349
APOL5,0.0
IGLL1,0.0
LIF,0.0139161
C22orf23,0.0036376764
APOBEC3F,0.012821483
RIBC2,0.0
KRT17,0.0041264403
RNF112,0.0
CPA4,0.0
TAS2R16,0.0
CDHR3,0.0075483164
VGF,0.0092143
FOXP2,0.0
STRIP2,0.000952825
LRRC4,0.018223207
CCDC136,0.0
SMO,0.04819414
FEZF1,0.0
OPN1SW,0.0
HOXD1,0.06897173
HOXD3,0.05973261
PDE11A,0.0
GAD1,0.039814766
HOXD9,0.15747246
HOXD10,0.14012262
HOXD11,0.06344231
HOXD13,0.0
CGNL1,0.4124102
ELL3,0.0
ALDH1A2,0.076013185
CHAC1,0.017202374
CALML4,0.002066611
THAP10,0.01351616
ACKR4,0.0044939746
MYOD1,0.0
KCNC1,0.0
TPH1,0.0032910611
CSRP3,0.0
E2F8,0.0
SOX15,0.010169513
PIMREG,0.0
USP6,0.0024533814
SHBG,0.003178667
AIPL1,0.0
KLK14,0.0
KLK10,0.0040311487
KLK8,0.0
AJUBA,0.056113936
CDO1,0.0049359603
QRICH2,0.011990358
FOXJ1,0.008591789
AANAT,0.0
ART1,0.0
CHRNA10,0.009734538
SGO1,0.0
TTTY1B,0.0
RPS4Y1,0.0
TTTY1,0.0
VCY1B,0.0
VCY,0.0
CDY2B,0.0
CDH15,0.0
INS-IGF2,0.0
LBP,0.0
SYT5,0.0
GALNT8,0.0
NXNL2,0.013054394
NALF2,0.0020645454
GDPD2,0.0016868379
TSPAN16,0.0
ANGPTL8,0.0
ZSCAN10,0.0
DPP6,0.030300353
ACE2,0.016609132
GDF1,0.0
NCAN,0.0
KIF1A,0.0
RSPH3,0.05900143
MAS1,0.0
ACSBG2,0.0
FUT5,0.0
BMP15,0.0
STK33,0.06681951
EPO,0.0
CACNG6,0.0
UNC13A,0.0
KLHDC7B,0.009134858
IQCN,0.030196192
OR11H1,0.0
SULT4A1,0.0
SAG,0.0
TNNT3,0.0
CALY,0.0
HBZ,0.0
MNX1,0.0
RBBP8NL,0.0031302823
PRDM12,0.0
NPAS1,0.009106782
SESN2,0.026281917
SMPDL3B,0.008140182
CCDC62,0.0
DUSP9,0.33437878
SLC7A10,0.0
PKDREJ,0.0
HSD17B3,0.0
NUTM2F,0.0
FBP2,0.0
POLN,0.012861144
TTTY9B,0.0
ULBP3,0.0
EPS8L1,0.08639907
TTLL9,0.0
BPIFA2,0.0016430446
BPIFA3,0.0
GGT7,0.06896635
DEFB118,0.0
EDA2R,0.0011870018
C1QL1,0.013069783
GFAP,0.003947947
PYY,0.004497211
TEX101,0.0
CCL25,0.0
ENSG00000131152,0.0
SLC34A1,0.035312794
IDO1,0.013144577
GJA9,0.0
CDX4,0.0
ADGRE3,0.0
C3orf20,0.0
NAPSA,0.038439482
LRRC4B,0.0027249204
GFPT2,0.015698241
PSMC3IP,0.014280323
AOC2,0.0073718503
G6PC1,0.042724375
TTTY6,0.0
TTTY6B,0.0
KREMEN2,0.0
BARX1,0.0
CA6,0.0
RHOXF2,0.0
CKMT2,0.19507466
KRT34,0.0
KRT33B,0.0
TNS4,0.018802553
PPP1R1B,0.0041392343
FSHB,0.0
ZNF304,0.021833593
ZNF132,0.007920495
USP29,0.0
NR0B2,0.23731181
LIN28A,0.0
FAAP24,0.0
LRRC9,0.0
ABHD12B,0.0040278137
GCH1,0.039221834
PODNL1,0.0
ZNF20,0.008667662
BRME1,0.002796553
RTBDN,0.0
MATN3,0.008729742
CCT6B,0.0100323185
SLC6A11,0.0
FCRLA,0.0
SLX1A,0.004937911
CNGA4,0.0
HHLA1,0.0
IQCA1,0.011874731
SCLY,0.009483289
POPDC3,0.0
LANCL2,0.050432827
DDC,0.059799295
FTHL17,0.0
ENAM,0.042421386
SLC52A1,0.0024665212
RGS22,0.0
ANKEF1,0.012208701
SCP2D1,0.0
SNAP25,0.007405272
SSTR4,0.0
RHBG,0.32032117
ATP1A4,0.0
BCAN,0.0
CRP,0.0
HAPLN2,0.036804978
FCRL2,0.0
ACY3,0.02174923
ALDH3B2,0.003652791
MMACHC,0.010406554
VSTM2L,0.0014949002
BHMT2,0.088692
KANK4,0.0017598816
SYT4,0.0
SLC14A2,0.0
NMUR2,0.0
PDE6A,0.0
ATP8A2,0.0063322014
MTUS2,0.0
TPTE2,0.0
GPR12,0.0
MYH8,0.0
CHI3L1,0.020111352
MYBPH,0.0
CHIT1,0.0
TMCC2,0.007331379
DCLK1,0.0031948516
CCNA1,0.0
RXFP2,0.0
TRPC4,0.0
STOML3,0.0
KL,0.5608632
RFC3,0.021945326
IRS4,0.0
RNF128,0.06908907
LGALS12,0.0
PLAAT2,0.002743075
MYO18B,0.0
C1QTNF6,0.0063104243
GGT2P,0.0
FAM83F,0.023168957
SEC14L4,0.0
KRBA1,0.035842802
LRRIQ1,0.03507197
SFTPD,0.017036641
DYDC2,0.0
SPINK5,0.0138658
CA1,0.0
TEX15,0.0
GSC,0.0
UNC79,0.0
CATSPERB,0.0
VRTN,0.0
ADAM20,0.0
PEBP4,0.017579155
ADAMDEC1,0.0
IRAK2,0.0
CNTN6,0.0
CHL1,0.0477064
TRPM1,0.0038689903
GNAT2,0.0
REG4,0.0
TSHB,0.0
SYT6,0.0
CHIA,0.0
ADAM30,0.0
CD101,0.0
GRHL1,0.02068515
ANO3,0.010440206
FST,0.0050805537
CFHR4,0.0
CRB1,0.003998496
CFHR5,0.0
ERN2,0.0
RAX,0.0
GRP,0.0
IL2RA,0.0
ANKRD16,0.02358404
HRH4,0.0
SLCO1B1,0.0
SPX,0.11153831
PRH2,0.0
LRP4,0.002696949
MYBPC3,0.0
USP26,0.0
SOX3,0.0
PIWIL4,0.0053706826
MTNR1B,0.0
SPOCD1,0.0
HOOK1,0.19438016
CYP2J2,0.0
DSG3,0.0
DSG1,0.0
DSC3,0.0
DSC1,0.0
FHOD3,0.14567466
DAGLA,0.010826172
CBLIF,0.0
TCN1,0.0
CLDN10,0.19483824
ERCC5,0.005165773
ADAMTS8,0.009645975
ACRV1,0.0
KLB,0.0
PSAT1,0.027345723
CCNJL,0.021000188
MSI1,0.012843009
HNF1A,0.010536389
HRK,0.0018725853
DTX1,0.018182423
OCM2,0.0
UGT2A3,0.05115979
CSN2,0.0
UGT2B28,0.0
GARIN1B,0.0
KCP,0.015580162
HTR1B,0.0
KHDC1,0.005115515
MRAP2,0.00974852
EPHA7,0.007584654
GJA10,0.0
ELF5,0.033813585
PRPH,0.003345569
AMHR2,0.0
LACRT,0.0
GLS2,0.016227005
FAM186B,0.002067955
RDH5,0.0040036454
AGAP2,0.0
KRT85,0.0
TROAP,0.0011424897
B4GALNT1,0.0012457332
FAIM2,0.0
MIP,0.0
KCNH3,0.013859713
MAP7,0.09814885
TAAR5,0.0
NMBR,0.0
SEMA4F,0.0151007
EGR4,0.0041628103
EMX1,0.6308468
BCO1,0.0
CHST5,0.0
KIAA0513,0.020378932
FBXL8,0.011836836
SLC9A5,0.0
ZNF670-ZNF695,0.0
PCNX2,0.024187233
KCNK1,0.09763207
CAPN9,0.0
RGS8,0.0
KIAA1614,0.03163931
GPR55,0.0
CHRND,0.0
PAX3,0.0
SLC19A3,0.018087381
WNT10A,0.004141244
TSGA10,0.039413176
MFSD9,0.022351146
EDAR,0.0
GPR45,0.0
ARHGEF4,0.0027081876
USP44,0.012589961
SLC41A2,0.005888946
VILL,0.01483683
PCDH8,0.0
CNMD,0.0
SCEL,0.0
C7orf25,0.003808083
SPDYE1,0.0
IGF2BP3,0.0
IL6,0.004323461
DGKB,0.0031869507
NACAD,0.016516693
PKD1L1-AS1,0.0
MMD2,0.0
RNASE2CP,0.0
NKX2-8,0.0
NKX2-1,0.0
ZFHX2,0.014271141
ABHD17C,0.0671117
MYCBPAP,0.0
CHAD,0.0
GH2,0.0
CSH1,0.0
BRIP1,0.0
RTP4,0.043289166
SCN2A,0.13002926
TBR1,0.0
ERMN,0.0
GALNT5,0.0
IL36G,0.0
IL36A,0.0
IL36RN,0.0
IL36B,0.0
IL1F10,0.0
CFC1,0.0
GAD2,0.0
OR1J1,0.0
OR13C9,0.0
ZFP37,0.017253922
KIF12,0.3986018
GARNL3,0.01013825
WDR38,0.0
GABBR2,0.0
HEMGN,0.0
NR5A1,0.0
OR1L4,0.0
CTSV,0.025964895
LMX1B,0.010591842
DSCC1,0.0044949283
IFNA21,0.0
DMRT1,0.0
DNAJB5,0.013088544
SPAG8,0.01500923
TMEM8B,0.103683054
ARHGEF39,0.00471048
IGFBPL1,0.0
SLC22A7,0.0070438646
CAPN11,0.0
TINAG,0.03960716
HCRTR2,0.0
KIAA0319,0.0
GCM1,0.0
FOXF2,0.0
CLPS,0.0
C6orf52,0.018408313
FGFBP1,0.0031468568
FHDC1,0.013576053
MGARP,0.0017446525
TTC29,0.0
RAB30,0.020999674
NARS2,0.061577898
TTPA,0.0
SLCO5A1,0.0
NXPE4,0.0
TMPRSS4,0.008339449
MMP7,0.1258566
MMP20,0.0
MMP27,0.0
CFAP300,0.017765256
TRIM29,0.0
BTG4,0.0
POU2F3,0.0
ARHGAP20,0.0
MMP13,0.0
TMPRSS13,0.0
CASP5,0.0
UNC13C,0.014812384
KIF23,0.013183247
ITGA11,0.008231238
KNL1,0.004961829
PAQR5,0.20508492
ITPKA,0.0
TMEM62,0.013343435
PAK6,0.057180017
DUOX1,0.0016759092
SLC28A2,0.0
STRA6,0.01002424
CYP19A1,0.0
BCL2L10,0.038098924
SPTBN5,0.010501363
GCOM1,0.0016256028
BRDT,0.0
SLC44A5,0.0
CLCA2,0.0
DNASE2B,0.0
CGREF1,0.0038194763
LHCGR,0.0
SULT6B1,0.0
SLC5A6,0.028354473
ABCG5,0.0
SLC3A1,0.4009648
SIX3,0.0
CENPO,0.01078931
TRIM54,0.009653796
CYP2C9,0.0010767565
CYP2C8,0.0019698949
LOXL4,0.003926338
LBX1,0.0
BTBD16,0.0
CUZD1,0.0045575486
CEP55,0.0
GPR87,0.0
PLA2G12B,0.004621494
ZNF365,0.0
ADAMTS14,0.0
DNA2,0.0064133424
MYPN,0.0
AOX1,0.018385487
MSTN,0.004942094
CDK15,0.0
MDH1B,0.016413357
CHRNA1,0.0
GUCA1C,0.0
CCDC54,0.0
CILP,0.0
PARP16,0.014975409
HCN4,0.0
PCDH10,0.0
ZGRF1,0.00943689
PRKG2,0.0020334334
FGF5,0.0
IL21,0.0
BMPR1B,0.12041355
TRPC3,0.0
CXCL9,0.0023178083
CDKL2,0.024616778
EGF,0.42998523
C4orf17,0.0
SLC39A8,0.03806391
MTTP,0.010640513
FBN2,0.0
TTLL8,0.0
SHISAL1,0.0
B4GALNT3,0.13922952
PDE6H,0.0
ERP27,0.1773153
ALG10,0.018630238
PIK3C2G,0.28579828
PLCZ1,0.0
SLCO1C1,0.0
TMEM117,0.017951937
PIANP,0.0
SLC38A4,0.052376486
COL2A1,0.0
PPFIA2,0.025045238
ANP32D,0.0
INHBE,0.0
TPH2,0.0
LGR5,0.0
PTPRQ,0.017532421
KERA,0.0
AMDHD1,0.0044482406
SYCP3,0.002522372
ASCL1,0.0
TMEM132B,0.0
FAM222A,0.06568712
FOXN4,0.0
PDX1,0.0
CCDC65,0.0021355527
SLC39A5,0.034272037
RDH16,0.0022304286
DHH,0.0
GPR84,0.0
NPFF,0.0
CELA1,0.0
BRCA2,0.012460571
KRT71,0.0
MORN3,0.0077231005
SLAIN1,0.024363134
SRRM4,0.0
METTL21C,0.0
RNF113B,0.0
ZIC5,0.0
TTC6,0.0
SSTR1,0.0047090235
REM2,0.0026127845
CBLN3,0.0
TSSK4,0.0
FITM1,0.0083549665
MDGA2,0.0
SYT16,0.0
ADAM21,0.0
RDH12,0.0023427005
ESR2,0.0
KCNH5,0.0
STON2,0.07924509
FAM181A,0.0
SERPINA10,0.0
CLBA1,0.036551155
SLC25A47,0.0
DUOXA1,0.0037781163
DUOXA2,0.0
DUOX2,0.0036831375
SLC27A2,0.05374762
HDC,0.0
GCNT3,0.008019474
DISP2,0.0051692193
PIF1,0.0
CYP11A1,0.0071215834
CYP1A1,0.0
ADAMTS17,0.0059193405
GOLGA6D,0.0
PCSK6,0.023206802
CCDC33,0.0
CELF6,0.0
CYP1A2,0.0
LMAN1L,0.0
RHCG,1.1104583
RLBP1,0.0
FANCI,0.003072381
WDR93,0.0026638084
TICRR,0.0
ST8SIA2,0.0
SH3GL3,0.0
SEPTIN12,0.0
SLC5A2,0.036442768
ARMC5,0.029282253
MYLK3,0.0
ABCC12,0.0
CHST4,0.0
CLEC18B,0.010683817
ADAMTS18,0.005004797
ADAD2,0.004607479
OSGIN1,0.009379499
RPL3L,0.0
GALNS,0.053704932
CTRL,0.00195621
DPEP3,0.0
OR4D1,0.0
KIF2B,0.0
SPATA22,0.0
LRRC46,0.0033737286
RHBDL3,0.0
SPACA3,0.0
CHCT1,0.0
TAF4B,0.026905306
ASXL3,0.025139714
ADCYAP1,0.0
MEP1B,0.0
SLC25A52,0.0
GAREM1,0.116535135
GREB1L,0.0
SLC13A5,0.0
CCDC40,0.016303474
CARD14,0.0
TTYH2,0.017700028
CBX8,0.016928306
ZNF750,0.0
MAPK4,0.09725258
FBXO15,0.010742297
CBLN2,0.0
GRB7,0.08183247
ARL5C,0.0
STAC2,0.045501716
CACNA1A,0.0075894017
ZIM3,0.0
CIB3,0.0
ENSG00000141979,0.0
DMRTC2,0.0
HUNK,0.055138934
DNMT3L,0.006474725
IL19,0.0
NTN5,0.0035482894
CBLC,0.012923303
SLC6A3,0.0
FBN3,0.02694026
TM4SF5,0.022190815
SLC47A1,0.034102
GPR32,0.0
ACP4,0.0
KLK3,0.005473754
GARIN5A,0.08090194
PTH2,0.0
ENSG00000142539,0.0
IGLON5,0.0
SLC2A5,0.014094492
CFAP74,0.0
CELA2A,0.0
PADI3,0.0
PADI1,0.0
ARHGEF19,0.014980897
MYOM3,0.005753455
CNKSR1,0.04304559
IL22RA1,0.0
C1orf94,0.0
DMRTA2,0.0
CELA3A,0.0
AZIN2,0.011083528
BEST4,0.0028889321
DMRTB1,0.0
SYPL2,0.035652015
BARHL2,0.0
SLC44A3,0.09739236
IGSF3,0.12660448
ZNF697,0.032580458
KCNA10,0.0
FNDC7,0.0
PROK1,0.0
GPA33,0.0
RXRG,0.0
TBX19,0.0036750583
XCL1,0.024508692
MAEL,0.0028799714
ILDR2,0.024195183
ADCY10,0.0
NUF2,0.0008527452
NR1I3,0.00059396174
F13B,0.0
FCRL5,0.0
CASQ1,0.0
FAM163A,0.0
LHX9,0.0
PRUNE1,0.0685647
RORC,0.10280811
ADAMTSL4,0.009729745
SEMA6C,0.03555824
HORMAD1,0.0
SYT14,0.0028823942
KCNH1,0.0
DTL,0.0
DYRK3,0.02180072
VASH2,0.0
HHIPL2,0.0
FLG2,0.0
CRNN,0.0
NUP210L,0.0
AQP10,0.0
PKLR,0.0022435244
HCN3,0.012633515
FLG,0.0
ACTA1,0.0
LEFTY2,0.003339252
CNIH3,0.039855704
WNT9A,0.0016748357
REN,0.0066750455
PPFIA4,0.01407794
SYT2,0.0043941624
OSR1,0.0018022137
ABCG8,0.0
REG3G,0.0
ABHD1,0.013719199
TRIM43B,0.0
TRIM43,0.0
ANKRD53,0.0
NAT8,0.11841996
DQX1,0.0
MALL,0.006891075
THNSL2,0.12187394
C1QL2,0.0
NT5DC4,0.0
CNGA3,0.0
LYG1,0.007748197
NXPH2,0.008926835
THSD7B,0.00684745
GPR17,0.0
GALNT13,0.0
SCN1A,0.0
SLC4A10,0.0
ZNF385B,0.042918656
TMEFF2,0.0
CDCA7,0.0
DLX1,0.0
PHOSPHO2,0.031460837
CCDC150,0.005825048
UNC80,0.002453725
PTH2R,0.023790827
CPO,0.0
ABCA12,0.0
NYAP2,0.0
ESPNL,0.0
ANKMY1,0.021659683
CPNE9,0.0
FANCD2,0.002886171
MARCHF4,0.0
GADL1,0.0068795513
OSBPL10,0.04593362
ACKR2,0.005676494
GASK1A,0.0051089656
SLC22A14,0.002043264
STAC,0.014538881
CAND2,0.011773649
IL17RD,0.01561756
LRTM1,0.0
ENSG00000144785,0.0
ADGRG7,0.0
MYH15,0.0
TAGLN3,0.018979829
PLA1A,0.02242775
IGSF11,0.009476703
NR1I2,0.0
BOC,0.017421292
TMEM108,0.0041369987
MED12L,0.004336191
SPATA16,0.0
FAM86B2,0.0
AMT,0.0
NICN1,0.0
UCN2,0.0
ENSG00000145063,0.0
ENSG00000145075,0.0
STXBP5L,0.0
ILDR1,0.06159928
TM4SF19,0.0
MUC4,0.0
ECE2,0.0
VWA5B2,0.0
SLC26A1,0.009298002
EPHA5,0.0
CORIN,0.0020317556
SLC10A4,0.0
SLC10A6,0.0
CABS1,0.0
ANK2,0.098983526
FABP2,0.0
CCNA2,0.001678087
SFRP2,0.0
RNF175,0.0
GLRA3,0.0
NKD2,0.0040073926
CDH18,0.0
ADAMTS16,0.064040594
SKP2,0.019107025
UGT3A1,0.07185895
SHISAL2B,0.0
HAPLN1,0.0
ANKRD31,0.0025845168
LIX1,0.010744392
SPATA9,0.003922519
MEGF10,0.0
ADAMTS19,0.0063678627
CXCL14,0.29411408
LECT2,0.0
SLC25A48,0.0
IL9,0.0
TIMD4,0.016682575
GABRA6,0.0
GABRB2,0.0039424053
SPINK7,0.00832333
GLRA1,0.0
CPLX2,0.0
TENM2,0.008927213
MYLK4,0.0048612067
FAM217A,0.0068371566
PSD2,0.0
LRRTM2,0.0
GFRA3,0.0
DCDC2,0.36392573
SLC17A4,0.0
H2BC1,0.0
KAAG1,0.0067655407
RASGEF1C,0.0
PRIM2,0.018456435
MLIP,0.0
LGSN,0.0
ANO7,0.0
CRIP3,0.018537307
TTBK1,0.0
TCTE1,0.0
CYP39A1,0.04077968
PRSS35,0.0046975086
FAXC,0.007508811
GABRR1,0.0
TBC1D32,0.013715293
CLVS2,0.0
GPR6,0.0
TAAR2,0.0
TAAR6,0.0
TAAR8,0.0
TAAR1,0.0
MTFR2,0.0
SLC2A12,0.044617213
PNLDC1,0.0
VIP,0.0
SLC22A3,0.031737037
VWDE,0.0
SDK1,0.01829135
FERD3L,0.0
LINC00525,0.0
CDCA5,0.0
IGFBP1,0.035067778
SSC4D,0.053067572
POMZP3,0.0144404825
TRIM50,0.07145331
ASB15,0.0078175375
ZAN,0.0
AGBL3,0.0075746253
STRA8,0.0
ZC3HAV1L,0.0
EPHA1,0.019959725
CNPY1,0.0
ASB10,0.0
NLGN4X,0.0037787503
SHROOM2,0.017559236
RAB19,0.0
LANCL3,0.0060192063
SYTL5,0.0040639485
SPIN2A,0.0
AKAP4,0.0
CCNB3,0.002100125
ZNF157,0.0
RAB41,0.0
LPAR4,0.0
AWAT2,0.0
ITGB1BP2,0.0
CPXCR1,0.0
NXF3,0.0041154427
RIPPLY1,0.0025130843
RADX,0.01277062
FRMPD3,0.0
HTR2C,0.0
IGSF1,0.0
ARHGAP36,0.0
GPR119,0.0
FATE1,0.0
MAGEA4,0.0
CHRNB3,0.0
CHRNA6,0.0
GNRH1,0.002680026
STAR,0.0
SNTG1,0.02677897
PXDNL,0.0046363813
ST18,0.0029214462
RGS20,0.0
CRH,0.0014931904
TRIM55,0.012333757
PMP2,0.0
PRDM14,0.0
SLC26A7,0.32509732
PSKH2,0.0
ATP6V0D2,0.4051882
DPYS,0.052094772
RSPO2,0.0
FAM83A,0.0
GSDMC,0.0
FAM135B,0.0
TTTY7,0.0
TTTY7B,0.0
ARHGAP39,0.025694955
VLDLR,0.028845692
CER1,0.0
IFNA5,0.0
IFNA16,0.0
IFNK,0.0
SHC3,0.022188494
PLPPR1,0.07083382
OR13C4,0.0
ACTL7B,0.0
CRB2,0.04001119
OR5C1,0.0
ASTN2,0.019348368
HMCN2,0.0046497025
IDI2,0.0
INPP5E,0.04171548
LCN9,0.0
CACNA1B,0.0
PROSER2,0.053130083
SLC39A12,0.0
TMEM236,0.0
ST8SIA6,0.0034135208
CDHR1,0.0
LRIT1,0.0
RGR,0.0
ANKRD1,0.0
VAX1,0.0
NPFFR1,0.0
PLEKHS1,0.0
CYP17A1,0.0021781817
INA,0.0
NKX6-2,0.0
ADAM12,0.0058829766
GAS2,0.033737767
SLC5A12,0.07415865
LRRC4C,0.0
SAA4,0.0
SCGB1A1,0.0
SYT8,0.0
ZNF214,0.010191652
ZNF215,0.0046632905
GLYAT,0.06886289
OR5F1,0.0
CCDC81,0.0
KLHL35,0.0
TENM4,0.0072770445
TTC12,0.02832367
NCAM1,0.0
DRD2,0.0
C11orf52,0.0
HTR3B,0.0
GLB1L2,0.030752853
P4HA3,0.0011665815
GRIK4,0.0
GGTLC1,0.0
ADAM33,0.0
SLC22A8,0.08135639
TMC2,0.0
ZP1,0.0
OOSP2,0.0
MS4A3,0.0
PLCH2,0.005167085
CHEK1,0.0050578825
KIRREL3,0.002585248
SCN2B,0.005810202
DUSP15,0.33122724
C20orf144,0.0
KIAA1755,0.0
SPATA25,0.0
OCSTAMP,0.0
CNBD2,0.06508786
SPINT4,0.0
CDH22,0.0023061947
ENSG00000149656,0.0
GPHA2,0.0
SLC22A9,0.0
TLCD3B,0.0
DOC2A,0.0036854262
HMGA2,0.0
MMP3,0.0
CNKSR2,0.0
CNTN5,0.0
MKX,0.0
FXYD4,0.5556992
TRIM48,0.0
OR8K1,0.0
OR5M9,0.0
PCDH15,0.0009196463
KLHL1,0.0
CDH8,0.0
LYPD6B,0.037182663
WDR17,0.015731296
SPATA4,0.0015387739
CNDP1,0.00095794705
DLG2,0.039033886
CCDC83,0.0
PPP1R1C,0.015250291
POU2AF2,0.001963425
PIH1D2,0.020703498
TEX12,0.0
CIMIP5,0.0017553411
FREM2,0.07000994
ABCB9,0.013331552
DHX37,0.036229886
TKTL2,0.0
PRSS53,0.0
SLC7A11,0.0
NOCT,0.012539683
ENKUR,0.0
GPR158,0.0
LYZL2,0.0
KCNA6,0.0
THRB,0.08700949
ABTB3,0.041992143
RAD9B,0.0
AKAP6,0.027761076
NPAS3,0.008636961
ALLC,0.0
KCTD14,0.019234797
THRSP,0.010088894
MSGN1,0.0
ADAMTS12,0.0
ATP6V1G3,0.36723465
SLC25A31,0.0
ANO4,0.0
DRD3,0.0
MMAA,0.033857968
POU4F2,0.0
DPYSL4,0.0
ITIH2,0.0005905162
KCNJ1,0.7160507
CENPU,0.003488582
SERP2,0.015603426
SLC35F4,0.0
GABRA2,0.11966175
CCDC175,0.0
PABPC3,0.0
CCL28,0.017709224
BEND6,0.004438793
TMEM132D,0.0
RBM46,0.0
MCHR2,0.0
AP1S3,0.011004651
TUBA3E,0.0
ASTN1,0.0
CFC1B,0.0
POU4F1,0.0
CYSLTR2,0.0037791613
GRID2,0.00487463
RIT2,0.0
SPC25,0.0
G6PC2,0.0
PTH,0.0
SH2D6,0.0
KCNK13,0.014248717
SPOCK1,0.07894998
FAM151B,0.0053151315
HOMER1,0.09748079
BOLL,0.0
ZNF547,0.012520955
OLAH,0.0
ZSCAN1,0.03570429
TRIM36,0.0
GRIA4,0.0
IGSF10,0.0
DSPP,0.0
DMP1,0.0
MEPE,0.0
CCNO,0.0
DDX4,0.0
CLEC4F,0.0
CATSPER3,0.0029047725
DYNLT5,0.0
DNAI4,0.024204576
ANKRD22,0.06295384
SLC16A12,0.12160424
PANK1,0.06416958
BMP3,0.0
GRM1,0.008152334
CNTNAP4,0.0
PART1,0.28212494
LMNTD1,0.0
NRSN1,0.0
JAKMIP1,0.0035596334
ZIC1,0.0
TEKT5,0.0
ACMSD,0.03571391
ACOXL,0.0
CLGN,0.0015890507
BMP6,0.0
RGPD3,0.0
OR14K1,0.0
PTPRR,0.004895462
CCDC148,0.041800972
FEZF2,0.0
ADGRF1,0.20279887
ADGRF4,0.0
FRMD1,0.015856216
FAM81B,0.0014367781
PLEKHG4B,0.0010140683
C16orf89,0.15512645
TEX29,0.0013362863
SPACA7,0.0
ADPRHL1,0.013852564
FBXL2,0.014407031
GOLGA8F,0.0
PTPRD,0.061764907
TGIF2LX,0.0
CIBAR2,0.0
SPMIP4,0.009344522
TMPRSS11D,0.0
SPHKAP,0.0
MCOLN2,0.0061076116
ANKFN1,0.0
HS3ST3A1,0.0
GDPD1,0.009817913
ASB17,0.0
SLC5A10,0.007695541
AK5,0.0067380145
CABYR,0.0
CHST9,0.010463398
DNAAF1,0.008244129
JPH3,0.0
ROBO3,0.015342501
PANX3,0.0
NRGN,0.1290324
CDH12,0.0
GPR15,0.0
CERS3,0.0
GAL3ST2,0.0
ABCA10,0.012593809
ENPP3,0.0037987123
C4orf19,0.0317183
UCHL1,0.23451972
FAM167A,0.037968893
WNT3A,0.0
PPP1R3A,0.0
ASZ1,0.0
GPR26,0.0
CFAP210,0.0023626694
MMP21,0.0
C10orf90,0.0
MAGED4,0.0
SRSF12,0.0
PSMA8,0.0
TMSB4Y,0.0
CHODL,0.0043312507
TMPRSS15,0.0
WNT7A,0.0
SKA1,0.0
USP43,0.029590663
EME1,0.0
EPHB1,0.0030284312
ZNF18,0.008275488
CA10,0.040617913
SEPTIN14,0.0
DKK2,0.0
RSPH10B,0.0
FBXL18,0.0137192905
CNTNAP5,0.012974947
ODF1,0.0
OR4K1,0.0
GPR78,0.0
TRIM74,0.0
MAGEC1,0.0
GRIA1,0.0
LRGUK,0.0
ZKSCAN2,0.013760258
XAGE2,0.0
TTN,0.0040905485
KDM8,0.0040713656
PDZD9,0.0
FLACC1,0.002000855
C2CD6,0.001733292
SPAG17,0.014519098
FMN2,0.01297166
CYLC2,0.0
SAXO1,0.0043763383
SLC24A2,0.0024747427
TRIM42,0.0
PXYLP1,0.021428445
ADCY8,0.0
RAET1L,0.0
AFF2,0.0
GRIP1,0.024820253
KIF5A,0.002746243
NAT2,0.0
MAGEA8,0.0
CFAP70,0.04775471
GNA14,0.0141289355
FAM161B,0.016419133
WIF1,0.0
GPR61,0.0
MMP16,0.0
ADAMTS3,0.0075158966
ALX3,0.0
CFAP418,0.009470959
PPEF2,0.0
CFAP161,0.0
ART3,0.0
SLC28A1,0.010463988
NAA11,0.0
CLDN17,0.0
CLDN8,0.5121576
SORCS3,0.0
FUT6,0.007391167
TDRD9,0.0016332931
FGF18,0.004013125
SH3RF2,0.0027442453
GDF6,0.0
PPP2R2B,0.025883932
KCNS2,0.0
PABIR3,0.005487521
FBXO43,0.0
HKDC1,0.06375023
LRFN2,0.0
NODAL,0.0
PRG3,0.0
UNC5D,0.017213872
GLYATL2,0.005259673
IGKV1OR-2,0.0
FRRS1,0.008507627
SASS6,0.02517951
COX6A2,0.026947193
ITGAD,0.0
ADGRG4,0.0
ZIC3,0.0
B3GNT7,0.021400293
BUB1B,0.0
SST,0.04603109
GHRL,0.0038543725
SHCBP1L,0.0
NMNAT2,0.0
ATP2B2,0.0
LYZL4,0.0
SLC6A1,0.001292581
TMEM171,0.037178315
KLHL40,0.0
C8A,0.0
SYN2,0.0
NRG1,0.025616517
CDCP2,0.0
HTR5A,0.0
CLDN12,0.0793071
TMED6,0.017719913
CLEC18A,0.014220427
CFAP107,0.0
CLEC18C,0.0
ARMC12,0.0
IL34,0.005748813
CACNA1D,0.025131809
ARSL,0.08181452
HYDIN,0.0066510444
ZNF19,0.012384591
CCNB2,0.0
PWWP3B,0.0039857314
KCNJ6,0.0
KCNJ15,0.23049386
LCA5L,0.014057044
C9orf43,0.0
PALM2AKAP2,0.0
DGKI,0.0027928515
TMEM268,0.025426645
SVOPL,0.0205067
SNX22,0.0
SLC34A2,0.009569349
ACAN,0.015912876
GAREM2,0.0013536942
DPYSL5,0.0
DRC1,0.0
CIB4,0.0
MEGF11,0.0
ANKRD61,0.0
EXTL1,0.004614522
SLC30A2,0.033427563
TRIM63,0.0018204722
GRHL3,0.0
NLRP14,0.0
PTPDC1,0.015444956
GALNT14,0.07238834
LRRC43,0.0038909116
XDH,0.0
DZIP1L,0.015041523
FANCC,0.016655305
ESYT3,0.0026982245
TENT5B,0.054840535
RNF207,0.02780163
GPR153,0.0
SLC13A3,0.041948184
GPRASP2,0.03821012
CDC25C,0.0
RIBC1,0.009950703
CATIP,0.029196037
KCNB1,0.011405505
CD1A,0.0
CD1B,0.0
DNAH3,0.0
CD1E,0.0046534473
HMHB1,0.0
CPA2,0.0
CPA5,0.00561988
POM121L2,0.0
PFKFB1,0.005182817
ALAS2,0.0
PAGE5,0.0
PKD1L1,0.0
SLAMF8,0.004465346
HTR6,0.0
ITLN2,0.0013247121
PLA2G2F,0.0
SPATA2L,0.10597893
NPM2,0.010233084
FGF17,0.0
VWA5B1,0.008711297
SLC5A11,0.0
MPZ,0.0034264524
WFDC8,0.0
WNT9B,0.001728667
RAPGEF6,0.02513591
SV2A,0.0032584467
LAD1,0.0640975
TNNI1,0.036086537
PRAC1,0.0
HOXB13,0.0
KCNE2,0.0011800976
CIART,0.014484741
CLIC6,0.009918516
IGF2BP1,0.0035544143
GIP,0.0
ENSG00000159239,0.0
GJD2,0.014493365
ACTC1,0.011179424
CHAF1B,0.004209095
CLDN14,0.025577037
GOLGA6A,0.0
SCUBE1,0.0036236348
PLA2G4D,0.0
M1AP,0.0
IRX6,0.0
CES5A,0.0
CELF3,0.0
LCE2B,0.0
TGM7,0.0058161337
SPRR2G,0.0
PGLYRP3,0.0
ISL2,0.0
ADGRG5,0.0049185557
DRC7,0.0
SPMIP8,0.011189748
UROC1,0.0
LRRC36,0.005935068
AGRP,0.022882272
CARMIL2,0.0
C16orf86,0.02221385
PIP,0.0
FAM131B,0.0
LYPD5,0.0
ZNF222,0.014471921
NPR2,0.025037933
ZNF221,0.004563782
TNFRSF13C,0.002297531
ATAD3B,0.07088873
FNDC5,0.008354107
ANKLE1,0.0
CILP2,0.0
TFF2,0.0
TMPRSS3,0.016629737
UBASH3A,0.0
CBS,0.0
U2AF1,0.0035701948
CRYAA,0.0
HSF2BP,0.0026755848
GATD3,0.005914009
AIRE,0.0
LRRC3,0.0027448335
C21orf58,0.0055830074
S100B,0.0
CLDND2,0.056513157
CACFD1,0.08943524
LCN1,0.0
C19orf47,0.027851783
HIPK4,0.0
CFAP157,0.0
SPTBN4,0.010024579
COX6B2,0.0
TMEM190,0.0
NLRP4,0.0
PLPP7,0.01327269
MPZL3,0.018920302
TLCD1,0.05661241
S100A1,0.062311538
CXCR5,0.0
NLRX1,0.031849302
CHRNB2,0.0
PAQR6,0.0
MYL3,0.08672052
LRRC71,0.0
FCRL3,0.006142988
FGFR4,0.044364076
CYP3A7,0.0069607478
CYP11B1,0.0
LY6K,0.02394828
TONSL,0.0047365697
RECQL4,0.0013952218
COL26A1,0.009023711
FOXH1,0.0
TEKTL1,0.0
SH2B2,0.009025339
FBXL13,0.004266406
SCGB3A1,0.011133371
CELF5,0.0
USP41P,0.0
CCDC116,0.0
NPHS1,0.039685998
THAP8,0.011133554
LRRC56,0.0060952045
GRIN2C,0.0
KLHL10,0.0
KASH5,0.0
HCRT,0.0049468647
DCD,0.0
SIGLEC11,0.0
MPP3,0.011185059
CD300LG,0.01925652
IZUMO2,0.0
NAGS,0.013185015
ASB16,0.0
SHANK1,0.0
FAM171A2,0.011459662
DBF4B,0.00398007
PLCD3,0.020430924
AQP5,0.022143723
RACGAP1,0.054863933
OR7G1,0.0
KRT84,0.0
KRT82,0.0
SYCE2,0.0
SPC24,0.004687045
IP6K3,0.01476332
ALOX15,0.0
TREML1,0.0
ZNF653,0.01693556
RNASEK-C17orf49,0.012340661
TNFSF13,0.004496271
FGF11,0.015198786
CCDC42,0.0
PRR35,0.21293628
WDR90,0.029757446
CCDC78,0.006324914
MSLNL,0.0
SSTR5,0.0
MEIOB,0.0
HS3ST6,0.0
TEDC2,0.0029483435
CCNF,0.007972322
NTN3,0.0
PAQR4,0.0055293553
SAXO4,0.01373672
GNG3,0.0
LBHD1,0.0
ITIH3,0.0
FGF19,0.0
CYP4A22,0.004320921
PDZK1IP1,0.3299401
BEND5,0.07295189
SLC1A7,0.006534218
FAM151A,0.042578056
PARS2,0.0042424533
CIMAP2,0.0
BSND,0.14979352
PRKAA2,0.31143668
ZSWIM5,0.008167637
SLC45A1,0.028946212
RAVER2,0.037929744
CTRC,0.0
KNCN,0.0
TMEM82,0.0039420626
DRAXIN,0.0038968136
LRRC38,0.0
MATN1,0.0
TSSK3,0.0
UBXN10,0.010101519
TTLL10,0.0
SCNN1D,0.015601755
CCDC27,0.0
IL23R,0.0
DIRAS3,0.047671735
C1orf87,0.0
LRRIQ3,0.015104738
LRRC53,0.0
LHX8,0.0
B3GALT2,0.010150321
NTNG1,0.042370006
AKNAD1,0.0
DNAI3,0.005733828
ATXN7L2,0.020133307
HFM1,0.004684461
BRINP3,0.003538322
GFI1,0.0
CADM3,0.00304439
TRIM58,0.0
SLAMF9,0.0
OR2M5,0.0
KCNJ9,0.0
VANGL2,0.026910383
SLC9C2,0.0
C1orf74,0.0073309895
LMX1A,0.0
LRRC52,0.0
GARIN4,0.0
AXDND1,0.0
TDRD5,0.0066345963
SPATA17,0.013995797
NBPF20,0.0063397125
WDR64,0.0
KLHDC8A,0.0
OXER1,0.0045915945
IKBKE-AS1,0.0
IL24,0.0
PIGR,0.561953
FCAMR,0.0070355968
OBSCN-AS1,0.008422415
TRIM17,0.0
LINC01931,0.0
LRRTM1,0.0058309985
KCNF1,0.001997302
LRATD1,0.023297459
KCNJ3,0.116084285
NEUROD1,0.0
DUSP19,0.023608115
ZSWIM2,0.0
VSNL1,0.0
ANKRD30BL,0.0
TEKT4,0.0
EN1,0.0
CFAP221,0.055944726
CCDC140,0.0
SGPP2,0.09652205
XIRP2,0.0
BIRC8,0.0
PDHA2,0.0
STPG2,0.0026432793
NEURL3,0.0114982035
ANKRD23,0.0066422457
BNIPL,0.0037650655
TMOD4,0.0
LCE3D,0.0
SMCP,0.0
IVL,0.0
SPRR3,0.0
SPRR2D,0.0
BMP10,0.0
PGLYRP4,0.0
TDRD10,0.0095115015
FZD5,0.031824034
CRYGC,0.0
CFAP141,0.0
NPPC,0.0021969366
ALPP,0.0
GABRG1,0.0
ALPG,0.0
GABRB1,0.0020361193
ALPI,0.0
LENEP,0.0
DCST2,0.001098904
DCST1,0.0
INAVA,0.034822986
LINC01116,0.2884512
KBTBD8,0.009702874
TAFA4,0.0
CCKAR,0.0
IGFN1,0.0
TEX55,0.0
PDCL2,0.0
TMEM169,0.0056106364
TRIM46,0.0
CXCR1,0.0
TSACC,0.0030429037
STK36,0.028532263
ADORA1,0.013205585
NEK10,0.0016759092
FEV,0.0
CRYBA2,0.0
IHH,0.002087528
CIP2A,0.009140594
RETNLB,0.0
FCRL4,0.0
GLB1L,0.010129737
DPPA2,0.0
FCRL1,0.0
NUAK2,0.20930162
SPTA1,0.0
AIM2,0.0
EFHB,0.0
SLC2A2,0.016838584
CTLA4,0.007131102
CD200R1,0.0
CADPS,0.0022129263
NKX6-1,0.0
CDS1,0.11630474
PTPN13,0.28473455
SYNPR,0.0
C3orf49,0.0
C4orf36,0.0
ATXN7,0.0
ERICH6,0.0
CLRN1,0.0
DCLK3,0.0
FANCD2OS,0.0
CXCL3,0.02730248
CXCL5,0.0
PPBP,0.0
PF4,0.0
PLSCR2,0.009390915
CCDC158,0.0029281958
TCF23,0.0
DNAJC5G,0.0
UCN,0.0052643036
PLB1,0.003703448
SPDYA,0.0017337813
TGM4,0.0
SLC6A20,0.0
RTP3,0.00043158449
FBXO40,0.0
GRIK3,0.0
CFAP100,0.0
CAMK2N2,0.0
RHO,0.0
IGF2BP2-AS1,0.0
SFMBT1,0.029495612
ZDHHC19,0.0
SLC51A,0.0052048285
OTOP1,0.0
EXO5,0.01846994
CLDN19,0.047805674
SLC9B1,0.0
CDC25A,0.0035558273
FBXW12,0.0
PLXNB1,0.2794785
BSN,0.0006096041
CAMKV,0.0
MST1R,0.0
GRM2,0.0
ETNPPL,0.0
PITX2,0.0
PRSS12,0.00215304
NDST3,0.007004871
SMIM43,0.0
ADAD1,0.0
HPGD,0.14272274
ASB5,0.0
SPMIP2,0.0
NPY5R,0.00886926
FHIP1A,0.0077956626
HHIP,0.0
SLC45A2,0.0
ELOVL7,0.14675574
ZNF474,0.0
ADGRV1,0.023339981
F2RL2,0.0
ANKRD33B,0.07971016
F2RL1,0.0893942
PRDM9,0.0
SCGB3A2,0.0
SPINK1,0.25444108
HTR4,0.0
ESM1,0.06652937
CDC20B,0.0
SPZ1,0.0
ENPP6,0.010181584
CAGE1,0.0
EGFLAM,0.00762982
TMEM174,0.014337067
CARTPT,0.0
FAM170A,0.0
KLKB1,0.003691931
TERT,0.0
SLC6A18,0.0
FOXQ1,0.07919942
LINC01600,0.0
ADGRF2P,0.0
IL3,0.0
CSF2,0.0
GDF9,0.00294997
GJB7,0.0
GRIK2,0.005853338
FABP7,0.0
TLX3,0.0
TXLNB,0.0
CALHM4,0.0
TBXT,0.0
TMEM200A,0.005649437
IL22RA2,0.0
DACT2,0.0012277432
PDSS2,0.061584596
SPMIP7,0.0
H2AC1,0.0
IL31RA,0.0
RAET1E,0.0092495615
PI16,0.029181091
TBX20,0.0
MATCAP2,0.045066368
HCN1,0.0
MYOZ3,0.0
NEUROD6,0.0
GPR85,0.0
KCNK5,0.014826591
KIF6,0.0024291384
SLC29A4,0.04167555
TEX47,0.0
STEAP1,0.0036029841
SP8,0.0
USP49,0.012923769
IQUB,0.022362394
SHH,0.002902828
FNDC1,0.0
SLC13A4,0.0
SLC35G3,0.0
C8orf48,0.002654521
SUN3,0.0
C7orf57,0.0
HNF4G,0.0016926092
SBSPON,0.13852732
EN2,0.0021100566
KCNV1,0.0
CSMD3,0.0
DEFA5,0.0
DEFA4,0.0
DEFA6,0.0
TMEM74,0.0
GPER1,0.0057766596
UNCX,0.00597059
TMEM184A,0.025561202
SPAG11B,0.0
SLC7A13,0.0
GBX1,0.0
OSR2,0.0
DCSTAMP,0.0
FREM1,0.13080338
SPMIP6,0.09536852
MYORG,0.03517285
CCDC171,0.025441825
DIRAS2,0.002679741
NIPSNAP3B,0.013754478
PRKACG,0.0
ZMAT4,0.0
NKX6-3,0.0
MAMDC2,0.0059559005
PRSS37,0.0
CPA6,0.0
C8orf34,0.0
TMC1,0.0
SSMEM1,0.0
TRPV6,0.06172846
LLCFC1,0.0
CFAP47,0.00234884
METTL27,0.039586823
SHOC1,0.018801032
CXorf58,0.0
PTCHD1,0.0
RNF183,0.0
ASB11,0.0
PCDH19,0.0
VEGFD,0.0
OR1Q1,0.0
OR1K1,0.0
ZNF367,0.039550822
NLGN4Y,0.0
HDX,0.019181788
SLITRK5,0.0
MELK,0.0
ARMC3,0.0
FAT3,0.0005859555
DEUP1,0.0
SLC7A3,0.0
GPR101,0.0
CLDN2,0.037490875
LRFN5,0.0015323117
LRRC18,0.0
TSHR,0.0
PHYHIPL,0.030155174
PHOX2A,0.0
MBL2,0.0
GJB2,0.009052485
HEPACAM,0.0
SKA3,0.0
DDIAS,0.0
PKNOX2,0.0
RPL10L,0.0
MAGEC3,0.0
ZNF22-AS1,0.0055403938
EML5,0.00528115
TMEM63C,0.003746373
NGB,0.0
NOXRED1,0.0
CDX2,0.0
AMER2,0.0
AKR1E2,0.0
SSX5,0.0
SSX3,0.0
OTX2,0.0
FAAH2,0.063685276
DRGX,0.0
OXGR1,0.0137279
UCMA,0.0
SOHLH1,0.0
SLC18A2,0.0021088577
QSOX2,0.029897023
FRMD7,0.007474749
AK8,0.00860391
SPACA9,0.0931254
GFI1B,0.0
ZMYND19,0.050266843
RET,0.0
OR4K2,0.0
SLC39A2,0.0
RNASE7,0.0
C12orf50,0.0
PPP1R36,0.004853103
VWA2,0.0
SALL2,0.014497444
PRAP1,0.039165977
ERICH6B,0.0
CYP2C19,0.0
ZFYVE1,0.036437895
SPMIP5,0.0
ANKRD2,0.018946199
E2F7,0.0
OTOGL,0.0
LARGE2,0.110174514
RAPSN,0.0
AGBL2,0.007979853
SMCO2,0.0
SERPINA12,0.0
PDZRN4,0.006758125
SLC6A5,0.0
CCDC38,0.0
NELL1,0.08639712
C1QL3,0.0
CACNB2,0.033164825
ABTB2,0.09081233
LIPC,0.01315824
PASD1,0.0
TMCO5A,0.0
GPR176,0.006903053
IL25,0.0
CMTM5,0.0
GLB1L3,0.0
ADAMTS15,0.0061010853
SVOP,0.0
SPATA19,0.0
AMN,0.099399984
PPP1R14D,0.0038359957
C16orf78,0.0
DEPDC4,0.0023664054
LRTM2,0.0
OPN1MW2,0.0
TRMT61A,0.076599576
ASPG,0.0
SENP8,0.021103648
GABRB3,0.01777407
TBATA,0.0
DNAAF8,0.0
CLMP,0.0
SCN3B,0.0
ZNF202,0.010251714
MYRFL,0.004036778
TMEM100,0.0010631975
SYNPO2L,0.0
NUDT13,0.009338799
CCDC182,0.0
NETO1,0.0
MSS51,0.0047000125
RAG1,0.012141355
POTED,0.0
WDR88,0.0052274615
OR10A5,0.0
OR2D2,0.0
MOGAT2,0.0
SERPINB7,0.0
TUB,0.010675929
LMO1,0.0025793333
WDR72,0.22832555
TRIM66,0.014821661
TMEM130,0.008821252
C16orf46,0.011743725
NDST2,0.014615449
CLEC3A,0.0
CLEC4D,0.0
A2ML1,0.0
BEAN1,0.0
SLC38A8,0.0
CPLX4,0.0
GALR1,0.0
TMEM135,0.050041877
IQCD,0.01675631
CDH16,1.4444853
CFAP52,0.0
MC4R,0.0
SERPINB12,0.0
CHRFAM7A,0.0
MMP10,0.0
TVP23A,0.0
TMPRSS5,0.0018073013
PLEKHA7,0.06365934
ZCCHC18,0.0
HTR3A,0.0
ACSM1,0.0004806855
YPEL4,0.0
LDHC,0.0013937835
LDHAL6A,0.0
LDHD,0.09807201
PLIN1,0.0
SCNN1G,0.28383785
ANKDD1A,0.008242404
PLK1,0.003316129
CACNG2,0.0
TAC3,0.0
MYO1A,0.0
CHP2,0.0
OR4D6,0.0
ELFN2,0.0
MIR202HG,0.0
SCG5,0.0016792688
GREM1,0.0
NYAP1,0.0
MS4A6E,0.0
MS4A5,0.0
EPB42,0.0
TGM6,0.0
MS4A8,0.0
CCDC178,0.032926716
MS4A15,0.0
TCP10L2,0.0
NAT16,0.00093127956
TERB2,0.0
NKX3-1,0.015148019
SGSM1,0.04015283
ENSG00000167046,0.0
B4GALNT2,0.009646687
TTC16,0.0
SUN5,0.0
BPIFB6,0.0
TMEM92,0.0
ACSF2,0.06390021
ANKRD40CL,0.0
DOLPP1,0.032548286
CCDC103,0.0
TBC1D21,0.0
PRRX2,0.008515513
UGT1A6,0.010045015
ISLR2,0.0
PRR15L,0.05597705
C16orf92,0.0
GOLGA6C,0.0
NOD2,0.0
SNX20,0.0054936996
LOXHD1,0.0
RBFOX3,0.0
ART5,0.013641707
OR51E2,0.0030722232
MMP26,0.0
OR51B5,0.0
OR51I1,0.0
OR51Q1,0.0
ZNF23,0.0029648743
ZNF646,0.026297478
GNG8,0.0
LPO,0.0
CA4,0.15946485
SMG8,0.010746151
JSRP1,0.0055814474
NIBAN3,0.0
PROCA1,0.018880429
LALBA,0.0
DHRS13,0.02157682
CORO6,0.004296517
RHEBL1,0.0
ZNF610,0.014038625
AQP2,1.0020502
GPD1,0.05062894
CYP2S1,0.0
ANKRD33,0.0
LAIR2,0.013241711
TMEM145,0.0
ZNF526,0.014118618
KIR3DL1,0.0
NLRP7,0.0
DNAAF3,0.015168731
PSCA,0.0
ATCAY,0.0
LY6D,0.0
CHAF1A,0.017676624
PLIN4,0.007365429
SERPINF2,0.06620639
GGT6,0.1700291
KLK1,0.5266794
KLK4,0.0
KLK2,0.0
KLK5,0.0
KLK6,0.03952855
KLK11,0.0
KLK13,0.0
ACER1,0.0
RCOR2,0.0024079392
ENSG00000167774,0.0
SOAT2,0.0
CABP2,0.0
TBX10,0.0
OR8J3,0.0
OR5I1,0.0
TEKT1,0.0
EVPL,0.04441532
MGAT5B,0.0
CYP7A1,0.0
TOX-DT,0.03808
GSDMA,0.0
KRT24,0.0
SOST,0.077535026
DNASE1L2,0.0029844772
CASKIN1,0.0076485607
ZNF597,0.011056798
VWCE,0.0
BSCL2,0.010263356
PLAAT5,0.0
TTC21A,0.007620382
ENTPD3,0.011909916
ULK4,0.017061135
SLC22A11,0.015715038
MAJIN,0.0008334154
SCARA3,0.015072809
PBK,0.0
SCARA5,0.0
PNOC,0.0033544602
OR1F1,0.0
OR2B2,0.0
KCNJ4,0.0
FAM83B,0.020277046
H3-4,0.0
OR2C1,0.0
PTGDR,0.007107714
GNG4,0.0
KCNV2,0.0
PTF1A,0.0
FOXI1,0.16987763
KIF5C,0.008305739
MOBP,0.0
PPDPFL,0.0
XIRP1,0.0
INSM2,0.0
SCN11A,0.0
LINC00917,0.0
BDKRB2,0.049195167
MTNR1A,0.0
KCNG4,0.0
HR,0.0019391445
TXNDC2,0.0
LGI3,0.0
SFTPC,0.0
PHYHIP,0.019080402
CCDC110,0.0064543514
MTCL1,0.007555121
GBX2,0.0
HJV,0.0
SCGB1D1,0.0
MYL1,0.0
CHRM1,0.0
CRYGA,0.0
DYNLRB2,0.025891623
ADAM29,0.0
ADAM18,0.0
GDNF,0.0
MUCL3,0.0
WFDC13,0.0
VWA3B,0.0
UGT3A2,0.0
KCTD19,0.0
LRP1B,0.009720008
WFDC12,0.0
LINC01620,0.0
CA7,0.0
TSPY2,0.0
CXXC4,0.001157328
TCTN2,0.052821394
SHOX2,0.0
LCMT2,0.042614065
IL12A,0.0
NSG1,0.006575094
OR13J1,0.0
HTR1E,0.0
FSTL5,0.0
SOX14,0.0
SFTPB,0.01226687
BTNL3,0.0
PLA2G4F,0.07914827
CTRB1,0.0
CTRB2,0.0
TRIM49,0.0
SPRY3,0.009778401
STXBP6,0.018043948
TM4SF20,0.0
GRM5,0.0
JMJD7-PLA2G4B,0.003666944
NTSR2,0.0
COL4A3,0.16123998
KLK7,0.019423524
VCX3A,0.0
ZBBX,0.0
ACTBL2,0.0
ROR2,0.013503654
VXN,0.006443961
ODAD2,0.0030834659
GOT1L1,0.0
PCSK9,0.0
GSG1L,0.0
IL13,0.0
NPIPB12,0.0
OR10G3,0.0
RAB3B,0.015995657
OR6F1,0.0
RSPO1,0.0
GCSAML,0.0
RAB24,0.029420437
CXCL10,0.0106670745
NPIPB3,0.0
SH3TC2,0.0
CXCL11,0.0
GPRIN1,0.0
HSPB3,0.005720706
NR0B1,0.0
STK32A,0.02642812
IL1RAPL1,0.004003207
C22orf15,0.0
OR5AU1,0.0
MINAR1,0.0
PDILT,0.0
UMOD,0.5509259
GP2,0.04031904
ELSPBP1,0.0
RNASE3,0.0
RSPH10B2,0.0
KCNK9,0.0
RASSF6,0.062898174
COL22A1,0.0054895473
SPRR1B,0.0
SPRR1A,0.0
OR4K14,0.0
OR4K15,0.0
CRCT1,0.0
ZNF280A,0.0
MUC15,0.1860767
CT55,0.0
GJB1,0.032538965
DTWD2,0.02725452
VPREB1,0.0
BNC1,0.0
GKN1,0.0
CKAP2L,0.0
PROKR1,0.0
APLF,0.010874712
RGPD8,0.003080602
DRD5,0.0
BUB1,0.0
CHRNA5,0.0
MT1B,0.0
GP9,0.0
ACTRT2,0.0
NRG4,0.0038120209
TMEM266,0.0
NLGN1,0.0065277684
TAS2R1,0.0
RBMY1F,0.0
TACR3,0.0
GSX1,0.0
PCDH7,0.040314022
ONECUT1,0.0
CTNND2,0.0
MUC17,0.0
AHSP,0.0
WNT10B,0.0
CALML6,0.0
MUC3A,0.0
PYDC1,0.0022636668
TM4SF4,0.0019111283
S100G,0.0
OTUD7A,0.011022026
FRMPD4,0.0
HSFY2,0.0
TAS1R3,0.0
TIGD4,0.0015301348
MYO7B,0.0077502956
CNTROB,0.033259302
ZPLD1,0.0
SERPINA9,0.0
FAM153A,0.0035723497
GPR37L1,0.0
NSG2,0.0
SPDYE5,0.0
SERPINA6,0.023072993
FOXD4,0.0
GPR25,0.0
FAM88B,0.018516835
VGLL2,0.0
HOXD4,0.061015554
HOXD12,0.0
GYPA,0.0
SLC16A5,0.09738833
NANP,0.03011301
ANKK1,0.002379441
ADRA1B,0.0017409795
FABP6,0.0031313242
USP50,0.0
MRGPRX1,0.0
MRAP,0.0
C7orf33,0.0
CNGB3,0.0
SLN,0.0
LGALS9B,0.0
FRMPD2,0.0
PRDM10,0.013719709
CST5,0.0039543374
CST2,0.0
EMX2,0.43081617
CST1,0.0
SP7,0.0
TCAF2,0.0024372528
SEMA3E,0.0
LRRN2,0.056350023
DCLK2,0.027365211
ZNF804A,0.0031532072
KRT78,0.0
ADORA2B,0.0
SDR9C7,0.0
TMT1B,0.016776122
KRT86,0.0
KRT75,0.0
KRT6C,0.0
SPATA24,0.026114559
MZB1,0.009324628
KRT4,0.0
SLC23A1,0.005712932
KRT74,0.0
NPAS2,0.038513657
KRT72,0.0
KISS1,0.010276053
COX7B2,0.0
KRT83,0.0
IRX1,0.019846091
SIX2,0.0
DLGAP1,0.0
OR9K2,0.0
FOXA3,0.047082897
GARIN3,0.0
SLC26A5,0.0
SGCD,0.008297824
RASA4B,0.0
CAVIN4,0.0
OR10A3,0.0
HOXB9,0.13307723
TTLL6,0.0039297976
POLH,0.020273844
SYT9,0.0043356847
RBMXL2,0.0
GPR37,0.0068999287
TPD52L3,0.0
OR10A4,0.0
DYDC1,0.0
OR10A2,0.0
HTRA3,0.009911235
LMOD2,0.0
BFSP2,0.0064990288
FSHR,0.0
CEL,0.18230467
PPM1D,0.04966035
PSG6,0.0
PLA2G1B,0.0
TRH,0.0
TPT1-AS1,0.0
OR7G3,0.0
OR7G2,0.0
TEX13B,0.0
PKHD1,0.23061362
OR1M1,0.0
NCBP2L,0.0
MBD3L1,0.0
PGK2,0.0
OR8B12,0.0
CEACAM3,0.0
DCDC1,0.0075359484
HAS2,0.0
PLAC1,0.0
DDI1,0.0
LINC00208,0.0
HS6ST2,0.08107159
OR4D5,0.0
PYGO1,0.021764975
LRRC8E,0.010231873
PKIA,0.03741689
TSNARE1,0.015990514
PATE1,0.0
OR13H1,0.0
C8orf74,0.0
ALK,0.0
KYAT1,0.016693706
OBP2B,0.0
HSFX1,0.0
FUT3,0.0
KCNG3,0.010677666
OR2K2,0.0
RLN3,0.0
NAIF1,0.013492059
RBKS,0.085239746
OR2M4,0.0
GRIK1,0.0
MUC7,0.0
OPRPN,0.0
SMR3B,0.0
CSN3,0.0
CLDN20,0.0
CDC42BPG,0.0065942747
UGT2B7,0.18585366
SHCBP1,0.042326957
SOSTDC1,0.0304183
NPTX1,0.006658613
ZNF440,0.01563203
KCNK3,0.0030421133
ESCO2,0.0
KRT15,0.001867307
KRT38,0.0
TPPP,0.039387383
KCND3,0.007013967
APLN,0.024141578
KRTAP4-4,0.0
KRT13,0.0
XAGE3,0.0
KRT9,0.0
XAGE5,0.0
KRT20,0.0
GLOD5,0.012997972
KSR2,0.03098679
KRT27,0.0
CDK5R2,0.0
OR1L6,0.0
DLK2,0.0
SPACA5B,0.0
OR1L3,0.0
NLRP5,0.0
SPACA5,0.0
MROH2B,0.0
OR1L8,0.0
OR1N2,0.0
COL24A1,0.0021047806
OR1N1,0.0
RXFP1,0.019048212
LPAR3,0.0
NEUROD2,0.0
OTP,0.0
ECEL1,0.0066522365
OR2AT4,0.0
RAB4B-EGLN2,0.0
DSCAM,0.0
DNAI2,0.0
NMUR1,0.006360264
P2RY6,0.0055304323
SHANK2-AS3,0.0
LKAAEAR1,0.0
DEFB4A,0.0
ANO5,0.024559913
SPATA46,0.0
VAT1L,0.011484374
SYCE1,0.0060604503
NXNL1,0.0
NHLH1,0.0011667117
SLFNL1,0.0
UTF1,0.0043874606
KNDC1,0.006425352
WDR87,0.0
PCDHB1,0.0
ANGPTL7,0.0
FBXL14,0.0059038745
FAM90A1,0.0022642594
RRM2,0.0027468458
IFNB1,0.0
PRND,0.0
KLF17,0.0
ADRA1D,0.0
FRMD5,0.0
AQP4,0.008145727
CYP4F11,0.0
LGALS9C,0.0
FBXW10,0.0
OR10H3,0.0
OR10H2,0.0
OR52A5,0.0
SCG2,0.0016874525
CYP4F22,0.0
FOXB1,0.0
ZNF57,0.008166568
C11orf40,0.0
LDHAL6B,0.0
ZNF556,0.0044799545
ZNF554,0.0208091
ANKRD20A4P,0.0
REG3A,0.0
GAP43,0.0
REG1B,0.0
EPHX4,0.0
SERF1A,0.0035860024
LRRC15,0.0
SPMIP9,0.0
SLC9C1,0.0
OR1A1,0.0
OR1A2,0.0
OR8I2,0.0
LCE1D,0.0
CCL11,0.0
MTBP,0.004653143
PRL,0.0
OR4C11,0.0
MBOAT1,0.0
OR8U1,0.0
OR4X2,0.0
GPR22,0.0
CXCR6,0.015602858
AZU1,0.0
ATOH1,0.0
C5orf34,0.0046965503
C1QTNF4,0.02925917
NEGR1,0.0
MACROD2,0.019648938
CDY1,0.0
OR10V1,0.0
SPTLC3,0.044707675
B3GALT1,0.0
OR5A1,0.0
OR5A2,0.0
CSDC2,0.049836453
ABCG4,0.0
CDY1B,0.0
CFAP53,0.010630173
OR5B12,0.0
OR5B2,0.0
NHERF4,0.0055741942
OR9I1,0.0
ARNT2,0.08346909
PRSS27,0.0
MYOZ2,0.0
DNAJB7,0.0
CLP1,0.025822744
INSL5,0.0
EFCAB3,0.0
RSPH9,0.006419952
OR9G4,0.0
OR5AR1,0.0
FUT9,0.0
OR5AP2,0.0
HSFY1,0.0
RAB40A,0.0
MAB21L4,0.022100734
OR8J1,0.0
OR5T3,0.0
ACOT12,0.0039856583
CARNS1,0.0046995287
OR10H5,0.0
FAM170B,0.0
NIPAL4,0.0
MUCL1,0.0
SNTG2,0.0013715876
FNDC9,0.0
RND1,0.0036019813
OR10AD1,0.0
AGAP5,0.004569685
MOS,0.0
MS4A10,0.0
GARIN2,0.012735211
LRRC20,0.0063547725
PURG,0.0067655714
TMEM217,0.003437311
COL6A5,0.0
OR5B3,0.0
EFCAB12,0.0047771656
OR10W1,0.0
RAB43,0.0
FADS6,0.0
HOXC5,0.0057962495
SNX32,0.0
OVOL1,0.08138707
CES3,0.0075826216
KRT2,0.0
METAP1D,0.013714573
LVRN,0.0
MRGPRD,0.0
SLC22A13,0.0005859555
XKR3,0.0
FRG2C,0.0
HPSE2,0.0
ARPP21,0.0
CFAP184,0.007516483
EVC2,0.018866597
DELEC1,0.0
RXFP4,0.0
CCDC63,0.0
LRRN3,0.0
ACSM6,0.0
ADAMTS20,0.0
ABCD2,0.0
AHSA2P,0.0
ABLIM3,0.006045645
MAB21L3,0.007889752
TUBB8B,0.0
SYT12,0.0
C11orf86,0.0
LIPM,0.0
GPR151,0.0
DMRT2,0.23706742
ZNF483,0.020363795
PLAC8L1,0.0
SLC2A14,0.0
OR10K1,0.0
GPR148,0.0
CST9,0.0
KCNK7,0.0
ENSG00000173366,0.0
NDNF,0.056858324
IQCF1,0.0
GLIPR1L1,0.0
INSM1,0.0
DAB1,0.0
IHO1,0.0
RNASE8,0.0
THAP2,0.038348798
TMEM196,0.0
RNASE11,0.0
TNFRSF10C,0.0
CIMIP2C,0.0028798834
ADGRF3,0.009896834
NLRP13,0.0
XCR1,0.0
CCR9,0.0
PC,0.042044327
UGT2A1,0.0
GPRC6A,0.008314909
TRAPPC3L,0.010212199
APOBEC4,0.0
TAS1R1,0.0
HES3,0.0
SPDYE2B,0.0
OR1L1,0.0
ADGRG2,0.0
SPATA3,0.0
MUC13,0.008971969
WFIKKN2,0.0020015456
TOP6BL,0.13472432
FAUP4,0.0
SPMIP3,0.0
TOPAZ1,0.0
TDRD12,0.0
CCDC13-AS1,0.0
TIGD3,0.0
KCNH6,0.00059396174
MARCHF10,0.060180962
ENSG00000173862,0.0
PHOSPHO1,0.0036380992
SPTBN2,0.27329585
KRT28,0.0
SWSAP1,0.075679235
SLCO4C1,0.045119643
CIMAP3,0.022394432
RAX2,0.0
LRRC63,0.0
TCAP,0.007177726
CEP19,0.0053740717
CBY2,0.0
TENT5D,0.0
SPATA31G1,0.0
RGMB,0.018553974
FAM53A,0.0028311103
NWD2,0.0
GSTA3,0.0
ENSG00000174171,0.006112326
ARL13A,0.0
REP15,0.0030114753
ZNF80,0.0
EVX2,0.0
TNK1,0.043032214
DIRC1,0.0
SLC16A11,0.061300963
SLC16A13,0.0
GLIS1,0.0017034324
OR2Y1,0.0
CHRNA9,0.0
SLC6A19,0.026584614
EXO1,0.0012042475
CRMA,0.0
MIR1-1HG,0.0
TRHR,0.0
ABRA,0.0
STARD6,0.0
GOLGA6L2,0.0
VWC2L,0.0
ZCCHC12,0.0
CNTNAP2,0.0
GALNTL6,0.0
LINGO2,0.0
BBS1,0.010997745
IGDCC3,0.010031868
SLC26A9,0.0
MFSD4A,0.27800113
TTC9B,0.0
MYO1H,0.0
TMEM81,0.008943389
KLK15,0.0058550113
IL20RB,0.0
GOLT1A,0.11339348
NPAS4,0.0
ZNF497,0.0029379195
TRAM1L1,0.029997928
UGT8,0.13302705
KY,0.0
ZNF266,0.03017269
OR7D4,0.0
SLC29A2,0.0692254
BRSK2,0.016991442
GRIK1-AS1,0.005112918
LEP,0.0
FGFBP3,0.016017424
WDR49,0.0
PCP2,0.0062401886
ODAPH,0.0
CD248,0.017598463
ADGRE1,0.0
DNAH12,0.0
CNIH2,0.0027326306
AMY1B,0.0
NLRP6,0.0
CATSPERD,0.0
SLC66A1LP,0.019473625
OR9G1,0.0
C3orf33,0.025251307
OR5M3,0.0
ASPHD1,0.003953354
P2RY14,0.0062690517
GPR171,0.014838445
GPR149,0.0
OR5J2,0.0
ZIC4,0.0
OR10AG1,0.0
OR4S2,0.0
FBXW8,0.01238101
CA5A,0.0
ZG16,0.0
SLC22A1,0.0022046298
TEX36,0.0
CHST2,0.03958831
DSG4,0.0
RTP1,0.0
SPSB4,0.0048034023
RAG2,0.0
WFDC5,0.0
OR2T1,0.0
TMEM51-AS1,0.01438918
ABO,0.075421266
FAM182B,0.0
PPM1E,0.0
INHBC,0.0
HIGD2B,0.0
NPPA,0.0
GAL3ST3,0.019018017
C1orf127,0.0
VWA3A,0.0
CCNE2,0.0
ANKS4B,0.006914932
CST6,0.005016234
GRAMD2A,0.002027557
PROP1,0.0
ISX,0.0
APOF,0.0
CHRNA7,0.0038078644
OR10P1,0.0
PCSK1,0.0
RFESD,0.03496921
OR52W1,0.0
DPP10,0.0
CLCF1,0.025843969
TSGA10IP,0.0
GPR152,0.0
UBQLNL,0.0004721242
UBQLN3,0.0
PNLIP,0.0
LIPT2,0.012628223
LONRF3,0.0032082926
UCP3,0.0025966913
P2RY2,0.0
FOSL1,0.042979173
ENSG00000175604,0.0
OR4B1,0.0
RMI2,0.0212066
PRM1,0.0
TEX26,0.0
GPR156,0.0
CCDC197,0.0
B3GNTL1,0.017123338
RBMXL3,0.0
LINC02873,0.0
LINC02915,0.0
TTLL11,0.010874416
LINC01106,0.016516816
ZBTB44-DT,0.0064366814
LINC02694,0.0063592796
PRIMA1,0.0
CBLL2,0.0
CCDC168,0.0
ETV4,0.0033190686
CALCB,0.0
CREG2,0.0
TMEM270,0.0
HOXD8,0.6950273
TSPEAR,0.0
DOK7,0.010962463
LRRN1,0.0044695255
KLHL38,0.0
LINC02880,0.0
PLEKHD1,0.03557292
ASCL3,0.0
AMIGO3,0.0
ZNF613,0.013367018
C11orf16,0.0
TMPRSS7,0.0
MBLAC2,0.024405673
KCNE5,0.0
ZNF683,0.0015981866
CRYBG2,0.0
DLEU1,0.0
MC5R,0.0
GPX2,0.004099117
HSF5,0.0
FOXG1,0.0
ENTHD1,0.0
CIDEA,0.0
OR11H4,0.0
OR4D11,0.0
LRRTM4,0.0
OR11H6,0.0
ZNF404,0.0082765175
OR4K17,0.0
OR10H4,0.0
RPP38-DT,0.0
OR51B6,0.0
ACBD7,0.0
OR4L1,0.0
ANAPC2,0.03904513
OR4K13,0.0
HMGB4,0.0
OR4F21,0.0
OR4K5,0.0
OR4N2,0.0
OR4M1,0.0
FOXR1,0.0
ENSG00000176320,0.0
ENSG00000176349,0.0
TAC4,0.0
PRR18,0.0
B3GNT4,0.0
HSD11B2,1.6598943
DMRTA1,0.02759759
EID2B,0.019229392
GJC3,0.00059536373
RIMS2,0.0056308196
VPS37D,0.052137684
ZNF575,0.009552104
OR5AN1,0.0
ENSG00000176515,0.0
PHLDB3,0.023898387
OR4C5,0.0
OR4C3,0.0
OR4S1,0.0
CNTD1,0.010192341
DCAF4L2,0.0
OR4X1,0.0
CNBD1,0.0
KBTBD11,0.052914362
MAP3K19,0.0
LINC02914,0.0
HORMAD2,0.0029036666
FOXL1,0.0
TGIF2LY,0.0
LRRC37A,0.0038774437
OR4F17,0.0
BDNF,0.0
CCDC121,0.01787359
ZNF843,0.0
TTTY14,0.0
PFN4,0.0044983225
OR51V1,0.0
MAGEB6,0.0
CDK5R1,0.007108704
LINC00303,0.0
TCERG1L,0.0
NCKAP5,0.04502592
MAGEB18,0.0
DEFB104A,0.0
OR52E2,0.0
DEFB103A,0.0
OR51L1,0.0
LRRC37A3,0.006526577
MIR7-3HG,0.0
ENSG00000176868,0.0019175598
GRIN1,0.0
SOX11,0.0
OR51G2,0.0
OR51A7,0.0
OR51T1,0.0
OR51H1,0.0
MAMSTR,0.002652114
C8G,0.003021635
FUT2,0.0
OR51S1,0.0
OR51F2,0.0
EFCAB5,0.0
GCNT4,0.078639686
MUC20,0.026662672
LY6H,0.0
TRIM60,0.0
ENSG00000176984,0.0
FMR1NB,0.0
DEFB104B,0.0
C19orf18,0.009191508
IFNW1,0.0
ACER2,0.0
SCN4B,0.0
DSCAML1,0.010922891
ZDHHC22,0.0
IRAG1-AS1,0.006155975
PRDM16-DT,0.5432151
FAM9B,0.0
CETN1,0.0
NUDT4B,0.0
OR2T35,0.0
OR14C36,0.0
RIMKLA,0.006762052
CLVS1,0.0
OR2M7,0.0
OR2T12,0.0
SPACA4,0.0
OR2T33,0.0
LINC01561,0.009037207
TRIM72,0.0
DEFB103B,0.0
DEFB4B,0.0
KCNA3,0.0055214963
OR2AJ1,0.0
GJD4,0.0
FBXO39,0.0
CLDN22,0.0
KCNA2,0.0
BEND2,0.0
LINC00469,0.0
FLJ13224,0.0025851273
CCDC71,0.03508799
C10orf71,0.0
ENSG00000177359,0.0
LRRN4CL,0.0024486717
UMODL1,0.0015017393
UBE2U,0.0
MIEF2,0.065665364
NIM1K,0.0
CD19,0.0
ERICH5,0.011811262
OR2T8,0.0
OLIG3,0.0
OR2G3,0.0
RBM44,0.003665517
OR2G2,0.0
ZBED2,0.0
VCX2,0.0
ST8SIA3,0.0
RPRM,0.0
OR2B11,0.0
NHLH2,0.0
C1orf167-AS1,0.0
FAM187B,0.0
SAMD12,0.074496016
PIDD1,0.02396842
ENSG00000177596,0.0
ZNF491,0.0022960885
HASPIN,0.0
PGBD5,0.016375463
C12orf54,0.0
CASC2,0.018503105
MBOAT4,0.0
TEX44,0.0
SRRM3,0.0032499875
DEFB114,0.0
SUMO4,0.006596068
MAGEB10,0.0
OR4F4,0.0
NAALADL2,0.08507371
ENSG00000177699,0.0
SLC35G5,0.0
YIPF7,0.0
FAM87B,0.0
RAB4A-AS1,0.0
MYOZ1,0.011884367
TMEM78,0.0
KCNJ10,0.16837284
TENM3-AS1,0.0035418498
PCDHB9,0.003060168
ZNF619,0.008453729
CCDC184,0.0051115863
CAPZA3,0.0057396702
MAMDC4,0.03203425
CENPBD1P,0.022000225
CIMAP1A,0.0
LCN15,0.0
DPY19L2,0.1509603
SPATA31E1,0.0
ZNRF3-AS1,0.0023643856
CIMIP6,0.0060735852
GPR150,0.0018423683
TSPYL6,0.0
LRRC75B,0.03249402
CALHM5,0.010126234
PRSS42P,0.0
GRAMD1C,0.13454032
HTR3C,0.0
TSSK6,0.0
ENSG00000178107,0.0
GOLGA8Q,0.0
PPP1R42,0.0059163696
FAM27E5,0.0
AMER3,0.0
SPINK6,0.0
ZNF454,0.005536311
ZC3H12D,0.0
VN1R1,0.0
SH2D4B,0.0
TMEM151B,0.0
SLITRK1,0.0
LINC02907,0.0
FAM230I,0.0
PRM3,0.0
TNP2,0.0
SPAG11A,0.0
TMPRSS9,0.0
AQP11,0.0043131807
KCNG2,0.0
SHISA3,0.106739976
OR2D3,0.0
CALML3,0.016952373
CALML5,0.0
PLEKHM3,0.03982235
ZNF223,0.01273995
HTR1A,0.0
CCDC185,0.0
DNAJC22,0.009024918
NEUROG2,0.0
CEP295NL,0.0
BEND3,0.006803452
CTDP1-DT,0.0
TIMM23B-AGAP6,0.0
GLDC,0.20124918
LINC00314,0.0
MCMDC2,0.007961648
TUBAL3,0.0
UCN3,0.0
AMBN,0.0
CA8,0.123389296
ERBB4,0.1833322
OR6B3,0.0
DEFB125,0.0
PSAPL1,0.0
OTOS,0.0
C10orf53,0.0
ZNF713,0.008819084
DYNAP,0.0
GP5,0.0
LMO7DN,0.0
STX19,0.0
ERFE,0.0
CPN2,0.0
C5orf46,0.0
CD300LB,0.0
GDPD4,0.0
RIIAD1,0.009433196
ADORA2A-AS1,0.006330993
H1-8,0.0
TMEM52,0.012425548
TMEM139,0.08972477
RNF186,0.016741196
RFLNA,0.0
FOXE1,0.0
TPRX1,0.0
LGALS7B,0.02841704
ERICH3,0.0
EXD1,0.0017180474
AURKB,0.0
TAS1R2,0.0
C14orf39,0.0
KLHDC7A,0.06353695
ENSG00000179028,0.0
TRIML2,0.0
OR13D1,0.0
IGSF22,0.038722374
C9orf50,0.017351585
ZFP42,0.0
ENSG00000179066,0.0
CCDC89,0.003822929
FAM133A,0.0
C12orf42,0.0
HTR1F,0.0
TMTC2,0.056990806
HES7,0.0
C10orf67,0.008590311
LINC00670,0.0
MTUS2-AS1,0.0
CYP11B2,0.0
ALOXE3,0.0
PXT1,0.0
GGN,0.0
HNRNPCL1,0.0
SIGLECL1,0.0
LINC00311,0.0
CDH4,0.0
ENSG00000179253,0.0
PCARE,0.002955114
DAND5,0.0
TMEM151A,0.0
NSUN7,0.032504957
RTL3,0.0
FAM156B,0.0
RAB39A,0.0
ARID3B,0.016879236
TMEM31,0.0
CATSPERE,0.0054029753
GPC5,0.055025082
LINC00174,0.0
DNAJB8,0.0
HNRNPCL4,0.0
IL6-AS1,0.0
SLC24A3-AS1,0.0
LINC01699,0.0
MKRN3,0.0
OR9A2,0.0
ALOX12B,0.0
SLC17A8,0.0
HTR1D,0.0
LSMEM2,0.005920985
RNF151,0.0
PLD6,0.0104094595
GPHB5,0.0
GRM8,0.0021894113
OR2AP1,0.0
OR6C4,0.0
TPPP2,0.003999385
RPRML,0.0
ARL14,0.0033621946
LINC00305,0.0
OR6C2,0.0
WDR97,0.009306861
NLRP8,0.0
APOBEC3B,0.0
SYCN,0.0
ENSG00000179755,0.0
ATOH7,0.0
LRRC3B,0.0
FAM216B,0.0
MRGPRX4,0.0
MRGPRX3,0.0
PIK3CD-AS1,0.0
NKPD1,0.0
RNF227,0.019267133
ABCA13,0.0
NLRP11,0.0
CFAP276,0.0
B3GNT3,0.0
NRXN1,0.0
OR10A7,0.0
ZNF784,0.027399262
ZNF648,0.0
CCR8,0.0
LINC00652,0.0
GOLGA8J,0.0
PSTK,0.029424002
OR1E1,0.0
OR1R1P,0.0
GARIN5B,0.0
C3orf80,0.0
NKX2-6,0.0
TMEM150B,0.0
LINC02870,0.0
ANKRD18A,0.005388875
WFDC11,0.0
TMEM86B,0.02299735
OR3A1,0.0
TDRD6,0.003398098
REDIC1,0.0
CSNK1A1L,0.0
ACTA2-AS1,0.0
TH,0.0
WFDC9,0.0
MYL11,0.04089786
F2,0.0
GARIN6,0.0
RRH,0.0
SLC9A4,0.18469262
PRNT,0.0
ADGRD2,0.0
GPR139,0.0
TMEM277P,0.0
PLD5,0.0
WFDC10A,0.0
PNPLA1,0.0
ALX1,0.0
KCTD4,0.0
TIGD2,0.0057745213
ITPRID1,0.0
DEFB124,0.0
KRTAP9-7,0.0
ATP5F1EP2,0.0
LINC00304,0.0
HARBI1,0.007036232
DEFB123,0.0
CYP8B1,0.0018018819
OR6K6,0.0
TPRXL,0.0
SERTM1,0.0
ENSG00000180458,0.0
OR10Q1,0.0
GLIPR1L2,0.020287087
DEFB119,0.0
ZSCAN4,0.0
BHLHA15,0.0
RNF182,0.0078095323
LINC02908,0.0
FUT7,0.0
EIF2S3B,0.0
SKIDA1,0.0025972514
MB21D2,0.012135717
GSX2,0.0
SLC47A2,0.005430033
OR2A4,0.0
MAB21L1,0.0
C3orf22,0.0
OR10K2,0.0
LINC02363,0.0
CHRM4,0.0
SHISA2,0.011557484
S1PR5,0.0056751003
CLRN3,0.015442483
AGTR2,0.0
ANKRD30B,0.0
OR51E1,0.0069609056
ZFP3,0.031650603
ARSJ,0.05491592
MAP3K15,0.02785684
BHLHE22,0.0
MAP6D1,0.0
CSNK1G2-AS1,0.0
ZNF443,0.020298146
LINC01559,0.0
LINC01555,0.0
CXCR2,0.0
DEFB112,0.0
GREM2,0.0050063473
C11orf42,0.0
CAPS2,0.016744465
TTTY11,0.0
OR56B4,0.0
GPR62,0.0
OR56A1,0.0
ZNF572,0.0
OR52E4,0.0
OR52N2,0.0
GPR137C,0.008212662
C1orf105,0.0
OR52N1,0.0
OR52N5,0.0
OR56B1,0.0
AEN,0.020876525
FKRP,0.09020255
CHRM2,0.0
OR52N4,0.0
MAPK15,0.014977607
ADIPOQ,0.0
LINC02878,0.0
ENSG00000181123,0.0
ZNF707,0.007447149
MUC16,0.0
FER1L6-AS1,0.0
PENK,0.0
C4orf50,0.0
TMEM132C,0.005597666
SLC25A41,0.0
OR5AK2,0.0
TMEM132E,0.0020139406
NME9,0.00073017733
SPEM1,0.0
HEPHL1,0.0
OFCC1,0.0
OR5M8,0.0
CCL13,0.0
CFAP65,0.0
UTS2R,0.0
DDN,0.023502583
SAGE1,0.0
SOX2,0.0
OR6T1,0.0
MAB21L2,0.0
FANCB,0.0057055843
EDDM3B,0.0
EDDM3A,0.008188994
LINC03040,0.041402433
TMIE,0.001880953
OR52D1,0.0
OR52H1,0.0
FDCSP,0.0
SLX1B,0.0
ANKRD62,0.0
TNFSF15,0.005556371
ZFP41,0.022506833
GPR88,0.0
OR8H1,0.0
OR5T1,0.0
OR5T2,0.0
OR2Z1,0.0
OR8K5,0.0
OR8H3,0.0
OR8H2,0.0
GPR3,0.01985688
TMEM252,0.0
CIMAP1D,0.0
OR5AS1,0.0
ACTL9,0.0
ADGRB1,0.004947498
LINC00471,0.0
CELF2-AS1,0.0
OR6S1,0.0
TIGIT,0.008062305
FTMT,0.0
OR4C6,0.0
LINC02724,0.0
OR4P4,0.0
GINS3,0.007644948
OR4C15,0.0
OR4A15,0.0
OR4A16,0.0
OR52K2,0.0
NEUROG1,0.0
LINC00301,0.0
PNMA8A,0.04564062
ENSG00000182021,0.0
ADIG,0.0
USH1G,0.0
MGAT4C,0.0
TRIM49B,0.0
OGFRP1,0.0
OR52A1,0.0
PTCHD3,0.0
OR6B2,0.0
TMEM30B,0.12513714
ZNF716,0.0
KCNIP1,0.02048898
ENPP7,0.0011782803
MRGPRG,0.0
ASB18,0.0
CRYGB,0.0
HHIPL1,0.0
ZAR1,0.0
CYB5D1,0.051747054
KCNA4,0.002471469
GABRG3,0.0
PRR34,0.0
NLRP10,0.0
IZUMO1,0.0
TMIGD1,0.00043158449
B4GALNT4,0.0
DCAF4L1,0.0
MBD3L3,0.0
ZSCAN22,0.0042804233
GLTPD2,0.0059977947
KIAA2012,0.0
PRAMEF8,0.0
LIPF,0.0
OR5P3,0.0
DAOA,0.0
ZNF804B,0.0
CD300LD-AS1,0.0
FAM87A,0.0
PIEZO1-AS1,0.0
NXPH4,0.0037299616
CACNB4,0.07441538
IFNL1,0.0
PGBD4,0.015191011
CDY2A,0.0
OTOL1,0.0
KCNK4,0.0
TEX19,0.0
XKRX,0.0
LHFPL1,0.0
TBPL2,0.0
CAV3,0.0
RNASE10,0.0
SPNS3,0.0129746
NXPH3,0.0006342097
EPHB3,0.018015066
VCX,0.0
EPGN,0.0
LINC00334,0.0
KRTAP11-1,0.0
HS3ST4,0.0
TSPAN10,0.023666466
OR2V2,0.0
RXFP3,0.0
OR10G7,0.0
CCDC172,0.0
OR4Q3,0.0
NTM,0.007279288
KCNB2,0.0
PPP1R27,0.0
BRICD5,0.02682313
GALR2,0.0
RESP18,0.0
SLC35D3,0.0
MAFA,0.0041234465
GRID1,0.0
ENSG00000182776,0.0
OR2T29,0.0
CCDC87,0.0
GSTA5,0.0
C1orf116,0.03743113
MAGEB17,0.0
KRTAP13-2,0.0
FAM230E,0.0
OR4F15,0.0
GALNT9,0.037376054
PRKCZ-AS1,0.0018519626
ADGRG3,0.0
GLUD2,0.0052639088
TMEM95,0.0
TCHHL1,0.0
RGS7,0.13424754
SLC25A18,0.0036235806
TCEAL7,0.01737446
WFDC10B,0.0
OTOP3,0.0
CIMAP1C,0.0
SOX1,0.0
OR4M2B,0.0
ZNF320,0.0
C12orf60,0.027901296
OR1G1,0.0
SLC25A21,0.0
OTOP2,0.0
CYLC1,0.0
PCP4,0.096315056
RGPD6,0.0
WBP2NL,0.0037387423
IGSF5,0.0
NKX2-5,0.0
FREM3,0.0
NEB,0.007912481
BEGAIN,0.0
FAM43B,0.001943714
CSMD1,0.0
CALHM3,0.0
PTGDR2,0.0
RIPPLY3,0.0
PRORY,0.0
ANKRD20A2P,0.0
GPR19,0.0
GJD3,0.0
ENSG00000183154,0.0
CALN1,0.0
GABRR3,0.0
C2CD4C,0.0041329
CHST6,0.0
POTEC,0.0
GDPGP1,0.025282577
CTNNA3,0.0
WT1-AS,0.0
RIMBP3C,0.0
PRR36,0.021047994
LINC01547,0.012698273
OR51B4,0.0
ABHD16B,0.0
OR52E8,0.0
CCDC60,0.0
PLGLB1,0.00230104
PRSS40A,0.0
OR5P2,0.0
FAM9A,0.0
MAGEA2B,0.0
TMEM121B,0.0
ENSG00000183308,0.0023387445
OR2T34,0.0
OR52L1,0.0
EPHA10,0.0
SPDYE4,0.0
REC114,0.0
BOLA2,0.0
CABCOCO1,0.0090352865
GBP6,0.0
OVCH2,0.03564973
SYNDIG1L,0.0
TTTY8,0.0
OR56A4,0.0
PMCH,0.0
TMEM89,0.0
TEKTIP1,0.0
RIPK4,0.044842247
LRIT3,0.0015726058
TFDP3,0.0
GRIN2A,0.0050384477
URAD,0.0
FLJ40288,0.0
SH2D7,0.0
TREX2,0.0
GPR132,0.0056953793
COL18A1-AS1,0.0037160935
KLRC4,0.004155928
ACSM5,0.008991012
C10orf120,0.0
IZUMO1R,0.0
ENSG00000183562,0.0
PCBP3,0.0045241616
PGPEP1L,0.0
H3C13,0.0
GKN2,0.0
CCR3,0.0
DGCR6,0.0139265135
GOLGA8G,0.0
PRR32,0.0
TP53TG3,0.0
RP1L1,0.0
KRTAP8-1,0.0
C15orf32,0.0
HOATZ,0.0
ZNF530,0.0036429737
MARCHF11,0.0
KLHL25,0.01974571
TAFA1,0.0
PSG9,0.0
CMKLR2,0.0
LINC00518,0.0
BMP8A,0.0
EFHC2,0.01497381
NOG,0.0
MRGPRX2,0.0
OR4N4,0.0
IFNL2,0.0
OPCML,0.0030510973
FIGLA,0.0
BPY2,0.0
ACP7,0.0
KREMEN1,0.09662348
TRAIP,0.0027445543
CHEK2,0.0
FOXL2,0.0
AIFM3,0.016092397
KCTD16,0.0
SLC35F3,0.00813632
KCTD8,0.009742482
TUBA8,0.0
NPIPA5,0.0073280027
BPY2B,0.0
EMILIN3,0.0
CCR4,0.0
LIN9,0.013972779
NCF4-AS1,0.0
ANKRD45,0.0019539066
CFAP91,0.030672198
PNMA3,0.0067211157
GPR39,0.004558865
IQGAP3,0.0
CNGA2,0.0
SCN5A,0.0
ARSI,0.0
UTY,0.0
NPIPA6,0.0059028813
LRRC55,0.0
DNAH2,0.0
SDR42E2,0.0022870433
TRBV21OR9-2,0.0
KCNH8,0.0
PP2D1,0.0
TMPRSS2,0.402655
OR2T10,0.00095794705
DSCR4,0.0
KRTAP20-2,0.0
CTAG1B,0.0
DIABLO,0.0
TBX1,0.0
SREBF2-AS1,0.002395311
TRIML1,0.0
ENSG00000184115,0.0
OR4F6,0.0
CNTN2,0.0
SPRR4,0.0
OR10J5,0.0
C1QTNF12,0.0063061113
OR1D2,0.0
KCNJ12,0.009572121
GPR173,0.0020283326
DGAT2L6,0.0
OLIG1,0.073553324
NDUFV1-DT,0.0
ALDH1A3,0.013448908
H2AC21,0.0
POU6F1,0.02020903
LINC00315,0.0
DEFB108B,0.0
SIX6,0.0
PRKD1,0.07632877
ZDHHC23,0.03859561
MROH7,0.030849
OR51J1,0.0
S100A7A,0.0
SRPK3,0.005633781
GDF3,0.0
IQCF2,0.0
EFNA5,0.111181304
MRGPRE,0.0
KRTAP19-1,0.0
H1-5,0.0
SPATA32,0.0
MAP7D2,0.003293117
ACTRT3,0.012411625
PLA2G6,0.07005904
PABPC1L2B,0.0
A3GALT2,0.0
OR4N5,0.0
KCND2,0.0
LRRC19,0.07569231
KNTC1,0.015444568
CCR10,0.010785061
NCMAP,0.0
BPIFC,0.0
C1QTNF8,0.0
OR56A3,0.0
FOXO4,0.04948256
POU3F2,0.0
FOXD4L1,0.0
GAST,0.0
NUTM1,0.0
CEND1,0.0
C6orf58,0.0
DHRS7C,0.0
SPEM2,0.0
SLITRK6,0.0
ENSG00000184566,0.0
PIWIL3,0.0
TAFA3,0.0
C14orf180,0.00495285
FAM167A-AS1,0.0
KCNH7,0.0
NELL2,0.0
PRSS55,0.0
ODF4,0.0
FOXD4L4,0.0
CDCA2,0.0
RALYL,0.118587
H2BC21,0.03347528
CLDN6,0.0039881035
OR51M1,0.0
SEPTIN5,0.0
LRRC26,0.0
SERINC4,0.0
RNLS,0.043801103
KRTAP6-1,0.0
DDX53,0.0
PRSS40B,0.0
DYNLT2,0.029098164
SATL1,0.0029757114
OSBP2,0.023959069
B3GALT5-AS1,0.0
TRARG1,0.0
PRR23B,0.0
ZBTB7C,0.003907462
LINC00308,0.0
TMEM186,0.054753497
SDR42E1,0.045484424
SRY,0.0
ENSG00000184906,0.0
CLCNKB,1.0731572
DMRTC1B,0.0
NUTM2A,0.0
LCN12,0.08639133
OR6A2,0.0
WT1,0.047077548
AQP12A,0.0
FAM227A,0.0033449335
OR6C70,0.0
MUC6,0.02819182
CHRM5,0.0
SORCS2,0.020671163
TTTY13,0.0
IFNE,0.0
SLC22A10,0.0
RFX6,0.0
ROBO2,0.018250335
NT5C1B,0.0
LRRC14B,0.0
MROH2A,0.0
SPDYE16,0.0028983552
ANKS1B,0.01614865
SGCZ,0.0
EFCAB10,0.0
C5orf47,0.0
UFD1-AS1,0.0
KRT76,0.0
MANEAL,0.008291264
MYADML2,0.0
H2BC13,0.0
INPP5J,0.29182813
NPY2R,0.0
MIXL1,0.0
MFSD6L,0.014818695
NOMO2,0.0
LINC00482,0.012201774
AQP12B,0.0
ZNF479,0.0
LINC00313,0.0
PRSS57,0.0
WASIR1,0.0
MC2R,0.0
GP1BA,0.0
MAGEA11,0.0
PPIL6,0.031746775
ZNF74,0.013519561
CIMIP4,0.0
CDNF,0.008783612
NOTUM,0.0
KLHL33,0.0
RBM11,0.035201736
GALNT17,0.026425136
NUPR2,0.42172644
SPPL2C,0.0
SFTPA2,0.0
RGPD2,0.0071144262
C12orf56,0.013411904
SCN10A,0.0
TMEM105,0.0
PRKN,0.041712597
HS6ST3,0.009370956
OR2V1,0.0
OR7A17,0.0
MAPK11,0.0053030937
LINC00158,0.0
IFNLR1,0.0061363145
FAM47A,0.0
KPNA7,0.0
KRT6B,0.0
ROR1,0.009975906
L3MBTL1,0.01750836
SV2B,0.0
FAM131C,0.066141106
SPATA45,0.0
PDE6G,0.013578294
DLK1,0.0017568087
LSAMP,0.02668322
SPATA8,0.0
DBX2,0.0
PDIA2,0.0
SHC4,0.0
KRT79,0.0
SMIM23,0.0
PMEL,0.0037893425
SYN3,0.0009196463
POU3F1,0.0
SNAI3,0.0
ZBTB3,0.01964681
LYG2,0.0
MORN5,0.016771795
EP400P1,0.0
PRAME,0.003740125
TEX56P,0.0
TTTY8B,0.0
ZNF696,0.0067850812
ADARB2,0.0047165626
SRL,0.008687282
C11orf87,0.0
CLDN24,0.0
KCNQ5,0.0
KCNIP4,0.0396404
SPATA31A6,0.0
NLRP9,0.0
NAT8L,0.11861122
OR6C76,0.0
NPAP1,0.0047741253
HDHD5-AS1,0.019175353
LINC01405,0.0
CCDC190,0.0
TMEM210,0.0
NPIPB4,0.0035181267
TMPRSS11B,0.0
ATP6V0C,0.019845547
PRSS38,0.0
BPY2C,0.0
FFAR3,0.0
TAS2R60,0.0
POMK,0.0
KLHL34,0.0
RTN4RL1,0.0038184691
OR4C46,0.0
CALHM1,0.0
KRTAP5-5,0.0
NKAIN3,0.0
FAM186A,0.0
SHOX,0.0
LCE3A,0.0
LCE3E,0.0
CCIN,0.0
GRK1,0.0
DEFB128,0.0
SLITRK2,0.0037995712
PLK5,0.0
LEMD1,0.0
ATP4B,0.004306591
ZNF225-AS1,0.0015506769
ZNF284,0.013372081
HTR3E,0.0
KRT73,0.0
TAL2,0.00140045
MATN1-AS1,0.0018884981
ZPBP2,0.0
KRT5,0.0
NBPF6,0.0
HTR3D,0.0
OR4F5,0.0
AGBL4,0.0066085476
ARGFX,0.0
CYP2R1,0.025877934
LRRC70,0.006424698
OR5D14,0.0
CYP4F2,0.0009070728
TEX38,0.0
OR5D18,0.0
TAS2R42,0.0
PRR30,0.0
DEFB131A,0.0
UBL4B,0.0
CYP4Z1,0.0
KIF18B,0.0
BPIFB3,0.0
BPIFB4,0.0
SAPCD2,0.005737919
SLC51B,0.015800726
LCE5A,0.0
SOWAHB,0.0025148897
LCE1E,0.0
ZNF749,0.013508903
KLHL32,0.007585547
BTLA,0.0053075477
ZNF17,0.014474695
KDM4D,0.0044449526
GPAT2,0.004135647
PABPC1L2A,0.0
GABRA5,0.0
OR10T2,0.0
PRELID2,0.012938411
RGS9BP,0.0028594134
TMEM212,0.0
SLC36A3,0.0
SLC36A2,0.017742082
MINAR2,0.0
SERTAD4BP,0.0
CYP4X1,0.016775446
KRT26,0.0
GOLGA8R,0.0
FCAR,0.0
TRDN,0.0
OR6P1,0.0
KRT3,0.0
ZNF501,0.01326904
SPATA12,0.0
TMPRSS12,0.0
FAM228A,0.0
DEFB132,0.0
AKAP14,0.0
PCLO,0.05918036
KLK12,0.0
MYT1L,0.0
OR9Q1,0.0
CLCNKA,0.35479188
OR9Q2,0.0
FAM86B1,0.005147163
CYP4F8,0.0
CYP4F3,0.022016581
DEFB105A,0.0
FOXD2,0.02694181
CEACAM19,0.012909453
DEFB107A,0.0
DEFB106A,0.0
SPATC1,0.0
DEFB105B,0.0
HPDL,0.0028727325
KTN1-AS1,0.009722492
FSD2,0.0
KIF24,0.006836586
CARMIL3,0.0012948823
PRG2,0.0
MAGEE2,0.0
CYP27C1,0.0
CFAP73,0.0045379833
CCDC73,0.0
OR10H1,0.0
MPPED1,0.0
FSCN2,0.0012450498
FOXI2,0.009037595
ZNF732,0.0
SPATA31D3,0.0
FOXE3,0.0
HYAL3,0.01126274
KCNK18,0.0
IFNA10,0.0
VSIG10L,0.00468448
CXCR3,0.0
CDRT15P3,0.0032670368
KRT16,0.0
SELENOV,0.0
LCE1A,0.0
KRT14,0.0
TRABD2A,0.0056192297
KRTAP17-1,0.0
PDZD7,0.0040549417
QRFPR,0.0035854
ERCC6L,0.0
OR13F1,0.0
OR5D3P,0.0
TMEM17,0.0269412
FGF3,0.0
C1QL4,0.0
RTN4RL2,0.031514008
SERPINA11,0.0
P2RY4,0.0
ZACN,0.0
KRTAP22-1,0.0
KRTAP19-6,0.0
KRTAP6-2,0.0
OR13C8,0.0
TMEM232,0.0118911415
LINC01551,0.0
KRTAP19-2,0.0
KRTAP19-4,0.0
KRTAP15-1,0.0
KRTAP13-4,0.0
EFCAB6,0.007953642
KRTAP19-5,0.0
KRTAP23-1,0.0
ACTL7A,0.0
KRTAP21-1,0.0
RHD,0.0
LINC00207,0.0
ESPN,0.019258503
PNLIPRP1,0.0
KRTAP21-2,0.0
SAMD7,0.0
GPR141,0.0
TMPRSS6,0.0
CYP4A11,0.029350253
TMPRSS11A,0.0
TMEM262,0.0
OR2AK2,0.0
DEFB106B,0.0
CCK,0.0
HEATR4,0.0
SLIT1,0.0
LYPD6,0.008109462
VSTM2B,0.0
FOXD3,0.0
SPATA21,0.0
ANGPTL5,0.0
H1-7,0.0
LCE4A,0.0
LCE2A,0.0
KRTAP12-1,0.0
LCE2C,0.0
ENSG00000187185,0.0029423006
DAZ3,0.0
LCE2D,0.0
ENSG00000187229,0.0
LCE3B,0.0
KRT12,0.0
MAGED4B,0.0
NPSR1,0.0
FAM9C,0.0
KRTAP9-8,0.0
CIDEC,0.0
DCC,0.0
PCDHB13,0.015921889
LUZP2,0.0
LHFPL3,0.0
H1-6,0.0
KCNJ11,0.004989243
CDHR4,0.0
PLEKHG7,0.0030203306
H2AP,0.0
ATP13A5,0.0
PRR27,0.0
IFT140,0.060672138
POTEG,0.0
PRAMEF10,0.0
AGMO,0.0036730568
SBK2,0.0
CYP26C1,0.0
NANOS3,0.0005016181
FOXD4L3,0.0
NHLRC1,0.0017388426
DPPA3,0.0
COX8C,0.0
PLEKHN1,0.0
ZNF385C,0.004164262
LINC02583,0.0
OR5W2,0.0
MYMK,0.0
RGPD1,0.0
SAMD11,0.0492321
C5orf52,0.0
HAPLN4,0.0
ERC2,0.0
B3GLCT,0.06374756
ERAS,0.0
AMTN,0.0
EZHIP,0.0
OR2T27,0.0
SLC18A3,0.0
KBTBD12,0.013444865
DNAJB13,0.0
AMY1C,0.0
NHEJ1,0.0030101
FANCA,0.0066914405
OR52B6,0.0
C9orf153,0.0
SSX7,0.0
KRTAP10-8,0.0
LIN28B,0.0
DIPK1C,0.0
DNAH17,0.0
TMEM72,0.3559253
SPATA31F3,0.0
ZNF70,0.0028234904
ZFP69B,0.0
TMEM202,0.0
ZFP69,0.005581326
HELT,0.0037088671
RTL4,0.0
C2orf78,0.0
PLSCR3,0.0030012198
P2RX2,0.0
ASCL4,0.0
OR6C75,0.0
CCDC157,0.018032266
TTC24,0.0
GFRAL,0.0
FYB2,0.031606592
SHISA7,0.0
LRRC74B,0.0
DMBT1,0.0
CLEC17A,0.0
OR51I2,0.0
LCN10,0.0
LDLRAD2,0.0
C2orf66,0.0
OVCH1,0.0
ENSG00000187951,0.0
DNER,0.10796197
CPSF4L,0.0
KLHL17,0.015904589
ZCCHC13,0.0
FAM230D,0.0
PLA2G2C,0.0
ZSCAN23,0.0
C17orf99,0.0
OR7D2,0.0
SNHG28,0.0
RTP5,0.0
S100A3,0.006786781
C19orf67,0.0
ZNF490,0.0
CLCN1,0.0
NRN1L,0.0
NWD1,0.0027176836
RNF133,0.0
TMEM221,0.0029479817
TREML4,0.0
WNT7B,0.0
SCGB1C1,0.0
PRSS45P,0.0
PLA2G4E,0.0
GPR89B,0.026215227
FAM25A,0.0
EYS,0.0
DAZ1,0.0
OR2AG2,0.0
TMEM215,0.0
NUTM2G,0.0
KRTAP10-6,0.0
OTOG,0.0
CIMIP2A,0.0
TMPPE,0.0035165553
HEPACAM2,0.12485453
SMTNL2,0.039648276
LINC00265,0.0
NUTM2B,0.0
NCR3LG1,0.005089795
POTEE,0.0
ENSG00000188223,0.0
ZNF793,0.03142853
AGAP4,0.029527944
SLC9A3-OT1,0.0
PLA2G2A,0.0
IL17REL,0.0
OR7A5,0.0
C15orf62,0.0
FAM230G,0.0
RUFY4,0.0
IGFL1,0.0
PEAK3,0.0048248367
LRRIQ4,0.0
ENO4,0.0
SBK1,0.004988613
OR6C6,0.0
BSPH1,0.0
SLC38A3,0.0078028436
OR6N2,0.0
ENSG00000188365,0.0
PRR19,0.0
GPR15LG,0.0
H3-5,0.0
IFNA2,0.0
JAKMIP3,0.0
PPP3R2,0.0
PDCD1,0.0048620505
CLEC2A,0.0
GPR21,0.0
DYNLT4,0.0035508408
IGHV1OR15-9,0.0
MAGEB5,0.0
NANOS2,0.0
CERKL,0.011061552
SLC24A5,0.0
INSC,0.0
SERPINA5,0.85671073
LCTL,0.0
NCCRP1,0.012403658
KRTDAP,0.0
MIR3667HG,0.0
FAM83G,0.019418066
CFAP77,0.0
OR2G6,0.0014113466
NDOR1,0.006223332
FBLL1,0.0
NKAIN2,0.0
KRTAP1-1,0.0
PAQR9,0.0
CLEC20A,0.0
CFAP54,0.0013397163
FAM72B,0.0
ASAH2,0.0
HMX3,0.0
IGFL3,0.0
GOLGA8M,0.0
ZNF177,0.0
RTL6,0.06875078
RNASE9,0.0
SAXO2,0.02369867
LINC00319,0.0
RHCE,0.002492815
C2orf80,0.0
IDO2,0.0
SLC4A5,0.005116873
OR56A5,0.0
CYP51A1-AS1,0.0
KRTAP24-1,0.0
ZBED10P,0.0074229743
QRFP,0.0
DUSP29,0.0
OSTN,0.0
VWC2,0.0092730485
FAM221A,0.06756589
FSIP2,0.01017063
NOXA1,0.031285413
TMEM198,0.013342061
BCL2L15,0.002897749
FZD9,0.0
OPTC,0.0
PLET1,0.0
ADRB3,0.0
SKOR1,0.0
CATSPER4,0.0
PLA2G2E,0.0
TMCO2,0.0
SHISA6,0.004286763
TMEM201,0.06322259
HMX2,0.006077277
SNTN,0.0
ZDHHC11,0.0
CNR2,0.0
LINC00910,0.0041044666
SLX4,0.011606513
GLRA4,0.0
ENTPD8,0.0031553998
BEND4,0.0
FAM78B,0.0
TMC3,0.0
KLRG2,0.0
ASTL,0.0
ENSG00000188897,0.0
BSX,0.0
GJB3,0.0
INSYN2A,0.0
TRMT2B,0.014235236
CFAP126,0.0
NYX,0.0
UTS2B,0.0
C9orf152,0.0
MSANTD1,0.0
AADACL3,0.0
SLC15A5,0.0
LIPI,0.0
LRRC66,0.001971318
HUS1B,0.0034286738
SBSN,0.0
KIR2DL4,0.0
MAGEB16,0.0
VHLL,0.0
DUSP21,0.0
RNF222,0.0
CGB5,0.0
FAM111B,0.0
GAGE2A,0.0
VSTM1,0.0
FAM25G,0.0
PRSS48,0.0
IL1RAPL2,0.0
SP6,0.003558044
ANKRD34B,0.003580581
FAM47B,0.0
NKAPL,0.0104358075
FSCB,0.0
ABCA15P,0.0
ZNF527,0.026426483
ZAR1L,0.0
KRTAP10-12,0.0
OR14I1,0.0
KRT77,0.0
DCAF8L2,0.0
LINC00994,0.0
ENSG00000189229,0.0028265475
NUGGC,0.0
LINC00943,0.0
SPANXN3,0.0
TRIM64B,0.0
DRICH1,0.0
LINC01164,0.0
GJB5,0.0
ALKAL2,0.035599235
FOXR2,0.0
ENSG00000189316,0.0021409986
BNIP5,0.0
SPANXN4,0.0
TOGARAM2,0.0019199142
SPATA31D4,0.0
KIAA0408,0.0
TBC1D28,0.0
CXCL17,0.0
OTUD6A,0.0
SH2D5,0.0
SPATA41,0.0
ZFP92,0.0
RASSF10,0.06650102
GJB4,0.0
OR2L13,0.0
SYCP2,0.0016550121
ZNF724,0.0
MYBPC1,0.0
PAX5,0.0
SPAG16-DT,0.0
OR5K4,0.0
OR6M1,0.0
SPOCK3,0.0
ZNF699,0.010507779
CFAP119,0.012094645
OR8A1,0.0
VN1R2,0.0
MYT1,0.0
SERPINA3,0.0
ZNF79,0.0
PLEKHG4,0.0069566937
KRTAP4-3,0.0
LINC03042,0.0
COLCA1,0.24583574
KIF19,0.0
OR6K2,0.0
ZNF681,0.011942517
OR10J1,0.0
CTSE,0.0
SRGAP3,0.07925372
KRTAP5-3,0.0
SULT1C3,0.0
OR2T2,0.0
OR2C3,0.0
LINC00615,0.0
OR10S1,0.0
SFTA2,0.02043819
OR10J3,0.0
LINC00523,0.0
GRM7,0.0
BECN2,0.0
ATP2A1,0.0
STK31,0.0010821804
CGB7,0.0
NLGN3,0.0
OR8D1,0.0
ADH7,0.0
ZKSCAN7,0.009307006
ZNF729,0.0
CPNE4,0.0
ELAVL3,0.0
C9orf163,0.0014247154
NUDT11,0.0
SLC35F1,0.0
INCA1,0.010995955
ZNF774,0.008448908
SPANXD,0.0
THEM5,0.0
NOXO1,0.009092196
PRTN3,0.0
NBPF4,0.0
CRYBA4,0.0
ASMT,0.0
NPIPB15,0.0
ZNF775,0.011970853
RFX8,0.0
FGF16,0.0
GK2,0.0
ESRRG,0.25396663
ARL9,0.0
OR2T3,0.0
SPTSSB,0.0
CCDC196,0.00048098227
HBG2,0.0
ENSG00000196566,0.0
PFN3,0.0
OR5AC2,0.0
AJAP1,0.033693243
MBD3L2B,0.0
SLC22A25,0.0
POTEF,0.0
ZNF846,0.023275807
MMP1,0.0
UGT2B15,0.0
LUADT1,0.0
HRH1,0.0052931043
ZNF502,0.024459936
SLC30A10,0.0
FAM180B,0.0
TRPV1,0.018746624
ALKAL1,0.0
LCE1B,0.0
LINC01560,0.012840953
H2AC13,0.0
CLPSL2,0.0
S100A2,0.91388893
LINC02991,0.0
POU3F4,0.0
OR14A16,0.0
OR52K1,0.0
H2AC11,0.0017984308
SPINK14,0.0
SPRR2B,0.0
CHRNG,0.0
ZSCAN16,0.02733599
ENSG00000196826,0.0
OR11G2,0.0
POTEI,0.0
PATE2,0.0
KRT39,0.0
TOMM20L,0.0
RGPD4,0.0
H2AC7,0.0
SCN8A,0.0045831013
LAMB3,0.00208292
H2BC26,0.0
ENSG00000196893,0.0
SPMIP10,0.0
HCAR1,0.0142367985
TMEM26,0.0034194717
OR2T4,0.0
ZNF705A,0.0
SCOC-AS1,0.00963109
SMIM10L2B,0.02863015
GPRACR,0.0
FAM163B,0.0
NPIPB9,0.0
ZNF398,0.034676243
SIGLEC15,0.0
KRT35,0.0
LCE1C,0.0
HRG-AS1,0.08857714
SLC6A17,0.019942772
IFNL3,0.0
ZGPAT,0.0
ZNF679,0.0
OR8B8,0.0
ADAM32,0.0
H3C12,0.0
SULT1A2,0.034387544
MAGEA6,0.0
LINC02291,0.0
ADGRA1,0.0
PIWIL2,0.0041924105
CYSRT1,0.0042963186
SLC22A4,0.0
ENSG00000197210,0.0
ZSCAN5B,0.0
OR1J2,0.0
SLC2A7,0.0
LINC00336,0.0
C6orf141,0.0
IL27,0.0
GUCA2A,0.0
RAD54B,0.0009750236
ZNF165,0.054122698
HMGA2-AS1,0.013726128
OR10D3,0.0
TMEM132E-DT,0.0
ZNF833P,0.004123207
LYPD2,0.010977051
ZNF98,0.017964568
ZNF786,0.008334926
S100A7L2,0.0
ENSG00000197376,0.0
ZNF860,0.0052556545
OR6N1,0.0
DIO3,0.0
CYP2B6,0.0029790702
H3C4,0.0
DCHS2,0.0
VEPH1,0.20054553
FABP12,0.0
SHPK,0.021027192
OR51D1,0.0
OPALIN,0.0
OR13G1,0.0
OGDHL,0.7255145
CYP2F1,0.0
OR2L5,0.0
ENSG00000197462,0.0
GYPE,0.0
COL13A1,0.00538718
ZNF695,0.0
PCDHB11,0.009859026
GALP,0.0
ZNF665,0.008171078
LINC00477,0.0
SLC28A3,0.0
FAM177B,0.0
OR6Y1,0.0
CARINH,0.0
SSPOP,0.004414147
ELANE,0.0
COL4A6,0.017614257
ANKRD13C-DT,0.08008135
KCNMB2,0.01127376
ENSG00000197585,0.0
DMBX1,0.0
OR11L1,0.0
ENPP1,0.029931553
ATP11AUN,0.0
CCDC154,0.004985854
MYH6,0.0
SERPINB13,0.0
ENSG00000197644,0.0
ZNF433,0.045491047
CCER1,0.0
DNAH10,0.0
SLC22A24,0.0
GRAPL-AS1,0.0
KRTAP26-1,0.0
KLHL14,0.029755475
OR6C74,0.0
CR1L,0.021113884
C14orf178,0.0
SCGB1D4,0.0
CFAP43,0.010196078
LHFPL5,0.0
HOXC6,0.03627377
TXNRD3,0.025312247
STPG3,0.0
MAP1LC3C,0.0
KLHDC1,0.028057992
ZNF81,0.014062601
OR5B17,0.0
OR52M1,0.0
IGKV7-3,0.0
ENSG00000197813,0.0
ENSG00000197815,0.0
CCDC180,0.020537522
CFAP299,0.0
H4C16,0.011532104
CYP2A13,0.0
OR8G1,0.0
INKA2,0.0
PRB3,0.0
MDS2,0.0
OR1S2,0.0
UGT2B17,0.0
MEIG1,0.0037274999
SLC22A12,0.019305067
NRAP,0.0
SLC22A6,0.05835135
H2BC12,0.0
HRNR,0.0
IFNA1,0.0
ZNF311,0.0
OR5H2,0.0
AADACL2,0.0
GOLGA6L9,0.015290059
ENSG00000197991,0.0
CLEC9A,0.015674228
KEL,0.0
DLGAP2,0.0025064098
ENTPD7,0.003799722
SPANXA1,0.0
ZNF560,0.0
TUBA3C,0.0
ZNF667,0.025443384
AVPR1B,0.0
DSCR8,0.0
POTEH,0.0
NPIPB13,0.0
AKR1B10,0.0
CYP2A7,0.0
KRTAP9-9,0.0
NUP62CL,0.055392727
KRTAP4-6,0.0
TMPRSS11F,0.0
OR2T6,0.0
CHSY3,0.0
LPAR1,0.004364416
OR2L3,0.0
DEFB107B,0.0
NPIPB6,0.0
FAM47C,0.0
CLEC4C,0.0
ZNF607,0.020159876
BPIFA1,0.0
ZNF334,0.022838287
SULT1C2,0.25174683
ZXDA,0.009347062
ENSG00000198211,0.0
CACNA1E,0.00042746015
AFDN-DT,0.013088141
FKBP1C,0.0
SLC29A3,0.011899939
KRTAP4-5,0.0
OR5B21,0.0
TMEM239,0.0
MYL4,0.0
HOXC4,0.0416013
DCAF12L2,0.0
ENSG00000198358,0.0
KRTAP13-1,0.0
TMEM207,0.052918438
NTRK1,0.0073653855
KRTAP4-1,0.0
CCT8L2,0.0
LINC02692,0.0
FLVCR1-DT,0.016093893
RTP2,0.0
ANKRD35,0.005851817
B3GNT6,0.0
ENSG00000198491,0.0
ATL1,0.020838134
ARMH1,0.0045576
C2CD4A,0.01648436
C20orf203,0.0
KCNRG,0.0020696742
WDHD1,0.004967375
ZNF789,0.022366436
SLC34A3,0.02669752
RD3,0.0
SPANXC,0.0
ARC,0.016294474
APRG1,0.0
ZNF536,0.0
MMP17,0.0
OR2M2,0.0
ZNF534,0.0
FAM3D,0.0
LPA,0.0
ENSG00000198671,0.0
TAFA2,0.011949366
OR10G6,0.0
OR5BS1P,0.0
MAGEA1,0.0
LINC01565,0.0
ABCA4,0.007371853
EIF1AY,0.0
GPX6,0.0
SSBP3-AS1,0.0
SAXO5,0.0
PPP1R14C,0.0015595092
SMOC1,0.0
LRRTM3,0.0
PLXNB3,0.0
OXCT2,0.0
COLGALT2,0.003250277
EPS8L3,0.0
EGFL6,0.0021001277
SYCP1,0.0
APCDD1L,0.037625574
FAM169A,0.07928421
GRIN3A,0.0
MUC2,0.0
SCAMP5,0.057182267
ALPK2,0.020191323
BRINP2,0.0
MAGEB3,0.0
PAX9,0.0
LRRC10,0.0
GRM3,0.0
SUCNR1,0.093063086
RYR3,0.0030778523
STYXL2,0.0
TOX,0.023963694
KPLCE,0.0
STKLD1,0.004349261
ASB12,0.0
PNMA5,0.0
DCAF12L1,0.0
PRC1,0.006019103
L1CAM,0.18498473
POU3F3,0.31211394
RASGEF1A,0.006427023
ATG9A,0.0
NOS1AP,0.0091264285
CSAG1,0.0
ZFP2,0.0058358666
SOWAHA,0.042384405
MFAP3L,0.12407447
RORB,0.0055364985
OR10R2,0.0
OR10Z1,0.0
ENSG00000203258,0.0
ENSG00000203266,0.0
ENSG00000203279,0.0051584677
KIAA1671-AS1,0.0
FAM78B-AS1,0.0
CARNMT1-AS1,0.0
ENSG00000203325,0.0
ZNF525,0.03244292
ENSG00000203327,0.0
ENSG00000203334,0.0
ENSG00000203335,0.0
LINC01562,0.0
POLH-AS1,0.0
ENSG00000203364,0.0
ENSG00000203392,0.0
ENSG00000203395,0.0
ENSG00000203402,0.0
ENSG00000203434,0.0
SUGCT-AS1,0.0
ENSG00000203469,0.0
ENSG00000203472,0.0
ENSG00000203496,0.0
PDCD4-AS1,0.0031349212
ENSG00000203498,0.0
IQANK1,0.014513544
RBMS3-AS2,0.0
SCUBE1-AS1,0.0
ENSG00000203565,0.0
LINC02408,0.0
IGBP1-AS1,0.0
ENSG00000203593,0.0
LINC00970,0.0
ENSG00000203605,0.0
GP1BB,0.0
ENSG00000203620,0.0
ENSG00000203635,0.0
ENSG00000203643,0.0
LINC00501,0.0
LINC01285,0.0
OR2T5,0.0
OR2L2,0.0
IBA57-DT,0.0
LINC02487,0.0
TCP10L3,0.0
LINC00862,0.0
RAET1G,0.0
C1orf53,0.09455188
LINC00272,0.0
TEDDM1,0.00244099
GJE1,0.0
ECT2L,0.0
GPR52,0.0
NTMT2,0.0
TMEM244,0.0
OR6K3,0.0
FANK1,0.021737393
LORICRIN,0.0
PRR9,0.0
LELP1,0.0
SPRR2E,0.0
KPRP,0.0
FAM24A,0.0
DDO,0.006017147
LINC00222,0.0
PLPP4,0.04780188
BVES-AS1,0.0
LIN28B-AS1,0.0
H3C14,0.0
H2AC18,0.0
PNLIPRP3,0.0
H3C15,0.0
HSD3B1,0.0
HSD3B2,0.0
LINC02868,0.0
RBM20,0.006230092
SMIM9,0.0
C6orf163,0.0029924635
RIPPLY2,0.005312313
LIME1,0.0
SPATA42,0.0
ENSG00000203900,0.0
OOEP,0.0
KHDC3L,0.0
DPPA5,0.0
C1orf146,0.0
SPANXN1,0.0
SPANXA2,0.0
LINC00632,0.0
CXorf66,0.0
C10orf62,0.0
SAMD13,0.014361626
CCDC160,0.033918086
C1orf141,0.0
DEFB110,0.0
ENSG00000203971,0.0
GLYATL3,0.0
LDLRAD1,0.0
ENSG00000203987,0.0
RHOXF2B,0.0
ZYG11A,0.0013888876
LINC01270,0.0
LCN8,0.0
ENSG00000204003,0.0
C1orf185,0.0
GLT6D1,0.0
IFIT1B,0.0
COL5A1-AS1,0.0
CT83,0.0
LIPN,0.0
LIPK,0.0
LIPJ,0.0
TRPC5OS,0.0
LRIT2,0.0
SLC12A5-AS1,0.0
LRRC73,0.02837477
IER5L-AS1,0.0
FOXO6,0.0068544224
TCEAL5,0.003205592
TCEAL6,0.0059661157
RPA4,0.0
TDRG1,0.0
NEU4,0.0040177586
LINC02520,0.0
ENSG00000204117,0.0
NAP1L6P,0.0
C2orf72,0.005374148
CLPSL1,0.0
ASAH2B,0.024899794
LINC00474,0.0
AGAP6,0.028353248
CXorf65,0.0
NPY4R,0.0
GPRIN2,0.004862377
GDF5-AS1,0.0
TXNDC8,0.0
AWAT1,0.0
LINC02731,0.0031805618
OR13C3,0.0
COL11A2,0.011328005
LINC00587,0.0
TMEM235,0.0
PAGE3,0.0
LINC01973,0.0
BTNL2,0.0
TSBP1,0.0
TMEM225,0.0
PJVK,0.010521057
MRPL38,0.02447076
SMIM5,0.6349853
ERICH2,0.00506561
SP5,0.008439861
CD300LD,0.0
BTBD17,0.0
FAM120A2P,0.0
NXPE2,0.0
LINC02783,0.0
SPANXN5,0.0
ZBTB12,0.0
XAGE1A,0.0
PKP4-AS1,0.0
XAGE1B,0.0
HSPA1L,0.0043034535
NOL4L-DT,0.0
VWA7,0.0021581978
MSH5,0.0
CSHL1,0.0
MPIG6B,0.0
ENSG00000204422,0.0
LY6G6F,0.0
APOM,0.089604564
LINC02872,0.0
TRIM49C,0.0
TRIM64,0.0
LINC01854,0.0
TMEM51-AS2,0.0
PRAMEF20,0.0
PRAMEF17,0.0
PRAMEF19,0.0
PRAMEF14,0.0
PRAMEF15,0.0
PRAMEF9,0.0
PRAMEF7,0.0
MCCD1,0.20670132
MICB,0.008384603
AADACL4,0.0
POU5F1,0.022605326
ZSCAN5C,0.0
PSORS1C2,0.0
CDSN,0.0
C6orf15,0.0
MUC21,0.0
DEFB121,0.0
KRTAP5-11,0.0
KRTAP5-10,0.0
ACOXL-AS1,0.0
LRCOL1,0.0
ENSG00000204584,0.0026048955
LINC01123,0.010607688
DPRX,0.0
LINC01257,0.0
TRIM15,0.0011782803
ZNF616,0.014983146
FOXB2,0.0
TRIM10,0.0
TRIM40,0.0
TRIM31,0.0
RNF39,0.0
ENSG00000204620,0.0
POLR1HASP,0.0
DISP3,0.0
HCG9,0.0
HLA-G,0.0
NMS,0.0
ZFP57,0.005224028
ASPDH,0.03312206
MOG,0.0
OR2H2,0.0
CBY3,0.0
SPATA31J1,0.0
C9orf57,0.0
IGKV1OR2-3,0.0
IL31,0.0
FAM153CP,0.0
MIR1915HG,0.016922751
ENSG00000204684,0.0
MAS1L,0.0
OR2H1,0.0
OR11A1,0.0
OR14J1,0.0
OR2J2,0.0
OR2J3,0.0
OR2J1,0.0
OR2B3,0.0
OR2W1,0.0
MAMDC2-AS1,0.004128057
LINC01556,0.0
SPDYC,0.0
CFAP95,0.02331102
MALRD1,0.011290936
LINC01951,0.0
RPL26L1-AS1,0.0016777555
INSYN2B,0.0
IGKV1OR-3,0.0
FOXD4L5,0.0
IGKV1OR9-1,0.0
SMPD5,0.0
LINC01291,0.0
FAM88C,0.0058851778
ENSG00000204814,0.0
ODAD4,0.009865667
ST8SIA6-AS1,0.0046351403
SPATA31A1,0.0
ENSG00000204850,0.0
FAM216A,0.01094091
FAM201A,0.0074707987
IGFL2,0.0
IGFL4,0.0
KRTAP9-3,0.0
ENSG00000204876,0.0
KRTAP4-8,0.0
KRTAP1-4,0.0
KRT40,0.0
KRT25,0.0
LINC01545,0.0
SPINK9,0.0
LRRC3C,0.0
PRR20B,0.0
PRR20A,0.0
GRXCR2,0.0
LINC02934,0.0
FAM221B,0.0
ATP6V0E2-AS1,0.009741578
CD177,0.0
PSG5,0.0
ZNF425,0.013007363
FAM83A-AS1,0.0
LRRC10B,0.029332625
FBXO47,0.0
PCDHGA1,0.0
BLACE,0.0
PCDHA9,0.0
PCDHA8,0.0
PCDHA7,0.0
PCDHA5,0.0
PCDHA4,0.0
PCDHA2,0.0
PCDHA1,0.0
ENSG00000204971,0.0
ERICH4,0.008172253
MS4A13,0.0
PRSS1,0.0
ENSG00000204990,0.0
LINC02138,0.0
ENSG00000205018,0.0020467688
PABPN1L,0.0
OR5D16,0.0
OR5L2,0.0
ENSG00000205037,0.0
PKHD1L1,0.0
LINC02397,0.0
CLLU1-AS1,0.0
LGALS7,0.0
GARIN1A,0.0063776034
LINC02898,0.0
TMEM240,0.0
FRG2,0.0
LINC02716,0.008892868
SPATA31F1,0.0
CDKL4,0.0
TMEM88B,0.0
ACCSL,0.0
CFAP96,0.0035822776
ARID3C,0.0
LINC02903,0.0
C11orf91,0.0
LINC00654,0.0
FABP9,0.0
C4orf46,0.015679153
SCGB2B2,0.0
CCDC144NL,0.0071834354
VIT,0.0
TTLL10-AS1,0.0
ENSG00000205236,0.0
SPDYE2,0.0
TRBV20OR9-2,0.0
CTXN3,0.02011506
LINC01602,0.0
ENSG00000205300,0.0
MGAT4D,0.0
ENSG00000205325,0.0
OR6C68,0.0
OR6C65,0.0
OR6C3,0.0
OR6C1,0.0
LINC01460,0.0
SLCO6A1,0.0
OR52E6,0.0
ENSG00000205414,0.0
KRT6A,0.0
PCBP3-AS1,0.0
KRT81,0.0
EXOC3L4,0.0062791915
KRTAP12-3,0.0
IZUMO3,0.0
KU-MEL-3,0.0
KRTAP10-2,0.0
ENSG00000205452,0.0
TP53TG3C,0.0
CALML3-AS1,0.0
OR52J3,0.0
OR51A2,0.0
OR51A4,0.0
ENSG00000205537,0.0
LINC03041,0.0
CHKB-DT,0.017077724
CPT1B,0.030840881
FLRT2-AS1,0.0
SMN2,0.015551323
SERF1B,0.0
MUC19,0.0
EIF3CL,0.0
LINC01597,0.0
ETS2-AS1,0.0
LINC01446,0.0
LINC01310,0.0
LINC00898,0.0
LINC00583,0.0
MFSD2B,0.0
VCX3B,0.0
HTN3,0.0
ENSG00000205653,0.0
ARSH,0.0
ACOT6,0.0
SMIM11,0.0078061684
TECRL,0.0
ENSG00000205682,0.0
DPF3,0.0067731836
MANSC4,0.0
ADARB2-AS1,0.0
C17orf107,0.01326012
MBD3L4,0.0
ENSG00000205745,0.0
SLCO1B7,0.0
CRLF2,0.0
GAGE1,0.0
ARRDC5,0.0
LINC01531,0.0
DPP9-AS1,0.0
CYS1,0.65779054
PLPP6,0.027477797
KLRC2,0.002120473
KLRC3,0.0
ENSG00000205830,0.0
C16orf96,0.0
GMNC,0.00084143545
LINC00487,0.0
TTC23L,0.0049470323
CLEC6A,0.0
RFPL3S,0.0
C22orf42,0.0
NANOGNB,0.0
LRRC72,0.0
PCOTH,0.0
C1QTNF9B,0.0
KRTAP5-6,0.0
FAM99B,0.0
FAM99A,0.0
KRTAP5-2,0.0
KRTAP5-1,0.0
DEFB134,0.0
DEFB135,0.0
DEFB136,0.0
C1RL-AS1,0.0
ENSG00000205890,0.0
BHLHA9,0.0
SRRM2-AS1,0.0
DAZ4,0.0
ONECUT3,0.0
CEMP1,0.0
OLIG2,0.0
EPCIP,0.011419969
DAZ2,0.0
ENSG00000205959,0.00093455194
LNCRI,0.0
IFITM5,0.0
SMIM21,0.0
ENSG00000206028,0.0
C18orf63,0.0
DEFA1,0.0
ENSG00000206062,0.0
LHFPL7,0.0
SERPINB11,0.0
SERPINB4,0.0
SERPINB5,0.0
ZDHHC11B,0.007812975
KRTAP19-8,0.0
KRTAP20-3,0.0
KRTAP20-4,0.0
KRTAP22-2,0.0
KRTAP27-1,0.0
CFAP99,0.0
GOLGA8O,0.0
FAM230H,0.0
RNASE13,0.0
HBM,0.0
ELOA2,0.0
LINC02346,0.0
ANKUB1,0.0
TSSK2,0.0
ENSG00000206249,0.0
PRR23A,0.0
FOXL2NB,0.0
COL6A6,0.0
LRRC30,0.0
TMEM200C,0.012524076
OR10C1,0.0
CFAP44,0.026697563
CD200R1L,0.0
LNP1,0.0
OR5K3,0.0
ENSG00000206549,0.0
KRBOX1-AS1,0.0
TRIM71,0.009337229
ZCWPW2,0.014107383
COLQ,0.004455528
ENSG00000206567,0.0074028987
XKR4,0.003127806
MIR219A2HG,0.0
DIO2,0.014065255
DIO1,0.01384975
IGKJ5,0.0
IGKJ4,0.0
IGKJ3,0.0
IGKJ2,0.0
IGKJ1,0.0
IGKV4-1,0.0
IGKV5-2,0.0
IGKV6-21,0.0
IGKV2D-26,0.0
IGKV3D-20,0.0
IGKV6D-41,0.0
IGKV3D-11,0.0
IGKV1D-42,0.0
IGLV4-69,0.0
IGLV8-61,0.0
IGLV4-60,0.0
IGLV6-57,0.0
IGLV11-55,0.0
IGLV10-54,0.0
IGLV5-52,0.0
IGLV1-51,0.0
IGLV1-50,0.0
IGLV5-48,0.0
IGLV1-47,0.0
IGLV7-46,0.0
IGLV5-45,0.0
IGLV1-44,0.0
IGLV7-43,0.0
IGLV1-40,0.0
IGLV5-37,0.0
IGLV1-36,0.0
IGLV2-33,0.0
IGLV3-32,0.0
IGLV3-27,0.0
IGLV3-25,0.0
IGLV2-23,0.0
IGLV3-22,0.0
IGLV3-21,0.0
IGLV3-19,0.0
IGLV2-18,0.0
IGLV3-16,0.0
IGLV2-14,0.0
IGLV3-12,0.0
IGLV2-11,0.0
IGLV3-10,0.0
IGLV3-9,0.0
IGLV4-3,0.0
IGLV3-1,0.0
IGLJ1,0.0
IGLC1,0.0
IGLJ2,0.0
IGLC2,0.0
IGLJ3,0.0
IGLC3,0.0
IGLJ4,0.0
IGLJ5,0.0
IGLJ6,0.0
IGLJ7,0.0
IGLC7,0.0
TRGJ2,0.0
TRGJP2,0.0
TRGC1,0.027303463
TRGJ1,0.0
TRGJP,0.0
TRGJP1,0.0
TRGV11,0.0
TRGV10,0.0
TRGV9,0.0
TRGV8,0.0
TRGV5,0.0
TRGV4,0.0
TRGV3,0.0
TRGV1,0.0
TRBV6-1,0.0
TRBV7-1,0.0
TRBV4-1,0.0
TRBV6-4,0.0
TRBV7-3,0.0
TRBV5-3,0.0
TRBV9,0.0
TRBV10-1,0.0
TRBV11-1,0.0
TRBV6-5,0.0
TRBV6-6,0.0
TRBV5-5,0.0
TRBV7-6,0.0
TRBV5-6,0.0
TRBV5-7,0.0
TRBV5-1,0.0
TRBV12-2,0.0
TRBV4-2,0.0
TRBV19,0.0
TRBV20-1,0.0
TRBV23-1,0.0
TRBV24-1,0.0
TRBV27,0.0
TRBV28,0.0
TRBJ2-1,0.0
TRBJ2-2,0.0
TRBJ2-2P,0.0
TRBJ2-3,0.0
TRBJ2-4,0.0
TRBJ2-5,0.0
TRBJ2-6,0.0
TRBJ2-7,0.0
TRAV2,0.0
TRAV3,0.0
TRAV4,0.0
TRAV5,0.0
TRAV6,0.0
TRAV7,0.0
TRAV8-1,0.0
TRAV9-1,0.0
TRAV10,0.0
TRAV12-1,0.0
TRAV8-2,0.0
TRAV8-3,0.0
TRAV13-1,0.0
TRAV12-2,0.0
TRAV8-4,0.0
TRAV13-2,0.0
TRAV14DV4,0.0
TRAV9-2,0.0
TRAV12-3,0.0
TRAV8-6,0.0
TRAV16,0.0
TRAV17,0.0
TRAV18,0.0
TRAV19,0.0
TRAV20,0.0
TRAV21,0.0
TRAV22,0.0
TRAV23DV6,0.0
TRDV1,0.0
TRAV24,0.0
TRAV25,0.0
TRAV26-1,0.0
TRAV8-7,0.0
TRAV27,0.0
TRAV29DV5,0.0
TRAV26-2,0.0
TRAV34,0.0
TRAV35,0.0
TRAV36DV7,0.0
TRAV38-1,0.0
TRAV38-2DV8,0.0
TRAV39,0.0
TRAV40,0.0
TRAV41,0.0
TRDV2,0.0
TRDJ1,0.0
TRDJ4,0.0
TRDJ2,0.0
TRDJ3,0.0
TRAJ61,0.0
TRAJ59,0.0
TRAJ58,0.0
TRAJ57,0.0
TRAJ56,0.0
TRAJ54,0.0
TRAJ53,0.0
TRAJ52,0.0
TRAJ50,0.0
TRAJ49,0.0
TRAJ48,0.0
TRAJ47,0.0
TRAJ46,0.0
TRAJ45,0.0
TRAJ44,0.0
TRAJ43,0.0
TRAJ42,0.0
TRAJ41,0.0
TRAJ40,0.0
TRAJ39,0.0
TRAJ38,0.0
TRAJ35,0.0
TRAJ34,0.0
TRAJ33,0.0
TRAJ32,0.0
TRAJ31,0.0
TRAJ30,0.0
TRAJ29,0.0
TRAJ28,0.0
TRAJ27,0.0
TRAJ26,0.0
TRAJ25,0.0
TRAJ24,0.0
TRAJ23,0.0
TRAJ22,0.0
TRAJ21,0.0
TRAJ20,0.0
TRAJ19,0.0
TRAJ18,0.0
TRAJ17,0.0
TRAJ16,0.0
TRAJ14,0.0
TRAJ13,0.0
TRAJ12,0.0
TRAJ11,0.0
TRAJ10,0.0
TRAJ9,0.0
TRAJ8,0.0
TRAJ7,0.0
TRAJ6,0.0
TRAJ5,0.0
TRAJ4,0.0
TRAJ3,0.0
TRAJ2,0.0
TRAJ1,0.0
IGHA2,0.0
IGHE,0.0
IGHG4,0.0
IGHG2,0.0
IGHA1,0.0
IGHG1,0.0
IGHG3,0.0
IGHJ6,0.0
IGHJ2,0.0
IGHJ1,0.0
IGHD1-26,0.0
IGHD5-24,0.0
IGHD3-22,0.0
IGHD2-21,0.0
IGHD6-19,0.0
IGHD5-18,0.0
IGHD3-16,0.0
IGHD2-15,0.0
IGHD6-13,0.0
IGHD5-12,0.0
IGHD3-10,0.0
IGHD3-9,0.0
IGHD2-8,0.0
IGHD5-5,0.0
IGHD3-3,0.0
IGHD2-2,0.0
IGHV6-1,0.0
IGHV1-2,0.0
IGHV1-3,0.0
IGHV2-5,0.0
IGHV3-7,0.0
IGHV3-11,0.0
IGHV3-13,0.0
IGHV3-15,0.0
IGHV3-16,0.0
IGHV1-18,0.0
IGHV3-20,0.0
IGHV3-21,0.0
IGHV3-23,0.0
IGHV1-24,0.0
IGHV2-26,0.0
IGHV4-28,0.0
IGHV3-33,0.0
IGHV4-34,0.0
IGHV3-35,0.0
IGHV3-38,0.0
IGHV4-39,0.0
IGHV1-45,0.0
IGHV1-46,0.0
IGHV3-48,0.0
IGHV3-49,0.0
IGHV5-51,0.0
IGHV3-53,0.0
IGHV1-58,0.0
IGHV4-61,0.0
IGHV3-66,0.0
IGHV1-69,0.0
IGHV2-70D,0.0
IGHV3-73,0.0
IGHV5-78,0.0
IGHV7-81,0.0
TSSK1B,0.0
PRR22,0.015722658
TAS2R19,0.0
TAS2R50,0.0
TAS2R13,0.0
ZRSR2P1,0.0
KRTAP16-1,0.0
KRTAP29-1,0.0
KRTAP9-6,0.0
ENSG00000212663,0.0
CTAGE1,0.0
KRTAP4-11,0.0
KRTAP4-9,0.0
KRTAP2-3,0.0
KRTAP2-1,0.0
LINC02656,0.0
EWSAT1,0.0042088465
OR2A42,0.0
TTTY2,0.0
TTTY2B,0.0
KRTAP3-3,0.0
KRTAP3-2,0.0
KRTAP3-1,0.0
MAP10,0.007886043
ENSG00000212930,0.0
KRTAP12-4,0.0
KRTAP10-3,0.0
KRTAP6-3,0.0
ENSG00000212939,0.0
POU5F1B,0.00304367
KLK9,0.0
SYT3,0.0
CGB8,0.0
C1orf220,0.0
ENSG00000213062,0.0035987045
CFAP45,0.030527553
ENSG00000213121,0.0
CRYGS,0.008538758
LINGO4,0.0
TRIM59,0.0063479566
ASIC3,0.0020851728
ENSG00000213204,0.0
ARHGEF35,0.08404901
OR2F1,0.0
CSH2,0.0
DNLZ,0.02638841
TCL1B,0.0
TSGA13,0.0
ENSG00000213279,0.0
ZNF625-ZNF20,0.0
GSTM2,0.024408322
LINC00671,0.25018016
MAGEA12,0.0
PTPRCAP,0.0
PVRIG,0.0
KRTAP4-12,0.0
KRTAP2-4,0.0
GPC2,0.0
FIRRE,0.0
TTLL13,0.0
GBP7,0.0
CPLX3,0.0
ZBTB9,0.0028968416
ADAT3,0.007919568
SULT1A4,0.0
TREX1,0.0
FAM209B,0.0024432593
ZNF337-AS1,0.014228174
UGT2B11,0.0
ATP6V1G2,0.0067996695
GTF2H4,0.0
DDX47,0.018234832
ZNF888,0.017277157
KLRK1,0.0
CEACAM18,0.0
CEACAM16,0.0
SLC23A3,0.007838197
LTB4R2,0.00651853
LEUTX,0.0
CCL27,0.0
HBE1,0.0
HBG1,0.0
CLDN9,0.008479602
ZNF726,0.011811489
ZNF99,0.009157776
ENSG00000213981,0.0
PFKFB3-AS1,0.0
TM6SF2,0.0062777307
MEF2B,0.0
LINC02418,0.0
IFNA7,0.0
LINC02347,0.0
UCA1,0.0
FBXO16,0.016716484
SMCO1,0.0
WEE2,0.0
MAGEB1,0.0
TMEM213,0.7750597
LINC00887,0.0
LINC02026,0.0
GCC2-AS1,0.0
IQCJ,0.0
MINDY4B,0.0
ENSG00000214248,0.0
ENSG00000214265,0.070313565
SCART1,0.0033545268
NPS,0.0
POU2AF3,0.030724265
SPDYE3,0.0
MBLAC1,0.02862243
PRR23E,0.0
FOXI3,0.0
MTCL3,0.0
ENSG00000214347,0.0
VAC14-AS1,0.0
EFCAB9,0.0
VSTM5,0.0
LINC00488,0.0
LCNL1,0.0035790298
RDUR,0.0
TRIM77,0.0
GNAT3,0.0
VPS33B-DT,0.002917632
AS3MT,0.0
FAM187A,0.0
SEC14L6,0.033944607
SPINK13,0.0
HIGD1C,0.0
NOTO,0.0
KRTAP2-2,0.0
ZNF705EP,0.0
ENSG00000214546,0.0
ENSG00000214559,0.0
NUTM2D,0.0
CPEB1,0.0
EML6,0.0077304253
ENSG00000214614,0.0
DEFB113,0.0
DEFB133,0.0
ENSG00000214650,0.0
ZNF727,0.0018539795
B3GALT9,0.0040729293
IQCF5,0.0
IQCF6,0.0
C10orf105,0.0
LINC01913,0.0
ARHGEF33,0.004842274
C12orf71,0.0
ENSG00000214708,0.023541912
CAPN14,0.0
CDIPTOSP,0.0
TOMM6,0.0
GUCY2C-AS1,0.0
MS4A18,0.0
MS4A4E,0.0
ENSG00000214797,0.0
ENSG00000214803,0.0
FER1L6,0.0
CDRT15L2,0.0
RAD51AP2,0.0
EVPLL,0.0
DCDC2C,0.0
LINC02981,0.020689106
SMTNL1,0.0
NPAP1P9,0.001979404
TRIM64C,0.0
LINC00243,0.0
PNMA6E,0.0
LINC01588,0.0045241863
ENSG00000214915,0.0
SPATA31D1,0.0
NPIPA8,0.0
ENSG00000214942,0.0
GPR33,0.0
TBC1D26,0.0
CRPPA,0.020514974
NPIPA7,0.0
GSG1L2,0.0
ENSG00000214999,0.0
ACSM4,0.0
COL28A1,0.011443026
ENSG00000215022,0.0021702652
ENSG00000215023,0.0
TCP11X2,0.0
NEURL4,0.049093336
GRID2IP,0.0
ANXA2R-AS1,0.0
FAM74A1,0.0
CXorf49B,0.0
CXorf49,0.0
LINC00588,0.0
C16orf90,0.0
PRSS41,0.0
LINC00269,0.0
NLRP2B,0.0
IGLV8OR8-1,0.0
MUC5AC,0.0
MSMP,0.0
GOLGA6B,0.0
CIMIP2B,0.0036478015
LINC00680,0.0
BASP1-AS1,0.0
GRXCR1,0.0
TRBV24OR9-2,0.0
UBE2QL1,0.018909704
LINC01020,0.0
LINC02449,0.0
LINC02649,0.0
LINC02982,0.007405996
KCNU1,0.0
GAGE12G,0.0
GAGE10,0.0
RNF212B,0.020847006
ZNF705D,0.0
ZNF705B,0.0
ZNF705G,0.0
FAM66B,0.0
MYL5,0.03357346
SCRT2,0.0
LL22NC01-81G9.3,0.0
KRTAP10-4,0.0
KRTAP10-1,0.0
AATBC,0.0036790732
SKOR2,0.0
SIAH3,0.0064381333
LINC00598,0.001918628
EFCAB8,0.0
DEFB116,0.0
DEFB115,0.0
TTTY5,0.0
GAB4,0.0
C20orf202,0.0
HMX1,0.0
GCGR,0.17971171
ENSG00000215692,0.0
RSC1A1,0.0
CELA2B,0.0
FAM72D,0.0
LINC01139,0.022996362
ZC3H11B,0.0
ENSG00000215841,0.0
RPTN,0.0
PDZK1P1,0.0
LINC01356,0.0
LINC02337,0.0
LACTBL1,0.0
TTC34,0.004605305
ATAD3C,0.04508557
IGSF23,0.0025748175
GAGE12E,0.0
LY86-AS1,0.001193479
FAM240C,0.0
SP9,0.0
SYCE3,0.007695009
ENSG00000217455,0.0
ENSG00000217702,0.0
ENSG00000217825,0.0
PAM16,0.018892217
RBM38-AS1,0.0
KIRREL3-AS3,0.0
TENM3,0.0075048446
LINC01644,0.0
LINC00339,0.0
LINC03010,0.0
TDRD15,0.0
PAPOLB,0.0
FAM138C,0.0
CELA3B,0.0
ENSG00000219159,0.0035853984
ENSG00000219410,0.0
CATSPERZ,0.0023898426
TAFA5,0.0055903904
ENSG00000219445,0.0
OR7E104P,0.0
LINGO3,0.0
LINC02076,0.0
ENSG00000220256,0.0
HTR5A-AS1,0.0
ENSG00000220702,0.0
LL22NC03-63E9.3,0.0
LINC02531,0.0
IGBP1-AS2,0.0
RNU6ATAC35P,0.0
OR6B1,0.0
EBF2,0.0032849924
GAS8-AS1,0.0
PSG3,0.0
FANCG,0.01713929
OR2A5,0.0
KRTAP10-9,0.0
OR4A5,0.0
SPATA31H1,0.0
LINC02902,0.0
KRTAP1-5,0.0
TAS2R41,0.0
OR2A12,0.0
KRTAP10-10,0.0
KRTAP12-2,0.0
PLXNA4,0.0022568675
MAGEA3,0.0
PSG7,0.0
KRTAP1-3,0.0
OR3A2,0.0
HMSD,0.0
OR1C1,0.0
POM121L12,0.0
OR2F2,0.0
C19orf73,0.010052192
ZNF880,0.082400255
OR6X1,0.0
HEPN1,0.0
TAS2R40,0.0
OR2A14,0.0
TIGD1,0.02264908
FXYD7,0.0070290985
XKR9,0.0
LINC01465,0.0
LINC02897,0.0
OR4C12,0.0
TMEM14EP,0.0
OR2A1,0.0
OR4E2,0.0
MYBPHL,0.0
OR2A2,0.0
ZNF630,0.007015515
OR52B4,0.0
ENSG00000222000,0.0
LINC02860,0.0
LINC01118,0.0
ENSG00000222007,0.0
ENSG00000222012,0.0
RAB6C,0.0
ENSG00000222017,0.0
C21orf140,0.0
HDAC4-AS1,0.04114848
PSMB11,0.0
ENSG00000222031,0.0
ENSG00000222032,0.0
LINC01124,0.004379688
KIAA2012-AS1,0.0
POTEM,0.0
IGLC6,0.0
POTEJ,0.0
ENSG00000222042,0.0
ENSG00000222044,0.0
DCDC2B,0.0
C10orf55,0.0
ENSG00000223342,0.0
ENSG00000223343,0.0
ENSG00000223344,0.0
IGLV9-49,0.0
ZNF385D-AS2,0.0
ENSG00000223356,0.0
EHHADH-AS1,0.0
ENSG00000223360,0.0
ENSG00000223373,0.0
ENSG00000223374,0.0
LINC02661,0.0
LINC01778,0.0
LINC02068,0.0
ENSG00000223390,0.0
CLDN10-AS1,0.007586436
ENSG00000223393,0.0
TRBV29OR9-2,0.0
RPS10P7,0.0
ENSG00000223400,0.0
MEG9,0.0
LINC00397,0.0
ENSG00000223410,0.0
TRIM49D1,0.0
ENSG00000223430,0.0
ENSG00000223432,0.0
ENSG00000223436,0.0
ENSG00000223438,0.0
ENSG00000223440,0.0
TH2LCRR,0.0
USP17L2,0.0
ENSG00000223446,0.0
ENSG00000223461,0.0
ENSG00000223462,0.0015284885
LINC01825,0.0
LINC02629,0.0
VOPP1-DT,0.0
ZDHHC12-DT,0.022266991
LINC02238,0.0
LINC01615,0.0
LINC03053,0.0
FRMPD4-AS1,0.0
ENSG00000223492,0.0
ENSG00000223502,0.004383993
CDRT15,0.0
LINC02968,0.0
ENSG00000223517,0.0
ENSG00000223522,0.0
ENSG00000223528,0.0
ENSG00000223530,0.0
HLA-DQB1-AS1,0.0
ENSG00000223536,0.0
ZBTB24-DT,0.0
ENSG00000223542,0.0
ACSL6-AS1,0.0
CCR5AS,0.0
ENSG00000223554,0.0
LINC03007,0.0
ENSG00000223563,0.0
USP17L15,0.0
CKMT1A,0.06169301
ENSG00000223576,0.0
LINC02665,0.0
LINC01312,0.0
LINC01986,0.0
CENPVL1,0.0
LINC02142,0.0
ENSG00000223598,0.0
EBLN1,0.0
HBD,0.007926751
ZNF735,0.0
LINC00370,0.0
ENSG00000223623,0.0
LINC01044,0.0
LINC01120,0.0
ENSG00000223634,0.0
NUP133-DT,0.0
RFPL4A,0.0
TTTY17C,0.0
ENSG00000223642,0.0
ENSG00000223643,0.0
LINC03076,0.0
LINC01946,0.0
IGHV3-64,0.0
ENSG00000223649,0.0
PRDM6-AS1,0.0
BCL10-AS1,0.0
C1GALT1C1L,0.014645239
ENSG00000223660,0.0
SAMSN1-AS1,0.0
ENSG00000223665,0.0
ENSG00000223669,0.0
LINC00571,0.0
MYH9-DT,0.0
ENSG00000223697,0.0
RAET1E-AS1,0.0
ENSG00000223711,0.0
LINC02601,0.0
LINC01208,0.0
ENSG00000223716,0.0
ENSG00000223720,0.0
MYOSLID-AS1,0.0
ENSG00000223726,0.0
ENSG00000223727,0.0
LINC02247,0.0
ENSG00000223732,0.0
LAPTM4A-DT,0.0
ENSG00000223742,0.0
ENSG00000223751,0.0
ENSG00000223754,0.0
ENSG00000223761,0.0
LINC02593,0.013170719
LINC01626,0.0
LINC00205,0.0
CACNA2D1-AS1,0.0
LGALS8-AS1,0.0
LINC01983,0.07615568
LINP1,0.0
ENSG00000223786,0.0
UBE2E1-AS1,0.0
ENSG00000223800,0.0
CERS1,0.0
LINC00114,0.0
ENSG00000223809,0.0
PYDC2-AS1,0.0
PRR15-DT,0.007756048
ENSG00000223814,0.0
DIAPH3-AS2,0.0
CDH23-AS1,0.0
LINC01342,0.0
LINC01870,0.0
ENSG00000223834,0.0
ENSG00000223838,0.0
FAM95B1,0.0067291236
ENSG00000223842,0.0
EFCAB6-AS1,0.0
MYCNUT,0.0
PDGFA-DT,0.008341444
ENSG00000223859,0.0
LINC01805,0.0
ENSG00000223870,0.0
ENSG00000223872,0.0
TESHL,0.0
LINC01078,0.0
ENSG00000223881,0.0
ABCC5-AS1,0.0
LINC01707,0.0
ENSG00000223884,0.0
ENSG00000223901,0.0
ENSG00000223906,0.0
ENSG00000223911,0.0
LINC02471,0.0034963815
ENSG00000223930,0.0
LGALSL-DT,0.0
ENSG00000223944,0.0
ENSG00000223946,0.0
ENSG00000223947,0.0
ROR1-AS1,0.0
C1QTNF5,0.0
LINC01767,0.0
ENSG00000223966,0.0
ENSG00000223969,0.009272553
ENSG00000223975,0.0
SMCR2,0.0
LINC01874,0.039108
ENSG00000223989,0.0
TANAR,0.0
LINC02647,0.0
TRDD1,0.0
ENSG00000223999,0.0
ENSG00000224000,0.0
LINC01441,0.0
ENSG00000224015,0.0
LINC01449,0.0
ENSG00000224018,0.0
MIR181A2HG,0.0052457354
ENSG00000224027,0.0
LINC01853,0.0
TCEAL3-AS1,0.0
LINC02561,0.0
ENSG00000224038,0.0
IGKV3D-15,0.0
CCNT2-AS1,0.0013808319
LINC02612,0.0
ENSG00000224049,0.0
EGFR-AS1,0.0
CALCRL-AS1,0.0014748226
ENSG00000224066,0.0038589705
LINC00691,0.0
TTTY22,0.0
ENSG00000224076,0.0
ENSG00000224077,0.0
ENSG00000224079,0.0
POTEF-AS1,0.0
CT47A10,0.0
ENSG00000224090,0.0
ENSG00000224091,0.0
BCAR3-AS1,0.0027474537
LINC01935,0.0
ENSG00000224099,0.0
ENSG00000224100,0.0
ELMO1-AS1,0.0
ETDB,0.0
CENPVL3,0.0
INHBA-AS1,0.0
POU6F2-AS1,0.0042654746
ENSG00000224127,0.0
LINC01248,0.0
ENSG00000224132,0.0
ENSG00000224138,0.0
MIR548XHG,0.0
LHX8-AS1,0.0
LINC02054,0.0
HCG14,0.005237073
LINC02828,0.0
LINC02831,0.0
ENSG00000224174,0.0
LINC00570,0.0
MIR3681HG,0.0
PITX1-AS1,0.0
LINC01991,0.0
HAGLR,0.08012433
LINC02667,0.0
SEZ6L-AS1,0.0
ENSG00000224194,0.0
CAMK2G-AS1,0.0
C10orf67-AS1,0.0043230685
ENSG00000224216,0.0
DTNB-AS1,0.0
LINC02636,0.0
LINC01832,0.0
WARS2-IT1,0.0
ENSG00000224239,0.0
SOX1-OT,0.0
ENSG00000224250,0.0
ENSG00000224251,0.0
LINC01133,0.0
ENSG00000224260,0.0
LINC02633,0.0
ENSG00000224267,0.0
ENSG00000224269,0.0
EPIC1,0.0
ENSG00000224272,0.0
ARHGEF2-AS1,0.0
ENSG00000224277,0.0
LINC01142,0.0
PORCN-DT,0.0029537955
PINCR,0.0
ENSG00000224301,0.0
LINC01527,0.0
LINC01567,0.0
WDTC1-DT,0.0
ENSG00000224322,0.0
ENSG00000224326,0.0
MDC1-AS1,0.0
LINC00297,0.0
ENSG00000224330,0.0
SCEL-AS1,0.0
FAM135A-AS1,0.0
TMCO1-AS1,0.0
ENSG00000224359,0.0
ENSG00000224361,0.0
ENSG00000224363,0.0
ENSG00000224371,0.0
IGHV4-59,0.0
ENSG00000224374,0.0
ENSG00000224375,0.0
LINC00703,0.0
PRR29,0.0
ENSG00000224384,0.0
ENSG00000224387,0.0
BACE2-IT1,0.0
C4B,0.0
LINC01280,0.0
GPC6-AS2,0.0
ENSG00000224400,0.0
ENSG00000224404,0.0
LINC00572,0.0
LINC02052,0.0
ENSG00000224407,0.0
ENSG00000224409,0.0
ENSG00000224413,0.0
STK24-AS1,0.0066349735
PRKAR2A-AS1,0.0
LINC00539,0.0
CXorf51A,0.0
LINC01708,0.0
SLC25A34-AS1,0.0
TANK-AS1,0.0
LAMC1-AS1,0.0
ENSG00000224477,0.0
ENSG00000224478,0.0
ENSG00000224500,0.0
ENSG00000224504,0.0
LINC02523,0.0
MRPS9-AS2,0.0038720744
LINC00365,0.0
ENSG00000224513,0.0
LINC00620,0.0
ENSG00000224515,0.0
ECEL1P2,0.0
HTR2A-AS1,0.0
ENSG00000224521,0.0
LINC02771,0.0
CSRP1-AS1,0.013477441
ENSG00000224541,0.0
ENSG00000224549,0.0
LINC01087,0.0
LPP-AS1,0.0
LINC01754,0.0
LINC01886,0.0
COL18A1-AS2,0.0
LINC01117,0.02614244
LINC01015,0.0
ENSG00000224583,0.0
GPX5,0.0
MIR3659HG,0.0
ENSG00000224595,0.0
ZMIZ1-AS1,0.0031061636
SVIL-AS1,0.0
ENSG00000224605,0.0
IGKV1D-27,0.0
ENSG00000224610,0.0
ENSG00000224612,0.0
RNPC3-DT,0.0
TNK2-AS1,0.0
ENSG00000224626,0.0
ENSG00000224635,0.0
ENSG00000224643,0.0
ENSG00000224644,0.0
ENSG00000224645,0.0
LINC01627,0.0
ENSG00000224649,0.0
IGHV3-74,0.0
LINC00885,0.015104808
LINC01823,0.0
ENSG00000224658,0.0
GAGE12J,0.0
SH3BP5-AS1,0.013345892
ENSG00000224661,0.0
ETV7-AS1,0.0
ENSG00000224671,0.0
GALNT13-AS1,0.0
RASAL2-AS1,0.006441052
ZNF812P,0.0
ENSG00000224691,0.0
ENSG00000224698,0.0
ENSG00000224700,0.0
LMX1A-AS2,0.0
LINC01706,0.0
NPIPA3,0.0
ENSG00000224713,0.0
LINC02671,0.0
ENSG00000224715,0.0
LEMD1-DT,0.0
LINC01657,0.0
FLVCR2-AS1,0.0
PCOLCE-AS1,0.004646501
LILRB1-AS1,0.0
ENSG00000224731,0.0
ENSG00000224733,0.0
ENSG00000224738,0.0035366146
TEX26-AS1,0.0
ENSG00000224746,0.0
ENSG00000224750,0.0
CCNYL4,0.0
ENSG00000224764,0.0
LINC02931,0.0
LINC02670,0.0
ENSG00000224789,0.0
HLCS-AS1,0.026983183
ENSG00000224794,0.0
NTM-AS1,0.0
ENSG00000224799,0.0
LINC00853,0.007730831
SRGAP3-AS1,0.0
ENSG00000224810,0.0
TMEM72-AS1,0.0
ENSG00000224814,0.0
LINC03046,0.0
COL4A2-AS2,0.0
RORB-AS1,0.0
LINC01689,0.0
LINC00240,0.0071817324
ENSG00000224844,0.0
NQO2-AS1,0.0038774929
ENSG00000224848,0.0
LINC00502,0.0
LINC00393,0.0
CDKN2A-AS1,0.0
OPA1-AS1,0.0
LINC01691,0.0
ENSG00000224865,0.0
EML4-AS1,0.0
ENSG00000224876,0.0
ENSG00000224883,0.0
HSALR1,0.0
LINC02840,0.0
POT1-AS1,0.0048472565
LINC02830,0.0
ENSG00000224901,0.0
GAGE12H,0.0
RNF32-AS1,0.0015952324
ENSG00000224905,0.0
LINC01766,0.0
LINC00863,0.0
APOC4-APOC2,0.0
ENSG00000224918,0.0
ENSG00000224919,0.0
ENSG00000224922,0.0
LINC00320,0.0
LINC02262,0.0
LINC01034,0.0
GOT1-DT,0.00639127
ENSG00000224935,0.0
LINC00184,0.0
PRRT4,0.0
LINC02819,0.0
CASC6,0.0
ENSG00000224950,0.0013888876
LINC01266,0.0064648315
PGM5-AS1,0.036566384
PPP4R3C,0.0
LINC01752,0.015627664
ECMXP,0.0
KCNC4-DT,0.008404116
LINC01645,0.0
ENSG00000224969,0.0
ENSG00000224970,0.0
RC3H1-DT,0.0
ENSG00000224984,0.0
ENSG00000224985,0.0028962858
FAM41AY1,0.0
LINC01526,0.0
ENSG00000225000,0.0
ENSG00000225002,0.0
ENSG00000225006,0.0
ENSG00000225007,0.0
ENSG00000225012,0.0
ENSG00000225028,0.0
ENSG00000225032,0.0
EIF1AX-AS1,0.0
LINC01058,0.0
ENSG00000225044,0.0
ENSG00000225050,0.0
ENSG00000225056,0.0
TMCC2-AS1,0.0
LINC01802,0.005933015
ENSG00000225075,0.0
WWC3-AS1,0.0
ICMT-DT,0.0039022318
GRTP1-AS1,0.0
ENSG00000225084,0.0
ENSG00000225087,0.0
ENSG00000225096,0.0
ENSG00000225102,0.0
LINC01076,0.0
ENSG00000225106,0.0
ENSG00000225107,0.0
PNMA6F,0.0
ENSG00000225112,0.0
CAMTA1-AS1,0.0
LINC00237,0.0
LINC00972,0.0
ENSG00000225129,0.0
ENSG00000225140,0.0
ENSG00000225144,0.0
ENSG00000225146,0.0
ENSG00000225148,0.0
ENSG00000225152,0.0
ENSG00000225156,0.0
ENSG00000225166,0.0
ENSG00000225172,0.0
ENSG00000225173,0.0
OSTM1-AS1,0.0
LINC00457,0.0
PVALEF,0.0
ENSG00000225181,0.0
ENSG00000225187,0.0
LINC00092,0.0
ENSG00000225203,0.0
MIR137HG,0.0
ENSG00000225208,0.0
ENSG00000225209,0.0
ENSG00000225214,0.0
NRP2-AS1,0.0
ENSG00000225218,0.0
LINC01795,0.0
ENSG00000225230,0.0
LINC02470,0.0
ENSG00000225233,0.0
TRAPPC12-AS1,0.0
INTS6L-AS1,0.0
ENSG00000225243,0.0
LINC00378,0.0
PSLNR,0.0
ENSG00000225258,0.0
PCDH9-AS3,0.0
TAF1A-AS1,0.008197148
LINC00705,0.0
ENSG00000225279,0.0
ENSG00000225280,0.0
ENSG00000225284,0.0
LINC01770,0.0
LINC00113,0.016993064
ENSG00000225299,0.0
ENSG00000225303,0.0
ENSG00000225311,0.0
ENSG00000225313,0.0
ENSG00000225315,0.0
TPTE2-AS1,0.0
LINC01427,0.0
ENSG00000225325,0.0
USP17L3,0.0
LINC01594,0.0
LINC02813,0.0
ENSG00000225335,0.0060197827
ENSG00000225337,0.0
ENSG00000225341,0.0
LRRK2-DT,0.0096225105
FREM2-AS1,0.0
ENSG00000225359,0.0
PPP1R26-AS1,0.0083935615
CT62,0.0
ENSG00000225365,0.0
TMEM246-AS1,0.0009962663
NRSN2-AS1,0.023184255
ENSG00000225378,0.0
IGKV1OR9-2,0.0
SFTA1P,0.0
LRRC3B-AS1,0.0
ENSG00000225387,0.0
NHEG1,0.0
FAM236D,0.0
ENSG00000225399,0.0
ENSG00000225407,0.0
ENSG00000225408,0.00464103
ENSG00000225411,0.0
LINC02557,0.0
ENSG00000225417,0.0
ENSG00000225420,0.0
ENSG00000225421,0.0
ENSG00000225424,0.0
LINC00331,0.0
LINC01671,0.01164083
PACRG-AS2,0.0
BOLA3-DT,0.008088315
MPRIP-AS1,0.0
LINC01867,0.0
LINC01763,0.0
ENSG00000225450,0.0
ENSG00000225458,0.0
RFPL1S,0.0
NFIB-AS1,0.0
ATP13A4-AS1,0.0
ENSG00000225488,0.0
LINC01107,0.0
KCNMA1-AS2,0.0
ENSG00000225498,0.0
CYP4A22-AS1,0.0
LINC00475,0.0
FAM197Y5,0.0
LINC01703,0.0
ENSG00000225519,0.0
SNED1-AS1,0.0
IGKV6D-21,0.0
TMA7B,0.0039266134
ENSG00000225532,0.0
LINC01393,0.0
ENSG00000225537,0.0
LINC01821,0.0
ZNF385D-AS1,0.0
ENSG00000225545,0.0
LINC02476,0.0
LINC01980,0.0
NAALADL2-AS1,0.0
ENSG00000225555,0.0
C2CD4D,0.02605415
ENSG00000225559,0.0
LINC01710,0.0
ENSG00000225563,0.0
LINC01492,0.0
ENSG00000225570,0.0
DOCK4-AS1,0.0
NCBP2-AS1,0.0
EDNRB-AS1,0.0
ENSG00000225582,0.0
ENSG00000225588,0.0
LINC01623,0.0
ENSG00000225598,0.0
MTOR-AS1,0.0
ENSG00000225605,0.0
ENSG00000225606,0.0
ENSG00000225610,0.0
CCDC13-AS2,0.003591355
ENSG00000225612,0.0
LINCMD1,0.0
ZNF469,0.0
MYT1L-AS1,0.0
ENSG00000225620,0.0
CFAP95-DT,0.0
ENSG00000225632,0.0
ENSG00000225637,0.0
ENSG00000225647,0.0
KCNMA1-AS3,0.0
ENSG00000225656,0.0
LINC01716,0.0
CADM3-AS1,0.0
LRP8-DT,0.0
ENSG00000225676,0.0
ENSG00000225680,0.0
PACRG-AS3,0.0
FAM225B,0.0
ENSG00000225689,0.0
IGHV3-72,0.0
ENSG00000225703,0.0
PTPRD-AS1,0.007329453
ENSG00000225708,0.0
ENSG00000225718,0.0
ENSG00000225721,0.001566438
FAM66E,0.0
ADGRF5-AS1,0.0
PDE9A-AS1,0.0
ENSG00000225744,0.0
ENSG00000225750,0.0
ENSG00000225751,0.0
ENSG00000225752,0.0
DBH-AS1,0.0
LINC00489,0.0
LINC00431,0.0
LINC01389,0.0
P3H2-AS1,0.0
LINC01831,0.0
FAF1-AS1,0.0
LINC02620,0.0
ENSG00000225775,0.0
PROSER2-AS1,0.0
OR6V1,0.0
ENSG00000225785,0.0
SNX10-AS1,0.04975033
TMEM30A-DT,0.01181612
ENSG00000225794,0.0
ENSG00000225798,0.0
DEFB131B,0.0
ENSG00000225806,0.0035761595
ENSG00000225807,0.0
ENSG00000225811,0.0
ENSG00000225815,0.0
ENSG00000225818,0.0
ENSG00000225819,0.0
UBXN7-AS1,0.0
IGHD6-25,0.0
LINC00626,0.0038418854
ACE2-DT,0.0
ENSG00000225850,0.0
RUSC1-AS1,0.008709399
LINC02816,0.0
ENSG00000225867,0.0
WDR87BP,0.0
LINC00368,0.0
TEX14BP,0.0
C3orf86P,0.0
PSG8-AS1,0.0
ENSG00000225879,0.0
LINC00115,0.008575457
ENSG00000225881,0.0
LINC01456,0.0
ENSG00000225884,0.0
ENSG00000225886,0.0
DHDDS-AS1,0.0
FRG2B,0.0
ENSG00000225903,0.0
ANKRD65-AS1,0.0
ENSG00000225913,0.0
TSBP1-AS1,0.004930176
LINC01745,0.0
TAB2-AS1,0.0
LINC02249,0.0
CTAGE4,0.0
SLC18A2-AS1,0.0
PCA3,0.0
S1PR1-DT,0.0076287314
C5orf67,0.0
LINC01875,0.0
ZFAND3-DT,0.0
LINC02648,0.0
NTF4,0.0
ODF2-AS1,0.0
ENSG00000225952,0.0
SATB2-AS1,0.0
ENSG00000225956,0.0
ENSG00000225960,0.0
ENSG00000225963,0.0
NRIR,0.0
ELFN1,0.019934569
BICDL3P,0.0
ENSG00000225970,0.0
ENSG00000225974,0.0
ZNF567-DT,0.024497785
HAR1A,0.0
ANKRD44-DT,0.0
MICALL2-DT,0.0
ENSG00000225982,0.0020118586
LAMP5-AS1,0.0
TRGVA,0.0
SIMALR,0.0
LINC02660,0.0
FAM88F,0.0029197189
KCNIP2-AS1,0.0
ENSG00000226012,0.0
PRICKLE2-AS3,0.0
ENSG00000226022,0.002768524
CT47A6,0.0
RWDD3-DT,0.0
LINC01772,0.0022356987
FGF13-AS1,0.0
LINC01040,0.0
ENSG00000226041,0.0
ENSG00000226043,0.0
ENSG00000226047,0.0
ZNF503-AS1,0.005141846
LINC01776,0.0
ENSG00000226063,0.0
LINC00951,0.0
SLC39A12-AS1,0.0
ENSG00000226087,0.0
LINC03102,0.0
LINC00937,0.0034969316
ENSG00000226097,0.0
LINC02097,0.0
ENSG00000226113,0.0
ENSG00000226115,0.0
DDC-AS1,0.0
LINC01907,0.0
ENSG00000226130,0.0
LINC02794,0.0
ENSG00000226134,0.0
LINC02654,0.0
ENSG00000226143,0.0
ENSG00000226149,0.0
LINC01375,0.0
ENSG00000226163,0.0
AP4B1-AS1,0.0
ENSG00000226169,0.0
ENSG00000226172,0.0
TEX22,0.0
ENSG00000226180,0.0
ENSG00000226181,0.0
ENSG00000226193,0.007121475
LINC02519,0.0
SGMS1-AS1,0.017059403
LINC01733,0.0
ENSG00000226204,0.0
ENSG00000226206,0.0
ENSG00000226207,0.0
ENSG00000226208,0.0
TRGV6,0.0
ENSG00000226218,0.0
LEMD1-AS1,0.0
GAS1RR,0.0024054276
ENSG00000226238,0.0
ENSG00000226239,0.0
ZNF32-AS1,0.0
ENSG00000226249,0.0
LINC00408,0.0
LINC02608,0.0044732047
ENSG00000226252,0.0
GRM7-AS3,0.0
ISM1-AS1,0.0
ENSG00000226266,0.0040085083
ARHGAP26-AS1,0.0
ENSG00000226276,0.0
ENSG00000226281,0.007552809
ENSG00000226286,0.0
OR52I2,0.0
ENSG00000226291,0.003206324
ENSG00000226296,0.0
ENSG00000226302,0.0
ENSG00000226304,0.0
ENSG00000226308,0.0
CFLAR-AS1,0.0037406988
LINC00351,0.0
LINC01811,0.0
CROCC2,0.0
ENSG00000226323,0.0
PPP1R15B-AS1,0.0
ENSG00000226332,0.023200065
ENSG00000226334,0.0
TMEM252-DT,0.0
PSPC1-AS2,0.0
ENSG00000226355,0.0
HAGLROS,0.091147564
LINC02089,0.0
ST7-AS2,0.0
LINC00375,0.0
DCAF8L1,0.0
LINC01345,0.0
ENSG00000226375,0.0
LINC01876,0.0
PARD3-DT,0.0058315727
SORCS3-AS1,0.0
KCNQ2-AS1,0.0
LINC02909,0.0
ENSG00000226398,0.0
ENSG00000226409,0.0
LINC02628,0.0
MRPL23-AS1,0.0
IGLV3-4,0.0
ENSG00000226423,0.0
CYP26C1-DT,0.0
ENSG00000226426,0.0
USP17L7,0.0
ENSG00000226433,0.0
ENSG00000226438,0.0
LAMA4-AS1,0.0
PLCL2-AS1,0.0
ENSG00000226442,0.0
THBS2-AS1,0.0
ZNF25-DT,0.0
LINC02542,0.0
ENSG00000226455,0.0
ENSG00000226465,0.005015058
ENSG00000226472,0.0
LINC01748,0.0
ADIPOQ-AS1,0.0
ENSG00000226484,0.0
LINC01035,0.0
ENSG00000226487,0.0
LINC01824,0.0
C8orf90,0.0
LINC00323,0.010221393
LINC02549,0.0
ENSG00000226506,0.0
LINC01918,0.0
UPK1A-AS1,0.0
FAM138B,0.0
LINC00390,0.0
HDAC9-AS1,0.0
ENSG00000226526,0.0
ENSG00000226527,0.0
ENSG00000226530,0.0
BTBD9-AS1,0.0
ENSG00000226542,0.0
ENSG00000226548,0.0
CYP4F26P,0.0
ENSG00000226566,0.0
LINC00606,0.0
ENSG00000226571,0.0
ENSG00000226576,0.0
ENSG00000226578,0.0
LINC02848,0.0
ENSG00000226587,0.0
ENSG00000226594,0.0
ENSG00000226599,0.0
CT47A9,0.0
ENSG00000226601,0.0
PAPPA-AS2,0.0
ENSG00000226605,0.0
SNX30-DT,0.0
ENSG00000226619,0.0
ENSG00000226622,0.0
SHANK2-AS1,0.0
LINC00974,0.0
ENSG00000226640,0.0
ENSG00000226643,0.0
LINC03086,0.00656378
BUD13-DT,0.0
ENSG00000226647,0.0
ENSG00000226649,0.0
KIF4B,0.0
ENSG00000226655,0.0
TSPAN14-AS1,0.0
TRBV2,0.0
ENSG00000226661,0.0
ENSG00000226664,0.0
ENSG00000226669,0.0
LINC01108,0.0
TEX41,0.36078712
LINC02679,0.0
ENSG00000226679,0.0
ENSG00000226680,0.0
ENSG00000226681,0.0
CT47A12,0.0
ENTPD1-AS1,0.02167394
C7orf78,0.0
ENSG00000226694,0.0
ENSG00000226698,0.0
ENSG00000226699,0.0
MIR217HG,0.0
ENSG00000226706,0.0
ENSG00000226707,0.0
ENSG00000226708,0.0
FGF12-AS3,0.0
LINC01709,0.0
ENSG00000226716,0.0
PTPRD-DT,0.0
LINC00424,0.0
PABPC1L2B-AS1,0.0
ENSG00000226733,0.018189492
ENSG00000226739,0.0
LINC02554,0.0
CUTALP,0.0
MAGOH-DT,0.0022192667
ENSG00000226756,0.0
PP12613,0.0
DAB1-AS1,0.0
TAS2R46,0.0
LINC02668,0.0
SRRM5,0.0019136724
ENSG00000226764,0.0
LINC03012,0.0
ENSG00000226772,0.0
FAM30A,0.0
NAALADL2-AS2,0.0
AVPR1B-DT,0.0
ENSG00000226782,0.0
PGAM4,0.0
C13orf42,0.0
ENSG00000226797,0.0
ENSG00000226798,0.0
CACTIN-AS1,0.0
ZNF451-AS1,0.0
LCT-AS1,0.0
LINC00840,0.0
R3HDML-AS1,0.0
LINC01941,0.0
ENSG00000226816,0.025518643
MEIS1-AS3,0.0
LINC01509,0.0
LINC02774,0.0
ENSG00000226829,0.0
PPP1CB-DT,0.019830605
ARHGAP29-AS1,0.0026891918
ENSG00000226842,0.0
LINC00348,0.0
ZNF277-AS1,0.0
GPR155-DT,0.009562239
ENSG00000226854,0.0
THORLNC,0.004041761
LINC02051,0.0
ENSG00000226861,0.0
SYT2-AS1,0.0027771685
ATE1OSP,0.0
ENSG00000226868,0.0
ENSG00000226871,0.0
ENSG00000226872,0.0
SMYD3-AS1,0.0
ENSG00000226877,0.0
ENSG00000226883,0.0
ERVMER34-1,0.097341545
ENSG00000226890,0.0
ENSG00000226899,0.0
ENSG00000226900,0.004784721
LINC00354,0.0
ENSG00000226904,0.0
TTTY4,0.0
BSN-DT,0.0
LINC01276,0.0
ENSG00000226919,0.0
LINC00454,0.0
IL1R1-AS1,0.0
ENSG00000226927,0.0
CT47A11,0.0
LINC00161,0.0
ENSG00000226938,0.0
ENSG00000226939,0.0
RBMY1J,0.0
RNF207-AS1,0.0014574161
NCKAP5-AS2,0.0
ENSG00000226954,0.0
ENSG00000226956,0.0
ENSG00000226957,0.0
ENSG00000226963,0.0
ENSG00000226965,0.0
LINC00423,0.0
PRKCZ-DT,0.0
MAGI2-AS2,0.0
LTA,0.0
LINC01692,0.0
LINC01203,0.0
ENSG00000226990,0.0
ENSG00000226992,0.0
ENSG00000226994,0.0
LINC00658,0.0
ENSG00000226996,0.0
ENSG00000227006,0.0
LINC01247,0.0
LINC02527,0.0
FKBP14-AS1,0.0
LINC02796,0.0
ENSG00000227017,0.0
SLC8A1-AS1,0.0
ENSG00000227033,0.0
LINC00511,0.0
ENSG00000227042,0.0
LINC01682,0.0
ENSG00000227045,0.0
ENSG00000227047,0.0
ENSG00000227050,0.0
ANHX,0.0
LINC00629,0.006855259
ENSG00000227061,0.0
ENSG00000227066,0.0
ENSG00000227068,0.0
EPS15-AS1,0.0
FOCAD-AS1,0.0
ENSG00000227075,0.0
LINC02094,0.0
LINC02798,0.0041580065
ENSG00000227083,0.0
ENSG00000227088,0.0
ENSG00000227089,0.0
ENSG00000227090,0.0
SLC6A17-AS1,0.0
ENSG00000227094,0.0
ENSG00000227098,0.0
ENSG00000227101,0.0
ENSG00000227107,0.0
IGHD1-14,0.0
LMCD1-AS1,0.0029631977
LINC01630,0.0
HORMAD2-AS1,0.0017634195
LINC02672,0.0
ENSG00000227125,0.0
ENSG00000227131,0.01416359
ENSG00000227139,0.0
USP17L5,0.0
LINC01153,0.0
IL21-AS1,0.0
ENSG00000227148,0.0
ENSG00000227150,0.0
PRR20D,0.0
DOCK8-AS2,0.0
ENSG00000227157,0.0
WDR11-DT,0.0044050715
ENSG00000227167,0.0
ENSG00000227169,0.0
TRPS1-AS1,0.0
YAE1-DT,0.0
BEND7-DT,0.0
LINC01688,0.0
ENSG00000227186,0.0
MGAT3-AS1,0.0
ENSG00000227189,0.0037152024
ENSG00000227193,0.0
IGHD4-23,0.0
ENSG00000227197,0.0
C6orf47-AS1,0.0
ST7-AS1,0.024425017
ENSG00000227206,0.0
WDR35-DT,0.0
SPATA13-AS1,0.0
HCG15,0.0
ENSG00000227215,0.0
ENSG00000227217,0.0
ENSG00000227218,0.0
ENSG00000227227,0.0
ENSG00000227230,0.0
SPANXB1,0.0
ZNF692-DT,0.0
ENSG00000227240,0.0
LINC00845,0.0
ENSG00000227245,0.0
COPS8-DT,0.009554811
ENSG00000227253,0.0
MIS18A-AS1,0.0027287458
SMIM2-AS1,0.019121395
LINC01985,0.0
KLLN,0.005827594
ENSG00000227269,0.0
MYOCD-AS1,0.0
ENSG00000227278,0.0
ENSG00000227279,0.0
ENSG00000227282,0.0
LINC01364,0.0
ENSG00000227292,0.0
ENSG00000227293,0.008677617
ENSG00000227294,0.0
ENSG00000227297,0.0
ENSG00000227301,0.0
ENSG00000227303,0.0
LINC02708,0.0
ENSG00000227307,0.0
LINC02832,0.0
LINC02630,0.0
ENSG00000227330,0.0
IGHJ1P,0.0
LINC00434,0.0
ENSG00000227338,0.0021428484
LINC00307,0.0
ARHGEF7-AS1,0.0
RBM26-AS1,0.013522363
ENSG00000227355,0.0
GOLGA7B-DT,0.0
LINC02936,0.0
ENSG00000227360,0.0
ENSG00000227364,0.0
ENSG00000227365,0.0
GFOD3P,0.0
RABGAP1L-DT,0.0036517289
ENSG00000227374,0.0
DLG1-AS1,0.0
ENSG00000227386,0.0
HPN-AS1,0.0
KIF9-AS1,0.002047955
LINC01806,0.0
ENSG00000227407,0.0
ZMYM4-AS1,0.0
PCGEM1,0.0
LINC01724,0.0
CSE1L-DT,0.0
ASIC4-AS1,0.0
COL6A2-DT,0.0
TTTY17B,0.0
ENSG00000227455,0.0
LINC00310,0.0
ENSG00000227459,0.0
ENSG00000227463,0.0
PDE4B-AS1,0.0
LINC01537,0.0
AKR1B15,0.0
ENSG00000227475,0.0
STK4-DT,0.0
ENSG00000227479,0.0
CCDC148-AS1,0.0
ENSG00000227481,0.0
ENSG00000227482,0.0
ENSG00000227484,0.0
ENSG00000227485,0.0
NCAM1-AS1,0.0
GAGE12D,0.0
ENSG00000227489,0.0
CHUK-DT,0.0
KIF1C-AS1,0.0
ENSG00000227496,0.0
ENSG00000227498,0.0
LINC01624,0.0
LINC01839,0.0
LINC01442,0.0
ENSG00000227512,0.0
ENSG00000227516,0.0
LINC01483,0.0
MIR1302-9HG,0.0
ENSG00000227519,0.0
DIAPH3-AS1,0.0
ENSG00000227531,0.0
SLC2A1-DT,0.0029331713
MYO1B-AS1,0.0
LINC03013,0.005041498
ENSG00000227549,0.0
TRBV7-5,0.0
USP17L12,0.0
ENSG00000227554,0.0
MIR4290HG,0.0
ENSG00000227562,0.0
LINC00376,0.0
ENSG00000227574,0.0
ENSG00000227579,0.0
CNTN4-AS2,0.0
TP73-AS3,0.0
HSD11B1-AS1,0.020188296
ENSG00000227598,0.0
PTPRT-AS1,0.0
ENSG00000227606,0.0
FRMPD3-AS1,0.0
LINC01074,0.0
ENSG00000227619,0.0
ENSG00000227627,0.0037133698
LINC01132,0.0
LINC01714,0.0
SOX21-AS1,0.0
CLYBL-AS2,0.0
UST-AS1,0.0
ENSG00000227673,0.0
LINC00355,0.0
LINC01068,0.0
ENSG00000227678,0.0
ENSG00000227680,0.0
ENSG00000227681,0.0051093767
LINC02088,0.0
ENSG00000227687,0.0
DNMBP-AS1,0.0
LINC00111,0.0
ENSG00000227704,0.0
ENSG00000227705,0.0
ENSG00000227706,0.0
LINC01850,0.0
ENSG00000227712,0.0
ENSG00000227713,0.0
ENSG00000227716,0.0
ENSG00000227718,0.0
ENSG00000227719,0.0
ENSG00000227723,0.0
RD3L,0.0
ENSG00000227733,0.0021367176
ENSG00000227734,0.0
LINC02803,0.0
ENSG00000227741,0.0
ENSG00000227743,0.0
LINC01940,0.0
ENSG00000227748,0.0
RCC2-AS1,0.0
ENSG00000227757,0.0
NTRAS,0.0
ENSG00000227769,0.0
ENSG00000227782,0.0048022475
IGHD4-17,0.0
ENSG00000227803,0.0
ENSG00000227809,0.0
INKA2-AS1,0.0
ENSG00000227818,0.0
ENSG00000227824,0.0
CPMER,0.0
SUCLA2-AS1,0.0
ENSG00000227851,0.0
ENSG00000227857,0.0
ENSG00000227863,0.0
TEX46,0.0
MRLN,0.0022496884
ENSG00000227880,0.0
ENSG00000227885,0.0
FAM66A,0.0
LINC00352,0.0
WAPL-DT,0.0050915866
SNAP25-AS1,0.0
ENSG00000227907,0.0
IL6ST-DT,0.0029922011
LINC02344,0.0
ENSG00000227912,0.0
ENSG00000227914,0.0
SRGAP3-AS3,0.0
ENSG00000227930,0.0
SELENOOLP,0.0
ENSG00000227933,0.0
ENSG00000227935,0.0
ENSG00000227938,0.0
LINC01696,0.0
PTPRK-AS1,0.0
INO80D-AS1,0.005537966
LINC01738,0.0
TARID,0.007654153
ENSG00000227958,0.0
EPHA2-AS1,0.002782742
RBM15-AS1,0.0
LINC01429,0.0
ENSG00000227981,0.0
ENSG00000228005,0.0
ENSG00000228010,0.0
IL6R-AS1,0.0
RAPGEF4-AS1,0.0
HCG20,0.0
ENSG00000228027,0.0
ENSG00000228028,0.0
ENSG00000228031,0.0
ENSG00000228033,0.0
NGF-AS1,0.0
ENSG00000228037,0.0
SPOPL-DT,0.0
ENSG00000228044,0.0035045927
ENSG00000228048,0.0
POLR2J2,0.020866549
FAM245A,0.004717345
PABPC4-AS1,0.0
ENSG00000228061,0.0
LYPLAL1-DT,0.0038765694
ENSG00000228064,0.0
LINC01515,0.0
LINC01740,0.0
ENSG00000228072,0.0
ENSG00000228073,0.0
BOD1L2,0.0
ENSG00000228079,0.0
SIM1-AS1,0.0
IFNA14,0.0
ENSG00000228084,0.009875834
ENSG00000228086,0.0
LINC01820,0.0
LINC01757,0.0
SPTBN1-AS1,0.0
ENSG00000228120,0.0
MDN1-AS1,0.0
FALEC,0.0
LINC01649,0.0
IGHD6-6,0.0
ENSG00000228133,0.0
ENSG00000228136,0.0
ENSG00000228137,0.0
EFHD2-AS1,0.0
ENSG00000228141,0.0
ENSG00000228142,0.0
ENSG00000228144,0.0
ENSG00000228151,0.0
ENSG00000228153,0.0
LINC01674,0.0
ENSG00000228160,0.0
ENSG00000228162,0.0
ENSG00000228165,0.0
ENSG00000228170,0.0
ENSG00000228172,0.0062056086
ENSG00000228173,0.0
ENSG00000228174,0.0
ENSG00000228176,0.0
LINC02843,0.0
ZNF691-DT,0.007983946
ENSG00000228201,0.0
ENSG00000228204,0.0
LINC02869,0.0
NLGN1-AS1,0.0
LINC02770,0.0
LINC00578,0.0
ENSG00000228222,0.0
ENSG00000228226,0.0
ENSG00000228229,0.0
TINAG-AS1,0.0
ENSG00000228235,0.0
EFCAB14-AS1,0.0
ENSG00000228239,0.0
TTTY17A,0.0
XPC-AS1,0.0
ENSG00000228251,0.0
ITPRIP-AS1,0.0
LINC01320,0.09827225
LINC02048,0.0
ENSG00000228272,0.0
TOMM22-DT,0.00864588
ARMCX3-AS1,0.0
UMLILO,0.0
TBX18-AS1,0.0
IDH3B-DT,0.0
LINC00392,0.0
TTTY4C,0.0
ENSG00000228302,0.0
LINC01209,0.0
LINC01350,0.0
FKTN-AS1,0.0
MX1-AS1,0.0
GLIS3-AS2,0.0
MYADM-AS1,0.0
IGKV3D-7,0.0
LINC01890,0.0
LINC01784,0.0
MIR646HG,0.003505348
ENSG00000228343,0.0
LINC02585,0.0
ENSG00000228351,0.0
ENSG00000228352,0.0
ENSG00000228355,0.0
ENSG00000228361,0.0
CHMP3-AS1,0.0
ENSG00000228365,0.0
ENSG00000228368,0.0
TXNDC12-AS1,0.0
SMIM10L2B-AS1,0.0
ENSG00000228379,0.0
ENSG00000228384,0.0
ENSG00000228386,0.0
ENSG00000228391,0.0
ENSG00000228392,0.0
ENSG00000228395,0.005134337
LINC01635,0.0
CNTNAP5-DT,0.0
ENSG00000228404,0.0
ENSG00000228408,0.0
LNC-LBCS,0.0072590844
REL-DT,0.0
ENSG00000228417,0.0
LINC01768,0.0
LINC00687,0.0
ENSG00000228423,0.0
ZNF32-AS3,0.0
ENSG00000228427,0.0
ENSG00000228430,0.0
RRAGC-DT,0.003325654
LINC02474,0.0
LINC01546,0.0
ENSG00000228463,0.0
ENSG00000228467,0.0
PRKCE-AS1,0.0
LINC01713,0.0
ENSG00000228484,0.0
C2orf92,0.0044469056
ENSG00000228487,0.0
ENSG00000228488,0.0
LINC01013,0.0
LINC01760,0.0
ENSG00000228505,0.0
PNISR-AS1,0.008834919
ENSG00000228509,0.0
CT47A7,0.0
ENSG00000228521,0.0
ENSG00000228527,0.0
ENSG00000228528,0.0
LYPLAL1-AS1,0.0
ENSG00000228539,0.0
ENSG00000228541,0.0
ENSG00000228543,0.0
CCDC183-AS1,0.0
ITPKB-AS1,0.0
LINC03126,0.0041718385
ENSG00000228553,0.0
ENSG00000228554,0.0
ENSG00000228559,0.0
ENSG00000228563,0.0
LINC01005,0.0
ENSG00000228566,0.0
VN1R4,0.0
NUTM2E,0.0
ENSG00000228573,0.0
ENSG00000228577,0.0
ENSG00000228586,0.0
ENSG00000228587,0.0
MIR4432HG,0.0
ENSG00000228592,0.0
ENSG00000228596,0.0
MACC1-AS1,0.0
ENSG00000228604,0.0
DCAF8-DT,0.0032377571
CLDN25,0.0
ENSG00000228613,0.0
ENSG00000228618,0.0
ENSG00000228620,0.0
ENSG00000228622,0.0
ZNF883,0.0
HDAC2-AS2,0.0
ENSG00000228625,0.0
ENSG00000228627,0.0
ENSG00000228629,0.0
HOTAIR,0.0
ENSG00000228634,0.0
LINC02663,0.0
ROCR,0.0
ENSG00000228650,0.0
ENSG00000228655,0.0
ENSG00000228658,0.0
LINC01201,0.0
STIM1-AS1,0.0020205113
TRGV5P,0.0
LINC00448,0.0
ENSG00000228675,0.0
TTC3-AS1,0.0
ENSG00000228679,0.0
ENSG00000228680,0.0
ENSG00000228683,0.0
ENSG00000228686,0.0
ENSG00000228689,0.0
ENSG00000228692,0.0
ENSG00000228697,0.0
TNKS2-DT,0.002455113
ENSG00000228703,0.0
LINC00659,0.027926847
ENSG00000228707,0.0
LINC02575,0.0
ENSG00000228714,0.0
LINC02521,0.0
ENSG00000228719,0.0
SRGAP3-AS2,0.0
SAPCD1,0.0
LINC02013,0.0
ENSG00000228734,0.0
ENSG00000228735,0.0
ENSG00000228737,0.0
ENSG00000228739,0.0
GABRG3-AS1,0.0
SPATA13,0.0
LINC02577,0.0
ENSG00000228748,0.0
LINC01672,0.0
LIMS1-AS1,0.0
MIR365BHG,0.0
ENSG00000228772,0.0
WEE2-AS1,0.0031337624
LINC02534,0.0
ENSG00000228778,0.0
ENSG00000228779,0.0
LINC00954,0.0
NLGN4Y-AS1,0.0
HCG22,0.0
ENSG00000228792,0.0
ENSG00000228793,0.0
LINC01939,0.0
ENSG00000228800,0.0
ENSG00000228802,0.0
ENSG00000228804,0.0
LAMA5-AS1,0.0
BACH1-IT2,0.0
MIR4500HG,0.0
ENSG00000228826,0.0
ENSG00000228830,0.0
ENSG00000228835,0.0034557874
CT45A5,0.0
ENSG00000228838,0.0
PIK3IP1-DT,0.0
PCDH9-AS2,0.0
ENSG00000228843,0.0
ENSG00000228852,0.0
USP17L30,0.0
ACTR3-AS1,0.0
ENSG00000228862,0.0
ENSG00000228863,0.0
ENSG00000228873,0.0
ENSG00000228876,0.0
ENSG00000228877,0.0
SEPTIN7-DT,0.01329288
ENSG00000228886,0.0
LINC01428,0.0
UBAC2-AS1,0.018410046
LINC01803,0.0
NECTIN4-AS1,0.0
LINC01344,0.0
ENSG00000228919,0.0
ENSG00000228923,0.0
ENSG00000228925,0.0
TSPY3,0.0
ENSG00000228933,0.0
ENSG00000228944,0.0
ENSG00000228950,0.0
LINC02041,0.0
ENSG00000228959,0.0
LINC01690,0.0
ENSG00000228968,0.0
LINC02607,0.0
ENSG00000228973,0.0
LINC01205,0.0
TRDD3,0.0
ENSG00000228988,0.0
LINC01830,0.0
HNF4A-AS1,0.0
LINC01038,0.0
ENSG00000229012,0.0
ENSG00000229015,0.0
LINC01277,0.0
ENSG00000229021,0.0
ENSG00000229025,0.0
ENSG00000229042,0.0
ENSG00000229044,0.0
ENSG00000229047,0.0
LINC01788,0.008141074
TRBV23OR9-2,0.0
ENSG00000229065,0.0
ENSG00000229066,0.0
LINC01165,0.0
LINC01548,0.0
ANKRD20A8P,0.0
IGHV3-47,0.0
PIK3CA-DT,0.0
ASTN2-AS1,0.0
LINC02587,0.0
FRMD3-AS1,0.0
MED4-AS1,0.0
ENSG00000229116,0.0
ENSG00000229118,0.0
KANSL1L-AS1,0.0033141903
ENSG00000229131,0.0
CCDC26,0.0
KCNQ5-AS1,0.0
LINC02038,0.0
RUNX3-AS1,0.0
ENSG00000229167,0.0
LINC00382,0.0
ENSG00000229177,0.0
ENSG00000229178,0.0069571
RABGEF1P1,0.0
PGA4,0.0
ENSG00000229188,0.0
ENSG00000229190,0.0045284396
ENSG00000229192,0.0
ENSG00000229195,0.0
LINC03008,0.0032773572
LINC02787,0.0
ENSG00000229203,0.0
LINC00200,0.0
ENSG00000229206,0.0
ENSG00000229209,0.0
LINC00242,0.0
ENSG00000229224,0.0
ENSG00000229225,0.0
ENSG00000229227,0.0
LINC00582,0.0
ENSG00000229229,0.0
TTTY10,0.0
ENSG00000229242,0.0
LINC01981,0.0
LINC00377,0.0
LINC00446,0.0
ENSG00000229255,0.003388345
ENSG00000229257,0.0
LPGAT1-AS1,0.0
ENSG00000229261,0.0
ENSG00000229262,0.0
ENSG00000229263,0.0
SNHG31,0.006071295
ENSG00000229269,0.0
ENSG00000229271,0.0
LINC03036,0.0
LINC02829,0.0
ENSG00000229275,0.0
ENSG00000229278,0.004972587
ENSG00000229282,0.0
ENSG00000229283,0.0
ENSG00000229289,0.0
LINC02768,0.0
RFPL4AL1,0.0
DNAJC6-AS1,0.0
ENSG00000229297,0.0
ZBTB46-AS2,0.0054449383
LINC03075,0.0
ENSG00000229306,0.0
LINC00459,0.0
ENSG00000229308,0.0
ENSG00000229309,0.0
ENSG00000229311,0.0
ENSG00000229312,0.0
ENSG00000229313,0.0
MCHR2-AS1,0.0
ENSG00000229321,0.0
EPC1-AS1,0.0
TMEM44-AS2,0.002745487
DANT1,0.0
ENSG00000229337,0.0
ENSG00000229345,0.0
HYI-AS1,0.0
LRRC3-DT,0.0
ENSG00000229370,0.0
SZT2-AS1,0.0
LINC00452,0.0
ENSG00000229379,0.0
PRKAR1B-AS2,0.008054105
ENSG00000229382,0.0
CTNNA2-AS1,0.0
TAF12-DT,0.0014515454
ENSG00000229389,0.0
ENSG00000229393,0.0
ENSG00000229395,0.0
CNIH3-AS1,0.0
ENSG00000229402,0.0
LINC00858,0.0
ENSG00000229407,0.0
KCNQ1-AS1,0.0
SFTA3,0.0
ENSG00000229418,0.0
ENSG00000229422,0.0
ENSG00000229424,0.0
ENSG00000229425,0.0
MED8-AS1,0.0
LINC02069,0.0
NRAL,0.0
LINC00366,0.0
LINC00433,0.0
ST3GAL3-AS1,0.0
CPVL-AS1,0.0
SPINK8,0.0
LINC01789,0.0
ENSG00000229459,0.0
LINC02627,0.0
PATL2,0.0025278886
LINC00362,0.0
LINC02766,0.0
ALG13-AS1,0.0
ENSG00000229491,0.0
ENSG00000229494,0.0
ENSG00000229495,0.0
ENSG00000229498,0.0
ENSG00000229502,0.0
LINC00404,0.0
LINC01523,0.0
DNPEP-AS1,0.0
ENSG00000229528,0.0
RABGAP1L-AS1,0.0
ENSG00000229533,0.0
LINC02572,0.0
LINC01739,0.014587125
ENSG00000229543,0.0
NKX1-2,0.0
LINC00428,0.0
TSPY8,0.0
ENSG00000229550,0.0
LINC00379,0.010727405
SACS-AS1,0.0
LINC01204,0.0
LINC02264,0.0
ENSG00000229569,0.0
PRAMEF25,0.0
LINC00358,0.0
USP17L26,0.0
ENSG00000229588,0.0
ACVR2B-AS1,0.0
LINC00411,0.0
ENSG00000229600,0.0
ENSG00000229603,0.0
LINC01718,0.0
ENSG00000229607,0.0
LINC01079,0.0
LINC01501,0.0
ENSG00000229618,0.0
MBNL1-AS1,0.014446777
LINC01822,0.0
ENSG00000229625,0.0
LINC01264,0.0
PRAC2,0.0
LINC01758,0.0
ENSG00000229642,0.0
LINC00280,0.0
MYOSLID,0.0
LINC02681,0.0
LINC02526,0.0
ITGB1-DT,0.0
ENSG00000229660,0.0
ENSG00000229664,0.0
PRR20C,0.0
MAST4-AS1,0.0
LINC01150,0.0
ENSG00000229672,0.0
ENSG00000229673,0.0
ZNF492,0.0
ENSG00000229679,0.0
CRPPA-AS1,0.0
FAM242E,0.0
ENSG00000229699,0.0
LYPD9P,0.0
ENSG00000229717,0.0
MIR194-2HG,0.0022020666
ENSG00000229720,0.0
ENSG00000229722,0.0
LINC01054,0.0
ENSG00000229728,0.0
ENSG00000229732,0.0
PDC-AS1,0.0
ENSG00000229740,0.0
ENSG00000229750,0.0
ENSG00000229751,0.0
ENSG00000229755,0.0
TMX4-AS1,0.0
TRBV10-2,0.0
ENSG00000229770,0.0
ENSG00000229771,0.0
ENSG00000229774,0.0
LINC02624,0.0
C4B-AS1,0.0
ENSG00000229779,0.0
UBE2Q1-AS1,0.0
SPNS2-AS1,0.0
LINC00388,0.0
ENSG00000229791,0.0
LINC00399,0.0
ENSG00000229797,0.0
LINC01813,0.0
ENSG00000229821,0.0
ENSG00000229839,0.0
ENSG00000229846,0.0
EMX2OS,0.32408658
ENSG00000229848,0.0
ARSD-AS1,0.0
KHDC1-AS1,0.007855072
ENSG00000229854,0.0
ENSG00000229855,0.0
PGA3,0.0
EEF1A1-AS1,0.0
STEAP3-AS1,0.0
LARP4B-DT,0.0
OGFR-AS1,0.0
CASC20,0.0
ENSG00000229882,0.0
TAX1BP1-AS1,0.0
GK3,0.0
ENSG00000229896,0.034500804
FOXO6-AS1,0.0
ENSG00000229905,0.0
ENSG00000229913,0.0
ENSG00000229915,0.0
DOCK9-AS1,0.0
KIF25-AS1,0.0
LINC02865,0.0
ENSG00000229923,0.0
FAM90A26,0.0
ENSG00000229925,0.0
LINC00400,0.0
ATXN1-AS1,0.0
PRPS1L1,0.0
MYO16-AS2,0.0
PDE11A-AS1,0.0
ENSG00000229943,0.0
TFAP2A-AS1,0.0084162215
FOSL2-AS1,0.0
BCAN-AS2,0.0
ENSG00000229957,0.0
ENSG00000229960,0.0
ENSG00000229961,0.0
ENSG00000229962,0.0
MAGEA4-AS1,0.0
ENSG00000229969,0.0
ENSG00000229970,0.0
ENSG00000229971,0.0
IQCF3,0.0
ENSG00000229976,0.0
LINC01435,0.0
ENSG00000229983,0.0
ENSG00000229986,0.0
ENSG00000229990,0.0
ENSG00000229996,0.0
SGSM3-AS1,0.0
SNAP47-AS1,0.0
ENSG00000230010,0.0
CT70,0.0
LINC00709,0.0
ENSG00000230015,0.0
NHS-AS1,0.0
ENSG00000230021,0.0
LINC02800,0.0
ENSG00000230027,0.041937757
ENSG00000230030,0.0
POTEB2,0.0
ENSG00000230033,0.0
IGSF21-AS1,0.0
LINC00364,0.0
BIRC6-AS1,0.0
ENSG00000230051,0.0
TEX53,0.0
TRPM2-AS,0.0
ANKRD66,0.0
ENSG00000230065,0.0
ENSG00000230074,0.00201024
PRRT3-AS1,0.0
ZBTB47-AS1,0.002746495
TMEM254-AS1,0.0
ENSG00000230096,0.0
TCERG1L-AS1,0.0
TRBV5-4,0.0
ENSG00000230100,0.0
ENSG00000230105,0.0
ENSG00000230107,0.0
LINC02643,0.0
ENSG00000230113,0.0
AGBL4-AS1,0.0
TPRG1-AS2,0.0
ENSG00000230120,0.0
ENSG00000230121,0.0
FGF12-AS2,0.0
LINC02641,0.0
LINC01721,0.0
LINC02812,0.0
NPAS2-AS1,0.0
LINC01075,0.0
ENSG00000230149,0.0
LINC02927,0.0
CEP250-AS1,0.006928609
ENSG00000230159,0.0
ENSG00000230163,0.0
ENSG00000230172,0.0
LINC01790,0.0
LINC01149,0.0
LINC01433,0.0
OR4F3,0.0
HSDL2-AS1,0.0
ENSG00000230186,0.0
ENSG00000230197,0.0
LINC01840,0.0
ATXN8OS,0.0
ENSG00000230226,0.0
ENSG00000230229,0.0
ENSG00000230233,0.0
ENSG00000230234,0.0
PDE4DIPP9,0.0
ENSG00000230248,0.0
LINC01753,0.0
NFE4,0.0
ENSG00000230258,0.0
ENSG00000230260,0.0
LINC02603,0.0
XXYLT1-AS2,0.0
SSU72L6,0.0
LINC02525,0.0
ENSG00000230285,0.0
ENSG00000230286,0.0025281855
ENSG00000230289,0.0
ARMC2-AS1,0.0
LINC02370,0.0
ENSG00000230298,0.0
OR5H6,0.0
ENSG00000230303,0.0
ENSG00000230309,0.0
LINC02926,0.0
HCG24,0.0
ELOVL2-AS1,0.0
FEZF1-AS1,0.0
LINC01284,0.0
TTLL1-AS1,0.0
ENSG00000230322,0.0
LINC00159,0.0
LINC01734,0.0
ENSG00000230325,0.0034103922
EXOSC10-AS1,0.0042310474
CT47A8,0.0
ENSG00000230352,0.0
ENSG00000230365,0.0
FAM41C,0.00903338
ENSG00000230379,0.0
ENSG00000230385,0.0
LINC03125,0.020317929
LINC01048,0.0
LINC03098,0.0
ENSG00000230393,0.0
LINC01747,0.0
LINC01972,0.0
LINC01349,0.0
LINC01066,0.0
ENSG00000230404,0.0
BZW1-AS1,0.0
LINC01786,0.0
LINC00856,0.0
ENSG00000230423,0.0
EMC1-AS1,0.017651062
LINC01036,0.0061141914
USP17L25,0.0
ENSG00000230432,0.0
ENSG00000230433,0.0
LINC01650,0.0
ENSG00000230435,0.0
ENSG00000230437,0.0
SERPINB9P1,0.0
ENSG00000230440,0.0
ASB15-AS1,0.0
LINC00276,0.0
LINC01381,0.0034911376
ANKRD18B,0.0
ENSG00000230454,0.0
ENSG00000230471,0.0
ENSG00000230472,0.0
LNCTSI,0.0
IGKV1OR22-5,0.0
ENSG00000230483,0.0
VAV3-AS1,0.0
ENSG00000230490,0.0
ENSG00000230492,0.0
ENSG00000230498,0.0
ENSG00000230499,0.0
MKX-AS1,0.0
PPP5D1P,0.006690995
ENSG00000230515,0.0
ENSG00000230516,0.0
MBD3L2,0.0
LINC01756,0.0
ENSG00000230526,0.0
LIMD1-AS1,0.0
ENSG00000230532,0.0
LINC03004,0.0
ENSG00000230534,0.0
ENSG00000230536,0.0
LINC02937,0.0055515654
LINC00102,0.0
USP17L1,0.0
ERLNC1,0.0
ENSG00000230552,0.0
CCDC192,0.0
ENSG00000230563,0.0
ENSG00000230569,0.0
LINC02639,0.0
ENSG00000230575,0.0
LINC02580,0.0
CT47A4,0.0
ENSG00000230597,0.0
ENSG00000230599,0.0
TEX48,0.0
ENSG00000230612,0.0
HM13-AS1,0.0
ENSG00000230615,0.0
ENSG00000230623,0.002002257
ENSG00000230626,0.0
ENSG00000230627,0.0
ENSG00000230628,0.0
ENSG00000230631,0.002159113
LINC01818,0.0
ENSG00000230647,0.0
ENSG00000230648,0.0
RGPD4-AS1,0.0
PRB4,0.0
KLHL7-DT,0.0
FAM224B,0.0
SETSIP,0.0
ENSG00000230668,0.0
ENSG00000230676,0.0037297253
ENO1-AS1,0.010118549
ENSG00000230680,0.0
ENSG00000230684,0.0
ENSG00000230686,0.0
ENSG00000230687,0.0
ENSG00000230690,0.0
ENSG00000230694,0.0
FN1-DT,0.0
ENSG00000230698,0.0
MYOM3-AS1,0.0
ENSG00000230704,0.0
ENSG00000230709,0.0
LINC00332,0.0
ENSG00000230714,0.0
LINC02644,0.0
ENSG00000230725,0.0
ENSG00000230729,0.0
ENSG00000230730,0.0
LINC02938,0.0
ENSG00000230733,0.0
ENSG00000230736,0.0
ENSG00000230737,0.0
ENSG00000230741,0.0
ENSG00000230746,0.0
ENSG00000230747,0.0
MEIS1-AS2,0.0
ZNF341-AS1,0.0
ENSG00000230759,0.0
LINC01676,0.0
ENSG00000230773,0.0
ANKRD63,0.0
ENSG00000230782,0.0
ENSG00000230790,0.0
ENSG00000230794,0.0
YY2,0.0025851238
FOXD3-AS1,0.0
ENSG00000230803,0.0
ENSG00000230805,0.0
SRGAP2-AS1,0.0
LINC01362,0.0
ENSG00000230826,0.0
ARPP21-AS1,0.0
ENSG00000230831,0.0
ENSG00000230834,0.0
LINC01614,0.0
ENSG00000230843,0.0034407016
ENSG00000230846,0.0
ENSG00000230848,0.0
LINC02857,0.0
ENSG00000230864,0.0
LINC02558,0.0
STMND1,0.0
LINC00486,0.0
ENSG00000230881,0.0
ENSG00000230894,0.0
MAGEA8-AS1,0.0
ENSG00000230908,0.0
ADGRB3-DT,0.0055362526
ENSG00000230912,0.0
KIF19BP,0.0
DPP4-DT,0.0
ENSG00000230920,0.0
LINC00309,0.0
ENSG00000230928,0.0
ENSG00000230941,0.0
LINC02541,0.0
ENSG00000230944,0.0
LINC01507,0.0011627546
LINC03037,0.0
INPP5B-AS1,0.0
ENSG00000230960,0.0
LINC01520,0.0
ENSG00000230967,0.0
ENSG00000230968,0.0
LINC02090,0.0
HHATL-AS1,0.0
ENSG00000230972,0.0
ENSG00000230975,0.0
LINC00160,0.0
ENSG00000230990,0.0
ENSG00000230991,0.0
ENSG00000231010,0.0
SCTR-AS1,0.012351026
ENSG00000231015,0.0
LINC00373,0.0
LINC00326,0.0
ENSG00000231024,0.0
AHI1-DT,0.014189496
LINC01804,0.0
ENSG00000231039,0.0
LINC01911,0.0
MFSD4B-DT,0.0
GNB1-DT,0.0
USP17L28,0.0
ENSG00000231052,0.0
LINC02522,0.0
NEK2-DT,0.0
LINC00395,0.0
ENSG00000231062,0.0
THBS3-AS1,0.016011804
KRTAP21-3,0.0
ENSG00000231073,0.0
ENSG00000231078,0.0
KIF5C-AS1,0.0
ENSG00000231080,0.0
ENSG00000231081,0.0
LINC02655,0.0
ENSG00000231083,0.0
MIR4422HG,0.0
ENSG00000231092,0.0
ENSG00000231098,0.0
ENSG00000231102,0.0
ENSG00000231104,0.0069048316
ECE1-AS1,0.0
LINC01436,0.0
LINC01508,0.015794499
ENSG00000231110,0.0
ENSG00000231114,0.0
ENSG00000231119,0.015902372
LNCAROD,0.0
ENSG00000231132,0.0
HAR1B,0.0
ENSG00000231138,0.0
TTTY3,0.0
ENSG00000231143,0.0
ENSG00000231149,0.0
DNAH8-AS1,0.0
MORF4L2-AS1,0.005056996
ENSG00000231156,0.0
CSMD2-AS1,0.0
TRBV26OR9-2,0.0
PDK4-AS1,0.011667247
LINC01098,0.0
EVA1A-AS,0.0
LINC01720,0.0
LINC00852,0.0024251456
ENSG00000231178,0.0
SPRY4-AS1,0.0
SYT15-AS1,0.0
ENSG00000231188,0.0
ENSG00000231189,0.0
OR5H1,0.0
ENSG00000231193,0.0
FARP1-AS1,0.0019659735
ENSG00000231201,0.0
TRGVB,0.0
ENSG00000231204,0.0
ZBTB46-AS1,0.0
COMETT,0.0201908
PLSCR5,0.0
GS1-600G8.3,0.0
LINC01593,0.0
TRIM31-AS1,0.0
LINC01423,0.0
CFAP58-DT,0.0
ENSG00000231236,0.0
LINC00349,0.0
ENSG00000231243,0.0
LINC02884,0.0
FAM242D,0.0
ITPR1-DT,0.0
ENSG00000231252,0.0
LINC01640,0.0
CFAP97D1,0.0
TRERNA1,0.0
ENSG00000231266,0.0
SBK3,0.0
ENSG00000231291,0.0
IGKV1OR2-108,0.0
ENSG00000231295,0.0
ENSG00000231297,0.0
MANCR,0.0
TBL1XR1-AS1,0.0
ENSG00000231324,0.0
LINC02662,0.0
LINC01816,0.011354416
ENSG00000231329,0.0
OOEP-AS1,0.0
EML6-AS1,0.0
ENSG00000231336,0.0
LINC01160,0.0
ENSG00000231355,0.0
ENSG00000231358,0.0
LINC01712,0.0
WARS2-AS1,0.0066938167
LINC02613,0.004836784
GNA14-AS1,0.0
FGF12-AS1,0.0
ENSG00000231393,0.0
ENSG00000231394,0.0
USP17L10,0.0
ENSG00000231401,0.0
ENSG00000231403,0.0
ENSG00000231405,0.0
GORAB-AS1,0.0
LINC03078,0.0
ENSG00000231413,0.0
ENSG00000231418,0.0
LINC01817,0.0
LINC01516,0.0
ENSG00000231424,0.0
FILNC1,0.00084143545
LINC01445,0.0
LINC00396,0.0
LINC01750,0.0
WASIR2,0.0
DST-AS1,0.0
ENSG00000231447,0.0
LINC01305,0.0
ENSG00000231460,0.0
ENSG00000231467,0.0
RB1-DT,0.0
IGHV4-31,0.0
ENSG00000231476,0.0
ENSG00000231477,0.0
ENSG00000231482,0.0
ENSG00000231487,0.0
ENSG00000231492,0.0
ENSG00000231495,0.0
ENSG00000231496,0.0
ENSG00000231505,0.0
ENSG00000231509,0.0
LINC02782,0.0
SEPTIN14P21,0.0
ENSG00000231519,0.0
ENSG00000231521,0.0
FAM225A,0.0
LINC02779,0.0
ENSG00000231530,0.0
LINC01249,0.0
ENSG00000231533,0.0
LINC00278,0.0
ENSG00000231536,0.0
DPP10-AS3,0.0
ENSG00000231539,0.0
TAB3-AS1,0.0
PDE4DIPP6,0.0
ENSG00000231557,0.0
CLEC12A-AS1,0.0
ENSG00000231563,0.0
LINC02015,0.0
ENSG00000231585,0.0
ENSG00000231589,0.0
ENSG00000231597,0.0
ENSG00000231601,0.0
ENSG00000231604,0.0
LINC01363,0.0
ENSG00000231606,0.0
EHBP1-AS1,0.0
ENSG00000231612,0.0
ENSG00000231620,0.0
ANKRD44-AS1,0.0
ENSG00000231626,0.0
ENSG00000231628,0.0
ENSG00000231630,0.0
AGBL5-AS1,0.0
USP17L29,0.0
LUARIS,0.0
FSIP2-AS1,0.003818699
LINC01698,0.0
DLG3-AS1,0.0022731607
CD109-AS1,0.0
LINC03097,0.0
RPS6KA2-AS1,0.0
ENSG00000231662,0.0
COA6-AS1,0.06739785
LINC01704,0.0
LINC01307,0.0
DIRC3,0.0
LINC00410,0.0
ENSG00000231678,0.0
LINC02723,0.0
ENSG00000231681,0.0
LINC01891,0.0
KILH,0.0
LINC01090,0.0
LINC00574,0.0
ENSG00000231691,0.0
ENSG00000231698,0.0
ENSG00000231703,0.0
ENSG00000231704,0.0
ENSG00000231705,0.0020967897
ENSG00000231713,0.0
ENSG00000231714,0.0
LINC02789,0.0
ENSG00000231720,0.0
LINC-PINT,0.0
ENSG00000231724,0.0
TMSB15B-AS1,0.0
ENSG00000231731,0.0
TSPAN19,0.002249467
ENSG00000231740,0.0
LINC01273,0.0043504154
ENSG00000231748,0.0
ABCA9-AS1,0.0
ENSG00000231754,0.0
CHODL-AS1,0.0
ENSG00000231756,0.0
ARHGAP15-AS1,0.0
ENSG00000231760,0.0
DLX6-AS1,0.0
RPS27AP5,0.0026653807
ENSG00000231769,0.005135136
ENSG00000231772,0.0
LINC01611,0.0
ENSG00000231781,0.0
LINC00575,0.0
PIK3CD-AS2,0.025259718
ENSG00000231791,0.0
ENSG00000231794,0.0019789536
PCAT7,0.0
LINC01388,0.0
ENSG00000231811,0.0
LINC00210,0.0
ENSG00000231815,0.0
LINC01198,0.0
AKAIN1,0.0
LINC01819,0.0
ENSG00000231829,0.0
ENSG00000231830,0.0
TMEM139-AS1,0.0
MRPS9-AS1,0.0
CYP21A2,0.0
ENSG00000231856,0.07152596
OR5K2,0.0
ENSG00000231863,0.0
ENSG00000231864,0.0
ENSG00000231868,0.0
ENSG00000231873,0.0
ENSG00000231876,0.0
ENSG00000231880,0.0
ENSG00000231881,0.0
F10-AS1,0.004525342
DARS1-AS1,0.0
ENSG00000231892,0.0
MYO3B-AS1,0.0
ENSG00000231901,0.0
ENSG00000231902,0.0
ENSG00000231903,0.0
IDH1-AS1,0.01197242
ENSG00000231912,0.0
LINC00387,0.0
NRXN1-DT,0.0
NEBL-AS1,0.04224383
PSG1,0.0
ENSG00000231927,0.0
MYO18B-AS1,0.0
FAM242A,0.0
ENSG00000231937,0.0
PHKA1-AS1,0.0
ENSG00000231949,0.0
ENSG00000231951,0.0
ENSG00000231953,0.0
ENSG00000231955,0.0
ENSG00000231963,0.0
ENSG00000231964,0.0
LINC02818,0.0
MMADHC-DT,0.0
ENSG00000231970,0.0
CT69,0.0
FAM238B,0.0
ENSG00000231977,0.0
ENSG00000231980,0.0
LINC00415,0.0
ENSG00000231985,0.0
ENSG00000231986,0.0
LINC01787,0.0
PPP1R2B,0.0
ENSG00000231990,0.0
EP300-AS1,0.0
ENSG00000232001,0.0
LINC01880,0.0
ENSG00000232006,0.0030196141
DNMT3L-AS1,0.014143979
ENSG00000232019,0.0
LINC01807,0.0
PRKD3-DT,0.0
MAGEB6B,0.0
ENSG00000232035,0.0
SCAND3,0.0060984455
ENSG00000232043,0.0
LINC01798,0.0
ENSG00000232053,0.0
ENSG00000232058,0.0
ENSG00000232063,0.0
LINC01063,0.0037087135
TMEM253,0.0028952186
ENSG00000232072,0.012398297
ENSG00000232073,0.0
LINC01031,0.0
LINC01104,0.0
ENSG00000232085,0.0
ENSG00000232086,0.0
DCST1-AS1,0.0
ZNF584-DT,0.0041034375
LINC01653,0.0
RFX3-DT,0.0
ENSG00000232110,0.026508208
TEX50,0.0
LINC00384,0.0
BACH1-AS1,0.0
ENSG00000232120,0.0
ENSG00000232121,0.0
ENSG00000232124,0.0
DYTN,0.0
ENSG00000232130,0.0
NCOA7-AS1,0.0
NDFIP2-AS1,0.0
LINC00867,0.0
ENSG00000232140,0.0
ENSG00000232153,0.0
RAP2C-AS1,0.02470455
USP12-AS1,0.0
LINC01873,0.0
LINC00708,0.0
ENSG00000232183,0.0
ENSG00000232188,0.0
LINC02181,0.0
KIF26B-AS1,0.0
ENSG00000232193,0.0
ENSG00000232194,0.0
ENSG00000232197,0.0
ENSG00000232200,0.0
ENSG00000232211,0.0
LINC01701,0.0
IGHV3-43,0.0
MYADM-AS2,0.0
LINC01047,0.0
ENSG00000232227,0.0
LINC00865,0.0
LINC02043,0.0
ENSG00000232234,0.0
ASCL5,0.0
ENSG00000232245,0.0
ENSG00000232252,0.0
TMEM114,0.0
ENSG00000232259,0.0
KRTAP25-1,0.0
USP17L24,0.0
LINC02805,0.0
OR52I1,0.0
ENSG00000232271,0.002891936
HSD17B3-AS1,0.0
GNG12-AS1,0.0
ENSG00000232286,0.0
SLC6A1-AS1,0.0
ENSG00000232290,0.0
GRHL3-AS1,0.0
ENSG00000232299,0.0
LNCPRESS1,0.0
ENSG00000232306,0.0
DAOA-AS1,0.0
ENSG00000232309,0.0
LINC02518,0.0
ENSG00000232328,0.0
ENSG00000232335,0.0
ENSG00000232342,0.0
ENSG00000232347,0.0
SEMA3B-AS1,0.059312325
ENSG00000232353,0.0
VIPR1-AS1,0.0
ENSG00000232358,0.0
ENSG00000232359,0.0
ENSG00000232360,0.0
ENSG00000232363,0.0
ENSG00000232377,0.0
OR5K1,0.0
ENSG00000232394,0.0
LNCPOIR,0.0
CABP7-DT,0.0
USP17L13,0.0
LINC00112,0.0
EPB41L1-AS1,0.0
ENSG00000232408,0.0
STAG2-AS1,0.054510754
ENSG00000232413,0.0
ELN-AS1,0.0
BPESC1,0.0
TTTY19,0.0
PRAMEF6,0.0
AJM1,0.009089712
ENSG00000232436,0.0
ENSG00000232444,0.0
EMSLR,0.008093309
ENSG00000232448,0.0
ENSG00000232451,0.0
LINC02777,0.007933182
LARS2-AS1,0.0
LINC01450,0.0
ENSG00000232464,0.0
ENSG00000232465,0.0
ENSG00000232470,0.0
TGFB2-AS1,0.0
OSBPL10-AS1,0.0
ENSG00000232494,0.0
ENSG00000232500,0.0
ST3GAL5-AS1,0.0
ENSG00000232512,0.0
ENSG00000232518,0.0
ENSG00000232519,0.0
GCSIR,0.0
ENSG00000232524,0.0
ENSG00000232529,0.0
LIF-AS1,0.0
ENSG00000232537,0.0
LINC00945,0.0
IGHD4-11,0.0
LINC01809,0.0
ENSG00000232555,0.0
ENSG00000232557,0.0
LINC01549,0.0
MRTFA-AS1,0.0
ENSG00000232581,0.0
KIAA1614-AS1,0.0
ENSG00000232590,0.0
LINC02642,0.0
LINC01646,0.0
ENSG00000232598,0.0
TONSL-AS1,0.0
ENSG00000232604,0.0
LINC01412,0.0
LINC02576,0.0
HIVEP2-DT,0.0
MRAP-AS1,0.0
HLA-DQB2,0.0
ENSG00000232633,0.0
ENSG00000232640,0.0041145557
ENSG00000232642,0.0
LINC00385,0.0
LINC01431,0.029029256
ING2-DT,0.0
LINC01780,0.0
GOLGA8N,0.021478135
LINC01656,0.0
IDI2-AS1,0.0
CFTR-AS1,0.0
ENSG00000232667,0.0
ZNF687-AS1,0.015667746
LINC01705,0.0
ENSG00000232682,0.0
ATP11A-AS1,0.0
LINC00442,0.0
LINC01628,0.0
ENSG00000232696,0.0
ENSG00000232710,0.0
LINC01022,0.0
ENSG00000232719,0.0
ENSG00000232721,0.0
PLXNB3-AS1,0.0
ENSG00000232738,0.0
ENSG00000232739,0.0
LINC01826,0.0
LINC02022,0.0
IGKV1D-35,0.0
ENSG00000232748,0.0
DDX3ILA1,0.0
ENSG00000232762,0.0
HSPA12A-AS1,0.0
LINC03033,0.0
ITGA6-AS1,0.0
LINC01162,0.0
SLCO4A1-AS1,0.0
ENSG00000232806,0.0
TTTY20,0.0
ENSG00000232811,0.0
LINC01717,0.0
COL4A2-AS1,0.0
ENSG00000232817,0.0
ENSG00000232821,0.0
PLPPR5-AS1,0.0
LINC01189,0.0
ENSG00000232828,0.0
LMLN-AS1,0.0
ENSG00000232835,0.010662259
LINC01700,0.0
LINC00363,0.0
PTGES2-AS1,0.0
TRBV29-1,0.0
LINC02924,0.0
ENSG00000232876,0.0
DPYD-AS1,0.0
ENSG00000232884,0.0
GPC5-AS2,0.0
ENSG00000232886,0.0
RGS5-AS1,0.0
IQCA1-AS1,0.0
ENSG00000232895,0.0
ENSG00000232900,0.0
LINC01166,0.0
DLGAP4-AS1,0.0034770803
ENSG00000232909,0.0
RERE-AS1,0.0
PLCE1-AS2,0.0
LINC01400,0.0
ENSG00000232930,0.0
ENSG00000232934,0.0
ENSG00000232935,0.0
PANK1-AS1,0.0021860767
ENSG00000232939,0.0
HCG25,0.0
LINC02543,0.0
DEFB130A,0.0
LINC00374,0.0
KIFAP3-AS1,0.0
LINC01737,0.0
ENSG00000232969,0.0
ENSG00000232971,0.0
CYP1B1-AS1,0.0
LINC00327,0.0
ENSG00000232978,0.0
ENSG00000232985,0.0
ENSG00000232986,0.0
LINC01219,0.0
GACAT1,0.0
ENSG00000232993,0.0
VPS13A-AS1,0.0
TBC1D26-AS1,0.0
LINC01725,0.0036197314
NALCN-AS1,0.0
FAM157B,0.0
ENSG00000233017,0.0
ENSG00000233021,0.0
NPIPA9,0.0034622725
ENSG00000233030,0.0
CASK-AS1,0.0
PTPRN2-AS1,0.0
ENSG00000233044,0.0
LINC01677,0.0
LINC01722,0.0
DEFB130B,0.0
ERVH48-1,0.0
ATP13A3-DT,0.004047667
ENSG00000233060,0.0
ENSG00000233064,0.0
PTCHD1-AS,0.0
ENSG00000233068,0.0
ENSG00000233069,0.0
ZFY-AS1,0.0
GRM3-AS1,0.0
LINC01271,0.0
ENSG00000233078,0.0
LINC01755,0.0
LINC01399,0.0
ENSG00000233081,0.0
ENSG00000233082,0.0
ENSG00000233085,0.0
LNCARSR,0.0
RAB6D,0.0
ENSG00000233096,0.0
CCDC144NL-AS1,0.0
ENSG00000233099,0.0
ENSG00000233103,0.0
GLCCI1-DT,0.0
SORBS2-AS1,0.0
LINC01007,0.0
LINC00456,0.0
LINC01794,0.0
USP17L11,0.0
ENSG00000233138,0.0
ENSG00000233144,0.0
ENSG00000233145,0.0
UBE2E2-DT,0.0
LINC01762,0.076476514
FMNL1-AS1,0.0
ENSG00000233178,0.007773333
ENSG00000233179,0.0
ENSG00000233183,0.0
ENSG00000233191,0.0
RNF224,0.004031262
DHCR24-DT,0.0
LINC00642,0.0
LINC01687,0.0
ENSG00000233219,0.0
PRDM10-DT,0.0038390397
ARHGEF4-AS1,0.0
ENSG00000233222,0.0
ENSG00000233230,0.0018381438
NPIPB7,0.0
ENSG00000233234,0.0
LINC02573,0.0
ENSG00000233242,0.0
PHC2-AS1,0.0
ENSG00000233250,0.0
ENSG00000233251,0.004571815
ENSG00000233258,0.0
FAM238A,0.0
SLC28A3-AS1,0.0
ENSG00000233271,0.0
GPX1,0.0
LINC01728,0.0
ENSG00000233288,0.0
ENSG00000233290,0.0
ENSG00000233293,0.0
TMEM18-DT,0.0
XXYLT1-AS1,0.0
LINC01346,0.0
TRGV2,0.0
OSTN-AS1,0.0
LINC02669,0.0
ENSG00000233330,0.0
ENSG00000233332,0.0023093566
FAM53B-AS1,0.0
ENSG00000233336,0.0
TLR8-AS1,0.0
ENSG00000233339,0.0
ENSG00000233340,0.0
LINC00333,0.0
ENSG00000233351,0.0
LINC00028,0.0
CHRM3-AS2,0.012603391
ENSG00000233358,0.0
ENSG00000233359,0.0
ENSG00000233363,0.0
ENSG00000233365,0.0
ENSG00000233367,0.0
ENSG00000233372,0.0
ENSG00000233379,0.0
IATPR,0.0
ENSG00000233393,0.019649602
LINC00841,0.0
LINC01719,0.0039956565
ENSG00000233397,0.0
LINC01648,0.0
ENSG00000233403,0.0
LINC01046,0.0
ENSG00000233407,0.0
FANK1-AS1,0.0
LINC01222,0.0
OR5H15,0.0
ENSG00000233417,0.0
ENSG00000233420,0.0
LINC01783,0.0
ENSG00000233423,0.0
ENSG00000233424,0.0
ENSG00000233427,0.0
LINC02596,0.0
BTBD18,0.0
STXBP5-AS1,0.0
LINC01077,0.0
NANOGP11,0.0
ENSG00000233470,0.0
ENSG00000233472,0.0
ENSG00000233479,0.0
LINC01683,0.0
ENSG00000233482,0.0
EFCAB15P,0.0
FHAD1-AS1,0.0
CDHR17P,0.0
BETALINC1,0.0
ENSG00000233502,0.0
PTPRT-DT,0.0
LINC01518,0.0
ENSG00000233516,0.0
ENSG00000233519,0.0
LINC01638,0.0
FAM224A,0.0
LINC00430,0.0
HCG21,0.0
LINC00460,0.0
LINC02524,0.0
ENSG00000233535,0.0
ENSG00000233538,0.0
ENSG00000233539,0.0
ENSG00000233542,0.0
ENSG00000233547,0.0026999142
ENSG00000233553,0.0
B4GALT1-AS1,0.0084971925
ENSG00000233569,0.0019872987
LINC00690,0.0
ENSG00000233571,0.0
ENSG00000233574,0.0
ENSG00000233577,0.0
ENSG00000233581,0.0
LINC01884,0.0
ENSG00000233589,0.0
LINC02640,0.0
LINC02609,0.0
LINC01851,0.0
LINC01392,0.0
TWIST2,0.0
LINC00462,0.0
GBX2-AS1,0.0
DCUN1D2-AS,0.0
ENSG00000233616,0.0
USH2A-AS2,0.0
ENSG00000233625,0.0
C4A-AS1,0.0
ENSG00000233633,0.0
ENSG00000233635,0.0
GPR158-AS1,0.0
LINC02625,0.0
ENSG00000233645,0.0
ENSG00000233651,0.0
NEMP2-DT,0.020764595
IGHD4-4,0.0
ENSG00000233656,0.0
SPIN4-AS1,0.0
PIRT,0.0
RNASEH2B-AS1,0.0
FNDC1-AS1,0.0
LINC01865,0.0
ENSG00000233689,0.0
PBX1-AS1,0.0
LINC02579,0.0
TTTY18,0.0
PRR23C,0.0
SLC26A4-AS1,0.0029801533
ENSG00000233706,0.0
ENSG00000233714,0.0
MYCNOS,0.0
ENSG00000233721,0.0
LINC01122,0.0
NRAD1,0.004668166
ENSG00000233728,0.0
NCKAP5-AS1,0.0
LINC01765,0.0
IGHV3OR16-10,0.0
ENSG00000233735,0.0
ENSG00000233739,0.0
LINC00656,0.0
ENSG00000233754,0.0
ENSG00000233755,0.0
ZNF892,0.0031303302
LINC03095,0.0013334308
CAVIN2-AS1,0.0
ENSG00000233775,0.0
SAT1-DT,0.0
UFL1-AS1,0.0
TRIM49D2,0.0
TSPY4,0.0
IFNA13,0.0
ENSG00000233817,0.0
ENOX1-AS1,0.0
ENSG00000233823,0.0
ENSG00000233824,0.0
EPC1-AS2,0.0
MIR4280HG,0.0
ENSG00000233835,0.0
ENSG00000233842,0.0
ENSG00000233845,0.0
ERCC8-AS1,0.0
ENSG00000233848,0.0
ENSG00000233849,0.0
MAL-AS1,0.004402826
LATS2-AS1,0.0
POU6F2-AS2,0.0
LINC02599,0.0
SHROOM3-AS1,0.0
ENSG00000233862,0.0
ENSG00000233866,0.0
ENSG00000233875,0.0
LINC01680,0.0
ENSG00000233884,0.0
YEATS2-AS1,0.0
ENSG00000233891,0.0
EZR-AS1,0.0
ENSG00000233894,0.0
PDYN-AS1,0.0
LINC01761,0.0
ENSG00000233912,0.0
POTEB,0.0
ENSG00000233919,0.0
ENSG00000233920,0.0
LINC01694,0.0
TLE1-DT,0.0
ENSG00000233928,0.0
KRTAP5-AS1,0.0
CTXN2,0.002235423
ENSG00000233936,0.0
ENSG00000233941,0.0
ENSG00000233942,0.0
LINC02650,0.0
ENSG00000233953,0.0
UQCRHL,0.0027747424
ENSG00000233960,0.0
ENSG00000233967,0.0030968336
ENSG00000233968,0.0
ENSG00000233969,0.0
LINC01360,0.0
LINC02574,0.0
ENSG00000233977,0.0
ENSG00000233978,0.0
ENSG00000233981,0.0
LINC01681,0.0
DTD1-AS1,0.0
LINC01425,0.0
IGKV3OR2-268,0.0
DDX39B-AS1,0.0
LINC02530,0.0
ENSG00000234019,0.0
ENSG00000234021,0.0
ENSG00000234022,0.0
ENSG00000234026,0.0
ENSG00000234034,0.0
ENSG00000234050,0.0
LINC01673,0.0
ENSG00000234055,0.0
LINC00463,0.0
PAGE2,0.0
SPATA17-AS1,0.0
TPRG1-AS1,0.0033713116
ENSG00000234084,0.0
ENSG00000234089,0.0
FRMD4A-AS1,0.0
LINC03083,0.0
ENSG00000234105,0.0
LINC02433,0.0
ENSG00000234116,0.0
ENSG00000234117,0.0
TRBV22OR9-2,0.0
HCCS-DT,0.0
ENSG00000234132,0.0
ENSG00000234136,0.0
ENSG00000234139,0.0
LINC01675,0.0
LINC01961,0.0
ENSG00000234149,0.0
LINC02535,0.0
ENSG00000234156,0.0
ENSG00000234160,0.0
PABPC5-AS1,0.0
ENSG00000234162,0.0
LINC01039,0.0
LINC01868,0.0
LINC02645,0.0
ENSG00000234172,0.0
ENSG00000234173,0.0
ENSG00000234174,0.0
PIGO-AS1,0.0
ENSG00000234182,0.0
H2AZ2-DT,0.0
LINC01781,0.0026392152
ENSG00000234185,0.0
C16orf82,0.0
ENSG00000234190,0.0028942146
LINC01283,0.0
ACSL3-AS1,0.0
ETV5-AS1,0.0
LINC01191,0.0
ENSG00000234203,0.0
ENSG00000234206,0.0
LINC03116,0.0
ENSG00000234210,0.0
ENSG00000234211,0.0
CT66,0.0
LIX1L-AS1,0.0
TMEM229A,0.0
ENSG00000234225,0.0
ZFX-AS1,0.0
PDE4DIPP7,0.0
BOK-AS1,0.0
ENSG00000234238,0.0
ENSG00000234244,0.0
ENSG00000234255,0.0
ENSG00000234261,0.0
MAP3K5-AS1,0.0
DEPDC1-AS1,0.0
LINC01723,0.0
ENSG00000234273,0.0
ENSG00000234275,0.0
LINC01641,0.0
PRR20E,0.0
LINC01937,0.0
LANCL1-AS1,0.0
ZNF879,0.008580816
ENSG00000234286,0.0
H2BC12L,0.0
ENSG00000234292,0.0
LINC00229,0.0
CLYBL-AS1,0.0
LINC01878,0.0
LINC03068,0.0
ENSG00000234318,0.0
LINC01505,0.0
JAZF1-AS1,0.0
ERICH2-DT,0.005193647
ENSG00000234352,0.0
ENSG00000234361,0.0
LINC01914,0.0
OBI1-AS1,0.0
ENSG00000234378,0.0
LINC01426,0.0
LINC01049,0.0
ENSG00000234387,0.0
USP27X-DT,0.0
ENSG00000234393,0.0
LINC03025,0.0
ENSG00000234396,0.0
CCDC188,0.0
RBMY1A1,0.0
ENSG00000234418,0.0
LINC01250,0.0
ENSG00000234425,0.0
ENSG00000234426,0.0
ENSG00000234427,0.0
ENSG00000234428,0.0
LINC02983,0.0041791163
LINC01432,0.0
KBTBD13,0.0
FGF14-AS1,0.0
ENSG00000234446,0.0
SLC16A12-AS1,0.0
ENSG00000234455,0.0
ENSG00000234459,0.0
ENSG00000234460,0.0
ENSG00000234464,0.0
CLDN34,0.0
ENSG00000234471,0.0
MIR3663HG,0.0
ENSG00000234477,0.0
ACBD3-AS1,0.0
ENSG00000234481,0.0
ENSG00000234484,0.0
RPL34-DT,0.0
SP2-AS1,0.002508909
ERICH3-AS1,0.0
ENSG00000234503,0.0
ENSG00000234504,0.0
LINC01506,0.00845676
SOD1-DT,0.0
C5orf58,0.0
ENSG00000234519,0.0
HRAT17,0.0
PCDH9-AS1,0.0
ENSG00000234535,0.0
ENSG00000234542,0.0
LNCTAM34A,0.0
LINC02020,0.0
LINC01309,0.0
LINC00701,0.0
OR10G8,0.0
ENSG00000234567,0.0
H2BP2,0.0
LINC01800,0.0
SYNE1-AS1,0.0
ENSG00000234578,0.0
ENSG00000234579,0.0
ENSG00000234580,0.0
ENSG00000234584,0.0
KAZN-AS1,0.0
ENSG00000234595,0.0
ENSG00000234597,0.0
CHRM3-AS1,0.0
MCIDAS,0.0
ENSG00000234613,0.0
C2CD4D-AS1,0.0
SNRK-AS1,0.0
ENSG00000234622,0.0
LINC00380,0.0
ENSG00000234626,0.0
ENSG00000234630,0.0
LINC02093,0.0
ENSG00000234638,0.0
ENSG00000234640,0.0
ENSG00000234647,0.0
PCCA-AS1,0.0
LRRTM4-AS1,0.0
LINC00440,0.0
CHL1-AS1,0.0
LERFS,0.04432217
ENSG00000234675,0.0
IFT74-AS1,0.0052292743
ELF3-AS1,0.0
SDCBP2-AS1,0.01889184
ENSG00000234686,0.0
CACNG2-DT,0.0
EPCAM-DT,0.0065830657
ENSG00000234692,0.0
RIPOR3-AS1,0.0
CDC20-DT,0.018947387
TFPI2-DT,0.0
GPR50-AS1,0.0
ENSG00000234699,0.0
ENSG00000234703,0.0
HMGA1P4,0.0038447569
SEC61G-DT,0.0
ENSG00000234710,0.0
ENSG00000234712,0.0
ENSG00000234714,0.0
SLC26A5-AS1,0.0
TMEM212-AS1,0.0
ENSG00000234718,0.0
NPIPB2,0.0
LINC02092,0.0
LINC01287,0.0
ENSG00000234730,0.0
FAM170B-AS1,0.0
LINC02676,0.0
LINC02817,0.0
LINC02621,0.0
ENSG00000234758,0.0
ENSG00000234763,0.0
LINC01496,0.0
LINC01052,0.0
ENSG00000234768,0.0
SLC25A25-AS1,0.105569415
LINC00412,0.0
ENSG00000234773,0.0
ENSG00000234775,0.0
FREY1,0.0
LINC02529,0.0
BNC2-AS1,0.0055942684
LINC01103,0.0
LINC00458,0.0
ENSG00000234789,0.0047392747
ENSG00000234791,0.0
ENSG00000234793,0.0
ENSG00000234796,0.0
JUN-DT,0.0
ECI2-DT,0.0
ENSG00000234818,0.0
ENSG00000234826,0.0
IQCM,0.0
IFNA17,0.0
NXT1-AS1,0.0
LINC01239,0.003225354
ENSG00000234848,0.0
LINC00676,0.0
SLIT1-AS1,0.0
HNRNPUL2-BSCL2,0.0
ENSG00000234859,0.0
ENSG00000234860,0.0
ENSG00000234862,0.0
LINC02632,0.0
LINC02925,0.0
ENSG00000234877,0.0
LINC00163,0.0
MIR155HG,0.0071718907
GRK3-AS1,0.0
ENSG00000234891,0.0
ENSG00000234892,0.0
ENSG00000234900,0.0
APOC2,0.0
ENSG00000234915,0.0
ENSG00000234917,0.0
ENSG00000234918,0.0
LINC01827,0.0
ENSG00000234921,0.0
LINC01659,0.0
ENSG00000234929,0.0
ENSG00000234938,0.0
ENSG00000234940,0.0
GRID1-AS1,0.0
ENSG00000234943,0.0
LINC02623,0.0
GTF3C2-AS1,0.0
LINC01524,0.0
RAB17-DT,0.015869563
LINC02674,0.0035863144
ENSG00000234953,0.0
LINC02539,0.0
ENSG00000234961,0.0
LINC00700,0.0
SHISA8,0.005812054
ENSG00000234967,0.0
LINC02658,0.0
ENSG00000234977,0.0
ENSG00000234979,0.0
ENSG00000234986,0.0
LINC01849,0.0
LINC02966,0.0
ENSG00000235005,0.0
ENSG00000235007,0.0
LINC01883,0.0
JAKMIP3-AS1,0.0
ENSG00000235011,0.0
SEMA3F-AS1,0.0
ENSG00000235021,0.0
ENSG00000235023,0.0
CDK5R2-AS1,0.0
DPP10-AS1,0.0
PRADX,0.0
MNX1-AS2,0.0
BMP7-AS1,0.0
DAAM2-AS1,0.0
ENSG00000235035,0.0
ENSG00000235038,0.0
SMARCAL1-AS1,0.0
LINC00940,0.0
MLIP-AS1,0.0
ENSG00000235051,0.0
ENSG00000235052,0.0
LINC01777,0.0
ENSG00000235056,0.0
ZMYND10-AS1,0.0
ENSG00000235059,0.0
ENSG00000235066,0.0
ENSG00000235070,0.0
ARNILA,0.004185003
ENSG00000235077,0.0
ENSG00000235078,0.005828725
ZRANB2-AS1,0.0057533816
ENSG00000235085,0.0
ENSG00000235091,0.0
ID2-AS1,0.0
ENSG00000235096,0.0
LINC00330,0.0
ANKRD65,0.033201776
ENSG00000235099,0.0
ENSG00000235100,0.0
ZSCAN31,0.04215312
FAM237A,0.0
ENSG00000235119,0.0
BSN-AS1,0.0
ENSG00000235121,0.0
ENSG00000235122,0.0
DSCAM-AS1,0.0
ENSG00000235126,0.0
ENSG00000235127,0.0
TP73-AS2,0.0
ENSG00000235138,0.0
LINC03017,0.0034020438
ENSG00000235140,0.0
LINC02532,0.12701859
ENSG00000235143,0.0
ENSG00000235146,0.0
ENSG00000235149,0.0
ENSG00000235151,0.0
ENSG00000235152,0.0
ENSG00000235154,0.0
TMEM30CP,0.0
ENSG00000235158,0.0
LINC02939,0.0061591766
LINC02248,0.0
LINC01440,0.0
ENSG00000235168,0.0
LINC01366,0.0
LINC00601,0.0
MICOS10-DT,0.0
ENSG00000235189,0.0
NUCB1-AS1,0.0
ENSG00000235192,0.0
ENSG00000235198,0.0
LINC01702,0.0
LINC02578,0.0
LINC01525,0.0
ENSG00000235204,0.0
FAM83C-AS1,0.0
LINC00383,0.0
IGKV1OR2-1,0.0
ENSG00000235236,0.0024506738
ENSG00000235237,0.0
DANT2,0.020042513
TMEM184B-AS1,0.0
ENSG00000235263,0.0
KDM4E,0.0
LINC02331,0.0
ENSG00000235277,0.0
ENSG00000235281,0.0
ENSG00000235288,0.0
ENSG00000235292,0.0
ENSG00000235293,0.0
LINC01634,0.0
ENSG00000235296,0.0
HNRNPK-AS1,0.0
SKAP1-AS2,0.0
ENSG00000235303,0.0
LINC01281,0.0
LINC00957,0.005649778
TGFBRAP1-AS1,0.0
ENSG00000235321,0.0
B3GALT1-AS1,0.0
LINC01665,0.0
ENSG00000235351,0.0
ENSG00000235356,0.0
LINC01621,0.0
SCMH1-DT,0.0
ABR-AS1,0.0
LINC01055,0.07457887
RPEL1,0.0
ENSG00000235381,0.011709158
LINC02154,0.0
SPAAR,0.01600497
EPN2-AS1,0.0
ENSG00000235399,0.0
ENSG00000235403,0.0
CYMP-AS1,0.0
ENSG00000235410,0.0
TTTY4B,0.0
ENSG00000235415,0.0
ENSG00000235419,0.0
ENSG00000235426,0.0
ENSG00000235427,0.0
ENSG00000235431,0.0
RNF186-AS1,0.0051890663
ENSG00000235435,0.0
LINC02791,0.0
LURAP1L-AS1,0.0
IQCF5-AS1,0.0
ENSG00000235461,0.0
ENSG00000235464,0.0
NEURL1-AS1,0.0
LINC01664,0.0
ENSG00000235480,0.0
UBE2R2-AS1,0.0
GYG2-AS1,0.0
JARID2-AS1,0.0026111654
LINC01221,0.0
LINC01967,0.0
ENSG00000235494,0.0
ENSG00000235495,0.0
LINC02923,0.0
ENSG00000235499,0.0
CNN3-DT,0.015523462
ENSG00000235503,0.0
TAB3-AS2,0.0
L3MBTL2-AS1,0.004370338
ENSG00000235518,0.0
LINC01815,0.0
ENSG00000235522,0.0
ENSG00000235523,0.0
ENSG00000235526,0.0
TMEM11-DT,0.003373432
LINC00402,0.0
ENSG00000235533,0.0
TRDN-AS1,0.0
ENSG00000235537,0.0
ENSG00000235538,0.0
DOCK7-DT,0.0
ENSG00000235563,0.0
ENSG00000235564,0.0
LINC00533,0.0
ENSG00000235572,0.0
ENSG00000235575,0.0
ENSG00000235584,0.0
ENSG00000235586,0.0
GNAS-AS1,0.0
RBMS3-AS1,0.0
LINC01102,0.0
BARX1-DT,0.0
NKX1-1,0.0
ENSG00000235610,0.0
ENSG00000235612,0.0
ENSG00000235615,0.0
ENSG00000235620,0.0
LINC00494,0.00601705
ENSG00000235625,0.0
LINC02922,0.0
RNF148,0.0
ENSG00000235635,0.0
ENSG00000235637,0.0
LINC00484,0.0
LINC01647,0.0
LINC02651,0.0
EPM2A-DT,0.010915629
ENSG00000235659,0.0060593546
LINC00345,0.0
MIR670HG,0.0
SAPCD1-AS1,0.010807726
CHN2-AS1,0.0
LINC00993,0.0
SNTG2-AS1,0.0
CXorf51B,0.0
EOLA2-DT,0.015408534
TRIM67-AS1,0.0
ANKRD34C,0.0
DPP10-AS2,0.0
MFRP,0.0
PSMD14-DT,0.0
LINC03050,0.0
ENSG00000235728,0.0
LINC02250,0.0
PHACTR2-AS1,0.0
LINC02784,0.0
ENSG00000235743,0.0
ENSG00000235749,0.0
MSH2-OT1,0.0
LINC00607,0.0
ENSG00000235772,0.0
ENSG00000235774,0.0
DPYD-AS2,0.0
ENSG00000235779,0.0
USP17L27,0.0
LINC02569,0.0
ENSG00000235782,0.003795373
ENSG00000235785,0.0
PEF1-AS1,0.0
HCFC1-AS1,0.0
ENSG00000235806,0.0
ENSG00000235813,0.0
ENSG00000235819,0.0
ENSG00000235820,0.0
OLMALINC,0.020989988
LINC00837,0.0
SRGAP3-AS4,0.0
BHLHE40-AS1,0.0
ENSG00000235837,0.0
ENSG00000235840,0.0
ENSG00000235843,0.0
ENSG00000235845,0.0
RMDN2-AS1,0.0
HS6ST2-AS1,0.0
ENSG00000235858,0.0
ENSG00000235862,0.0
ENSG00000235872,0.0
ARHGEF7-AS2,0.004087355
ENSG00000235880,0.0
ENSG00000235881,0.0
LINC01828,0.0024776736
ENSG00000235886,0.0
LINC02799,0.0
LINC02940,0.0
TSPEAR-AS1,0.0
TM4SF19-AS1,0.0
LINC01564,0.0
ENSG00000235902,0.0
CPB2-AS1,0.0
RBMS3-AS3,0.0
APOA1-AS,0.0
ENSG00000235911,0.003428833
MACROD2-AS1,0.0
ASH1L-AS1,0.023525406
NEXN-AS1,0.0033373144
LINC01553,0.0
LINC01779,0.0
ENSG00000235939,0.0
LCE6A,0.0
EGOT,0.01022185
UBOX5-AS1,0.0
PNMA6A,0.018717414
ENSG00000235965,0.0
ENSG00000235972,0.0
ENSG00000235978,0.008539634
ENSG00000235979,0.0
GPC5-AS1,0.0
MORC2-AS1,0.009771253
ENSG00000235996,0.0
LINC01936,0.003645085
ENSG00000236003,0.0
ENSG00000236009,0.0
LINC02941,0.0
ASMTL-AS1,0.0
COP1-DT,0.0
ENSG00000236022,0.0
PRRX2-AS1,0.0
PATE3,0.0
EYA2-AS1,0.0
ENSG00000236031,0.0
OR5H14,0.0
LINC00445,0.0
LINC02889,0.0
ENSG00000236045,0.0
ENSG00000236046,0.0
LINC01920,0.0
MYCBP2-AS1,0.0
LINC01643,0.0
LINC01067,0.0
SYN3-AS1,0.0
ENSG00000236064,0.0
ENSG00000236065,0.0
ENSG00000236069,0.0036152296
LINC01072,0.0
LINC01447,0.0
ELFN1-AS1,0.0037519457
LINC02243,0.0
ENSG00000236098,0.0
ENSG00000236102,0.0
ENSG00000236106,0.0
SCN1A-AS1,0.0
ENSG00000236109,0.0
ENSG00000236115,0.0
ENSG00000236116,0.0
LINC01639,0.0
ENSG00000236119,0.0
LINC03070,0.0
USP17L4,0.0
CT47A3,0.0
PTCSC2,0.0
LINC01069,0.0
CD101-AS1,0.0
ENSG00000236140,0.0
ENSG00000236141,0.0
TMEM147-AS1,0.013654668
ENSG00000236145,0.0
ENSG00000236151,0.0
UBE2E3-DT,0.0
ENSG00000236154,0.0
ENSG00000236162,0.0
ENSG00000236164,0.0
IGHD1-1,0.0
MIR7515HG,0.0
ENSG00000236173,0.0
LINC00353,0.0
PRKX-AS1,0.0
LINC01953,0.0
PPP1R9A-AS1,0.0
SMARCA2-AS1,0.0
KDM4A-AS1,0.0072509795
GRM7-AS1,0.0
LINC01376,0.0
ENSG00000236206,0.0
C10orf71-AS1,0.002071988
ENSG00000236209,0.0
ENSG00000236212,0.0
CDC42EP3-AS1,0.0
ENSG00000236226,0.0
ENSG00000236230,0.0
ENSG00000236231,0.0
ENSG00000236234,0.0
MYO16-AS1,0.0
SLC35F3-AS1,0.0
DIAPH2-AS1,0.0
ENSG00000236266,0.0
LNC-RHL1,0.0
LINC01361,0.0
SCUBE1-AS2,0.0
NDP-AS1,0.0
CLEC2L,0.0
ENSG00000236283,0.24300936
GACAT3,0.0
USH2A-AS1,0.0
ENSG00000236295,0.0
ENSG00000236299,0.0
MRGPRG-AS1,0.0
LINC02646,0.0
ENSG00000236304,0.0
SLC12A9-AS1,0.0
LINC01241,0.0
ENSG00000236308,0.0
TLX1NB,0.0
LINC02888,0.0
SLFN14,0.0
SNX9-AS1,0.0
ENSG00000236326,0.0
ENSG00000236332,0.0
PPIAL4G,0.0
ENSG00000236335,0.0
CDYL-AS1,0.0
GRM8-AS1,0.0
ENSG00000236341,0.0
SCAT8,0.0
ENSG00000236347,0.0
ENSG00000236352,0.002870758
LINC00437,0.0
DNAH8-DT,0.0
ENSG00000236356,0.0
ENSG00000236358,0.0
GAGE12F,0.0
ENSG00000236364,0.0
ENSG00000236366,0.0
CT47A1,0.0
ENSG00000236372,0.0
LINC02653,0.0
ENSG00000236376,0.0
MYO1D-DT,0.0
ENSG00000236378,0.0
CCDC200,0.0
LINC00479,0.0
ENSG00000236385,0.0
ENSG00000236387,0.0
ITCH-AS1,0.0
ENSG00000236389,0.0
ENSG00000236390,0.0
LINC03099,0.0
ENSG00000236394,0.0
SLC35G4,0.0
TAS2R39,0.0
ENSG00000236403,0.0
VLDLR-AS1,0.003898177
ENSG00000236408,0.0
ENSG00000236414,0.0
LINC01134,0.0
TSPY10,0.0
ENSG00000236426,0.0
CCDST,0.0
MFF-DT,0.0
ENSG00000236434,0.0
LINC02850,0.0
LINC02151,0.0
UBE2L5,0.0
LINC00608,0.0
CT47B1,0.0
ENSG00000236449,0.0
ENSG00000236452,0.0
ENSG00000236461,0.0
LINC00427,0.0
LINC02559,0.0
RCAN2-DT,0.0
KCNMA1-AS1,0.0
ENSG00000236469,0.0
LINC02920,0.0
ENSG00000236472,0.0
LINC02195,0.0
LINC01945,0.0
ENSG00000236494,0.0
ENSG00000236495,0.0
LINC01744,0.0
ENSG00000236498,0.0
LINC00896,0.0
SIX3-AS1,0.0
ENSG00000236507,0.0
ATP13A5-AS1,0.0
ENSG00000236510,0.0
LINC01231,0.0
ENSG00000236513,0.0
ZNF248-AS1,0.007181265
LINC01424,0.0
GPC6-AS1,0.0
BTBD3-AS1,0.0
ENSG00000236528,0.0
ENSG00000236531,0.0
LINC01695,0.0
ENSG00000236536,0.0
ENSG00000236540,0.0
ENSG00000236543,0.0
EN2-DT,0.0
ENSG00000236545,0.0
MYCL-AS1,0.0
RNF217-AS1,0.0
ENSG00000236556,0.0
BCL2L1-AS1,0.0
ENSG00000236572,0.0
UST-AS2,0.0
IGHD7-27,0.0
ENSG00000236601,0.0
ENSG00000236605,0.0
LINC02556,0.0
CHFR-DT,0.005671151
ENSG00000236627,0.0
ENSG00000236634,0.0
LINC02540,0.0
IFNA4,0.0
ENSG00000236641,0.0
ENSG00000236643,0.0
LINC02810,0.0
DLX2-DT,0.0
LINC01923,0.0
ENSG00000236656,0.0
FIBCD1-AS1,0.0
ENSG00000236662,0.0
FRGCA,0.0
ENSG00000236665,0.0
POTEH-AS1,0.0
LHX2-AS1,0.0
PRKG1-AS1,0.0
ENSG00000236676,0.0
SETD4-AS1,0.0
LINC00347,0.0
MAP3K2-DT,0.0
ENSG00000236687,0.0
LINC01010,0.0
MYB-AS1,0.0
SDK1-AS1,0.0
ENSG00000236717,0.0
OVAAL,0.0
LINC01741,0.0
ENSG00000236723,0.0
ENSG00000236724,0.0
ENSG00000236733,0.0
GAGE12B,0.0
LINC01282,0.0
LINC01186,0.0248883
ENSG00000236754,0.0
DNAJC9-AS1,0.002696766
MTUS2-AS2,0.0
CTAGE9,0.0
LINC02659,0.0
ENSG00000236772,0.0
INTS6-AS1,0.038779028
LINC01829,0.0
LINC00299,0.0
CNTNAP2-AS1,0.0
LINC02626,0.0
ENSG00000236800,0.0
ELOA-AS1,0.026661487
ENSG00000236817,0.0
LINC01563,0.0
NMBR-AS1,0.0
ENSG00000236823,0.0
BCYRN1,0.0
LINC00529,0.0
DMD-AS3,0.0
ENSG00000236833,0.013666854
LINC00421,0.0
PCYT1B-AS1,0.0
ENSG00000236837,0.0
ENSG00000236838,0.0
ENSG00000236841,0.0
ENSG00000236842,0.0
ENSG00000236846,0.0
LINC01474,0.0011295623
ENSG00000236854,0.0
ENSG00000236858,0.0
BET1-AS1,0.0
ENSG00000236864,0.0
TENT5C-DT,0.0
ZKSCAN7-AS1,0.0024849004
LINC00106,0.0
ENSG00000236874,0.0
LINC01554,0.0015899912
ENSG00000236883,0.0
ENSG00000236885,0.0
ENSG00000236889,0.0
ENSG00000236892,0.0
LINC03028,0.0
ENSG00000236896,0.0
ENSG00000236897,0.0
LINC02827,0.0
CR1-AS1,0.0
LINC01852,0.0
CLCA4-AS1,0.0
ENSG00000236920,0.0
ENSG00000236921,0.0
LINC01378,0.0
LINC02851,0.025344925
ENSG00000236935,0.0
ENSG00000236936,0.0
BAALC-AS2,0.014111784
LINC01774,0.0
ENSG00000236951,0.0
ENSG00000236961,0.0
LINC01141,0.0
ENSG00000236968,0.0
LINC02814,0.0
CIMIP7,0.0
OR10G9,0.0
ENSG00000236985,0.0
ENSG00000236986,0.0
ENSG00000236989,0.0
ENSG00000236990,0.0
EDRF1-AS1,0.0
WASF3-AS1,0.0
ENSG00000237002,0.0
GLIS3-AS1,0.0
ENSG00000237011,0.0
LINC01812,0.0
ENSG00000237015,0.0
PRPF31-AS1,0.0
ENSG00000237019,0.0
IGHD1-20,0.0
ENSG00000237027,0.0
ENSG00000237031,0.0
ENSG00000237035,0.0
USP17L8,0.0
TTTY12,0.0
PRMT5-AS1,0.0
LINC02087,0.0
MMEL1-AS1,0.0069039906
ENSG00000237062,0.0
ENSG00000237063,0.0
ENSG00000237070,0.0
ENSG00000237073,0.0
LINC02942,0.0
ENSG00000237076,0.0
EHMT2-AS1,0.0
ENSG00000237087,0.0
LINC01065,0.0
ENSG00000237094,0.0
ENSG00000237101,0.0
TAAR9,0.0
IGHJ3P,0.0
LINC01056,0.0
ENSG00000237126,0.0
LINC02652,0.0
C4orf51,0.0
HUNK-AS1,0.0
ENSG00000237153,0.0
CNTFR-AS1,0.0
LINC01792,0.0
ENSG00000237167,0.0
ENSG00000237174,0.0
LINC01797,0.0
PRKAR1B-AS1,0.0071898256
IGHD1-7,0.0
ENSG00000237208,0.0
ENSG00000237212,0.0
ENSG00000237220,0.0
PPEF1-AS1,0.0
LINC01968,0.0
ENSG00000237224,0.0
ZNF295-AS1,0.0
TMEM26-AS1,0.0
ENSG00000237234,0.0
TRDD2,0.0
CREB3L2-AS1,0.0
MBD3L5,0.0
ENSG00000237250,0.0
TRBV30,0.0
ZNF133-AS1,0.0
LINC01810,0.0
LINC01519,0.0
ENSG00000237271,0.0
CATIP-AS2,0.0
LINC00851,0.0
ENSG00000237283,0.0
CARD11-AS1,0.0
LINC01343,0.0
LINC01732,0.0
ENSG00000237293,0.0
ENSG00000237301,0.0
LINC03011,0.07766542
ENSG00000237311,0.0
ENSG00000237312,0.0
ENSG00000237316,0.0
ENSG00000237320,0.0
ENSG00000237324,0.0
ENSG00000237326,0.0
RAI1-AS1,0.0
XIAP-AS1,0.0
ENSG00000237336,0.0
ELAVL4-AS1,0.0
FTCD-AS1,0.0
LINC01502,0.0
SYP-AS1,0.0
ENSG00000237342,0.0
ENSG00000237343,0.0053001354
ENSG00000237346,0.0
PATE4,0.0
FAM88E,0.002647634
TUSC8,0.0
CAMTA1-AS3,0.0
ENSG00000237370,0.0
ENSG00000237371,0.0
LINC03062,0.0
ENSG00000237377,0.0
ENSG00000237378,0.0
HOXD-AS2,0.0878153
ENSG00000237385,0.0
ENSG00000237387,0.0
OR4A47,0.0
ENSG00000237389,0.0
ENSG00000237390,0.0
LNCNEF,0.0
PITRM1-AS1,0.0
ENSG00000237400,0.0
LINC01304,0.0
ENSG00000237407,0.0
NRXN2-AS1,0.0
PRSS56,0.0022299457
ENSG00000237414,0.0
ENSG00000237419,0.0
LINC01522,0.0
FOXD2-AS1,0.0
ENSG00000237429,0.0
LINC02790,0.0
CAMTA1-DT,0.0
CECR7,0.0
ENSG00000237445,0.0
MEIOSIN,0.0
ENSG00000237453,0.0
BRINP3-DT,0.002035038
LINC01661,0.0
LRRC52-AS1,0.0
ENSG00000237464,0.0
ADGB-DT,0.0
ENSG00000237471,0.0
ENSG00000237473,0.0
ENSG00000237477,0.0
ENSG00000237479,0.0
ENSG00000237480,0.0
ENSG00000237481,0.0
LINC01684,0.0
LINC02919,0.0
ENSG00000237498,0.0
ENSG00000237500,0.0
PKN2-AS1,0.0
UNC5B-AS1,0.008868938
SHISA9,0.005029023
CELSR1P1,0.0
LINC02971,0.0
OR7E24,0.0
LINC00857,0.0
TEX51,0.0
ENSG00000237525,0.0
ENSG00000237527,0.0
ENSG00000237529,0.0
ENSG00000237530,0.0
ENSG00000237531,0.0
ENSG00000237532,0.0
IGHJ2P,0.0
LINC02567,0.0
KCND3-AS1,0.0
LINC01497,0.0
LINC02836,0.0
ENSG00000237568,0.0
LINC02862,0.0
LINC01856,0.0
LINC01888,0.0
LINC01514,0.0
ENSG00000237581,0.0
ENSG00000237588,0.0
LINC03089,0.0
IGKV1OR10-1,0.0
TIAM1-AS1,0.0
LINC01275,0.0
PDE7B-AS1,0.0
ENSG00000237604,0.0
DYRK3-AS1,0.0
LINC02943,0.0
ENSG00000237612,0.0
FAM138A,0.0
ENSG00000237614,0.0
ENSG00000237626,0.0
ENSG00000237633,0.0
FRY-AS1,0.0
LINC02245,0.0
ENSG00000237640,0.0
LINC01610,0.0
KIFC1,0.003266198
ENSG00000237654,0.0
ENSG00000237655,0.0
LINC00316,0.0
GRM7-AS2,0.0
LINC01115,0.0
LINC01866,0.0
GAGE12C,0.0
TEX36-AS1,0.0
ENSG00000237685,0.0
SCIRT,0.0038345142
LINC00686,0.0
ENSG00000237689,0.0
IRGM,0.0
ENSG00000237699,0.0
PRAMEF33,0.0
TRBV3-1,0.0
ENSG00000237705,0.0
ENSG00000237707,0.0048331637
ENSG00000237713,0.0
P4HA2-AS1,0.0
ENSG00000237716,0.0
ENSG00000237718,0.0
ENSG00000237720,0.0
CAMTA1-AS2,0.0
ENSG00000237734,0.0
ENSG00000237735,0.0
DCTN1-AS1,0.0
ENSG00000237741,0.0
HEY2-AS1,0.0055149393
KCNH7-AS1,0.0
LINC01143,0.0
SLC20A1-DT,0.02139082
ENSG00000237756,0.0
ENSG00000237759,0.0
ENSG00000237760,0.0
ENSG00000237761,0.0
AMY1A,0.0
LINC01370,0.0
ENSG00000237768,0.0
LINC02631,0.0
DDR1-DT,0.0
GFOD1-AS1,0.0
LINC02877,0.0
LINC01318,0.0
ENSG00000237798,0.0
PIRAT1,0.0
LINC02984,0.0
ENSG00000237813,0.0
CDK6-AS1,0.006503148
ENSG00000237832,0.0
PHKA2-AS1,0.0
ENSG00000237837,0.0
ENSG00000237843,0.0
ENSG00000237844,0.0
ENSG00000237851,0.0
ENSG00000237856,0.0
IRS4-AS1,0.0
LINC00322,0.0
ENSG00000237874,0.0
LINC00398,0.0
LINC01885,0.0
NALT1,0.0
ENSG00000237896,0.0
SIRPG-AS1,0.0
LRRC7-AS1,0.0
ENSG00000237921,0.0
LINC02570,0.0
ENSG00000237927,0.0
ENSG00000237934,0.0
LINC02702,0.0
ENSG00000237938,0.0
KCNQ1DN,0.0
LINC00649,0.014914185
ENSG00000237947,0.0
LINC02918,0.0014399561
CT47A5,0.0
RFX5-AS1,0.009997973
LINC02773,0.0
CELF2-AS2,0.0
ENSG00000237987,0.0
OR2I1P,0.0055353916
LINC01679,0.0023582242
CNTN4-AS1,0.0
LINC01808,0.0
ENSG00000237993,0.0
ENSG00000238004,0.0
LNCATV,0.0016355051
ENSG00000238012,0.0
SPTBN1-AS2,0.0
ENSG00000238019,0.0
HTR3E-AS1,0.0
LMX1A-AS1,0.0
ENSG00000238031,0.0
ENSG00000238034,0.0
ENSG00000238035,0.0
ENSG00000238039,0.0
ENSG00000238043,0.0
MVP-DT,0.008989002
ENSG00000238054,0.0
ZEB2-AS1,0.0050730016
CAMSAP1-DT,0.0
SPATA3-AS1,0.0
LINC01685,0.0
TSPY9,0.0
LINC01352,0.0
LRRC37A2,0.019812848
LINC02037,0.0
LINC01625,0.0
LINC02806,0.0
LINC01410,0.0
ENSG00000238117,0.0
LINC01589,0.0
ENSG00000238122,0.0
MID1IP1-AS1,0.0
ENSG00000238124,0.0
ENSG00000238129,0.0
LINC02854,0.0
MAP3K20-AS1,0.0
ENSG00000238140,0.0
BRWD1-AS1,0.0
ENSG00000238156,0.0
LINC02863,0.0
LINC01053,0.0
ENSG00000238171,0.0
ENSG00000238176,0.0
MAGEB17-AS1,0.0
CD81-AS1,0.0
ENSG00000238185,0.0
ENSG00000238186,0.0
ENOX1-AS2,0.0
ENSG00000238192,0.0
PHACTR3-AS1,0.0
ENSG00000238195,0.0
PAXBP1-AS1,0.0039063287
LRIG2-DT,0.0
ENSG00000238201,0.0
MPC1L,0.0
ENSG00000238207,0.0
ETDA,0.0
LINC02096,0.0
LINC01877,0.0
ENSG00000238221,0.0
ENSG00000238224,0.0
LINC00391,0.0
ENSG00000238232,0.0
LINC02778,0.0
OR2W3,0.0
ENSG00000238246,0.0
ENSG00000238258,0.0
ENSG00000238260,0.0
LINC00317,0.0
PAGE2B,0.0
ENSG00000238270,0.0
ENSG00000238272,0.0
ENSG00000238273,0.0
ENSG00000238277,0.0
ENSG00000238279,0.0
ENSG00000238280,0.0
ENSG00000238282,0.0
LINC01448,0.0
EXO5-DT,0.009047921
ERRFI1-DT,0.0013222276
ENSG00000238291,0.0
LINC02031,0.0
LINC02023,0.0
FHL1P1,0.0
TTTY23,0.0
TXNDC5,0.014808878
LINC03051,0.0
ENSG00000239300,0.0
ENSG00000239311,0.0
MORC1-AS1,0.0
ATP6V1B1-AS1,0.0
LLPH-DT,0.0
ZNF775-AS1,0.0
ENSG00000239381,0.0
ASB14,0.0
PCDHA13,0.0
ENSG00000239395,0.0
ENSG00000239415,0.0
LINC02008,0.0
ST3GAL6-AS1,0.00568104
SIDT1-AS1,0.0
LINC02047,0.0
KLHL41,0.0
ENSG00000239480,0.0
ENSG00000239482,0.0
PLCH1-AS1,0.0
POM121L7P,0.0
LINC01210,0.0
CADM2-AS1,0.0
CASTOR3P,0.024709467
MYLK-AS1,0.019432342
HOXB-AS2,0.0
IGKV2D-30,0.0
ENSG00000239572,0.0
LINC00879,0.0
OR1J4,0.0
ENSG00000239593,0.0
STPG4,0.0
RUVBL1-AS1,0.0
ENSG00000239628,0.0
PLS1-AS1,0.0
MEIKIN,0.0
PSMD6-AS2,0.008614266
ENSG00000239661,0.0
PDZRN3-AS1,0.0
HSPA5-DT,0.0
ENSG00000239715,0.0
ENSG00000239716,0.0
HLTF-AS1,0.0
TLR9,0.0
ENSG00000239739,0.0
ENSG00000239767,0.0
TTC14-DT,0.0
WBP1,0.017526751
ENSG00000239791,0.0
ITIH4-AS1,0.0
PRAMEF11,0.0
IGKV1D-8,0.0
CCDC54-AS1,0.0
DEFA3,0.0
IGKV1-6,0.0
GET4,0.009773495
IGKV1-37,0.0
IGSF11-AS1,0.0
KRTAP9-2,0.0
C1orf226,0.04010514
ENSG00000239906,0.0
ENSG00000239920,0.0
LINC01471,0.0
ENSG00000239922,0.0
LINC02917,0.0
TRBV8-2,0.0
ENSG00000239945,0.0
ZBTB20-AS3,0.0
IGKV3-20,0.0
IGKV1D-33,0.0
ENSG00000239991,0.0
TRBVA,0.0
ENSG00000239994,0.0
STIM2-AS1,0.034393556
LINC02004,0.0
SLC9A9-AS1,0.0
ENSG00000240015,0.0
TEX35,0.0
LNCSRLR,0.0
ENSG00000240033,0.0
AMY2B,0.08705465
ENSG00000240040,0.0
IGHJ4,0.0
STRIT1,0.0005859555
LY6G5B,0.0
ENSG00000240056,0.0
NEPRO-AS1,0.0
ATP11B-DT,0.0
ENSG00000240093,0.0
ENSG00000240095,0.0
ERICH6-AS1,0.031760637
LINC02271,0.0
MAGI1-AS1,0.0
PCDHGC3,0.0
ARHGEF3-AS1,0.0
SMKR1,0.0122501105
ENSG00000240207,0.0025589273
PPP1R35-AS1,0.0
TRBV25OR9-2,0.0
ENSG00000240219,0.0
ENSG00000240241,0.0
DEFA1B,0.0
B4GALT4-AS1,0.0
GHRLOS,0.0005743647
ACAD11,0.01419593
SOCAR,0.0
ENSG00000240354,0.0
SEC62-AS1,0.0
IGKV1-17,0.0
LCE1F,0.0
KIR3DL2,0.0
SAMMSON,0.0
LINC00636,0.0
KRTAP13-3,0.0
REPIN1-AS1,0.0
CSPG4P1Y,0.0
LINC00973,0.0
ENSG00000240478,0.0
ENSG00000240497,0.0
CDKN2B-AS1,0.0
ENSG00000240499,0.0
TNFRSF13B,0.0
ENSG00000240521,0.0
TM4SF1-AS1,0.0
KRTAP9-1,0.0
THOC7-AS1,0.0
ENSG00000240553,0.0
LINC01472,0.0
L1TD1,0.0
LINC02067,0.0
ENSG00000240571,0.0
ENSG00000240573,0.0
TRBV22-1,0.0
ENSG00000240591,0.0
KCNAB1-AS2,0.0
C1QTNF9,0.0
MME-AS1,0.0
IGKV1-8,0.0
ENSG00000240687,0.0
LINC01168,0.0
LINC02030,0.0
ENSG00000240710,0.0
LRRD1,0.0
KRBOX1,0.04891542
PCDHGC5,0.0
PLCXD2-AS1,0.0
C21orf91-OT1,0.0
ENSG00000240777,0.0
SND1-DT,0.0
ENSG00000240792,0.0
ENSG00000240842,0.0
IGKV1-16,0.0
C1QTNF9-AS1,0.0
KRTAP4-7,0.0
PLCXD2,0.37751195
LINC02042,0.0
ENSG00000240895,0.0
ENSG00000240915,0.0
LSAMP-AS1,0.0
ENSG00000240963,0.0
ENSG00000240973,0.0
ENSG00000240980,0.0
HOXA11-AS,0.014252357
ENSG00000241042,0.0
ENSG00000241048,0.0
ENSG00000241054,0.0
ENSG00000241059,0.0
ENSG00000241073,0.0
LINC01994,0.0
PRICKLE2-AS2,0.0
HLA-DOB,0.0
PRICKLE2-AS1,0.0057772594
UGT1A9,0.007247788
KRTAP10-5,0.0
OR14A2,0.0
LINC02032,0.0
LINC00881,0.0
ZNF722,0.0
LINC02066,0.0
ARHGAP31-AS1,0.0
ADAMTS9-AS1,0.09645861
LINC00877,0.0042877127
ENSG00000241168,0.0
ENSG00000241169,0.0
CRIPTO,0.015323417
ZIC4-AS1,0.0
IQCJ-SCHIP1-AS1,0.0
LINC02024,0.0
LOLI1,0.0
LINC03109,0.0
C3orf85,0.01370547
ENSG00000241231,0.0
KRTAP5-8,0.014789412
KRTAP4-16,0.0
IGKV1D-16,0.0
ENSG00000241269,0.0
IGKV2-24,0.0
ZBTB20-AS2,0.010312585
WWTR1-AS1,0.003914056
FBXW10B,0.0
ENSG00000241324,0.0
LINC02070,0.0
LINC01487,0.0
ENSG00000241345,0.0
IGKV3-11,0.0
ENSG00000241357,0.0
SYNPR-AS1,0.0
PDXP,0.0
LINC01192,0.0
LINC01997,0.0
LINC00903,0.0
EGFL8,0.0
ENSG00000241449,0.0
ENSG00000241456,0.0
PLSCR5-AS1,0.0
LINC00635,0.0
SSX2,0.0
MECOM-AS1,0.0
ARHGAP8,0.01896449
ENSG00000241489,0.0
ENSG00000241490,0.0
ENSG00000241505,0.0
ENSG00000241525,0.0
LINC02029,0.0
ZBTB20-AS1,0.0
CORT,0.0
IGKV2D-24,0.0
PAQR9-AS1,0.0
ENSG00000241593,0.0
KRTAP9-4,0.0
KRTAP5-4,0.0
ENSG00000241599,0.0
UGT1A1,0.0016009455
CADM2-AS2,0.0
TRBV11-2,0.0
ENSG00000241666,0.0
ENSG00000241667,0.0
LINC01327,0.0
ENSG00000241690,0.0
LINC02053,0.0
TMEFF1,0.0
ENSG00000241720,0.0
XACT,0.0
ENSG00000241754,0.0
IGKV1-9,0.0
LINC01324,0.0
SPRR2A,0.0
SCG5-AS1,0.0
CECR3,0.0
ENSG00000241881,0.0
ENSG00000241882,0.0
ENSG00000241884,0.0
TRBVB,0.0
ENSG00000241921,0.0
DENND6A-DT,0.0
HOGA1,0.071049616
ENSG00000241954,0.0
LINC03000,0.0
ENSG00000241962,0.0077764858
ENSG00000242009,0.0
ENSG00000242012,0.0
KIR3DL3,0.0
ENSG00000242029,0.0
LINC01743,0.0
DNAJB8-AS1,0.0
ENSG00000242072,0.0
IGKV1-33,0.0
ENSG00000242078,0.0
SLC5A4-AS1,0.0
LRRC78P,0.0
LINC01100,0.0
AMACR,0.0040888125
MTFP1,0.054600466
MDFIC2,0.0
ENSG00000242145,0.0
LASTR,0.0
ENSG00000242154,0.0
ARHGDIG,0.0
ENSG00000242190,0.0
HOXB-AS4,0.0
TCP10L,0.0017953934
PSG2,0.0
NECTIN3-AS1,0.0
BGLAP,0.0041891895
LINC00996,0.0
PEG10,0.076466545
LINC02082,0.0
ENSG00000242282,0.007890661
ZBTB20-AS5,0.0
ENSG00000242317,0.0
LINC02025,0.0
CT47A2,0.0
UGT1A8,0.0
KCNAB1-AS1,0.0
IGKV1-39,0.0
LINC00901,0.0
RBMY1E,0.0
ENSG00000242391,0.0
ENSG00000242407,0.0
PCDHGC4,0.0
CFAP20DC-AS1,0.0
LINC02046,0.0
GTF2A1L,0.0
IGHJ5,0.0
LINC03015,0.0040005683
LINC01206,0.0
UGT1A10,0.0
KLHL6-AS1,0.0
IGKV2D-28,0.0
ENSG00000242536,0.0
ENSG00000242545,0.0
SERPINB10,0.0
ENSG00000242553,0.0
ENSG00000242568,0.0
ENSG00000242578,0.0
IGKV1D-43,0.0
ENSG00000242593,0.0
ENSG00000242611,0.0
DECR2,0.04116684
ENSG00000242618,0.0
GSK3B-DT,0.0
ENSG00000242628,0.0
LINC00971,0.0
ENSG00000242659,0.0
LINC02010,0.0
PDE6B-AS1,0.0
CNTF,0.0
CCDC169,0.0
RTL5,0.03300057
TRBV1,0.0
LINC02005,0.0
IGKV1D-17,0.0
ZBTB20-AS4,0.0
TRBV5-2,0.0
ENSG00000242775,0.0
LINC02050,0.0
ENSG00000242790,0.0
PFN2-AS1,0.0
ENSG00000242798,0.0
ENSG00000242816,0.0
ENSG00000242828,0.0
ZNF709,0.008437282
STRC,0.003432209
RBMY1B,0.0
ENSG00000242880,0.0
IGHJ3,0.0
FLNC-AS1,0.0
AADACL2-AS1,0.0
PLCH1-AS2,0.0
ERVW-1,0.0
TDRD6-AS1,0.0
ENSG00000243018,0.0
GK-AS1,0.0
ENSG00000243062,0.0
IGKV3-7,0.0
PRAMEF4,0.0
ENSG00000243081,0.007735062
LINC00870,0.0
ENSG00000243089,0.0
PSG11,0.0
PSG4,0.0
LINC02932,0.0
LINC02040,0.0
ENSG00000243155,0.0
CCDC39-AS1,0.0
TUSC7,0.0
PPAN-P2RY11,0.0
TWF2-DT,0.0
ENSG00000243230,0.0
PCDHAC2,0.0
IGKV2-30,0.0
ENSG00000243243,0.0
IGKV2D-29,0.0
ENSG00000243273,0.0
ENSG00000243276,0.0
VSIG8,0.01964732
IGKV1-12,0.0
CFAP20DC-DT,0.0
ENSG00000243296,0.0
ENSG00000243305,0.0
LINC01998,0.0
ENSG00000243345,0.0
LINC02045,0.0
MCCC1-AS1,0.0
ENSG00000243384,0.0
PSMD6-AS1,0.0
TICAM2,0.0
ENSG00000243415,0.0
ENSG00000243433,0.0
IGKV1-5,0.0
MNX1-AS1,0.0
AMY2A,0.007201442
MIR1302-2HG,0.0
ENSG00000243486,0.0
KRTAP10-11,0.0
ENSG00000243491,0.0
ENSG00000243501,0.0
TNFRSF6B,0.0
IGLVIVOR22-2,0.0
WFDC6,0.0
LINC01214,0.0
UPK3B,0.0
LINC02017,0.0
ENSG00000243574,0.0
LINC02049,0.0
ENSG00000243613,0.0
ENSG00000243620,0.0
SMIM34,0.0
LINC00880,0.0
ENSG00000243636,0.0
CFB,0.010444231
ENSG00000243655,0.0
ZNF487,0.038842227
LINC02027,0.0059758276
ENSG00000243696,0.0
PLA2G4B,0.0
LEFTY1,0.0
CFAP57,0.0
CACNA2D3-AS1,0.0
OR5V1,0.0
ENSG00000243733,0.0
TMEM35B,0.0033636754
ENSG00000243762,0.0
HOTTIP,0.0
KIR2DL3,0.0
JMJD7,0.0
LINC02044,0.0
PEX5L-AS1,0.0
CFAP61-AS1,0.0
APOBEC3D,0.0010698139
HLMR1,0.0
LINC02000,0.0
CFAP44-AS1,0.0
ENSG00000243861,0.0
ENSG00000243885,0.0
TRBV8-1,0.0
OR2A7,0.0
ENSG00000243903,0.0
TUBA4B,0.0
ENSG00000243953,0.0
PARAL1,0.0
ENSG00000243969,0.0
RTL9,0.0
ACY1,0.011569642
MT1HL1,0.0
KRTAP19-3,0.0
UBE2H-DT,0.0
IL12A-AS1,0.0
ENSG00000244055,0.0
LCE3C,0.0
SPRR2F,0.0
IGKV2-28,0.0
UGT1A7,0.0048058718
ATP1B3-AS1,0.0
LINC01322,0.0
ENSG00000244137,0.0
ENSG00000244151,0.0
CALHM6-AS1,0.0
FLNB-AS1,0.0
P2RY11,0.010905089
PELP1-DT,0.010447021
ARHGEF35-AS1,0.0
FOXP1-AS1,0.0
LINC02016,0.0
LRRC77P,0.0
ICA1-AS1,0.0059171184
ENSG00000244255,0.0
SIAH2-AS1,0.0
DBNDD2,0.0022007148
ENSG00000244278,0.0
ITGB5-AS1,0.0
PEX5L-AS2,0.0
ENSG00000244310,0.0
LINC01326,0.0
ENSG00000244337,0.0
LINC00698,0.0
ENSG00000244345,0.0
LY6G6D,0.0
ENSG00000244358,0.0
KRTAP19-7,0.0
ENSG00000244380,0.0
FAM3D-AS1,0.0
RBMY1D,0.0
KRTAP5-7,0.0
IGKV3-15,0.0
LINC02077,0.0
ENSG00000244464,0.0053388244
TPTE2P3,0.0
UGT1A4,0.0
ERVFRD-1,0.0
SCARF2,0.0
ENSG00000244491,0.0
SLC9A9-AS2,0.0
HDAC11-AS1,0.0
KRTAP4-2,0.0
LINC01213,0.011356232
KCNK15-AS1,0.0
PRICKLE2-DT,0.0
IGKV1-27,0.0
LINC01391,0.0
WNT5A-AS1,0.0
RAD21L1,0.0
CCDC13,0.0060741166
ASPRV1,0.0045199706
ENSG00000244619,0.0
OR2AE1,0.0
KRTAP20-1,0.0
LINC02086,0.006056231
TRBV12-1,0.0
ENSG00000244676,0.0
CTAGE8,0.0
PTCHD4,0.0026602938
ENSG00000244706,0.0
C4A,0.0
ENSG00000244733,0.0
CRYBB2,0.012388367
ENSG00000244757,0.0
ENSG00000244791,0.0
ALKBH3-AS1,0.0
RUFY1-AS1,0.0
ENSG00000244953,0.0
LIFR-AS1,0.039776757
ASTILCS,0.0
ENSG00000245008,0.0
LINC02453,0.011416013
ENSG00000245025,0.0030271115
C16orf46-DT,0.0
IGFBP7-AS1,0.0024474915
MIR3150BHG,0.0
A2M-AS1,0.007300719
SMARCA5-AS1,0.0
ARAP1-AS2,0.0
RNF139-DT,0.009871447
ENSG00000245156,0.0
GALNT7-DT,0.0
USP2-AS1,0.001456173
ENSG00000245261,0.0
SAP30L-AS1,0.0033790297
ASAH1-AS1,0.013408751
CYP2U1-AS1,0.0
BMAL2-AS1,0.0
H2AZ1-DT,0.0
DEPTOR-AS1,0.0034499906
CXXC4-AS1,0.0
ENSG00000245385,0.0
TTC9-DT,0.0
LINC02447,0.019915381
ENSG00000245482,0.0
MSANTD2-AS1,0.0
LINC02709,0.00438385
MIR9-2HG,0.0032383471
RORA-AS1,0.0036838178
LNCRNA-IUR,0.008117081
BDNF-AS,0.017296985
DACT3-AS1,0.0
DDX11-AS1,0.0011110853
ENSG00000245651,0.0
LINC02211,0.0
ENSG00000245667,0.0
ZNF585B,0.02899915
FRG1-DT,0.0
NADK2-AS1,0.0
SKOR1-AS1,0.0
LINC02226,0.0
ENSG00000245748,0.0
DRAIC,0.008975239
ENSG00000245768,0.0
LINC02202,0.001366153
MIR4300HG,0.0
GS1-24F4.2,0.0032164147
MEF2C-AS2,0.0
ENSG00000245869,0.0
LINC00682,0.0
SDAD1-AS1,0.0
LINC02273,0.008220513
RPL30-AS1,0.0
MINDY2-DT,0.005755764
ALDH1L1-AS2,0.009417352
LINC02325,0.0
MCPH1-DT,0.029425006
ENSG00000246090,0.001855909
LINC01096,0.0
TNFRSF10B-AS1,0.0
RRS1-DT,0.0010153336
KCTD21-AS1,0.0
P4HA3-AS1,0.0
RETREG1-AS1,0.0
LINC01550,0.031143405
ENSG00000246225,0.002364309
CASC8,0.0
ENSG00000246250,0.0
UBR5-DT,0.011623673
SBF2-AS1,0.055563156
ENSG00000246308,0.0
ENSG00000246316,0.0
FAM13B-AS1,0.0
PRR7-AS1,0.0
EXTL3-AS1,0.0
ZBED9-AS1,0.0
LINC02458,0.0
LACTB2-AS1,0.0
PPM1K-DT,0.0
GNAO1-DT,0.0
ZNF84-DT,0.0
DIAPH1-AS1,0.0
LINC00968,0.0
ENSG00000246465,0.0
ENSG00000246477,0.0
FZD4-DT,0.009156904
LINC02481,0.005194736
SLCO5A1-AS1,0.0
SMARCAD1-DT,0.0
LINC02288,0.002644701
PICART1,0.0
CIBAR1-DT,0.0
MGC16275,0.0
PLA2G4E-AS1,0.0
RGMB-AS1,0.031918596
COL25A1-DT,0.0
DYNC1LI2-DT,0.0
SORL1-AS1,0.0
ENSG00000246792,0.0
RIC3-DT,0.0
ENSG00000246851,0.00856222
LINC02466,0.0
DNM1P35,0.008235042
CTTN-DT,0.008178571
BRPF3-AS1,0.005505833
ENSG00000247011,0.0
ENSG00000247033,0.0025112613
ENSG00000247049,0.0
BAALC-AS1,0.003156417
ENSG00000247121,0.013592659
ENSG00000247130,0.0
ENSG00000247131,0.0026202048
ENSG00000247134,0.0052687726
CSTF3-DT,0.0
LINC01252,0.0026022093
ENSG00000247193,0.0
FBXO38-DT,0.0025897543
LINC01498,0.0
ENSG00000247228,0.0019025173
ENSG00000247311,0.0
LY6E-DT,0.0034411084
ENSG00000247324,0.0
ENSG00000247345,0.0
NUP107-DT,0.0021464985
ENSG00000247372,0.0
TMED2-DT,0.0012395576
PLUT,0.0
DNAJC3-DT,0.027435226
ENSG00000247402,0.0
ENSG00000247416,0.0
CARS1-AS1,0.0
CPEB2-DT,0.0
MARS2,0.015995452
LRP4-AS1,0.0
ENSG00000247679,0.0018917251
FABP6-AS1,0.0
ARHGAP11B-DT,0.0023134518
KCTD13-DT,0.0
ENSG00000247765,0.0030173182
SNCA-AS1,0.0
MOCS2-DT,0.024547918
ENSG00000247853,0.0
DGAT2-DT,0.0
FAM174A-DT,0.003709579
TM7SF3-AS1,0.0
ENSG00000247925,0.0
ENSG00000247934,0.014889731
ENSG00000247970,0.0
LINC00926,0.003543153
FOXD1-AS1,0.0
ENSG00000248015,0.005631773
FAM13A-AS1,0.018052964
ARHGAP42-AS1,0.0
ENSG00000248029,0.0
SYBU-AS1,0.0
DPH6-DT,0.0094699925
BCKDHA,0.02980434
INSL3,0.0
ENSG00000248100,0.0
LINC02039,0.0
MARCOL,0.0
ENSG00000248112,0.0033287348
ENSG00000248115,0.030941134
LINC01019,0.0
ENSG00000248125,0.0
SV2C-AS1,0.0
LINC01194,0.0
LINC02101,0.0
ENSG00000248137,0.0
ENSG00000248138,0.0
LINC02383,0.0
ENSG00000248145,0.0
ENSG00000248148,0.0
LINC02150,0.0
ANK2-AS1,0.0
ENSG00000248161,0.009143045
ENSG00000248165,0.0
TRIM39-RPP21,0.0
ENSG00000248172,0.0
LINC02268,0.0
ENSG00000248176,0.0
LINC02283,0.0
ENSG00000248187,0.003960686
ATG10-AS1,0.0
ENSG00000248195,0.0
LINC00290,0.0
ENSG00000248199,0.0
ENSG00000248203,0.0
LINC02355,0.0
TRPC7-AS1,0.0
LINC02505,0.0
SLIT3-AS1,0.0
ENSG00000248223,0.0
LINC02513,0.0
ENSG00000248235,0.0
LINC02438,0.0
ENSG00000248242,0.0
LINC02014,0.0
ENSG00000248245,0.0
ENSG00000248254,0.0
OCIAD1-AS1,0.0
ENSG00000248261,0.0
ENSG00000248262,0.0
ENSG00000248268,0.0
LINC02120,0.0
ENSG00000248296,0.0
LINC02360,0.0
LINC00616,0.0
MEF2C-AS1,0.0
ENSG00000248317,0.0
ENSG00000248318,0.0
LINC02275,0.0035705413
LUCAT1,0.0
APELA,0.0
LINC00613,0.0
ENSG00000248335,0.0
LINC02472,0.0
LINC02504,0.0
ENSG00000248343,0.0
ENSG00000248356,0.0
ENSG00000248358,0.0
LINC00504,0.0
ENSG00000248362,0.0
ENSG00000248363,0.0
TRAJ51,0.0
ENSG00000248367,0.007511218
ENSG00000248369,0.0
LINC02434,0.0
ENSG00000248373,0.003168884
ENSG00000248378,0.0
PCDHAC1,0.0
TARM1,0.0
HAFML,0.0
LINC02064,0.0
ENSG00000248393,0.0
LINC00498,0.0
PRR5-ARHGAP8,0.005324939
LINC02469,0.0
ENSG00000248416,0.0
ENSG00000248417,0.0
ENSG00000248425,0.0
ENSG00000248428,0.0
ENSG00000248431,0.0
ENSG00000248434,0.0
ENSG00000248440,0.0
ENSG00000248443,0.0
SEMA6A-AS1,0.0
LINC02217,0.0
LINC02485,0.0
LINC02220,0.0
ENSG00000248458,0.0
FGF10-AS1,0.0
ENSG00000248468,0.0019321992
ENSG00000248469,0.0
LINC01962,0.0
LINC02122,0.0
ENSG00000248475,0.0
ENSG00000248479,0.0
ENSG00000248482,0.0
ENSG00000248484,0.0
PCP4L1,0.0054392125
CHD1-DT,0.004891307
ENSG00000248490,0.0
ENSG00000248491,0.0
ZFAT-AS1,0.0
LINC02380,0.0
LINC02267,0.0
ENSG00000248511,0.0
ENSG00000248514,0.0
ENSG00000248515,0.0
ENSG00000248516,0.0
LINC02437,0.0
LINC02058,0.0
ENSG00000248529,0.0
ENSG00000248537,0.0
PPP1R3B-DT,0.003364077
LINC02117,0.0
ENSG00000248540,0.0
ENSG00000248544,0.0
ENSG00000248545,0.0
OTX2-AS1,0.0
ENSG00000248551,0.0
C5orf34-AS1,0.0
ENSG00000248567,0.0
ENSG00000248571,0.0
EGFLAM-AS2,0.0
ENSG00000248576,0.0037336226
GDNF-AS1,0.0011267834
ENSG00000248588,0.0
STIMATE-MUSTN1,0.0027845828
ENSG00000248596,0.0
ENSG00000248597,0.0
SLEAR,0.0
ENSG00000248600,0.0
ENSG00000248601,0.0
ENSG00000248605,0.0
ENSG00000248607,0.0
ENSG00000248627,0.0
ENSG00000248629,0.0
RBM14-RBM4,0.004024439
ENSG00000248647,0.0
ENSG00000248656,0.0
LINC00992,0.0
ENSG00000248664,0.0
ENSG00000248667,0.0
LY75-CD302,0.0
LINC01331,0.0
ENSG00000248676,0.0
LINC02102,0.0
LINC02484,0.0
HAS2-AS1,0.0
ADGRL3-AS1,0.0
LINC02100,0.0
ENSG00000248694,0.0
LINC01085,0.0
ENSG00000248701,0.0
LINC02415,0.0
LINC02144,0.0
ENSG00000248709,0.0
TRIM59-IFT80,0.0
C4orf54,0.0058963527
ZNF652-AS1,0.0
LINC02222,0.0
PRDM8-AS1,0.0
NPHP3-AS1,0.0
LINC01948,0.0
EGFLAM-AS4,0.0
ENSG00000248733,0.0
ENSG00000248736,0.0
ENSG00000248738,0.0
LINC02428,0.0
ENSG00000248744,0.0
ACTN3,0.0
ENSG00000248747,0.0
ENSG00000248749,0.0
ENSG00000248751,0.0
ENSG00000248752,0.0
LINC02115,0.0
ENSG00000248758,0.0
ENSG00000248762,0.0
ENSG00000248764,0.0
FOXL3,0.0
SMIM31,0.0
ENSG00000248774,0.0
ENSG00000248779,0.0
ENSG00000248783,0.0
LINC02118,0.0
ENSG00000248790,0.0
ENSG00000248799,0.0
C8orf34-AS1,0.0
ENSG00000248802,0.0017971182
LINC01095,0.0
LINC02432,0.010162738
ENSG00000248813,0.0
ENSG00000248816,0.0
ENSG00000248837,0.0
ENSG00000248839,0.0
ENSG00000248842,0.0
LINC02753,0.0
LINC02065,0.0
LINC01574,0.0
LINC02511,0.0
ENSG00000248870,0.0
TNFSF12-TNFSF13,0.0
LINC02431,0.0
ENSG00000248876,0.0
ENSG00000248881,0.0
ENSG00000248884,0.0
FAM138E,0.0
ENSG00000248896,0.0
PELO-AS1,0.0
LINC01846,0.0
LINC02239,0.0
ENSG00000248912,0.0
ENSG00000248918,0.0
ATP5MF-PTCD1,0.0
USP17L19,0.0
PDCD6-DT,0.0
USP17L22,0.0
ENSG00000248935,0.0
ENSG00000248936,0.0
ENSG00000248939,0.0
ENSG00000248943,0.0
ENSG00000248949,0.0
ENSG00000248954,0.0
ENSG00000248962,0.0
ENSG00000248964,0.0
ENSG00000248965,0.0
ENSG00000248968,0.0036033578
ENSG00000248969,0.0
ENSG00000248973,0.0
ENSG00000248975,0.0
SPCS3-AS1,0.0
ENSG00000248984,0.0
LINC02758,0.0
ENSG00000248993,0.0
ENSG00000248994,0.0
LINC02231,0.0
PDLIM7-AS1,0.0
ENSG00000249000,0.0
ENSG00000249016,0.0
ENSG00000249017,0.0
ENSG00000249021,0.0
ENSG00000249022,0.0
ENSG00000249023,0.0
ENSG00000249028,0.0
CLMAT3,0.0
ENSG00000249036,0.0
ENSG00000249041,0.0
TRAV31,0.0
ENSG00000249049,0.0
ENSG00000249052,0.0
FAM138D,0.0
ENSG00000249061,0.0
LINC02496,0.0
EGFLAM-AS3,0.0
WSPAR,0.0029096536
EPIST,0.0
ENSG00000249084,0.0
TNPO1-DT,0.0
ZNF436-AS1,0.024722569
ENSG00000249094,0.0
LINC02362,0.0
ENSG00000249099,0.0
ENSG00000249100,0.0
ENSG00000249102,0.0
USP17L17,0.0
GPM6A-DT,0.0
ENSG00000249109,0.0
ENSG00000249111,0.0
ENSG00000249112,0.0
IRX4-AS1,0.0
LINC02215,0.0
PSD2-AS1,0.0
EPPIN-WFDC6,0.0
LINC02517,0.0
ENSG00000249150,0.0
LNCPRESS2,0.0
ENSG00000249153,0.0
TAF11L12,0.0
PCDHA11,0.0
LINC02213,0.0
PRPF39-DT,0.0
SEMA6A-AS2,0.0
ENSG00000249169,0.0
ENSG00000249171,0.0
LINC01093,0.0
ENSG00000249174,0.0
ENSG00000249175,0.0
ENSG00000249180,0.0
ENSG00000249186,0.0
TMEM132D-AS1,0.0
ENSG00000249198,0.0
ENSG00000249199,0.0
TERLR1,0.0038677775
ENSG00000249207,0.0
ENSG00000249209,0.0
ENSG00000249216,0.0
ENSG00000249219,0.0
ATP5MGL,0.0041145347
ENSG00000249225,0.0
ENSG00000249228,0.0
CASC16,0.007789047
ENSG00000249234,0.0
ENSG00000249236,0.011419189
ENSG00000249240,0.0
LINC02265,0.0
TICAM2-AS1,0.00828385
C1QTNF7-AS1,0.0
ENSG00000249258,0.0
ENSG00000249261,0.0
LINC00939,0.0
ENSG00000249275,0.0
ENSG00000249276,0.0
LINC02057,0.0
ENSG00000249290,0.0
ENSG00000249293,0.0
ENSG00000249295,0.0
LINC02174,0.0
ENSG00000249304,0.0
LINC01411,0.0
ENSG00000249309,0.0
APOBEC3B-AS1,0.0
ENSG00000249318,0.0
ENSG00000249319,0.0
CTD-2194D22.4,0.0
ENSG00000249328,0.0
ENSG00000249330,0.0
LINC02149,0.0
ENSG00000249334,0.0
LINC01333,0.0
LINC02405,0.0
LINC01016,0.0
ENSG00000249349,0.0
LINC02198,0.0
ENSG00000249359,0.0
LINC02488,0.0
LINC02997,0.0
ENSG00000249373,0.0
CASC11,0.0
LINC01060,0.0011893255
GCLC-AS1,0.0
LINC02071,0.0
FLJ12825,0.016206695
ENSG00000249392,0.0
CASC9,0.0
LINC02212,0.0
ENSG00000249403,0.0
ENSG00000249404,0.0
ENSG00000249405,0.0
TILAM,0.0
IL20RB-AS1,0.0
ENSG00000249409,0.0
ENSG00000249412,0.0
ENSG00000249413,0.0
ENSG00000249417,0.0
ENSG00000249419,0.0
ADAMTS19-AS1,0.0
LINC02477,0.0
ENSG00000249426,0.0
ENSG00000249429,0.0
LNCBRM,0.0
ENSG00000249441,0.0
TRAJ60,0.0
ENSG00000249451,0.0
ENSG00000249453,0.0
ENSG00000249458,0.0
ZNF286B,0.0056268685
LINC02500,0.0
LINC01091,0.0065106726
ZNF324B,0.009075786
ENSG00000249474,0.0
ENSG00000249478,0.0
ENSG00000249479,0.0
SPATS1,0.0
LINC01470,0.0
LINC01586,0.0
LINC02146,0.0
EGFLAM-AS1,0.0
DMXL1-DT,0.0041791643
LINC02075,0.0
LINC01179,0.0
MED28-DT,0.0
NEUROG2-AS1,0.0
ENSG00000249513,0.0
LINC02113,0.0
LINC01438,0.0
LINC02114,0.0
ENSG00000249526,0.0
MIR302CHG,0.0028861791
LINC01258,0.0
MCTP1-AS1,0.0
ENSG00000249547,0.0
LINC01234,0.0
LINC02216,0.0
ENSG00000249568,0.0
TARS1-DT,0.01046526
ENSG00000249574,0.0
CLRN2,0.0
LINC02225,0.0
ENSG00000249588,0.0
ENSG00000249590,0.0
ENSG00000249593,0.0
BMPR1B-DT,0.019619506
LINC01187,0.22111961
ENSG00000249602,0.0
ENSG00000249609,0.0
ZNF474-AS1,0.0
LINC02173,0.0
LINC02503,0.0
LINC02465,0.0
ENSG00000249621,0.0
PALLD-AS1,0.0
IFNAR2-IL10RB,0.0
LINC00942,0.0
ENSG00000249631,0.0
ENSG00000249635,0.0026135547
ANKHD1-DT,0.0
ENSG00000249639,0.0
HOXC13-AS,0.0
ENSG00000249642,0.0
LINC02900,0.0
CEP72-DT,0.0
ENSG00000249655,0.0
ENSG00000249658,0.0
LINC02218,0.0
ENSG00000249664,0.0
LINC01259,0.0
NOP14-AS1,0.026170505
ENSG00000249675,0.0
ENSG00000249678,0.0
ENSG00000249679,0.0
ENSG00000249685,0.0
ENSG00000249690,0.0
SPMAP2L,0.0
ENSG00000249695,0.0
ENSG00000249697,0.0
LINC02261,0.0
DDIT4L-AS1,0.0
ENSG00000249713,0.0
FER1L5,0.0
PARM1-AS1,0.0
ENSG00000249722,0.0
ENSG00000249725,0.0
ENSG00000249727,0.0
LINC02242,0.0
ENSG00000249737,0.0
ENSG00000249738,0.0134980045
OSMR-DT,0.011469419
ENSG00000249742,0.0
ENSG00000249743,0.002199431
ENSG00000249746,0.0
LINC02374,0.0
CAPSL-DT,0.0
ENSG00000249752,0.0
ENSG00000249753,0.0
ENSG00000249771,0.0
ENSG00000249772,0.0
ENSG00000249773,0.0
ENSG00000249776,0.0
LINC02112,0.0
ENSG00000249782,0.0
LINC02103,0.0
EAF1-AS1,0.0
ENSG00000249787,0.0
ENSG00000249791,0.0
ENSG00000249792,0.0
LINC02147,0.0
CTB-1I21.1,0.0
ENSG00000249806,0.0
ENSG00000249807,0.0
LINC01377,0.0
USP17L21,0.0
LINC02945,0.0
LINC00964,0.0023882042
ENSG00000249818,0.0
THBS4-AS1,0.0
LINC02162,0.0
ENSG00000249831,0.0
CFAP100-DT,0.0
VCAN-AS1,0.0
ENSG00000249842,0.0
LINC02021,0.0
ENSG00000249847,0.0
ENSG00000249849,0.0
HS3ST5,0.0
CDH18-AS1,0.0
ENSG00000249856,0.0
ENSG00000249857,0.0
LGALS16,0.0
ENSG00000249865,0.0
LINC02742,0.0
ENSG00000249868,0.0
ENSG00000249870,0.0
LINC02372,0.0
ENSG00000249875,0.0
ENSG00000249877,0.0
LINC02501,0.0
ENSG00000249883,0.0
RNF103-CHMP3,0.0
ENSG00000249892,0.0
ENSG00000249894,0.0
JAKMIP1-DT,0.0
MCPH1-AS1,0.0024179092
ITGA2-AS1,0.0
ENSG00000249901,0.0
NGFR-AS1,0.0
TRBV26,0.0
ENSG00000249916,0.0
LINC00536,0.0
LINC02891,0.0
ENSG00000249924,0.0
ENSG00000249926,0.0
GOLGA8K,0.0
LINC02223,0.0
ENSG00000249941,0.0
ENSG00000249942,0.0
ENSG00000249945,0.0
ENSG00000249951,0.0
ENSG00000249955,0.0
ENSG00000249959,0.0
TERB1,0.0
ENSG00000249966,0.0
ENSG00000249967,0.0
ENSG00000249971,0.0
TRGV7,0.0
ENSG00000249981,0.0
ENSG00000249982,0.0
TMEM158,0.069197
BFSP2-AS1,0.0
ENSG00000249994,0.0
PPIC-AS1,0.0
ENSG00000249998,0.0
GJD2-DT,0.0
ENSG00000250015,0.0
ARPIN-AP3S2,0.0
ENSG00000250024,0.0
ENSG00000250025,0.0
ENSG00000250027,0.0
ENSG00000250032,0.0
ENSG00000250034,0.0
IGKV1D-37,0.0
ENSG00000250038,0.0
ENSG00000250039,0.0
ENSG00000250041,0.0
LINC02514,0.0
ENSG00000250043,0.0
LINC00603,0.0
ENSG00000250049,0.0
LINC01018,0.005073096
ENSG00000250057,0.0
MAPK10-AS1,0.0
ENSG00000250064,0.0
ENSG00000250066,0.0
YJEFN3,0.011530496
SH3TC2-DT,0.0
ESAM-AS1,0.017385064
ENSG00000250075,0.0
ENSG00000250081,0.0
DNAH10OS,0.0
ENSG00000250092,0.0
NREP-AS1,0.0
ENSG00000250098,0.0
LINC02377,0.0
PANCR,0.0
ENSG00000250105,0.0
ANKRD33B-AS1,0.0
CACNA1G-AS1,0.0
RHOQ-AS1,0.0
PCDHA10,0.008649122
ENSG00000250122,0.0
ENSG00000250124,0.0
LINC02232,0.0
ENSG00000250126,0.0
LINC02108,0.0
ENSG00000250129,0.0
AGA-DT,0.0
ENSG00000250132,0.008218912
ENSG00000250137,0.0
LINC02276,0.0
ENSG00000250149,0.0
ENSG00000250150,0.0
ARPC4-TTLL3,0.0
SLC1A3-AS1,0.0
PKD2L2-DT,0.0029172204
ENSG00000250164,0.0
C2CD5-AS1,0.0
ENSG00000250167,0.0
ENSG00000250173,0.0
ENSG00000250180,0.0
ENSG00000250186,0.0
LINC02364,0.0
ENSG00000250192,0.0
ENSG00000250193,0.0
ENSG00000250195,0.0
LINC02199,0.0
ALDH1L1-AS1,0.0
ANKRD17-DT,0.004965955
ENSG00000250230,0.0
ENSG00000250240,0.0
PCDH10-DT,0.0
ENSG00000250242,0.0
ENSG00000250243,0.0
ENSG00000250250,0.0
LINC02430,0.0
PTTG2,0.0
ENSG00000250256,0.0
ENSG00000250258,0.0
ENSG00000250259,0.0
ENSG00000250260,0.0
LINC02509,0.0
ENSG00000250264,0.0
LINC01612,0.05205579
ENSG00000250267,0.0
ENSG00000250271,0.0
ENSG00000250274,0.0
ENSG00000250282,0.0
RDH10-AS1,0.0015235317
GIMD1,0.0
LINC01618,0.0
TRMT9B,0.039512042
MYOZ3-AS1,0.0
LINC02229,0.0
EDIL3-DT,0.0
USP38-DT,0.0
MGC32805,0.0
LINC01340,0.0
ENSG00000250333,0.0
LINC00989,0.0
PURPL,0.0
ENSG00000250338,0.0
LINC02494,0.0
LINC02510,0.0
STK32A-AS1,0.0
NDNF-AS1,0.0
ENSG00000250348,0.0
ENSG00000250349,0.0
ENSG00000250354,0.0
ENSG00000250357,0.0
LINC02200,0.0
GYPB,0.003754326
HEATR5A-DT,0.0
TUNAR,0.0
ENSG00000250371,0.0
TRIM75,0.0
ENSG00000250375,0.0
GSCAR,0.0
ENSG00000250378,0.0
ENSG00000250379,0.0
ENSG00000250383,0.0
ENSG00000250385,0.0
LINC02197,0.0
ENSG00000250390,0.0
LINC02502,0.0
ENSG00000250397,0.0
ENSG00000250402,0.0
ENSG00000250406,0.0
ENSG00000250407,0.0
ENSG00000250409,0.0
LRP2BP-AS1,0.0
SLC2A9-AS1,0.0
LINC02116,0.0
ENSG00000250421,0.0
KIAA1210,0.0
ENSG00000250424,0.0
LINC02148,0.0
FAM242C,0.06689006
CLSTN2-AS1,0.0
LINC02499,0.0
LINC02161,0.0
ENSG00000250438,0.0
LINC02105,0.0
MARCHF11-DT,0.0
HOXC-AS1,0.07257859
ENSG00000250453,0.0
LINC02260,0.0
PHOX2B-AS1,0.0
FAM218A,0.007279134
LINC02233,0.0
LINC02145,0.0
ENSG00000250493,0.0
ENSG00000250497,0.0
ENSG00000250501,0.0
ENSG00000250503,0.0
LINC02701,0.0
ENSG00000250509,0.0
LINC02125,0.0
ENSG00000250519,0.0
ENSG00000250522,0.0
ENSG00000250524,0.0
LINC02121,0.08330324
ENSG00000250532,0.0
NPY2R-AS1,0.0
ENSG00000250541,0.0
ENSG00000250543,0.0
LINC02059,0.0
LINC01303,0.0
ENSG00000250555,0.0
LINC02999,0.0
ENSG00000250572,0.0
ENSG00000250576,0.0
ENSG00000250577,0.0
ADAMTS16-DT,0.0
SMAD1-AS2,0.0
ENSG00000250583,0.0
LINC01511,0.0
LINC00604,0.0
LINC02492,0.0
ENSG00000250592,0.0
ENSG00000250596,0.0
ENSG00000250597,0.0
ROPN1L-AS1,0.0
ENSG00000250602,0.0
ENSG00000250603,0.0
ENSG00000250604,0.0
ENSG00000250614,0.0
ENSG00000250615,0.0
YPEL3-DT,0.0072663873
ENSG00000250619,0.0
LINC02515,0.0
ENSG00000250623,0.0
ENSG00000250626,0.0
ENSG00000250629,0.0
LINC02171,0.0
LINC01182,0.0
CXXC5-AS1,0.0
LY6G6F-LY6G6D,0.0
ENSG00000250643,0.0
ENSG00000250644,0.0
ENSG00000250646,0.0
ENSG00000250658,0.0
ENSG00000250659,0.0
ENSG00000250665,0.0
LINC01596,0.0
LINC02123,0.0
REELD1,0.0
ENSG00000250674,0.0
ENSG00000250681,0.0
LINC00491,0.0
ENSG00000250685,0.0
TRAJ55,0.0
ENSG00000250692,0.0
ENSG00000250694,0.0
ENSG00000250696,0.0
ENSG00000250697,0.0
ENSG00000250698,0.0
ENSG00000250699,0.0
ENSG00000250704,0.0
ENSG00000250706,0.0
LINC02269,0.0
CCDC169-SOHLH2,0.0
ENSG00000250714,0.0
P3R3URF,0.0
ENSG00000250723,0.0
ENSG00000250734,0.0
ENSG00000250735,0.0
LINC01262,0.0
ENSG00000250740,0.0
NT5C1B-RDH14,0.0
USP17L20,0.0
MSRB3-AS1,0.0
ENSG00000250751,0.0
LINC02436,0.0
ENSG00000250761,0.0
ENSG00000250764,0.0
SEPTIN14P5,0.0
ENSG00000250770,0.0
LINC01365,0.0
ENSG00000250775,0.0
ENSG00000250781,0.061562248
TAF11L14,0.0
ENSG00000250790,0.0049522263
ENSG00000250791,0.0
PRODH2,0.09153307
THOC3-AS1,0.0
ZNF475,0.0
ENSG00000250806,0.0
LINC02221,0.0
LINC02493,0.0
EXOC1L,0.0
LINC02111,0.0
ENSG00000250829,0.0
ENSG00000250831,0.0
ENSG00000250838,0.0
ENSG00000250842,0.0
USP17L18,0.0
EPHA5-AS1,0.0
ENSG00000250850,0.0
ENSG00000250855,0.0
ENSG00000250863,0.0
ENSG00000250865,0.0
ENSG00000250866,0.0050300383
ENSG00000250874,0.0
ENSG00000250877,0.0
ENSG00000250882,0.0
LINC02061,0.0
ENSG00000250887,0.0
LINC01455,0.0
LINC02208,0.0
ENSG00000250893,0.0
ENSG00000250899,0.0
TRIM7-AS1,0.0018328083
SMAD1-AS1,0.0
ENSG00000250905,0.0
ENSG00000250906,0.0
ENSG00000250908,0.0
ENSG00000250909,0.0
MAP9-AS1,0.0
USP17L23,0.0
ENSG00000250915,0.0
ENSG00000250920,0.0
LINC02063,0.0
LINC01181,0.0
LNX1-AS1,0.0
ENSG00000250934,0.0
MAD2L1-DT,0.0
ENSG00000250945,0.0
TRPC7-AS2,0.0
ENSG00000250949,0.0
ENSG00000250950,0.0
ENSG00000250954,0.0
ENSG00000250955,0.0
LINC00492,0.0
LINC02382,0.0
ENSG00000250969,0.0
ENSG00000250971,0.0
LINC02196,0.0
ENSG00000250976,0.0
ENSG00000250977,0.0
MARCHF11-AS1,0.0
LINC02600,0.00548043
ENSG00000250990,0.0
ENSG00000250992,0.0
ENSG00000250993,0.0
ENSG00000250994,0.0
ENSG00000250999,0.005762316
ENSG00000251009,0.0
ENSG00000251010,0.0
TMEM108-AS1,0.0
ENSG00000251012,0.0
SLC25A30-AS1,0.00421449
HMMR-AS1,0.0
NIHCOLE,0.0
LINC01950,0.0
ENSG00000251031,0.0
ENSG00000251033,0.0
IGKV2D-40,0.0
LINC02480,0.0
SLC25A48-AS1,0.0
ENSG00000251048,0.0
ENSG00000251049,0.0
ENSG00000251054,0.0
ENSG00000251055,0.0
ENSG00000251058,0.0
PRKG2-AS1,0.0
LINC02512,0.0051177423
LMNB1-DT,0.0
HTT-AS,0.0
ENSG00000251076,0.0
ENSG00000251080,0.0
ENSG00000251081,0.0
ENSG00000251088,0.0
ENSG00000251093,0.0
ENSG00000251095,0.0
ENSG00000251125,0.0
ENSG00000251126,0.0
ENSG00000251127,0.0
WWC2-AS1,0.0
LINC02506,0.0
ENSG00000251131,0.0
ENSG00000251132,0.0
LINC02882,0.0
ENSG00000251139,0.012411843
MRPS30-DT,0.024601333
ENSG00000251143,0.0030553257
ENSG00000251148,0.0
ENSG00000251152,0.0
ENSG00000251161,0.0
F11-AS1,0.0
ENSG00000251168,0.0
LINC01843,0.0
ENSG00000251170,0.0
ENSG00000251171,0.0
UCHL1-DT,0.0
GSTCD-AS1,0.0
ENSG00000251176,0.0
TMEM92-AS1,0.0
LINC02497,0.0
LINC01861,0.0
ENSG00000251184,0.0
ENSG00000251185,0.0
ENSG00000251186,0.0
ENSG00000251187,0.0
ENSG00000251189,0.0
LINC00589,0.0
ZNF674,0.012004298
ENSG00000251199,0.0
ENSG00000251200,0.0
TMED7-TICAM2,0.0032880006
ENSG00000251205,0.0
TILRLS,0.0
LINC00923,0.0
LINC02270,0.0
ENSG00000251213,0.0
ENSG00000251214,0.0
ENSG00000251216,0.0
LINC01337,0.0
CNOT10-AS1,0.0
LINC02714,0.0046866313
MIR3945HG,0.0
ENSG00000251239,0.0
ENSG00000251244,0.0
EFNA4-EFNA3,0.0
ENSG00000251248,0.0
ENSG00000251250,0.0
LINC02358,0.0
ENSG00000251257,0.0
RFPL4B,0.0
ENSG00000251259,0.0023673356
WDFY3-AS1,0.0
ENSG00000251264,0.0
LINC02429,0.0
ENSG00000251270,0.0
LINC02228,0.0
MAGI2-AS1,0.0
SMIM15-AS1,0.0
ENSG00000251281,0.0
LINC02272,0.0
ALG1L2,0.0
LINC02462,0.0
ERVH-1,0.0
ENSG00000251293,0.0
ENSG00000251294,0.0
TMEM184C-DT,0.0
LINC02384,0.020471232
CCNO-DT,0.0
ENSG00000251309,0.0
ENSG00000251310,0.0
LINC02214,0.0
ENSG00000251320,0.0
PCAT4,0.0
LINC02728,0.0
LINC01386,0.0
ENSG00000251325,0.0
LINC02479,0.0
LINC02353,0.0
ENSG00000251330,0.0
ENSG00000251339,0.0
MSANTD3-TMEFF1,0.0
LINC02475,0.0
ENSG00000251357,0.0
WWC2-AS2,0.0
ENSG00000251361,0.0
LINC02315,0.0
SYT9-AS1,0.003004306
LINC02236,0.0
ENSG00000251367,0.0
SEMA5A-AS1,0.0
ENSG00000251371,0.0
LINC00499,0.0
ENSG00000251376,0.0
ENSG00000251377,0.0
DCANP1,0.0
LINC00958,0.029021412
LINC02483,0.0
ENSG00000251387,0.0
ENSG00000251388,0.0
ENSG00000251391,0.004774766
LINC01301,0.00082783523
LINC01256,0.0
ENSG00000251408,0.0
ENSG00000251409,0.0
ENSG00000251410,0.0
ENSG00000251412,0.0
ENSG00000251414,0.0
ENSG00000251417,0.0026430036
ENSG00000251421,0.0
ENSG00000251423,0.0
ENSG00000251426,0.0
LINC02615,0.005105805
ENSG00000251434,0.0
ENSG00000251438,0.0
LINC02160,0.0
CBR4-DT,0.0
ENSG00000251446,0.0
ENSG00000251448,0.0
RASGRF2-AS1,0.0014637875
ENSG00000251455,0.0
ENSG00000251458,0.0
ENSG00000251459,0.0
ENSG00000251460,0.0
ENSG00000251461,0.0
ENSG00000251471,0.0
ENSG00000251487,0.0
ENSG00000251488,0.0
ENSG00000251490,0.0
FOXD1,0.033111818
PITPNM2-AS1,0.0
CENPS-CORT,0.0
LINC01099,0.004643613
ENSG00000251510,0.0
ENSG00000251511,0.0
LIX1-AS1,0.0
ENSG00000251517,0.0
ENSG00000251523,0.0
LINC02435,0.0
ENSG00000251527,0.0
LINC00605,0.0060058734
ENSG00000251536,0.0
ENSG00000251537,0.0
LINC02201,0.0
LINC01957,0.0
LINC02230,0.0
IGKV1D-39,0.0
ENSG00000251555,0.0
ENSG00000251556,0.0
ENSG00000251567,0.0
ENSG00000251569,0.0
LINC02106,0.0
ENSG00000251574,0.0
LINC03123,0.0
LINC01267,0.0
TACR3-AS1,0.0
TRBV21-1,0.0
ENSG00000251584,0.0
TET2-AS1,0.0
ENSG00000251598,0.0
ENSG00000251599,0.015309319
GUSBP5,0.0
ENSG00000251601,0.0
MTA1-DT,0.005913191
LINC01385,0.0
FHIP1A-DT,0.0
ENSG00000251615,0.024568206
ENSG00000251616,0.0
LINC02508,0.0
STPG2-AS1,0.0
ENSG00000251623,0.0
LINC02241,0.0
LINC02172,0.0
LINC02278,0.0
LINC02754,0.024587236
ENSG00000251642,0.0
LINC02379,0.0
PRB1,0.0
ENSG00000251661,0.0135089895
PCDHA12,0.0039693215
ENSG00000251665,0.0
ENSG00000251670,0.0
ENSG00000251675,0.0
SNHG27,0.0
ENSG00000251680,0.0
ENSG00000251687,0.0
LINC02507,0.0
PTX4,0.0
ENSG00000253100,0.0
ENSG00000253102,0.0
LINC01609,0.0
ENSG00000253105,0.0
ENSG00000253106,0.0
ENSG00000253108,0.0
ENSG00000253110,0.0
TRIB1AL,0.0
ENSG00000253112,0.0
ENSG00000253116,0.0
OC90,0.0
IGLV2-34,0.0
ENSG00000253121,0.0
ENSG00000253122,0.0
IGLVI-56,0.0
IGKV2D-36,0.0
ENSG00000253130,0.0
IGHV7-56,0.0
IGHV3-62,0.0
GPAT4-AS1,0.0
ENSG00000253134,0.0
LINC00967,0.0
LINC02947,0.0
ENSG00000253141,0.0
ENSG00000253143,0.0
LINC03023,0.0
RGS21,0.0
IGHVII-28-1,0.0
IGLV3-17,0.0
ENSG00000253154,0.0
IGKV3-31,0.0
LINC01605,0.0
ENSG00000253163,0.0
ENSG00000253164,0.0
ENSG00000253165,0.0
WASHC5-AS1,0.0
ENSG00000253168,0.0
IGHVII-65-1,0.0
ENSG00000253170,0.0
ENSG00000253171,0.0
ENSG00000253172,0.0
ENSG00000253174,0.0
ENSG00000253177,0.0
ENSG00000253181,0.0
LINC02948,0.0
ENSG00000253184,0.0
HOXA10-AS,0.08464936
TRBV6-7,0.0
ENSG00000253189,0.0
ENSG00000253190,0.0
IGKV1D-32,0.0
ENSG00000253194,0.0036259932
ENSG00000253196,0.0007896427
LINC02153,0.0
ENSG00000253200,0.0011274749
IGKV3-25,0.0
ENSG00000253205,0.0
ENSG00000253206,0.0
ENSG00000253207,0.0
IGHV3-65,0.0
DENND3-AS1,0.0058240276
ENSG00000253214,0.0
ENSG00000253215,0.0
ENSG00000253217,0.0
ENSG00000253220,0.0
ENSG00000253227,0.0
MIR124-1HG,0.0
IGLV2-5,0.0
LINC02143,0.0
ENSG00000253238,0.0
IGLVI-70,0.0
IGHV3-36,0.0
IGHV3-50,0.0
IGLVIV-64,0.0
ENSG00000253244,0.0
IGHV3-76,0.0
C8orf88,0.018174747
ENSG00000253252,0.0
FAM83A-AS2,0.0
ENSG00000253260,0.0
ENSG00000253263,0.0
IGKV2-14,0.0
ENSG00000253266,0.0
DLGAP2-AS1,0.0
ENSG00000253269,0.0
ENSG00000253270,0.0
IGHV1-67,0.0
ENSG00000253275,0.0
IGKV2-10,0.0
LINC02209,0.0
ENSG00000253280,0.0
ENSG00000253282,0.0
ENSG00000253286,0.0
ENSG00000253287,0.0
ENSG00000253288,0.0018204722
TRBV7-7,0.0
HOXA10,0.067689404
IGHVII-40-1,0.0
ENSG00000253295,0.0
LINC01845,0.0
ENSG00000253300,0.0
LINC01606,0.011858855
STAU2-AS1,0.0
IGHVIII-82,0.0
PCDHGB6,0.010599677
ENSG00000253307,0.0
ENSG00000253308,0.0
SERPINE3,0.0
IGHVIII-76-1,0.0
LINC01847,0.0
LINC00293,0.0
LINC01932,0.0
ENSG00000253317,0.0
MAILR,0.043441102
ENSG00000253321,0.0
ENSG00000253322,0.0
IGHV7-34-1,0.0
RAD21-AS1,0.0
IGLV3-30,0.0
ENSG00000253331,0.0
ENSG00000253334,0.0
ENSG00000253335,0.0
IGLV3-29,0.0
ENSG00000253339,0.0
ENSG00000253342,0.0
ENSG00000253343,0.0
ENSG00000253344,0.0
IGHVII-22-1,0.0
ENSG00000253347,0.0
ENSG00000253348,0.0
LINC01298,0.0
TUG1,0.0
ENSG00000253354,0.0
ENSG00000253356,0.0
ENSG00000253358,0.0
IGHV3-37,0.0
ENSG00000253363,0.0
COPDA1,0.0
IGKV1D-22,0.0
IGHVIII-25-1,0.0
ENSG00000253373,0.0
ENSG00000253374,0.0
ENSG00000253376,0.0
ENSG00000253377,0.0
ENSG00000253380,0.0
ENSG00000253385,0.0
IGHVII-49-1,0.0
IGHVIII-5-1,0.0
ENSG00000253388,0.0
ENSG00000253389,0.0
ENTPD4-DT,0.0
ENSG00000253392,0.0
LINC00534,0.0
LINC03044,0.0
ENSG00000253396,0.0
ENSG00000253397,0.0
ENSG00000253398,0.0
GABRA6-AS1,0.0
CTNNA1-AS1,0.008409764
EVX1-AS,0.0
ENSG00000253406,0.0
ENSG00000253407,0.0
IKBKB-DT,0.0
TRBV7-4,0.0
IGHVIII-13-1,0.0
ENSG00000253416,0.0
LINC02159,0.0
ENSG00000253420,0.0
ENSG00000253424,0.0
ENSG00000253427,0.0
LINC01942,0.0
ENSG00000253432,0.0
ENSG00000253433,0.0
LINC02237,0.0
IGKV2-4,0.0
IGHV3-33-2,0.0
IGHV3-25,0.0
ENSG00000253445,0.0
ENSG00000253447,0.0
IGLV3-6,0.0
ENSG00000253449,0.0
IGLV2-28,0.0
ENSG00000253452,0.0
LINC03054,0.0
ENSG00000253456,0.0
SMIM18,0.0
IGHVII-15-1,0.0
IGKV2OR22-3,0.0
IGKV1-35,0.0
IGHVIII-26-1,0.0
IGHVIV-44-1,0.0
IGHV7-40,0.0
ENSG00000253469,0.0
ENSG00000253470,0.0
ENSG00000253471,0.0
ENSG00000253474,0.0
ENSG00000253476,0.0
ENSG00000253477,0.0
LINC01603,0.0
IGKV1OR22-1,0.0
IGHVII-26-2,0.0
IGKV2-36,0.0
ENSG00000253489,0.0
LINC02099,0.0
IGHVII-30-1,0.0
ENSG00000253496,0.0
IGKV1-13,0.0
ENSG00000253500,0.0
IGKV3D-34,0.0
ENSG00000253503,0.0
LINC02949,0.0
NACA2,0.0
IADEN,0.0
ENSG00000253508,0.0
ENSG00000253510,0.0
SQLE-DT,0.0
ENSG00000253515,0.0
ENSG00000253519,0.0
HPYR1,0.0
MIR3142HG,0.0
ENSG00000253523,0.0
ENSG00000253524,0.0
ENSG00000253526,0.0
ENSG00000253527,0.0
ENSG00000253530,0.0
TRBV6-8,0.0
ADAM7-AS1,0.0
PCDHGA7,0.00341688
ENSG00000253538,0.0
ENSG00000253539,0.0
IGHV3-52,0.0
IGLVVI-22-1,0.0
PYDC2,0.0
CA3-AS1,0.038441483
ENSG00000253551,0.0
ENSG00000253553,0.0
LINC01414,0.0
ENSG00000253557,0.0
OSGEPL1-AS1,0.004717942
ENSG00000253561,0.0
ENSG00000253562,0.0
NKX2-1-AS1,0.0
ENSG00000253567,0.0
ENSG00000253572,0.0
ENSG00000253573,0.0
ENSG00000253574,0.0
ENSG00000253576,0.0
ENSG00000253577,0.0
IGKV1-22,0.0
OXR1-AS1,0.0
ENSG00000253583,0.0
ENSG00000253585,0.0
IGHV3-30-2,0.0
IGLV3-13,0.0
KCNIP1-AS1,0.0
IGKV2-38,0.0
ENSG00000253593,0.0
LINC01300,0.0
ENSG00000253596,0.0
SLC10A5,0.0
CERNA3,0.0
ENSG00000253604,0.0
ENSG00000253607,0.0
ENSG00000253608,0.0
ENSG00000253613,0.0
ENSG00000253614,0.0
CHILL1,0.0
GRPEL2-AS1,0.0
ENSG00000253619,0.0
IGKV2-23,0.0
ENSG00000253627,0.0
ENSG00000253628,0.0
ENSG00000253629,0.0
IGLV7-35,0.0
ENSG00000253632,0.0
LINC03047,0.0
ENSG00000253634,0.0
IGHVIII-67-3,0.0
ENSG00000253636,0.004517314
IGLVV-58,0.0
LINC03022,0.0
ENSG00000253642,0.0
ADAM7-AS2,0.0
LINC02845,0.0
KCNIP1-OT1,0.0
ENSG00000253648,0.0
PRSS51,0.0
ENSG00000253652,0.0
ENSG00000253653,0.0
ENSG00000253656,0.0
LINC01592,0.0
ENSG00000253659,0.0
ENSG00000253660,0.0
ZFHX4-AS1,0.0
ENSG00000253664,0.0
LINC02866,0.0
ENSG00000253666,0.00066875084
GASAL1,0.0013641227
ENSG00000253672,0.0
ENSG00000253673,0.0
IGHVII-78-1,0.0
ENSG00000253675,0.0
ENSG00000253678,0.0
LINC02844,0.0
ENSG00000253682,0.0
LINC01484,0.0
ENSG00000253687,0.0
ENSG00000253688,0.0
ENSG00000253690,0.0
IGKV2OR22-4,0.0
IGHEP1,0.0
ENSG00000253693,0.0
PINX1-DT,0.0
KBTBD11-OT1,0.001976193
ENSG00000253698,0.0
ENSG00000253699,0.0
LINC02847,0.0
IGHV1-68,0.0
VIRMA-DT,0.0017968714
ENSG00000253706,0.0
ENSG00000253708,0.0
IGHV1-14,0.0
ENSG00000253711,0.0
LINC02886,0.0
ENSG00000253713,0.0
IGHVII-53-1,0.0
ENSG00000253715,0.0
ENSG00000253717,0.0
ENSG00000253720,0.0
ENSG00000253722,0.0
ENSG00000253728,0.0
ENSG00000253730,0.0
IGKV2-19,0.0
LZTS1-AS1,0.0
LINC01289,0.0
ENSG00000253736,0.0
ENSG00000253740,0.0
LNCOC1,0.0
IGHV3-60,0.0
ENSG00000253744,0.0
ENSG00000253745,0.0
ENSG00000253746,0.0
IGHVII-62-1,0.0
ENSG00000253749,0.0
IGLVI-63,0.0
ENSG00000253754,0.0
IGHGP,0.0
IGHV3-57,0.0
IGHV3-6,0.0
KBTBD11-AS1,0.0
IGKV2D-19,0.0
ENSG00000253768,0.0
CFAP418-AS1,0.0
ENSG00000253775,0.0
ENSG00000253776,0.0
ENSG00000253778,0.0
IGLVVI-25-1,0.0
IGHVIII-2-1,0.0
ENSG00000253782,0.0
ENSG00000253783,0.0
ENSG00000253784,0.0
IGLV3-15,0.0
LINC02219,0.0
ENSG00000253792,0.0
IGLV10-67,0.0
ENSG00000253796,0.0
ENSG00000253798,0.0
LINC01030,0.0
ENSG00000253806,0.0
LINC01170,0.0
IGHVII-46-1,0.0
ENSG00000253809,0.0
ENSG00000253811,0.0
IGLV1-41,0.0
LINC01151,0.0
IGHVII-67-1,0.0
ENSG00000253821,0.0
IGLV3-24,0.0
IGLV1-62,0.0
ENSG00000253824,0.0
ENSG00000253825,0.0
ENSG00000253829,0.0
ETV3L,0.0
ENSG00000253832,0.0
ENSG00000253834,0.0
ENSG00000253836,0.0
RBM12B-DT,0.0
ENSG00000253851,0.0
ENSG00000253852,0.0
ENSG00000253853,0.0
ENSG00000253854,0.0
ENSG00000253855,0.0
ENSG00000253857,0.0
ENSG00000253858,0.0
IGKV3-34,0.0
IGHVIII-47-1,0.0
ENSG00000253865,0.0
FER1L6-AS2,0.0
IGKV1-32,0.0
ENSG00000253871,0.0
PCDHGA11,0.005361069
IGLVIV-66-1,0.0
ENSG00000253875,0.0
LINC01608,0.0
ENSG00000253879,0.0
ENSG00000253880,0.0
IGHV3-19,0.0
ENSG00000253887,0.0
ENSG00000253888,0.0
IGLVI-38,0.0
ENSG00000253892,0.0
FAM85B,0.0
ENSG00000253894,0.0
IGHVII-44-2,0.0
ENSG00000253896,0.0
LINC01419,0.0
ENSG00000253901,0.0
ENSG00000253903,0.0
IGKV2D-10,0.0
PCDHGB2,0.0
ENSG00000253911,0.0
IGLV3-26,0.0
IGLV3-31,0.0
ATOX1-AS1,0.0
ENSG00000253924,0.0
ENSG00000253925,0.0
ENSG00000253926,0.0
ENSG00000253927,0.0
TNFRSF10A-AS1,0.0
ENSG00000253932,0.0
IGLVIV-53,0.0
IGHV3-63,0.0
ENSG00000253939,0.0
IGHVII-51-2,0.0
MTUS1-DT,0.0
ENSG00000253947,0.0
ENSG00000253949,0.0
PCDHGB4,0.0
LINC02995,0.0
ENSG00000253956,0.0
IGHV3-22,0.0
LINC01863,0.0
ENSG00000253961,0.0
IGLV3-2,0.0
ENSG00000253965,0.0
LINC03020,0.0
ENSG00000253968,0.0
MAL2-AS1,0.0
NRIP3-DT,0.0
ENSG00000253976,0.0
TENM2-AS1,0.0016766872
ENSG00000253979,0.0
ENSG00000253980,0.0
ENSG00000253986,0.0
IGHVIII-38-1,0.0
ENSG00000253992,0.0
IGKV2-29,0.0
IGKV3D-31,0.0
ENSG00000254000,0.0
ENSG00000254001,0.0
ENSG00000254002,0.0
SRI-AS1,0.0
ENSG00000254006,0.0
ENSG00000254007,0.0
LINC00051,0.0
IGKV2D-38,0.0
IGHEP2,0.0
SLC45A4-AS1,0.0
ENSG00000254020,0.0
ENSG00000254021,0.0
GRHL2-DT,0.0
LINC03023,0.0
LNMICC,0.0
IGLC4,0.0
IGLC5,0.0
ENSG00000254031,0.0
ENSG00000254033,0.0
INTS9-AS1,0.0
ENSG00000254035,0.0
IGHVIII-67-2,0.0
ENSG00000254038,0.0
ENSG00000254040,0.0
LINC03084,0.0
SLIT3-AS2,0.0
ENSG00000254043,0.0
IGHVIII-22-2,0.0
IGHV1-17,0.0
ENSG00000254050,0.0
IGHVIII-67-4,0.0
IGHVIII-5-2,0.0
ENSG00000254054,0.0
ENSG00000254055,0.0
IGHV3-71,0.0
ENSG00000254057,0.0
ENSG00000254060,0.0
PIWIL2-DT,0.0
LINC01938,0.0
ENSG00000254067,0.0
IGLVVII-41-1,0.0
IGLVV-66,0.0
IGLV3-7,0.0
LINC03071,0.0
LINC01299,0.0
LINC01591,0.0
ENSG00000254084,0.0
ENSG00000254086,0.0
ENSG00000254089,0.0
ENSG00000254092,0.0
IGKV3D-25,0.0
IGKV2-26,0.0
ENSG00000254099,0.0
BHLHE22-AS1,0.0
LINC01848,0.0
RBPMS-AS1,0.019164497
ENSG00000254111,0.0
ENSG00000254113,0.0
LINC02842,0.0
PCDHGB7,0.0043734894
LINC02839,0.0
CD8B2,0.0113993
IGLCOR22-1,0.0
ENSG00000254129,0.0
LINC01947,0.0
IGHVII-74-1,0.0
ENSG00000254135,0.0
ENSG00000254136,0.0
LINC02950,0.0
IGKV2-18,0.0
ENSG00000254160,0.0
IGLVIV-65,0.0
ENSG00000254162,0.0
ENSG00000254163,0.0
ENSG00000254164,0.0
ENSG00000254165,0.0
CASC19,0.0
IGHV8-51-1,0.0
ENSG00000254171,0.0
IGHV1-12,0.0
IGLVI-42,0.0
IGHV3-75,0.0
ENSG00000254177,0.0
ENSG00000254178,0.0
ENSG00000254186,0.0
ENSG00000254187,0.0
ENSG00000254192,0.0
ENSG00000254194,0.0
ENSG00000254197,0.0
ENSG00000254201,0.0
ENSG00000254202,0.0
IGHVII-33-1,0.0
ENSG00000254204,0.0
ENSG00000254205,0.0
ENSG00000254208,0.0
LINC02855,0.0
LINC01485,0.017391928
IGHVIII-11-1,0.0
IGKV2D-18,0.0
PCDHGB1,0.0
ENSG00000254222,0.0
UQCRB-AS1,0.0
LINC01933,0.0
ENSG00000254227,0.0
IGHV3-42,0.0
ENSG00000254230,0.0
LINC02365,0.0
ENSG00000254236,0.0
ENSG00000254237,0.0
ENSG00000254238,0.0
ENSG00000254239,0.0
IGLVI-20,0.0
ENSG00000254242,0.0
PCDHGA3,0.0016229214
ENSG00000254246,0.0
ENSG00000254248,0.0
ENSG00000254249,0.0
ENSG00000254251,0.0
PENK-AS1,0.0
ENSG00000254258,0.0
ENSG00000254260,0.0
ENSG00000254261,0.0
ENSG00000254263,0.0
IGKV3OR22-2,0.0
PKIA-AS1,0.0
ANK3-DT,0.0070539317
ENSG00000254277,0.0
ENSG00000254278,0.0
IGHVII-1-1,0.0
ENSG00000254287,0.0
ENSG00000254288,0.0
IGHV3-32,0.0
ENSG00000254291,0.0
IGKV2D-14,0.0
ENSG00000254293,0.0
ENSG00000254295,0.0
ENSG00000254297,0.0
ENSG00000254298,0.0
LINC01944,0.0
LINC01111,0.0
ENSG00000254302,0.0
ENSG00000254303,0.0
ENSG00000254307,0.0
IGLVIV-59,0.0
ENSG00000254314,0.0
ENSG00000254315,0.0
ENSG00000254317,0.0
LINC03021,0.0018756998
ENSG00000254321,0.0
IGHV7-27,0.0
IGHVII-60-1,0.0
NDST1-AS1,0.0
LINC03093,0.0
ENSG00000254337,0.0
MAFA-AS1,0.0
ENSG00000254339,0.0
ENSG00000254340,0.0
LINC01288,0.0
IGKV2D-23,0.0
ENSG00000254347,0.0
MIR2052HG,0.0
ENSG00000254350,0.0
IGLVI-68,0.0
XKR4-AS1,0.0
ENSG00000254361,0.0
ENSG00000254365,0.0
ENSG00000254366,0.0
ENSG00000254367,0.0
HOXA-AS3,0.0051681334
ENSG00000254372,0.0
MIR124-2HG,0.0
ENSG00000254380,0.0
ENSG00000254383,0.0
RHPN1-AS1,0.0025019583
ENSG00000254391,0.0
ENSG00000254394,0.0
IGHV4-55,0.0
ENSG00000254396,0.0
ENSG00000254397,0.0
ENSG00000254400,0.0
LINC02752,0.0
LRRC24,0.025938326
ENSG00000254404,0.0
CHKB-CPT1B,0.003675147
LINC02732,0.0
LINC02584,0.0
SPON1-AS1,0.0
ENSG00000254422,0.0
ENSG00000254428,0.0
ENSG00000254429,0.0
ENSG00000254431,0.0
ENSG00000254432,0.0
ENSG00000254433,0.0
ENSG00000254434,0.0
LINC02683,0.0
PBOV1,0.0
ENSG00000254443,0.0
HSPB2-C11orf52,0.0
CAPS2-AS1,0.0
ENSG00000254452,0.0065320935
NAV2-AS2,0.0
LINC02699,0.0
ENSG00000254458,0.0
ENSG00000254459,0.0
ENSG00000254461,0.0036245342
OR4D10,0.0
ENSG00000254467,0.0
ENSG00000254468,0.0
XNDC1N,0.011193246
ENSG00000254477,0.0
LINC02749,0.0018075964
ENSG00000254485,0.004514451
LINC02547,0.0
ENSG00000254488,0.0
MPPED2-AS1,0.0937563
ENSG00000254495,0.0
ENSG00000254497,0.0
ENSG00000254499,0.0
ENSG00000254501,0.0
FBXO3-DT,0.0
ENSG00000254511,0.0
ENSG00000254514,0.0
LINC02760,0.0
LINC02750,0.0
SIGLEC12,0.0
ENSG00000254526,0.0
FXYD6-AS1,0.035062063
LINC02755,0.0
ARL14EP-DT,0.0
ENSG00000254533,0.0054518743
ENSG00000254536,0.0
ENSG00000254538,0.0
ENSG00000254539,0.0
ENSG00000254540,0.0
ENSG00000254545,0.0
ENSG00000254548,0.0
OMP,0.0
ENSG00000254551,0.0
XIRP2-AS1,0.0
ENSG00000254553,0.0
ADM-DT,0.0
ENSG00000254557,0.0
ENSG00000254559,0.0
BBOX1-AS1,0.004698649
LINC01493,0.0
ENSG00000254563,0.0
ENSG00000254566,0.0
ENSG00000254568,0.0
ENSG00000254571,0.0
ENSG00000254573,0.004173739
ENSG00000254574,0.0
ENSG00000254575,0.0
ENSG00000254578,0.0
LINC02719,0.0
LINC03031,0.0
MAGEL2,0.0030148723
ENSG00000254586,0.0
ETS1-AS1,0.0
ENSG00000254592,0.0
LINC02686,0.0
CSNK2A3,0.0
ENSG00000254599,0.0
ENSG00000254604,0.0
ENSG00000254605,0.0
ENSG00000254606,0.0
ENSG00000254607,0.0
ENSG00000254610,0.0
CAPN1-AS1,0.0
ENSG00000254620,0.0
NAV2-AS4,0.0
ENSG00000254625,0.0
ENSG00000254626,0.0
ENSG00000254631,0.0
ENSG00000254632,0.0
ARMS2,0.0
ENSG00000254638,0.0
ENSG00000254639,0.0
ENSG00000254645,0.0
INS,0.0
ENSG00000254648,0.0
ENSG00000254649,0.0
ENSG00000254653,0.0
LINC02685,0.0
RTL1,0.0
LINC02715,0.0
LINC02682,0.0
ENSG00000254662,0.0
ENSG00000254664,0.0
ENSG00000254665,0.0
ENSG00000254669,0.0
RASSF10-DT,0.0
ENSG00000254673,0.0
ENSG00000254675,0.0
ENSG00000254680,0.0
ENSG00000254686,0.0
ENSG00000254687,0.0
ENSG00000254688,0.0
LINC02235,0.0
ENSG00000254690,0.0
ENSG00000254691,0.0
ENSG00000254692,0.0
CD82-AS1,0.0
ENSG00000254694,0.0
LINC02695,0.0
SENCR,0.0
ENSG00000254705,0.0
ENSG00000254706,0.0
ENSG00000254707,0.0
IGLL5,0.0
ENSG00000254710,0.0
ENSG00000254718,0.0
ENSG00000254721,0.0
MEX3A,0.006552641
ENSG00000254732,0.0
ENSG00000254733,0.0
ENSG00000254734,0.0
OR10G4,0.0
ENSG00000254739,0.0
ENSG00000254741,0.0
ENSG00000254753,0.0
ENSG00000254754,0.0
ENSG00000254756,0.0
SIGLEC10-AS2,0.0
KLC2-AS2,0.0
SLC17A6-DT,0.0
EEF1G,0.04256045
ENSG00000254775,0.0
ENSG00000254777,0.0
ENSG00000254787,0.0
CKLF-CMTM1,0.0
ENSG00000254789,0.02527712
ENSG00000254790,0.0
ENSG00000254802,0.0
ENSG00000254804,0.0
SYS1-DBNDD2,0.0
ENSG00000254810,0.0
ENSG00000254812,0.0
LINC03019,0.0
LMNTD2-AS1,0.01705163
ANO3-AS1,0.0
ENSG00000254820,0.0
ENSG00000254822,0.0
LINC02727,0.0
ENSG00000254829,0.0
ENSG00000254830,0.0
ENSG00000254833,0.0
OR5M10,0.0
RNF185-AS1,0.0
LIPT2-AS1,0.0
ENSG00000254839,0.0
LINC02551,0.0
ENSG00000254844,0.0
ENSG00000254846,0.0
ENSG00000254847,0.0
NPIPA2,0.0
NECTIN1-DT,0.0
KLC2-AS1,0.0
ENSG00000254859,0.0
TMEM9B-AS1,0.0
ENSG00000254861,0.0
LGR4-AS1,0.0
LINC02744,0.0
ENSG00000254864,0.0
ENSG00000254865,0.0
ATP6V1G2-DDX39B,0.0
LINC02688,0.005859509
ENSG00000254873,0.005015518
ENSG00000254874,0.0
ENSG00000254878,0.0
PTPRJ-AS1,0.0
PKNOX2-DT,0.0
ENSG00000254885,0.0
RAP1BL,0.0
NAV2-AS1,0.0
ENSG00000254898,0.0
ENSG00000254900,0.0
ANO1-AS1,0.0
ENSG00000254905,0.0
ENSG00000254906,0.0
ENSG00000254907,0.0
ENSG00000254910,0.0
SCARNA9,0.0
ENSG00000254913,0.0
ENSG00000254919,0.0
ENSG00000254921,0.0
LINC02545,0.0
PKNOX2-AS1,0.0
ENSG00000254933,0.0
LINC00678,0.0
ENSG00000254938,0.0
ENSG00000254942,0.0
ENSG00000254943,0.0
LINC02751,0.0
LINC02705,0.0
INMT-MINDY4,0.0
KIRREL3-AS2,0.0
ENSG00000254963,0.0
ENSG00000254964,0.0
IGSF22-AS1,0.0
LINC02763,0.0
ENSG00000254971,0.0
ENSG00000254972,0.0
ENSG00000254973,0.0
ENSG00000254975,0.0
ENSG00000254979,0.0
ENSG00000254980,0.0
PDGFDDN,0.0
ACER3-AS1,0.0
ENSG00000254989,0.0
ENSG00000254990,0.0
ENSG00000254991,0.0
STX16-NPEPL1,0.0
ANKHD1-EIF4EBP3,0.0
KRTAP5-9,0.0
LINC02324,0.0
SLC1A2-AS1,0.0
ENSG00000255005,0.0
LINC02489,0.0
LINC02739,0.0
UBTFL1,0.0
OR5M1,0.0
TDH-AS1,0.0
ENSG00000255021,0.002732874
ENSG00000255026,0.0
ENSG00000255027,0.0
ENSG00000255029,0.0
TSPAN18-AS1,0.0
ENSG00000255038,0.0
LINC02553,0.0
ENSG00000255041,0.0
NAV2-AS5,0.0
NRGN-AS1,0.0
ENSG00000255046,0.0
ENSG00000255050,0.0
FAM66D,0.0026607404
ENSG00000255054,0.0
ENSG00000255060,0.0
SAA2-SAA4,0.0
PIGY,0.0
ZFP91-CNTF,0.0
LINC02704,0.0
GRM5-AS1,0.0
ENSG00000255084,0.0
ENSG00000255087,0.0
ENSG00000255089,0.0
ENSG00000255091,0.0
ENSG00000255092,0.0
ENSG00000255093,0.0
ENSG00000255094,0.0
TSKU-AS1,0.0
ENSG00000255101,0.0
ENSG00000255102,0.0
ZNF286A-TBC1D26,0.0
ENSG00000255108,0.0
LINC02740,0.0
HYOU1-AS1,0.0
LINC02546,0.0
ENSG00000255118,0.0017382866
ENSG00000255119,0.0
OVOL1-AS1,0.0010294333
ENSG00000255126,0.0
TTC12-DT,0.0065040058
ENSG00000255130,0.0
ENSG00000255132,0.0
LINC02721,0.0
TPBGL-AS1,0.0
ENSG00000255139,0.0
ENSG00000255142,0.0
ENSG00000255146,0.0
ENSG00000255148,0.0
GLYATL1B,0.0
MSH5-SAPCD1,0.0
TOLLIP-DT,0.024284277
HTD2,0.0
ENSG00000255158,0.0
DENND2B-AS1,0.0
ENSG00000255164,0.0
ENSG00000255167,0.0
LINC01499,0.0
ENSG00000255173,0.0
LINC02759,0.0
ENSG00000255176,0.0
MUC5B-AS1,0.0
LINC02720,0.0
ENSG00000255179,0.0
CCDC166,0.0
LINC02711,0.0
LINC02748,0.0
ENSG00000255191,0.0
NANOGP8,0.0
LINC02726,0.0
SLC39A13-AS1,0.0
ENSG00000255201,0.0
ENSG00000255202,0.0024322937
ENSG00000255206,0.0
ENSG00000255209,0.0
ENSG00000255216,0.0
ENSG00000255219,0.0
CARD17P,0.0
OR5M11,0.0
ENSG00000255224,0.013867075
LINC02690,0.0
LINC03096,0.0
ENSG00000255229,0.0
ENSG00000255233,0.0
CCDC90B-AS1,0.0
CHKA-DT,0.0
ENSG00000255237,0.0
ENSG00000255240,0.0
ENSG00000255241,0.0
ENSG00000255244,0.0
FXYD6-FXYD2,0.084014766
ENSG00000255246,0.0
NECTIN1-AS1,0.0
ENSG00000255250,0.0
PRR23D1,0.0
ENSG00000255252,0.0
LINC02743,0.0
ENSG00000255260,0.0
LINC02687,0.0
LINC02710,0.0
ENSG00000255271,0.0
SMIM35,0.0
RRM1-AS1,0.0
ENSG00000255289,0.0
ENSG00000255292,0.0
OR8G5,0.0
ENSG00000255299,0.0
LINC02745,0.0
ENSG00000255301,0.0
GLTC1,0.0
OR52B2,0.0
CSRP3-AS1,0.0
DLG2-AS2,0.0
ENSG00000255313,0.0
ENSG00000255314,0.0
ENSG00000255317,0.0
ENSG00000255320,0.0025807791
ENSG00000255321,0.0
LINC01495,0.0
ENSG00000255326,0.0
LINC02697,0.0
ENSG00000255330,0.0
LINC02756,0.0
LINC02729,0.0
ENSG00000255339,0.0
ENSG00000255340,0.0
LINC02706,0.0
ENSG00000255345,0.0
NOX5,0.0
ENSG00000255348,0.0
ENSG00000255351,0.0
ENSG00000255357,0.0
CCDC179,0.0
LINC02761,0.0
LINC02757,0.0
SMILR,0.0
ENSG00000255366,0.0042848503
ENSG00000255367,0.0
ENSG00000255372,0.0
TAS2R43,0.0
ENSG00000255375,0.0
PRR23D2,0.0
LINC02734,0.0
LINC02741,0.0
ENSG00000255389,0.0015706999
DCHS1-AS1,0.0
OOSP4B,0.0
ENSG00000255395,0.0
HCAR3,0.0
TBX5-AS1,0.0
LINC02989,0.0
ENSG00000255402,0.0
ENSG00000255404,0.0
LINC02730,0.0
PCDHA3,0.0038755985
ENSG00000255410,0.0
LINC02548,0.0
LINC02718,0.0
CASC23,0.0
ENSG00000255421,0.0
EBLN2,0.0048889937
ENSG00000255426,0.0
LINC02707,0.0
ENSG00000255429,0.0
ENSG00000255432,0.0
LINC02735,0.0
TTC36-AS1,0.009212381
ENSG00000255438,0.0
ENSG00000255439,0.0
SIGLEC10-AS1,0.0
CD44-AS1,0.0
ENSG00000255446,0.0
ENSG00000255447,0.0
ENSG00000255449,0.0
ENSG00000255451,0.0
ENSG00000255455,0.024230944
ENSG00000255456,0.0
ENSG00000255462,0.01726139
ENSG00000255467,0.0
B4GAT1-DT,0.011590937
ENSG00000255470,0.0
ENSG00000255472,0.0
GAU1,0.0
ENSG00000255475,0.0
ENSG00000255476,0.0
ENSG00000255477,0.0
ENSG00000255478,0.0
ENSG00000255480,0.018387802
ENSG00000255482,0.0
LINC02764,0.0
ENSG00000255487,0.0
ENSG00000255491,0.0
LINC00681,0.0
ENSG00000255498,0.0
CARD18,0.0
LINC02713,0.0
LINC02951,0.0
ENSG00000255506,0.0
ENSG00000255508,0.0
LINC02684,0.0
ENSG00000255516,0.0
DPP3-DT,0.031354763
ENSG00000255520,0.0
CD44-DT,0.0
ENSG00000255523,0.0
NPIPB8,0.0
ENSG00000255525,0.0
NEDD8-MDP1,0.0
ENSG00000255528,0.0
ENSG00000255537,0.0
ENSG00000255539,0.0
SLC1A2-AS2,0.0
ENSG00000255548,0.0
LY6G6E,0.0
LINC02733,0.0
ENSG00000255555,0.0
ENSG00000255557,0.0
ENSG00000255558,0.0
ZNF252P-AS1,0.0
ENSG00000255565,0.0
TRAV1-1,0.0
MIR9-3HG,0.024568783
ENSG00000255572,0.0
ENSG00000255580,0.0
OR10G2,0.0
RAB44,0.0
LINC02350,0.0
ENSG00000255605,0.0
LINC02952,0.0
LINC02440,0.0
ENSG00000255621,0.0
ENSG00000255628,0.0
ENSG00000255629,0.0
ENSG00000255639,0.0
ENSG00000255641,0.0
ENSG00000255648,0.0
ENSG00000255649,0.0
FAM222A-AS1,0.0
LINC02963,0.0
ENSG00000255655,0.0
RERG-AS1,0.0
ENSG00000255663,0.0
LINC02700,0.0
ENSG00000255669,0.0
ENSG00000255670,0.0
ENSG00000255671,0.0
ENSG00000255672,0.0
JRKL-AS1,0.0
ENSG00000255680,0.0
ENSG00000255686,0.0
ENSG00000255689,0.0
ENSG00000255692,0.0
LINC02389,0.0
OR4D2,0.0
LINC02460,0.0
LINC01489,0.0
ENSG00000255730,0.0
ENSG00000255741,0.0
ENSG00000255745,0.0
ENSG00000255750,0.0
LINC02422,0.0
LINC01479,0.0
LINC02747,0.0
ENSG00000255775,0.0
ENSG00000255801,0.0
OR6J1,0.0
PDE2A-AS1,0.0
ENSG00000255811,0.0
LINC02439,0.0
KLRC4-KLRK1,0.0
ENSG00000255825,0.0
ENSG00000255829,0.0
TIFAB,0.0
ENSG00000255835,0.0
TAS2R20,0.0
ENSG00000255839,0.0
ENSG00000255843,0.0
ENSG00000255845,0.0
ENSG00000255847,0.0
RXYLT1-AS1,0.0
KDM4F,0.0
ENSG00000255856,0.0048848437
PXN-AS1,0.038335145
ENSG00000255858,0.0
ENSG00000255866,0.0
DENND5B-AS1,0.0
ENSG00000255871,0.0
ENSG00000255872,0.0
PRECSIT,0.018296408
ENSG00000255882,0.0
ENSG00000255886,0.0
ENSG00000255893,0.0
ENSG00000255910,0.0
ENSG00000255916,0.0
CCND2-AS1,0.0
ENSG00000255921,0.0
ENSG00000255928,0.0
PIWIL4-AS1,0.0
ENSG00000255931,0.0
ENSG00000255933,0.0
ENSG00000255946,0.0
ENSG00000255947,0.0
RPS6KB2-AS1,0.0
GABARAPL1-AS1,0.0
ENSG00000255959,0.0
GAPDH-DT,0.0
ENSG00000255968,0.0
LINC02421,0.0
CYP2A6,0.0
ENSG00000255983,0.0
PUS1-AS1,0.0
LINC02824,0.0
ARAP1-AS1,0.0
CABP1-DT,0.0023231625
ENSG00000256011,0.0
ENSG00000256013,0.0
LINC02411,0.0
CACNA1C-AS4,0.0
ENSG00000256029,0.0032655373
ENSG00000256034,0.0
PAPPA-AS1,0.0
ENSG00000256064,0.0
ENSG00000256071,0.0
ENSG00000256072,0.0
LINC02442,0.0
ENSG00000256083,0.0
ENSG00000256084,0.0
ENSG00000256085,0.0
ENSG00000256100,0.0
LINC02443,0.0
ENSG00000256116,0.0
SOX5-AS1,0.0
LINC01152,0.0
LINC00944,0.0
ENSG00000256137,0.0
ENSG00000256146,0.0
ENSG00000256149,0.0
ADGRD1-AS1,0.0
ENSG00000256152,0.0
LINC02598,0.0
SMLR1,0.005120504
LINC02571,0.0
LINC02420,0.0
TAS2R30,0.0015999536
LINC00507,0.0
ENSG00000256195,0.0
ENSG00000256196,0.0
ENSG00000256199,0.0
ENSG00000256204,0.0
ENSG00000256206,0.0
ENSG00000256209,0.0
ENSG00000256218,0.0
ENSG00000256226,0.0
LINC02387,0.0
ITPR2-AS1,0.0
ENSG00000256237,0.0
ENSG00000256249,0.0
ENSG00000256250,0.0
ENSG00000256256,0.0
ENSG00000256258,0.0
LINC02425,0.0
LINC02454,0.0
ENSG00000256273,0.0
ENSG00000256278,0.0
ENSG00000256281,0.0
ENSG00000256286,0.0
LINC02617,0.0
LINC02376,0.0
ENSG00000256298,0.0
ENSG00000256299,0.0
ENSG00000256311,0.0
ENSG00000256312,0.0
ENSG00000256314,0.0
ENSG00000256325,0.0
ENSG00000256339,0.0
ENSG00000256341,0.0053985943
ENSG00000256343,0.0
ENSG00000256349,0.0
ENSG00000256357,0.0
LINC02375,0.0
ENSG00000256364,0.0
PPIAL4D,0.0
MRPS35-DT,0.0
TRAV8-5,0.0
ENSG00000256389,0.0
ASIC5,0.0
ENSG00000256403,0.0
ENSG00000256407,0.0
ENSG00000256417,0.0
LINC02552,0.0
LINC02414,0.0
ENSG00000256433,0.00042427282
TAS2R31,0.0
ENSG00000256440,0.0
ENSG00000256442,0.0
ENSG00000256443,0.006097957
ENSG00000256448,0.0
ENSG00000256452,0.0
DND1,0.002989395
ENSG00000256458,0.0
ENSG00000256462,0.0
SALL3,0.07639897
ENSG00000256469,0.0
ENSG00000256473,0.0
TRAV11,0.0
ENSG00000256481,0.010910857
ENSG00000256482,0.0
ENSG00000256484,0.0
LINC02825,0.0
LINC02468,0.0
ENSG00000256500,0.0
ENSG00000256504,0.0
MRGPRF-AS1,0.0
ENSG00000256512,0.0
ENSG00000256513,0.0
ENSG00000256514,0.0
ENSG00000256538,0.0
IQSEC3-AS1,0.0
LINC02369,0.0
TRAV1-2,0.0
LINC01486,0.0
ENSG00000256564,0.0
ENSG00000256566,0.0
ENSG00000256568,0.0
ENSG00000256569,0.0
OR13A1,0.0
LINC02361,0.008256253
SLC6A12-AS1,0.0017318389
LINC02390,0.0
TRDV3,0.0
ENSG00000256591,0.004545858
ENSG00000256596,0.0
LINC02393,0.0
ENSG00000256603,0.0
ENSG00000256609,0.0
ENSG00000256615,0.0
ZBTB11-AS1,0.026648905
ENSG00000256632,0.0
PDE2A-AS2,0.0
LINC01965,0.0
LINC00273,0.0
LINC02441,0.0
ENSG00000256646,0.0
ENSG00000256654,0.0
ENSG00000256658,0.0
LINC02368,0.0
CLEC12B,0.0
A2ML1-AS1,0.0
RASSF3-DT,0.0
LIMS4,0.0
LINC02455,0.0
LINC02737,0.0
ENSG00000256691,0.0
ENSG00000256695,0.0
TMEM132D-AS2,0.0
ENSG00000256706,0.0
PGA5,0.0
ENSG00000256714,0.0
LINC02698,0.0
LINC02954,0.0
KDM2B-DT,0.0
MADD-AS1,0.0
ENSG00000256747,0.0
LINC02423,0.0
PLBD1-AS1,0.0
ENSG00000256757,0.0
STH,0.0
CACNA1C-AS3,0.0
ENSG00000256783,0.0
ENSG00000256789,0.0
KLRF2,0.0
LCIIAR,0.08774434
ENSG00000256803,0.0
C17orf100,0.012488047
ENSG00000256810,0.0
TIALD,0.0
CAPNS2,0.0
CCDC86-AS1,0.0
ENSG00000256814,0.0
ENSG00000256824,0.0
ENSG00000256825,0.0
ENSG00000256861,0.0
SLC5A8,0.02613215
ENSG00000256875,0.0
PDE3A-AS1,0.0
ENSG00000256884,0.0
LINC02366,0.0
ENSG00000256894,0.0
ENSG00000256897,0.0
A2ML1-AS2,0.0
LINC02419,0.0
ENSG00000256915,0.0
MMP20-AS1,0.0
ADGRA1-AS1,0.0
ENSG00000256928,0.0
PPP1R14B-AS1,0.011833472
GALNT9-AS1,0.0
TMEM109-DT,0.0
ENSG00000256947,0.0
ENSG00000256950,0.0
ENSG00000256955,0.0
ENSG00000256966,0.0
ENSG00000256967,0.026489781
ENSG00000256969,0.0
LINC00508,0.0
ENSG00000256972,0.0
ENSG00000256973,0.0
LIMS3,0.0
KHDC1L,0.0
ENSG00000256982,0.0
ENSG00000256984,0.0
ENSG00000256988,0.0
LINC02378,0.0
LINC02955,0.0
ENSG00000257000,0.0
ENSG00000257002,0.0
ENSG00000257004,0.0
GPR142,0.0
ENSG00000257022,0.0
ETNK1-DT,0.0
ARHGEF17-AS1,0.0027705475
ENSG00000257042,0.0
ENSG00000257045,0.0
SLCO1B3-SLCO1B7,0.0
LINC02417,0.0
PRPF19-DT,0.0
LINC02282,0.0
C11orf97,0.0
ENSG00000257058,0.0
ENSG00000257060,0.0
ENSG00000257062,0.0
ENSG00000257065,0.0
LINC02703,0.0
ENSG00000257083,0.0
ENSG00000257086,0.0
ENSG00000257095,0.0
ENSG00000257096,0.0
CLIP1-AS1,0.0
ENSG00000257105,0.0
LINC02450,0.0
OR11H12,0.0
ENSG00000257120,0.0
ENSG00000257124,0.0
FOXG1-AS1,0.0
CLLU1,0.0
ODC1-DT,0.0
LINC02874,0.0
TAS2R38,0.0
LINC02821,0.0
NUBPL-DT,0.0
ENSG00000257165,0.0
TMPO-AS1,0.008656839
ENSG00000257176,0.003346072
ENSG00000257181,0.003911395
ENSG00000257184,0.0
LINC02293,0.0
ENSG00000257191,0.0
LINC02385,0.0
ENSG00000257202,0.0
ENSG00000257207,0.0
LNCOG,0.0
ENSG00000257221,0.0
ENSG00000257222,0.0
ENSG00000257225,0.0
ENSG00000257228,0.0
LINC02448,0.0
ENSG00000257235,0.0
ENSG00000257241,0.0
ENSG00000257252,0.0
ENSG00000257253,0.0
ENSG00000257256,0.0
ENSG00000257258,0.0
LINC02388,0.0
SLC38A4-AS1,0.007043091
ENSG00000257262,0.0
ENSG00000257264,0.0
ENSG00000257265,0.0
ENSG00000257268,0.0
ENSG00000257270,0.0
KIRREL3-AS1,0.0
ENSG00000257272,0.0
ENSG00000257275,0.0
ENSG00000257279,0.0
ENSG00000257283,0.0
ENSG00000257284,0.0
PRMT5-DT,0.0
ENSG00000257286,0.0
ENSG00000257294,0.0
ENSG00000257310,0.0
DBX2-AS1,0.0
ENSG00000257325,0.0
ENSG00000257327,0.004988324
ENSG00000257329,0.0
MGAM,0.024260517
ENSG00000257341,0.0
ENSG00000257342,0.0
LINC02413,0.0
ENSG00000257346,0.0
ENSG00000257355,0.0
ENSG00000257359,0.0
FNTB,0.051515203
ENSG00000257366,0.0
ENSG00000257373,0.0
ENSG00000257378,0.0
ENSG00000257386,0.0
ENSG00000257390,0.0
ENSG00000257391,0.0
ENSG00000257395,0.0
ENSG00000257398,0.0
LNCHR1,0.0
ENSG00000257407,0.0
ENSG00000257410,0.0
ENSG00000257411,0.0
ENSG00000257429,0.0
ENSG00000257431,0.0
RPAP3-DT,0.010781158
ENSG00000257434,0.0
ENSG00000257435,0.0
ENSG00000257438,0.0
LRIG3-DT,0.0
ZNF878,0.0059707556
ENSG00000257449,0.0
ENSG00000257452,0.0
PHLDA1-AS1,0.0
ENSG00000257456,0.0
ENSG00000257458,0.0
PPFIA2-AS1,0.0
ENSG00000257470,0.0
ENSG00000257472,0.0
ENSG00000257474,0.0
LINC02459,0.0
LINC02354,0.0
ENSG00000257494,0.0
KRT73-AS1,0.0
ENSG00000257496,0.0
GLIPR1-AS1,0.007342016
ENSG00000257500,0.0
LINC02297,0.0
LINC02373,0.0
LINC02402,0.0
ENSG00000257514,0.0
ENSG00000257515,0.0
ENSG00000257517,0.0
ENSG00000257519,0.0
LINC02326,0.0
ENSG00000257524,0.0
ENSG00000257526,0.0017354634
ENSG00000257527,0.0
RPL36A-HNRNPH2,0.0
BICD1-AS1,0.0
ENSG00000257534,0.0
LINC02403,0.0
ENSG00000257543,0.0
ENSG00000257545,0.0
ENSG00000257548,0.0
ENSG00000257550,0.0
HLX-AS1,0.0
ENSG00000257553,0.0
LINC02298,0.022870798
PPP1R12A-AS1,0.0
ENSG00000257563,0.0
MON2-AS1,0.0
ENSG00000257579,0.0
LINC01475,0.0
LINC00609,0.0
ENSG00000257587,0.0
AQP5-AS1,0.01313003
GALNT4,0.0
LINC02356,0.0
SCAT2,0.0
OVCH1-AS1,0.009910049
MYG1-AS1,0.0
ENSG00000257607,0.0
MIR4307HG,0.0
ENSG00000257614,0.0
ENSG00000257634,0.0
G2E3-AS1,0.0
C12orf75-AS1,0.0
ENSG00000257647,0.0
ENSG00000257653,0.0
ENSG00000257657,0.0
ADCY6-DT,0.016105277
ENSG00000257663,0.0
KRT7-AS,0.0
LINC02464,0.0
ENSG00000257681,0.00360889
ENSG00000257682,0.0
LINC02463,0.0
BLTP3B-DT,0.0
ENSG00000257700,0.0
LBX2-AS1,0.0026732788
ENSG00000257703,0.0
CPNE8-AS1,0.008836614
ENSG00000257726,0.0
ENSG00000257729,0.0
ENSG00000257732,0.0
ENSG00000257735,0.0
ENSG00000257737,0.0
LINC01490,0.0
MGAM2,0.0
ENSG00000257746,0.0
LINC02426,0.0
LINC02281,0.0
LINC02445,0.0
ENSG00000257754,0.0
LINC02386,0.0
ENSG00000257759,0.0
ENSG00000257761,0.0
LINC02401,0.0
ENSG00000257766,0.0
ENSG00000257767,0.0
ENSG00000257769,0.0
LINC02395,0.0
ENSG00000257781,0.0
LINC02400,0.0
ENSG00000257787,0.0
ENSG00000257797,0.0
ENSG00000257808,0.0
MYL6B-AS1,0.0
TBX3-AS1,0.0
ENSG00000257824,0.0
ENSG00000257826,0.0
ENSG00000257829,0.0
ENSG00000257830,0.0
ENSG00000257831,0.0
ENSG00000257835,0.0
ENSG00000257837,0.0
PHLDA1-DT,0.0035081797
NOVA1-DT,0.0
LINC02294,0.0064215306
ENSG00000257849,0.0
CASC18,0.0
C12orf42-AS1,0.0
ENSG00000257863,0.0
ENSG00000257869,0.0
ENSG00000257870,0.0
ENSG00000257878,0.0
LINC03088,0.0
ENSG00000257890,0.0
ENSG00000257891,0.0
LINC02404,0.0
ENSG00000257894,0.0019309779
ENSG00000257900,0.0
ENSG00000257904,0.0
LINC02156,0.0
ENSG00000257910,0.0
LINC02258,0.0
DDN-AS1,0.0115303835
LINC02409,0.0
ENSG00000257921,0.0
LINC02416,0.0
ENSG00000257925,0.0
ENSG00000257932,0.0
LHX5-AS1,0.0
ENSG00000257940,0.0
ENSG00000257947,0.0
ENSG00000257948,0.0
P2RX5-TAX1BP3,0.0
ENSG00000257953,0.0
ENSG00000257955,0.0
ENSG00000257958,0.0
ENSG00000257959,0.0
ENSG00000257964,0.0
ENSG00000257985,0.0
LINC02306,0.0
SPMIP11,0.0
ENSG00000257989,0.0030131366
ENSG00000257995,0.0
ENSG00000257997,0.0
R3HDM2-DT,0.0
ENSG00000258007,0.0
ENSG00000258010,0.0
TUBA1B-AS1,0.0
LINC02457,0.0
ENSG00000258026,0.0
ENSG00000258034,0.0
ENSG00000258035,0.0
LINC02327,0.0
ENSG00000258039,0.0
ENSG00000258044,0.0
PPP1R12A-AS2,0.0
ENSG00000258050,0.0
ENSG00000258052,0.0
ENSG00000258053,0.0
BCDIN3D-AS1,0.0
ENSG00000258064,0.0
ENSG00000258066,0.0
ENSG00000258077,0.0
LINC03108,0.0
OR9A4,0.0
ENSG00000258084,0.0
GPR84-AS1,0.0
SLC38A2-AS1,0.0
LINC02286,0.0
ATXN2-AS,0.0
LINC02823,0.0
ENSG00000258101,0.0
MAP1LC3B2,0.00241325
ENSG00000258107,0.0
ENSG00000258108,0.0
ENSG00000258114,0.0
ENSG00000258115,0.0
LINC03056,0.0022042755
ENSG00000258119,0.0
ENSG00000258121,0.0
ENSG00000258122,0.004713897
LINC02444,0.0
ENSG00000258125,0.0
LINC02396,0.0
PRDM4-AS1,0.0
ENSG00000258140,0.0
LINC02406,0.0
ENSG00000258150,0.0
ENSG00000258162,0.0
ENSG00000258167,0.0
LINC00485,0.0
LINC02412,0.0
ENSG00000258172,0.0
LINC02300,0.0
ENSG00000258177,0.0
ENSG00000258178,0.0
ENSG00000258181,0.0
LINC02392,0.0
ENSG00000258185,0.0
NKX2-2-AS1,0.0
ENSG00000258203,0.0
ENSG00000258214,0.0
LINC02424,0.0
PRSS58,0.0
ENSG00000258225,0.0
ENSG00000258231,0.0
ENSG00000258232,0.0
ENSG00000258234,0.0
ENSG00000258235,0.0
LINC01404,0.0
ENSG00000258249,0.0
ENSG00000258253,0.0
ENSG00000258254,0.0
ENSG00000258256,0.0
ENSG00000258260,0.0
ENSG00000258272,0.0
CRADD-AS1,0.0
LINC00592,0.0
ENSG00000258283,0.0
TESC-AS1,0.0
LINC02410,0.006278472
ENSG00000258308,0.0
ENSG00000258311,0.0
ENSG00000258312,0.0
ENSG00000258313,0.0
ENSG00000258314,0.0
ENSG00000258317,0.0
ENSG00000258323,0.0
ITFG2-AS1,0.010734309
LINC02461,0.0
LINC02394,0.0
TROAP-AS1,0.0
ENSG00000258338,0.0
SNRPF-DT,0.0
ENSG00000258346,0.0
ENSG00000258354,0.0
ENSG00000258364,0.0
ENSG00000258365,0.0
RTEL1,0.0
PAPLN-AS1,0.009255554
ENSG00000258377,0.0
ENSG00000258378,0.0
ENSG00000258379,0.0
ENSG00000258380,0.0
ENSG00000258383,0.0
RCCD1-AS1,0.0
PPT2-EGFL8,0.005237327
LINC02318,0.0
ENSG00000258393,0.0
MIR493HG,0.0
ENSG00000258400,0.0
ENSG00000258402,0.003142597
LINC02320,0.0
ZNF578,0.00588721
ENSG00000258410,0.0
FBXO34-AS1,0.0
ENSG00000258416,0.0
ENSG00000258417,0.0
ENSG00000258422,0.0
ENSG00000258424,0.0
ENSG00000258425,0.0
ENSG00000258426,0.0
ENSG00000258428,0.0
PDF,0.0
ENSG00000258430,0.0
ENSG00000258433,0.0
ENSG00000258435,0.0
RNASE12,0.0
ENSG00000258437,0.0
ENSG00000258444,0.0
ENSG00000258449,0.0
EGILA,0.0
OR11H2,0.0
ENSG00000258455,0.0
AJUBA-DT,0.012014312
ENSG00000258459,0.0
ENSG00000258460,0.0
ENSG00000258461,0.0
ENSG00000258465,0.0
ENSG00000258466,0.0
ENSG00000258471,0.0
LINC02313,0.0
LINC02207,0.0063167037
ENSG00000258478,0.0
LINC00640,0.0
ENSG00000258481,0.0
TRAV15,0.0
LINC02251,0.0
SPESP1,0.026218524
LINC02277,0.0
ENSG00000258489,0.003918653
ENSG00000258490,0.0
ENSG00000258496,0.0
ENSG00000258497,0.0
DIO3OS,0.011436445
LINC02287,0.0
LINC02290,0.0
ENSG00000258504,0.0
LINC02295,0.0
LINC00239,0.0034700262
ENSG00000258515,0.0
ENSG00000258516,0.0
ENSG00000258517,0.0
ENSG00000258520,0.0
ENSG00000258521,0.0
ENSG00000258525,0.0
ENSG00000258526,0.0
ENSG00000258529,0.0
LINC02305,0.0
ENSG00000258534,0.0
FRMD6-AS2,0.0
ENSG00000258538,0.0
ENSG00000258539,0.0
RHOXF1-AS1,0.0
LINC00645,0.07117175
CRAT37,0.0
PCNX4-DT,0.002027314
ENSG00000258554,0.0
SPECC1L-ADORA2A,0.0
LINC02322,0.0
ENSG00000258558,0.0
ENSG00000258560,0.0
ENSG00000258561,0.0037754918
VASH1-DT,0.0
SYNE3-AS1,0.0
RNASE11-AS1,0.0
ENSG00000258580,0.0
LINC01500,0.0
FAM181A-AS1,0.0
LINC02274,0.0038004634
TRIM6-TRIM34,0.0
LINC03059,0.0034969964
ENSG00000258593,0.0
ENSG00000258594,0.0
ENSG00000258598,0.0
ENSG00000258601,0.0
LINC01629,0.0
ENSG00000258603,0.012292196
ENSG00000258604,0.0
LINC-ROR,0.0
ENSG00000258610,0.0
LINC02303,0.011511474
ENSG00000258623,0.0
LINC02292,0.0
RRAGAP1-AS1,0.0
ENSG00000258634,0.011936557
LRFN5-DT,0.0
ENSG00000258637,0.0
BCL2L2-PABPN1,0.0
SYNJ2BP-COX16,0.0
ENSG00000258646,0.0
LINC00930,0.0
ENSG00000258649,0.0
SEC23A-AS1,0.0
ENSG00000258654,0.0
ENSG00000258657,0.0
TOMM20L-DT,0.0
TRIM34,0.0
ENSG00000258660,0.0
ENSG00000258661,0.0
ENSG00000258662,0.0
ENSG00000258663,0.0
ENSG00000258666,0.0
HIF1A-AS3,0.0
ENSG00000258670,0.0018751356
ENSG00000258672,0.0
LINC01397,0.0
ENSG00000258674,0.0
LINC02308,0.0026394087
ENSG00000258677,0.0
LINC02317,0.0
ENSG00000258683,0.0
ENSG00000258687,0.0
LINC01269,0.0
ENSG00000258690,0.0
ENSG00000258691,0.0
ENSG00000258693,0.0
LINC02319,0.0
ENSG00000258695,0.0
ENSG00000258696,0.0
ENSG00000258698,0.0
ENSG00000258699,0.0
LINC00871,0.0025997318
VESTAR,0.0
ENSG00000258702,0.0
ENSG00000258703,0.0
SLC25A21-AS1,0.017501786
LINC01193,0.0
ENSG00000258711,0.0066117607
C20orf141,0.0
ENSG00000258716,0.0
ENSG00000258717,0.0
LINC02311,0.0
ENSG00000258719,0.0
ENSG00000258723,0.0
PINX1,0.0
PRC1-AS1,0.0
ENSG00000258728,0.0
ENSG00000258729,0.0
ITPK1-AS1,0.0
DDHD1-DT,0.0
LINC02328,0.0
PPP1R13B-DT,0.0
ENSG00000258736,0.0
BAZ1A-AS1,0.009754924
ENSG00000258740,0.004303215
LINC02833,0.0
LINC02301,0.0
ENSG00000258744,0.0
ENSG00000258745,0.0
ENSG00000258747,0.0
KIF26A-DT,0.0
ENSG00000258749,0.0
ENSG00000258751,0.0
ENSG00000258752,0.0
ENSG00000258753,0.0
LINC01579,0.0
ENSG00000258760,0.0
ENSG00000258761,0.0
ENSG00000258763,0.0
ENSG00000258765,0.0
DIO2-AS1,0.0
LINC02330,0.0
ENSG00000258773,0.0
ENSG00000258776,0.0
LOHAN2,0.0
ENSG00000258784,0.0
ENSG00000258789,0.0
ENSG00000258790,0.0
LINC00520,0.0
ENSG00000258792,0.0
ENSG00000258793,0.014542723
ENSG00000258795,0.0
CCDC88C-DT,0.0
ENSG00000258800,0.0
ENSG00000258803,0.0
LINC01148,0.0
ENSG00000258807,0.0
LINC03058,0.0
ENSG00000258811,0.0
TRAV33,0.0
RBM25-AS1,0.008858061
LINC02329,0.0
LINC02820,0.0
OR4C13,0.0
LINC02289,0.0
ENSG00000258820,0.0
ENSG00000258824,0.0
LINC01147,0.0
ENSG00000258829,0.0
ENSG00000258830,0.0
TRAV28,0.0
ENSG00000258837,0.0
MC1R,0.016409533
ENSG00000258842,0.0
ENSG00000258843,0.0
ENSG00000258845,0.0
ENSG00000258847,0.0
ENSG00000258850,0.0
ENSG00000258851,0.0
ENSG00000258853,0.0
ENSG00000258854,0.0
ENSG00000258857,0.0
ENSG00000258858,0.0
LINC02296,0.0
ENSG00000258860,0.0
ENSG00000258864,0.0
ENSG00000258866,0.0
HISLA,0.0
ENSG00000258868,0.0
LINC02312,0.0
ENSG00000258871,0.0
DUXA,0.0
ENSG00000258874,0.0
TGFB3-AS1,0.0
ENSG00000258881,0.0
LINC02321,0.0
ENSG00000258888,0.0
ENSG00000258891,0.0
EGLN3-AS1,0.0
ENSG00000258902,0.0
ENSG00000258903,0.0
TRAV32,0.0
ENSG00000258908,0.0
ENSG00000258909,0.0
LINC01956,0.0
LINC02316,0.0
LINC02691,0.0037221739
ENSG00000258926,0.0
ENSG00000258928,0.0
ENSG00000258931,0.0
LINC02279,0.0
ENSG00000258935,0.0
ENSG00000258938,0.0
MIA2-AS1,0.0036863901
ENSG00000258942,0.0
ENSG00000258943,0.0
ENSG00000258944,0.004467132
ENSG00000258945,0.0
TUBB3,0.0
SALRNA1,0.0
ENSG00000258954,0.0
LINC00519,0.0
GALNT16-AS1,0.0
ENSG00000258958,0.0
ENSG00000258959,0.0
LINC02307,0.0
ENSG00000258970,0.0
ENSG00000258973,0.0
ENSG00000258975,0.0
ENSG00000258976,0.0
LINC01467,0.0
LINC02299,0.0
YY1-DT,0.0
ENSG00000258983,0.0
UBE2F-SCLY,0.0
ENSG00000258985,0.0
TMEM179,0.0
ENSG00000258987,0.0
ENSG00000258989,0.0
TSPY1,0.0
LINC02309,0.0
ENSG00000259001,0.0054180273
ENSG00000259002,0.0
ENSG00000259003,0.0
LINC02285,0.0
ENSG00000259005,0.0
ENSG00000259006,0.0
ENSG00000259007,0.0
ENSG00000259008,0.0
ATP10A-DT,0.0
ENSG00000259017,0.0
ENSG00000259018,0.0
LINC00524,0.0
TVP23C-CDRT4,0.0
ENSG00000259026,0.0
ENSG00000259028,0.0
ENSG00000259031,0.0
ENSG00000259033,0.0
ENSG00000259035,0.0
ENSG00000259036,0.0
ENSG00000259037,0.0
ENSG00000259039,0.0
BLOC1S5-TXNDC5,0.0
ENSG00000259041,0.0
ENSG00000259042,0.0
ENSG00000259044,0.0
ENSG00000259048,0.0
ENSG00000259049,0.0
LINC02332,0.020661483
ENSG00000259055,0.0
ENSG00000259058,0.0
ENSG00000259060,0.0
ENSG00000259061,0.0
ACTN1-DT,0.0
MIDEAS-AS1,0.012261073
ENSG00000259066,0.0
ENSG00000259067,0.0
TRAV37,0.0
ENSG00000259069,0.0
LINC00639,0.0
ENSG00000259071,0.004136095
ENSG00000259072,0.0
FOXN3-AS2,0.0
POC1B-GALNT4,0.0
ENSG00000259076,0.0
ENSG00000259077,0.0
ENSG00000259081,0.0
LINC02314,0.0
PNN-AS1,0.0
ENSG00000259087,0.0
ENSG00000259088,0.0
LINC00517,0.0
TRAV30,0.0
ENSG00000259093,0.0
ENSG00000259094,0.0
ENSG00000259097,0.0
ENSG00000259103,0.0
PTCSC3,0.0
ENSG00000259106,0.0
LINC00911,0.0
LINC01595,0.0
LINC02304,0.0
ENSG00000259111,0.0
NDUFC2-KCTD14,0.0
ENSG00000259113,0.0019048705
ENSG00000259115,0.0
HSPA2-AS1,0.0
ENSG00000259118,0.0
ENSG00000259119,0.0
SMIM6,0.4535351
ENSG00000259124,0.0
LRP1-AS,0.0
LINC00648,0.0
ENSG00000259130,0.0
ENSG00000259132,0.0
ENSG00000259133,0.0
ENSG00000259135,0.0
ENSG00000259138,0.0
LINC00644,0.0
SIPA1L1-AS1,0.004517773
ENSG00000259149,0.0
LINC00929,0.0
MAP3K9-DT,0.005925644
ADAM20P1,0.0
TTC7B-AS1,0.0
ENSG00000259164,0.0
ENSG00000259168,0.0
ENSG00000259170,0.0
ENSG00000259171,0.0
SNRPA1-DT,0.0
ENSG00000259175,0.0
ENSG00000259177,0.0
ENSG00000259178,0.0
ENSG00000259180,0.0
ENSG00000259181,0.0
ENSG00000259182,0.0
ENSG00000259185,0.0
ENSG00000259187,0.0
ENSG00000259188,0.0
ENSG00000259198,0.0
ENSG00000259199,0.0
ENSG00000259200,0.0
ENSG00000259201,0.0
SMAD3-AS1,0.0
ENSG00000259203,0.0
ITGB3,0.014338844
ENSG00000259211,0.0
ENSG00000259212,0.0
ENSG00000259213,0.0
LINC02896,0.0
LINC00928,0.0
ENSG00000259219,0.0
ENSG00000259221,0.0
ENSG00000259223,0.0
SLC35G6,0.0
LINC02345,0.0
LINC02323,0.0
ANKRD34C-AS1,0.0
CTXN2-AS1,0.0
LINC02490,0.0
ENSG00000259238,0.0
MIR4713HG,0.0
ENSG00000259241,0.0
ENSG00000259242,0.0
LINC02853,0.0041622757
USP3-AS1,0.014427317
ENSG00000259250,0.0
VPS13C-DT,0.0
ENSG00000259252,0.0
LINC01895,0.0
IGHV4OR15-8,0.0
ENSG00000259265,0.0
LINC02622,0.0
ENSG00000259268,0.0
ENSG00000259269,0.0
ENSG00000259275,0.014090492
ENSG00000259276,0.0
ENSG00000259277,0.0
ENSG00000259278,0.0
LINGO1-AS2,0.0
SPATA8-AS1,0.0
ENSG00000259283,0.0
LINC02349,0.0
ALDH1A2-AS1,0.0
ENSG00000259287,0.0
BUB1B-PAK6,0.0
SMASR,0.0
LIPC-AS1,0.0
ENSG00000259294,0.0
ENSG00000259296,0.0
IGHV2OR16-5,0.0
ZHX1-C8orf76,0.011450845
PLCB2-AS1,0.0
ENSG00000259309,0.0
ENSG00000259312,0.0
ENSG00000259314,0.0
ENSG00000259316,0.0
JDP2-AS1,0.0038064774
ENSG00000259320,0.0
ENSG00000259322,0.0
ENSG00000259326,0.0
ENSG00000259327,0.0
ENSG00000259331,0.0
ST20-MTHFS,0.0
LINC00596,0.0
ENSG00000259336,0.0
IGHV1OR15-2,0.0
LINC03080,0.0
ENSG00000259342,0.0
TMC3-AS1,0.0
ENSG00000259345,0.004896287
SMAD3-DT,0.022056364
APPBP2-DT,0.0
ENSG00000259351,0.0
ENSG00000259352,0.0
ENSG00000259353,0.0
SLC30A4-AS1,0.0
ENSG00000259356,0.0
ENSG00000259357,0.0
ENSG00000259360,0.0
LINC00927,0.0
ENSG00000259362,0.0
ENSG00000259363,0.0
ENSG00000259364,0.0
ENSG00000259365,0.0
AKAP13-AS1,0.0
ENSG00000259368,0.0
ENSG00000259370,0.0
ENSG00000259371,0.0
ENSG00000259375,0.0
LINC02895,0.0
ENSG00000259383,0.0
GH1,0.0
ENSG00000259385,0.0
ENSG00000259390,0.0
ENSG00000259395,0.0
TGIF2-RAB5IF,0.0
ENSG00000259403,0.0
ENSG00000259408,0.0
BMF-AS1,0.0
LINC02883,0.0
CTXND1,0.0071254703
ENSG00000259418,0.0
ENSG00000259420,0.0
ENSG00000259422,0.0
IRAIN,0.0
KIF23-AS1,0.0026148781
CERS3-AS1,0.0025031182
ENSG00000259434,0.0
ENSG00000259437,0.0
MAPK6-DT,0.0
LINC01833,0.0
ENSG00000259442,0.0
ENSG00000259443,0.0
RYR3-DT,0.0
ENSG00000259447,0.0
ADNP-AS1,0.011595758
ENSG00000259457,0.0
MGC15885,0.0
LINC02568,0.00892141
CPEB1-AS1,0.0
ENSG00000259463,0.0
ENSG00000259468,0.0
ENSG00000259469,0.0
LINC01169,0.0
LINC02205,0.0
ENSG00000259474,0.0
SYNM-AS1,0.0
ENSG00000259478,0.0
ENSG00000259481,0.0
RORA-AS2,0.0
ENSG00000259483,0.0
DUT-AS1,0.0
IGHV3OR15-7,0.0
ARNT2-DT,0.030071935
TPM1-AS,0.0
ENSG00000259499,0.0
ENSG00000259503,0.0
ENSG00000259504,0.016942041
ENSG00000259508,0.0
UBE2Q2P16,0.01347744
ENSG00000259514,0.0
ENSG00000259515,0.0
LINC02169,0.0
LINC01583,0.0
ENSG00000259519,0.0
SLC28A2-AS1,0.017231239
INO80-AS1,0.0
ENSG00000259522,0.0
ENSG00000259528,0.0
ENSG00000259530,0.0
ENSG00000259532,0.0
ENSG00000259534,0.0
ENSG00000259536,0.0
ENSG00000259540,0.0
ENSG00000259541,0.0
ENSG00000259542,0.0
ENSG00000259543,0.0
ENSG00000259544,0.0
ENSG00000259546,0.0
ENSG00000259548,0.0
ENSG00000259551,0.0
ENSG00000259553,0.003657814
ENSG00000259555,0.0
ENSG00000259560,0.0
ENSG00000259563,0.0
ENSG00000259564,0.0
BLID,0.0
LINC01491,0.0
ENSG00000259575,0.0
CERNA1,0.0049992
ENSG00000259579,0.0
ALDH1A3-AS1,0.0
ENSG00000259584,0.0
ENSG00000259588,0.0
ENSG00000259589,0.0
LINC02244,0.0
ENSG00000259591,0.0
CTDSPL2-DT,0.0
ENSG00000259598,0.0
ENSG00000259602,0.0
ENSG00000259603,0.0
ENSG00000259607,0.0
LINC01582,0.0
ENSG00000259615,0.0
ENSG00000259617,0.0
ENSG00000259620,0.0
ENSG00000259621,0.0
ENSG00000259624,0.0
ENSG00000259627,0.0
ENSG00000259631,0.0
ENSG00000259639,0.0
ENSG00000259647,0.0
ENSG00000259649,0.0
ENSG00000259650,0.0
ENSG00000259652,0.0
ENSG00000259656,0.0
UBE2Q2P13,0.0
ENSG00000259661,0.0
ISL1-DT,0.0
LINGO1-AS1,0.0
ENSG00000259669,0.0
ENSG00000259670,0.0
ENSG00000259672,0.0
IQCH-AS1,0.048255432
ENSG00000259675,0.0
ENSG00000259676,0.0
ENSG00000259678,0.0
IGHV3OR16-17,0.0
ENSG00000259681,0.0
ENSG00000259684,0.0
IDH2-DT,0.0
LINC01220,0.0
LINC01418,0.0
ENSG00000259694,0.0
ENSG00000259697,0.0
ENSG00000259702,0.0038005023
FBN1-DT,0.0
DNAJA4-DT,0.0
ENSG00000259709,0.0
ENSG00000259711,0.0
ENSG00000259712,0.0
ENSG00000259715,0.0
LINC00677,0.0
LINC02284,0.0
ENSG00000259720,0.0
GREM1-AS1,0.0
ENSG00000259723,0.0
LINC01581,0.0
ENSG00000259725,0.0
ENSG00000259731,0.0
ENSG00000259734,0.0
CRTC3-AS1,0.0
ENSG00000259737,0.0
ENSG00000259753,0.0
ENSG00000259754,0.0046229437
ENSG00000259755,0.0
ENSG00000259756,0.0
ENSG00000259757,0.0
ENSG00000259759,0.0
LINC02157,0.0
PCSK6-AS1,0.0
ZFHX3-AS1,0.004058987
LINC03034,0.0
ENSG00000259773,0.0
ENSG00000259774,0.0
EIF5-DT,0.0
ENSG00000259776,0.0
LINC01922,0.0
ENSG00000259780,0.0
LINC02259,0.0
ENSG00000259784,0.0
LINC02109,0.0
UAP1-DT,0.0
ENSG00000259789,0.0
ENSG00000259791,0.0
ENSG00000259792,0.0
ENSG00000259793,0.0
ENSG00000259798,0.0
MARCHF6-DT,0.012017473
SLC22A31,0.0
CTCF-DT,0.0027606962
ENSG00000259805,0.0
ENSG00000259807,0.0
ENSG00000259813,0.0
ENSG00000259814,0.0
LINC02769,0.0
ENSG00000259817,0.0
CZIB-DT,0.0
ENSG00000259819,0.0
ENSG00000259821,0.0
LYPD8,0.0
CDK13-DT,0.003431523
ENSG00000259828,0.0
LINC00567,0.0
ENSG00000259833,0.0
LINC01904,0.0
ENSG00000259840,0.0
LINC01566,0.0
HEATR3-AS1,0.0
ENSG00000259846,0.0
LINC02126,0.0
VENTXP1,0.0
IGHV1OR16-2,0.0
LINC02956,0.0
ENSG00000259861,0.0
ENSG00000259862,0.0
SH3RF3-AS1,0.003205813
DYNLRB2-AS1,0.0
ENSG00000259869,0.0
ENSG00000259870,0.0
ENSG00000259876,0.0
ZNF778-DT,0.015395434
ENSG00000259878,0.0
ENSG00000259881,0.0
EHD4-AS1,0.0
FIGNL2-DT,0.0
ENSG00000259889,0.0
ENSG00000259891,0.0063151517
TEDC2-AS1,0.0
ENSG00000259899,0.0
ENSG00000259900,0.0
PWRN1,0.007917629
ENSG00000259906,0.0
ENSG00000259907,0.0
LNCPTCTS,0.0
ENSG00000259912,0.0
ENSG00000259914,0.0
ENSG00000259915,0.0057919947
AQP7B,0.0
ENSG00000259920,0.0
ENSG00000259925,0.0
ENSG00000259928,0.0
ENSG00000259929,0.0
ENSG00000259940,0.0
ENSG00000259941,0.0
CDRT7,0.0
ENSG00000259945,0.0
ENSG00000259946,0.0
LINC02124,0.0
ENSG00000259952,0.0
IL21R-AS1,0.0
ENSG00000259955,0.0
ENSG00000259959,0.0073280777
ENSG00000259961,0.0
THSD4-AS1,0.0
ENSG00000259967,0.0
ENSG00000259968,0.0
LINC00261,0.0
ENSG00000259976,0.0
ENSG00000259977,0.0
ENSG00000259981,0.0
ENSG00000259985,0.0030103684
ENSG00000259986,0.0
ENSG00000259989,0.0
IGHV1OR16-4,0.0
ENSG00000260000,0.005150612
ENSG00000260003,0.0
ENSG00000260004,0.0
ENSG00000260005,0.0
ENSG00000260007,0.0
ENSG00000260008,0.0
LINC02130,0.0
ENSG00000260011,0.0054430105
ENSG00000260017,0.0
MBTPS1-DT,0.039187856
LINC01992,0.0
ENSG00000260021,0.0
ENSG00000260022,0.0
LINC02189,0.0
ENSG00000260029,0.0
LCMT1-AS2,0.0033390922
ENSG00000260037,0.0
ENSG00000260041,0.0
ENSG00000260042,0.0
ENSG00000260046,0.0
IGHV1OR16-3,0.0
ENSG00000260051,0.0
LINC01571,0.0025762399
ENSG00000260058,0.0
ENSG00000260059,0.0
ENSG00000260063,0.0
ENSG00000260066,0.0
ENSG00000260070,0.0
ENSG00000260072,0.0
ENSG00000260073,0.0
MRFAP1P1,0.0
ENSG00000260084,0.0
ENSG00000260086,0.0
DDX59-AS1,0.0021909457
ENSG00000260091,0.0
ENSG00000260092,0.0
MSRA-DT,0.0
LINC00564,0.0
SPDYE6,0.0
LINC01070,0.0
ENSG00000260107,0.0
ENSG00000260111,0.0
CDH8-AS1,0.0
ENSG00000260118,0.005342134
ENSG00000260120,0.0
ENSG00000260121,0.0
ENSG00000260122,0.0
CARMAL,0.0
AGBL1-AS1,0.0
ENSG00000260126,0.0
LINC00556,0.0
ENSG00000260132,0.0
MMP2-AS1,0.0
ENSG00000260137,0.0
ENSG00000260142,0.0
ENSG00000260145,0.0
CPNE2-DT,0.0
LINC02673,0.0
ENSG00000260156,0.0
ENSG00000260158,0.0
ENSG00000260162,0.0
ENSG00000260166,0.0
ENSG00000260167,0.0
ENSG00000260170,0.0
ENSG00000260171,0.0
LINC01413,0.0
ENSG00000260173,0.0
ENSG00000260176,0.0
ENSG00000260177,0.0
ENSG00000260179,0.0019332442
ENSG00000260185,0.0
LINC02137,0.0
ENSG00000260188,0.0
LINC02240,0.0
LINC02846,0.0
ENSG00000260194,0.0
ENSG00000260196,0.0220822
ENSG00000260197,0.0
ENSG00000260201,0.00059536373
ENSG00000260202,0.0
ENSG00000260205,0.0
ENSG00000260206,0.0
ENSG00000260209,0.0
CENPN-AS1,0.0
ENSG00000260217,0.0
CD2BP2-DT,0.008802483
CCDC187,0.0
ENSG00000260223,0.0
CDH13-AS2,0.0
FRRS1L,0.0021987385
KDM7A-DT,0.0
PWRN4,0.0
ENSG00000260234,0.0
ENSG00000260235,0.0
ENSG00000260237,0.0
PMF1-BGLAP,0.0022627893
LINC02533,0.0
ENSG00000260242,0.0
ENSG00000260246,0.0
ENSG00000260249,0.0
ENSG00000260252,0.0
ENSG00000260254,0.0
ENSG00000260256,0.0
LINC02166,0.00081913744
ENSG00000260261,0.0
ENSG00000260262,0.0
LINC02194,0.0
LINC00919,0.0035889335
ENSG00000260271,0.0
ENSG00000260272,0.0
ENSG00000260273,0.0051996517
ENSG00000260274,0.020980299
ENSG00000260277,0.0
BMP2K-DT,0.005666942
ENSG00000260279,0.0009930922
ITFG1-AS1,0.0
TRMT61A-DT,0.0
ARMH2,0.0
TBC1D3G,0.0
ENSG00000260289,0.0
LINC01882,0.0
ENSG00000260303,0.0
ENSG00000260304,0.0
NTRK3-AS1,0.0
ENSG00000260306,0.0
ENSG00000260311,0.0
ENSG00000260312,0.0
LINC02986,0.008208208
ENSG00000260322,0.0
HSPB9,0.0071094176
ENSG00000260328,0.0
TMEM263-DT,0.015086699
ENSG00000260331,0.0008475883
LINC01570,0.0
HEXA-AS1,0.0
LINC02176,0.0
ENSG00000260342,0.0
LINC01043,0.0
ENSG00000260348,0.0
ENSG00000260349,0.0049349703
ENSG00000260350,0.0
ENSG00000260351,0.0
SMG1-DT,0.0
ENSG00000260362,0.0
ENSG00000260364,0.0
ENSG00000260367,0.005911824
ENSG00000260369,0.0030848077
ENSG00000260370,0.0
ENSG00000260371,0.0
AQP4-AS1,0.0
ENSG00000260377,0.0
ENSG00000260378,0.0
ENSG00000260381,0.0
ENSG00000260385,0.0
ENSG00000260387,0.0
LINC00562,0.003788369
ENSG00000260390,0.0
ENSG00000260392,0.0
ENSG00000260393,0.0
STUB1-DT,0.0
ENSG00000260402,0.0
ENSG00000260403,0.0027771425
ENSG00000260406,0.0
ENSG00000260416,0.0
ENSG00000260417,0.0
ENSG00000260418,0.022786256
ENSG00000260419,0.0
LINC02182,0.0031388022
ENSG00000260422,0.0
LINC02367,0.0
ENSG00000260425,0.0
SCX,0.017994957
ENSG00000260430,0.0
LINC01917,0.0
ENSG00000260436,0.0
LMF1-AS1,0.0
LINC01544,0.0093538975
ENSG00000260441,0.0
ATP2A1-AS1,0.0027313074
ENSG00000260447,0.0
LCMT1-AS1,0.0
LINC02134,0.0
LINC02957,0.0
NBAT1,0.0
ENSG00000260457,0.0
KCNJ18,0.0
ENSG00000260460,0.0
ENSG00000260464,0.0
ENSG00000260465,0.0
ENSG00000260466,0.0
ENSG00000260467,0.0
LINC01290,0.0
INSYN1-AS1,0.017887523
ENSG00000260473,0.0
SLC25A28-DT,0.0052798847
ENSG00000260476,0.0
LINC01584,0.0
ENSG00000260478,0.0
ENSG00000260484,0.0
ENSG00000260488,0.0
CISTR,0.0
E2F5-DT,0.0
ENSG00000260495,0.0
ENSG00000260496,0.0
ENSG00000260498,0.0
ENSG00000260500,0.0025716077
ENSG00000260504,0.0
ENSG00000260505,0.0
ENSG00000260507,0.0
ENSG00000260509,0.0
ENSG00000260510,0.0
ENSG00000260515,0.0
ATP8A1-DT,0.0
ENSG00000260520,0.0
AP1AR-DT,0.0
FAM157C,0.007131703
ENSG00000260530,0.0
ENSG00000260532,0.0
ENSG00000260536,0.0
ENSG00000260537,0.0
ENSG00000260542,0.0
ENSG00000260545,0.0
ENSG00000260550,0.0
PWRN2,0.0
ENSG00000260555,0.0
ENSG00000260558,0.0
ENSG00000260563,0.014475198
ENSG00000260564,0.0
ENSG00000260568,0.0
ENSG00000260569,0.0
ENSG00000260570,0.0
PPM1L-DT,0.007998707
ENSG00000260573,0.0
ENSG00000260574,0.0
ENSG00000260575,0.0
CDH3-AS1,0.0
ENSG00000260578,0.0
ENSG00000260579,0.0
ENSG00000260580,0.0
ENSG00000260583,0.0
ENSG00000260585,0.0
ENSG00000260588,0.0
ENSG00000260592,0.0
ENSG00000260593,0.0
ENSG00000260594,0.0
DUX4,0.0
ENSG00000260597,0.0
ENSG00000260604,0.0
ENSG00000260605,0.0
ENSG00000260608,0.0
ENSG00000260611,0.0
ENSG00000260612,0.0
ENSG00000260613,0.0
CYLD-AS2,0.0
ENSG00000260617,0.0
ENSG00000260618,0.0
ENSG00000260619,0.0
ENSG00000260620,0.0
ENSG00000260621,0.0
ENSG00000260624,0.0
RUSF1-DT,0.011047202
ENSG00000260626,0.0
BGLT3,0.0
ENSG00000260633,0.0
ENSG00000260634,0.0
ENSG00000260635,0.0
ENSG00000260640,0.0
TSPAN5-DT,0.0
ENSG00000260642,0.0
ENSG00000260643,0.00043746625
ENSG00000260645,0.0021261082
ENSG00000260646,0.0
ENSG00000260647,0.0
ENSG00000260650,0.0
ENSG00000260651,0.0036645378
MIR3147HG,0.0
ENSG00000260657,0.0022725398
ENSG00000260658,0.010836434
ENSG00000260659,0.0
ENSG00000260660,0.0
ENSG00000260661,0.0
ENSG00000260664,0.0
ENSG00000260670,0.0
ENSG00000260672,0.0
ENSG00000260673,0.0
LINC01541,0.0028348358
ENSG00000260677,0.0
ENSG00000260679,0.0
ENSG00000260681,0.0
ENSG00000260683,0.0
ANKRD20A1,0.0065811947
ENSG00000260693,0.0
ENSG00000260694,0.0
ENSG00000260695,0.0
ENSG00000260698,0.0
ENSG00000260701,0.0
ENSG00000260706,0.0
ENSG00000260710,0.0
ENSG00000260715,0.0
ENSG00000260719,0.0
LINC01243,0.0
ENSG00000260721,0.0
ENSG00000260725,0.0
ENSG00000260729,0.0
ENSG00000260733,0.0
TLE7,0.0
ENSG00000260735,0.0
LINC01227,0.0
LINC00554,0.0
ENSG00000260739,0.0
ENSG00000260740,0.007890602
ENSG00000260741,0.0
ITPRID2-DT,0.004339994
ENSG00000260743,0.0
ENSG00000260744,0.0
ENSG00000260750,0.0
ENSG00000260755,0.0
ENSG00000260756,0.0
ENSG00000260761,0.0
ENSG00000260763,0.0
ENSG00000260771,0.0
ENSG00000260773,0.0
ENSG00000260777,0.0
MIR3677HG,0.0057688747
ENSG00000260779,0.0
CASC17,0.0
ENSG00000260786,0.0
CEDORA,0.0
CDR2-DT,0.0
LINC02280,0.0
ENSG00000260796,0.0
ENSG00000260798,0.0
SERTM2,0.0
LINC01963,0.012690537
PAPOLA-DT,0.011165613
CEROX1,0.0047673695
ENSG00000260808,0.0
ENSG00000260810,0.0
ENSG00000260814,0.0
ENSG00000260823,0.0
ENSG00000260827,0.0
ENSG00000260830,0.0
ENSG00000260832,0.0
ENSG00000260834,0.0
ENSG00000260836,0.0
ENSG00000260838,0.0
LINC01964,0.0
ENSG00000260845,0.0
ENSG00000260847,0.0
ENSG00000260848,0.0
ENSG00000260850,0.0
ENSG00000260851,0.0
FBXL19-AS1,0.0031800256
NFATC2IP-AS1,0.0
LINC02184,0.0
ENSG00000260855,0.0033111125
ENSG00000260857,0.0
ENSG00000260858,0.0
ENSG00000260861,0.0
ENSG00000260867,0.0
LINC01960,0.0
ENSG00000260874,0.0
LINC01229,0.0
ENSG00000260877,0.0
ENSG00000260879,0.008581322
HCCAT5,0.0
PCHILR,0.0
TAT-AS1,0.0
CASC22,0.0020087974
ENSG00000260891,0.0
ENSG00000260892,0.0
ENSG00000260894,0.0
ENSG00000260895,0.0
ARLNC1,0.0
ADPGK-AS1,0.0
LINC02011,0.0
XKR7,0.0
LINC02890,0.0
ENSG00000260907,0.0
SWINGN,0.0
ENSG00000260911,0.003967351
LINC01254,0.0
ENSG00000260914,0.0
ENSG00000260919,0.0
ENSG00000260921,0.0
ENSG00000260922,0.0
LINC01311,0.008882169
ENSG00000260926,0.0
ENSG00000260927,0.0
LINC01416,0.0
ENSG00000260932,0.0
ENSG00000260934,0.0
ENSG00000260937,0.0
CAPN10-DT,0.0063653067
LINC02555,0.0
FOXC2-AS1,0.0
ENSG00000260945,0.0
ENSG00000260947,0.0
ENSG00000260953,0.0
ENSG00000260955,0.0
ENSG00000260957,0.0
ENSG00000260958,0.0
ENSG00000260959,0.0
LINC00557,0.0
LINC03064,0.05092539
WWOX-AS1,0.0
ENSG00000260970,0.0
ENSG00000260971,0.0
ENSG00000260972,0.0
ENSG00000260973,0.0
ENSG00000260974,0.0
ENSG00000260975,0.0
LINC01633,0.0
ENSG00000260978,0.0
USP7-AS1,0.004254312
ENSG00000260981,0.0
ENSG00000260986,0.0
ENSG00000260988,0.0
ENSG00000260989,0.0
ENSG00000260990,0.0
DOCK9-DT,0.0025329972
ENSG00000260995,0.0
ENSG00000260999,0.0
ENSG00000261000,0.0
VPS39-DT,0.0
LINC01572,0.0
ENSG00000261009,0.0
ENSG00000261012,0.0
LINC02165,0.0
ENSG00000261018,0.0
ENSG00000261019,0.0
ENSG00000261020,0.0
ENSG00000261024,0.0
ENSG00000261025,0.0
ENSG00000261028,0.0
MPHOSPH6-DT,0.0
ENSG00000261030,0.0
SPECC1-DT,0.0
ENSG00000261035,0.0
ENSG00000261036,0.0
ENSG00000261037,0.002609946
ENSG00000261038,0.0
ENSG00000261043,0.0
LINC02129,0.0
ENSG00000261049,0.0
SYNM-AS2,0.0
ENSG00000261055,0.0
LINC00555,0.0
ENSG00000261058,0.0
ENSG00000261063,0.0
ENSG00000261065,0.0
ENSG00000261066,0.0
ENSG00000261069,0.0
ENSG00000261070,0.0
ENSG00000261071,0.010065831
LINC01195,0.0
ENSG00000261076,0.0
ENSG00000261078,0.0
ENSG00000261079,0.0053492133
RUNX2-AS1,0.0
LINC01228,0.0
LINC02516,0.0
ENSG00000261090,0.0
LINC02178,0.0
ENSG00000261093,0.0
ENSG00000261095,0.0
LINC00563,0.0
ENSG00000261103,0.0
ENSG00000261104,0.0
ENSG00000261113,0.0
TMEM178B,0.005767936
ENSG00000261117,0.0
ENSG00000261118,0.004970405
LINC02473,0.0
LINC02167,0.0
ENSG00000261124,0.0
ENSG00000261129,0.0
ENSG00000261130,0.0
ENSG00000261136,0.002581878
ENSG00000261140,0.007002219
ENSG00000261141,0.0
ENSG00000261146,0.0
ENSG00000261147,0.0
LINC02131,0.0
LINC01989,0.0
ENSG00000261158,0.0
ENSG00000261161,0.0
ENSG00000261166,0.0
ENSG00000261170,0.0
ENSG00000261172,0.0
DNAJA2-DT,0.0
LINC02188,0.0
ENSG00000261177,0.0
LINC03121,0.0
LINC03100,0.0
ENSG00000261187,0.0
TFIP11-DT,0.017473673
DSP-AS1,0.019457977
ENSG00000261191,0.0
LINC01898,0.0
ENSG00000261195,0.0
ENSG00000261198,0.0
ENSG00000261200,0.0
TNRC6B-DT,0.0
ENSG00000261204,0.0
LINC00561,0.0
ENSG00000261207,0.0
CLEC19A,0.0
ENSG00000261211,0.010568994
ENSG00000261213,0.0
ENSG00000261216,0.0
ENSG00000261219,0.0
ST3GAL1-DT,0.0
ENSG00000261229,0.0
LINC02133,0.0
HSD17B2-AS1,0.022441644
ENSG00000261238,0.0
ENSG00000261240,0.0
LINC02128,0.0
ENSG00000261242,0.0
ENSG00000261243,0.0
ENSG00000261244,0.0
GOLGA8T,0.0
ENSG00000261248,0.0
LINC01751,0.0
ENSG00000261250,0.0
EFCAB6-DT,0.0
ENSG00000261253,0.0
ENSG00000261257,0.0
ENSG00000261260,0.0
ENSG00000261261,0.0
ENSG00000261265,0.0
ENSG00000261266,0.0
ENSG00000261267,0.0
QKILA,0.0
MUC22,0.0
ENSG00000261275,0.0
ENSG00000261276,0.0
ENSG00000261285,0.0
ATP2C2-AS1,0.0
ENSG00000261292,0.0
ENSG00000261293,0.0
ENSG00000261294,0.0
ENSG00000261296,0.0
ENSG00000261298,0.0
NUP93-DT,0.0
LINC02252,0.0
ENSG00000261307,0.0
FIGNL2,0.0014619683
ENSG00000261310,0.0
ENSG00000261312,0.0
ENSG00000261313,0.0
LINC01834,0.0
DIS3L-AS1,0.0
LINC02152,0.0
ENSG00000261320,0.008730921
LINC02192,0.0
LINC01355,0.0085302545
ENSG00000261327,0.0
ENSG00000261329,0.0
ITGAL-AS1,0.0
ENSG00000261334,0.0
ENSG00000261335,0.011523215
LINC01616,0.0
SMIM47,0.0
ENSG00000261346,0.0
ENSG00000261347,0.0
LINC02136,0.0
ENSG00000261357,0.0
PYCARD-AS1,0.0
OTULIN-DT,0.0019385987
ENSG00000261363,0.0
ENSG00000261364,0.0
MANEA-DT,0.003410723
ENSG00000261367,0.0
ENSG00000261368,0.0
ENSG00000261369,0.0
VPS9D1-AS1,0.0009738704
ENSG00000261376,0.0
ENSG00000261382,0.0
ENSG00000261385,0.0
MAFTRR,0.008064528
ENSG00000261392,0.0
ENSG00000261393,0.0
ENSG00000261394,0.0
ENSG00000261396,0.0
LINC01177,0.0
ENSG00000261398,0.0
MAPK8IP3-AS1,0.32209754
ENSG00000261400,0.0
ENSG00000261402,0.0
ENSG00000261403,0.0
PSMD7-DT,0.0
ENSG00000261407,0.0037004042
TEN1-CDK3,0.0
CDH13-AS1,0.0
ENSG00000261411,0.0
CORO1A-AS1,0.0
MPC1-DT,0.012256835
ENSG00000261421,0.0
TMEM202-AS1,0.0031522575
ENSG00000261427,0.0
DHX35-DT,0.0
LINC01613,0.0
ENSG00000261433,0.0
ENSG00000261435,0.0
ENSG00000261436,0.0
LINC02894,0.01537286
ENSG00000261442,0.0
LINC00559,0.0
ENSG00000261447,0.0
ENSG00000261448,0.0
ENSG00000261449,0.0
LINC01735,0.0
TUBB8,0.0
ENSG00000261459,0.0
ENSG00000261460,0.0
COQ7-DT,0.0
ENSG00000261466,0.0
ENSG00000261467,0.0
ENSG00000261471,0.0
ENSG00000261472,0.0
LINC02190,0.0
ENSG00000261478,0.0
GOLGA8M,0.0
CARHSP1-DT,0.0
ENSG00000261482,0.0
PAN3-AS1,0.003978835
ENSG00000261489,0.0
LINC00566,0.0
BBS7-DT,0.0
LINC01686,0.0
ENSG00000261505,0.0
ENSG00000261507,0.0
TP53TG3B,0.0
ENSG00000261512,0.0
ENSG00000261513,0.0
LINC01976,0.021233374
LINC00558,0.0
ENSG00000261519,0.0
DLGAP1-AS5,0.0
ENSG00000261523,0.0
ENSG00000261532,0.0
ENSG00000261535,0.0
ENSG00000261540,0.0
ENSG00000261541,0.0
ENSG00000261542,0.0
ENSG00000261543,0.0
ENSG00000261546,0.0
ENSG00000261552,0.0
ENSG00000261555,0.0
LINC01859,0.0
ENSG00000261566,0.0
ENSG00000261569,0.0
AGK-DT,0.0
ENSG00000261573,0.0
ENSG00000261582,0.0
ENSG00000261583,0.0
ENSG00000261584,0.010631669
ENSG00000261586,0.0
TMEM249,0.0
ENSG00000261592,0.0
TPBGL,0.0
PPM1J-DT,0.0
ENSG00000261600,0.0
ENSG00000261602,0.0
PRSS46P,0.0
ENSG00000261604,0.0
ENSG00000261610,0.0
ENSG00000261611,0.0
ENSG00000261613,0.017475909
LINC01858,0.0
TTC23-AS1,0.0
LINC02177,0.0
LINC02605,0.0
LINC02179,0.0
ENSG00000261627,0.0
ENSG00000261629,0.0
ENSG00000261630,0.0
ENSG00000261632,0.0
ENSG00000261633,0.0
PAQR5-DT,0.0225285
LINC02191,0.0
LINC02127,0.0
ENSG00000261638,0.0
ENSG00000261641,0.0
ENSG00000261642,0.0
CYLD-AS1,0.0
ENSG00000261646,0.0
ENSG00000261648,0.0
GOLGA6L7,0.0
ENSG00000261651,0.0
PIERCE2,0.031644523
ENSG00000261653,0.0
BEAN1-AS1,0.0
ECI1-AS1,0.0
TTC39A-AS1,0.0
LY6L,0.0140734315
ENSG00000261668,0.0
ENSG00000261670,0.0
ENSG00000261671,0.0
ENSG00000261673,0.0
SCRT1,0.0
ENSG00000261682,0.0
LINC00838,0.0
ENSG00000261684,0.0
ENSG00000261687,0.0
ENSG00000261691,0.0
ENSG00000261693,0.0
ENSG00000261695,0.0
ENSG00000261696,0.0
LINC02168,0.0
IGHV1OR16-1,0.0
LINC00165,0.0
ENSG00000261707,0.0
ENSG00000261710,0.0
LINC01477,0.0
ENSG00000261717,0.0
ENSG00000261722,0.0
ENSG00000261723,0.0
ENSG00000261728,0.0
GS1-204I12.4,0.0
FOXF2-DT,0.0
ENSG00000261731,0.0
ENSG00000261734,0.0
MIR3976HG,0.0
GOLGA8S,0.0
LINC00922,0.0
ENSG00000261743,0.0
ZFPM1-AS1,0.0
LINC02180,0.0
ENSG00000261751,0.0
ENSG00000261754,0.0
STAG1-DT,0.0
ENSG00000261760,0.0
ENSG00000261762,0.0
ENSG00000261763,0.0
ENSG00000261766,0.0
ENSG00000261779,0.0
LINC01654,0.0
ENSG00000261786,0.0015064207
TCF24,0.0041400488
ENSG00000261789,0.0
ENSG00000261790,0.0
ENSG00000261793,0.0
GOLGA8H,0.0
ENSG00000261795,0.0
ISY1-RAB43,0.0
ENSG00000261798,0.0
ENSG00000261800,0.0
LOXL1-AS1,0.011475094
LINC02140,0.0
ENSG00000261804,0.0
LINC02141,0.0
ENSG00000261810,0.0
LINC02164,0.0
ENSG00000261815,0.0
ENSG00000261816,0.0
ENSG00000261817,0.0
ENSG00000261818,0.0
ENSG00000261821,0.0
ENSG00000261822,0.0
ENSG00000261823,0.0
ENSG00000261826,0.0
ENSG00000261831,0.0
ENSG00000261832,0.009469804
IGHV3OR16-15,0.0
ENSG00000261838,0.0
ENSG00000261839,0.0
ENSG00000261842,0.0
ENSG00000261848,0.0
LINC02186,0.0
MIA,0.0
LINC01996,0.0
ENSG00000261872,0.0
SMIM36,0.0
ZNF594-DT,0.0027943254
ENSG00000261884,0.008709768
GOSR2-DT,0.0
ENSG00000261888,0.03329672
ENSG00000261889,0.016923059
ENSG00000261898,0.0
ENSG00000261915,0.0
ENSG00000261924,0.0
PCDHGA9,0.0
ENSG00000261938,0.0
GFY,0.0
ENSG00000261959,0.0
ENSG00000261976,0.0
ENSG00000261978,0.0
ENSG00000261996,0.0
DLGAP1-AS2,0.020006722
ENSG00000262003,0.0
ENSG00000262006,0.0
ENSG00000262011,0.0
ENSG00000262020,0.0
ENSG00000262050,0.0025934335
ENSG00000262052,0.0
DKFZP434A062,0.0
ENSG00000262079,0.0
ENSG00000262094,0.0
ENSG00000262098,0.0
DHX33-DT,0.0
ENSG00000262112,0.0
ENSG00000262115,0.0
ENSG00000262116,0.0
BCAR4,0.0
ENSG00000262133,0.0
NQO1-DT,0.0
ENSG00000262147,0.0
ENSG00000262151,0.0
LINC02175,0.0
ENSG00000262160,0.03690952
C17orf114,0.011880319
ENSG00000262171,0.0
MYMX,0.0
LINC01978,0.0
ENSG00000262198,0.0
PCDHGB3,0.0
ENSG00000262211,0.0
ENSG00000262213,0.0
LINC03048,0.0
ENSG00000262228,0.0
ENSG00000262267,0.0
RPH3AL-AS2,0.01950642
ENSG00000262296,0.0
ENSG00000262298,0.0
ENSG00000262302,0.0
ENSG00000262304,0.0
ENSG00000262312,0.0
ENSG00000262313,0.0
ENSG00000262319,0.0
ENSG00000262332,0.0
ENSG00000262339,0.0
ENSG00000262343,0.0
LINC02564,0.0
ENSG00000262358,0.0
ENSG00000262372,0.0
ENSG00000262412,0.0
ENSG00000262413,0.0
ENSG00000262429,0.01435194
ENSG00000262434,0.0
ENSG00000262445,0.0
MIR193BHG,0.008264319
ENSG00000262456,0.0
LINC01569,0.014774017
TMEM256-PLSCR3,0.0
ENSG00000262482,0.0
CCER2,0.006730178
ENSG00000262521,0.0
ENSG00000262526,0.0
ENSG00000262528,0.014094913
ENSG00000262529,0.0
ENSG00000262533,0.0
SMIM28,0.0
ENSG00000262560,0.0
PCDHGA4,0.0
ENSG00000262580,0.02240644
LINC01979,0.0
LINC00621,0.0047399607
ENSG00000262624,0.0
OR1D5,0.0
ENSG00000262633,0.0
ENSG00000262660,0.0
ENSG00000262662,0.0
ENSG00000262663,0.0
OVCA2,0.0
CAMTA2-AS1,0.0
ENSG00000262681,0.0
GLIS2-AS1,0.054330893
ENSG00000262692,0.0
ZFP3-DT,0.0
ENSG00000262703,0.0
ENSG00000262714,0.004007377
ARHGAP11A-DT,0.0
ENSG00000262730,0.0
ENSG00000262732,0.0
ENSG00000262768,0.0
ENSG00000262769,0.0
LINC01977,0.0
ENSG00000262777,0.0
ENSG00000262786,0.0
ENSG00000262791,0.0
ENSG00000262801,0.00223897
ENSG00000262810,0.0
ENSG00000262815,0.0
ENSG00000262823,0.0
ENSG00000262831,0.0
ENSG00000262833,0.0
ENSG00000262837,0.0
ENSG00000262848,0.0
ENSG00000262873,0.0
C19orf84,0.0
ENSG00000262881,0.0
ENSG00000262884,0.0
ENSG00000262898,0.0
ENSG00000262899,0.0
CTNS-AS1,0.0
ENSG00000262905,0.0
ENSG00000262920,0.09752459
ENSG00000262921,0.0
ENSG00000262950,0.0
ENSG00000262966,0.0
ENSG00000262983,0.0
ENSG00000262995,0.008986554
ENSG00000262999,0.0
AKAP1-DT,0.027217897
ENSG00000263015,0.0
ENSG00000263020,0.0
ENSG00000263033,0.004504474
ENSG00000263041,0.0
DPH1-AS1,0.0
ENSG00000263051,0.0
ENSG00000263063,0.0023461676
ENSG00000263065,0.0
ZNF213-AS1,0.048902143
ENSG00000263080,0.0
ENSG00000263096,0.0
ENSG00000263098,0.0
ENSG00000263105,0.0024230212
ENSG00000263110,0.0
ENSG00000263126,0.0
LINC01896,0.13870096
ENSG00000263154,0.0
MYZAP,0.017701717
ENSG00000263159,0.0
ENSG00000263164,0.0
ENSG00000263165,0.0
ENSG00000263167,0.0
ENSG00000263171,0.0
ENSG00000263176,0.0
DPEP2NB,0.0
ENSG00000263207,0.0
ENSG00000263218,0.0
ENSG00000263220,0.0
ENSG00000263234,0.0
ENSG00000263237,0.0
ENSG00000263253,0.0
LINC03107,0.0
ENSG00000263271,0.0
ENSG00000263279,0.0
ENSG00000263280,0.0
EFCAB13-DT,0.0
ENSG00000263300,0.0
ENSG00000263301,0.0
ENSG00000263305,0.0
RSL1D1-DT,0.0
LINC01975,0.0
LINC01982,0.0
ENSG00000263321,0.0
ENSG00000263325,0.0
TAPT1-AS1,0.0034243318
ENSG00000263335,0.0064201388
ENSG00000263342,0.0
SGSM2-AS1,0.0
PPIAL4A,0.0
ENSG00000263370,0.0
ENSG00000263382,0.0
GTSCR1,0.0
ENSG00000263424,0.0
ENSG00000263427,0.0
TMEM238L,0.011040244
ENSG00000263435,0.0
LINC01919,0.0
ENSG00000263450,0.0
PPIAL4C,0.0
ENSG00000263466,0.0
ENSG00000263477,0.0
ENSG00000263489,0.0
ENSG00000263494,0.0
ENSG00000263499,0.0
ENSG00000263501,0.0
FAM72C,0.0
LINC02563,0.0
IKBKE,0.004922695
ENSG00000263531,0.0
ENSG00000263551,0.0
ENSG00000263567,0.0
ENSG00000263571,0.0
PYCR1-AS1,0.0
HID1-AS1,0.0
ENSG00000263594,0.0
ENSG00000263603,0.0
LINC02002,0.0
ENSG00000263611,0.0
ENSG00000263612,0.0052265227
ENSG00000263613,0.0
ENSG00000263618,0.0
ENSG00000263620,0.0
ENSG00000263622,0.0
ENSG00000263624,0.0
PPP4R1-AS1,0.0
ENSG00000263635,0.0
ENSG00000263637,0.0
MSMB,0.0
ENSG00000263644,0.0
ENSG00000263655,0.0
ENSG00000263657,0.0
LINC03066,0.0
ENSG00000263674,0.0
ENSG00000263680,0.0
ENSG00000263683,0.0
ENSG00000263684,0.0
ENSG00000263707,0.0
ENSG00000263708,0.0
ENSG00000263709,0.0
LINC02210-CRHR1,0.007305485
SEPTIN9-DT,0.0
DLGAP1-AS3,0.0
ENSG00000263745,0.0
ENSG00000263756,0.0
GDF2,0.0
ENSG00000263765,0.0
KPNB1-DT,0.002752062
SKAP1-AS1,0.0
ENSG00000263797,0.0
ENSG00000263809,0.0
ENSG00000263821,0.0
ENSG00000263823,0.008445016
ENSG00000263826,0.0024963804
ENSG00000263847,0.0
ENSG00000263859,0.0
ENSG00000263860,0.0
LINC01543,0.0
ENSG00000263863,0.0
DLGAP1-AS4,0.0
THOC1-DT,0.0
ENSG00000263893,0.0
ENSG00000263923,0.0
ENSG00000263924,0.0
ENSG00000263952,0.0
NETO1-DT,0.0
ENSG00000263970,0.0
ENSG00000263982,0.0
ENSG00000263986,0.0
ENSG00000263990,0.0
ENSG00000264000,0.0
ENSG00000264012,0.0
ENSG00000264015,0.0
ENSG00000264016,0.0
ENSG00000264019,0.0
ENSG00000264023,0.0
LINC02003,0.0
ABHD15-AS1,0.0
ENSG00000264044,0.0
ENSG00000264058,0.0
ENSG00000264066,0.0
ENSG00000264083,0.0
ENSG00000264108,0.0
ENSG00000264116,0.0
ENSG00000264125,0.0
ENSG00000264131,0.0
ENSG00000264149,0.0
ENSG00000264151,0.0
ENSG00000264174,0.0
ENSG00000264177,0.0
ENSG00000264187,0.0
ENSG00000264196,0.0
ENSG00000264207,0.007260191
ENSG00000264215,0.0
ANXA8L1,0.0
LINC01916,0.0
MYL12-AS1,0.0023173587
ENSG00000264243,0.0
ENSG00000264254,0.0
LINC01893,0.0
ENSG00000264262,0.0
LINC01925,0.0
DYM-AS1,0.0074670045
SAP30BP-AS1,0.0
ENSG00000264272,0.0
ENSG00000264273,0.0
ZNF236-DT,0.007576037
LINC01444,0.0
ENSG00000264304,0.0
ENSG00000264324,0.0
ENSG00000264339,0.0
ENSG00000264340,0.0
LINC01894,0.0
ENSG00000264365,0.0
LINC02675,0.00965833
ENSG00000264422,0.0
MYH4,0.0
ENSG00000264434,0.0
MIR378D2HG,0.0
ENSG00000264449,0.0
ENSG00000264451,0.0
ENSG00000264458,0.0
LINC02837,0.0
ENSG00000264472,0.0
ENSG00000264475,0.0
ENSG00000264486,0.0
ENSG00000264488,0.0
ENSG00000264490,0.0
ENSG00000264491,0.0
ENSG00000264513,0.0
ENSG00000264514,0.0
ENSG00000264520,0.0
ENSG00000264545,0.0
ENSG00000264548,0.0
ENSG00000264558,0.0
DCXR-DT,0.008923928
LINC00526,0.015488086
ENSG00000264577,0.0
ENSG00000264578,0.0
ENSG00000264587,0.0
MAPT-AS1,0.0009070728
ENSG00000264595,0.0
ENSG00000264622,0.0
PRKCA-AS1,0.0
ENSG00000264634,0.0
ENSG00000264643,0.0
ENSG00000264647,0.0
ENSG00000264659,0.0
ENSG00000264666,0.0
ENSG00000264668,0.0
SEPTIN4-AS1,0.0
ENSG00000264673,0.0
ENSG00000264693,0.0
ENSG00000264695,0.0
LINC01912,0.0
ENSG00000264701,0.0
ENSG00000264705,0.0
NPY4R2,0.0
ENSG00000264727,0.0
ENSG00000264729,0.0
ENSG00000264734,0.0
ENSG00000264735,0.0
ENSG00000264739,0.0
TTC39C-AS1,0.014748788
ENSG00000264750,0.0
ENSG00000264765,0.0
MAFG-AS1,0.0
ENSG00000264785,0.0
ENSG00000264791,0.0
ENSG00000264808,0.0
ENSG00000264813,0.0
ENSG00000264825,0.0
ENSG00000264829,0.0
ENSG00000264843,0.0
DSG2-AS1,0.0
ENSG00000264869,0.0
ENSG00000264876,0.0
ENSG00000264880,0.0
ENSG00000264914,0.0
ENSG00000264924,0.0
ENSG00000264932,0.0
PRR29-AS1,0.0
ENSG00000264956,0.0
TWSG1-DT,0.0
ENSG00000264968,0.009964616
ENSG00000264982,0.0
ENSG00000264985,0.0
ENSG00000264990,0.0
MARCHF10-DT,0.0
ENSG00000265008,0.0
ENSG00000265043,0.0
ENSG00000265046,0.0
ENSG00000265055,0.0
ENSG00000265069,0.0
ENSG00000265073,0.0
C1QTNF1-AS1,0.0039166855
ENSG00000265100,0.0
ENSG00000265101,0.0
ENSG00000265115,0.0
ENSG00000265118,0.0
ENSG00000265121,0.0
ENSG00000265125,0.0
ENSG00000265126,0.0
ENSG00000265128,0.0
ENSG00000265139,0.0
MIR133A1HG,0.0
CDRT8,0.0
ALDOC-AS1,0.0
ANXA8,0.0
ENSG00000265194,0.0
RBP3,0.0
ENSG00000265204,0.0
ENSG00000265205,0.0
ENSG00000265217,0.0
ENSG00000265218,0.0011958528
IGLJCOR18,0.0
ENSG00000265246,0.0
ENSG00000265254,0.0053950567
ENSG00000265265,0.0
ENSG00000265282,0.0
ENSG00000265289,0.0
ENSG00000265303,0.0
LINC01476,0.0
ENSG00000265316,0.0
ENSG00000265334,0.0
ENSG00000265342,0.0
ENSG00000265349,0.0
LINC01899,0.0
ENSG00000265359,0.0
PCAT18,0.014573634
LINC01908,0.0
ENSG00000265378,0.0
ENSG00000265380,0.0
ENSG00000265393,0.0
ENSG00000265394,0.0
ENSG00000265399,0.0
ENSG00000265400,0.0
ENSG00000265401,0.0
PRR11-AS1,0.0
ENSG00000265425,0.0
ENSG00000265443,0.0
ENSG00000265445,0.0
CLASP1-AS1,0.0
NARF-AS2,0.0
ENSG00000265474,0.0
ENSG00000265478,0.0
ENSG00000265484,0.0
LINC01915,0.0
ENSG00000265487,0.0
ARHGAP44-AS1,0.0
ENSG00000265490,0.0
ENSG00000265494,0.0
ENSG00000265496,0.0
ENSG00000265511,0.0
LINC01892,0.0
ENSG00000265519,0.0
DSEL-AS1,0.0
ENSG00000265542,0.0
ENSG00000265547,0.0
ENSG00000265552,0.0
ENSG00000265554,0.0
LINC01903,0.0
CFAP298-TCP10L,0.0
ENSG00000265618,0.0
ENSG00000265643,0.0
ENSG00000265644,0.0
ENSG00000265656,0.0
ENSG00000265664,0.0
ENSG00000265670,0.0
ENSG00000265678,0.0
MILIP,0.005694673
ENSG00000265689,0.0
ENSG00000265690,0.0
LINC01970,0.0032844685
ENSG00000265697,0.0
ENSG00000265702,0.0
ENSG00000265728,0.0
ENSG00000265737,0.0
ENSG00000265739,0.006067322
LINC02978,0.0
ENSG00000265749,0.0027871937
ENSG00000265750,0.0006453581
ENSG00000265751,0.0
LINC02958,0.0
LINC01900,0.0
ZNF488,0.012085608
CXADRP3,0.0
ZNF516-AS1,0.009363132
ENSG00000265781,0.0
ENSG00000265784,0.0
LINC01906,0.0
CYP4F35P,0.0
NOS2P1,0.0
ENSG00000265799,0.0
FSBP,0.0050400407
EEF1E1-BLOC1S5,0.0
ENSG00000265840,0.0
LINC01029,0.0
ENSG00000265844,0.0
ENSG00000265845,0.0
DSCAS,0.0
ENSG00000265907,0.0
ENSG00000265908,0.0
ENSG00000265912,0.0
ENSG00000265927,0.0
LINC00668,0.0
ENSG00000265935,0.0
LINC01387,0.0
GACAT2,0.0
ENSG00000265967,0.0
ENSG00000265971,0.0
ENSG00000265980,0.0
GREB1L-DT,0.0
ENSG00000265987,0.0
ENSG00000265994,0.0
ENSG00000265995,0.0
GATA6-AS1,0.0
LINC02079,0.0
ENSG00000266014,0.0
SLC9A3R1-AS1,0.0
ENSG00000266049,0.0
NDUFV2-AS1,0.021773335
ENSG00000266065,0.0
ENSG00000266076,0.0
ENSG00000266086,0.019051649
ENSG00000266088,0.0
ENSG00000266100,0.0
ENSG00000266101,0.0
ENSG00000266102,0.0
ENSG00000266106,0.0
ENSG00000266111,0.0
ENSG00000266114,0.0
ENSG00000266120,0.0
ENSG00000266149,0.0
ENSG00000266153,0.0
ENSG00000266171,0.0
ENSG00000266196,0.0
ENSG00000266202,0.0
GJD3-AS1,0.0
ENSG00000266213,0.0
LINC00683,0.0051052566
LINC01909,0.0012623018
ENSG00000266261,0.0
KLF14,0.0
ENSG00000266268,0.0
ENSG00000266273,0.0
LINC01910,0.0
ENSG00000266279,0.0
ENSG00000266283,0.0
LINC02974,0.0
LINC02933,0.0
DYNLL2-DT,0.0
LIVAR,0.0
ENSG00000266311,0.0
LINC01927,0.0
ENSG00000266313,0.0
ENSG00000266335,0.0
ENSG00000266340,0.0
ENSG00000266341,0.0
LINC02074,0.0
ENSG00000266368,0.0
ENSG00000266369,0.0
PIK3R5-DT,0.0
ENSG00000266397,0.0
ENSG00000266401,0.0
ARHGAP28-AS1,0.017031485
NARF-AS1,0.0
ENSG00000266456,0.0
ENSG00000266460,0.0
ENSG00000266466,0.0
ENSG00000266469,0.0
ENSG00000266489,0.0
ENSG00000266495,0.0
ENSG00000266498,0.0
ENSG00000266505,0.0
ENSG00000266521,0.0
GDF10,0.0
ENSG00000266527,0.0
ENSG00000266535,0.0
ENSG00000266541,0.0
LINC01443,0.0
ENSG00000266573,0.0
ENSG00000266578,0.0
ENSG00000266579,0.0
ENSG00000266586,0.0
ENSG00000266598,0.0
ENSG00000266602,0.0
LINC01887,0.0
ENSG00000266642,0.0
ENSG00000266644,0.0
ENSG00000266651,0.0
ENSG00000266654,0.0
ENSG00000266667,0.0
ENSG00000266677,0.0021877089
ENSG00000266680,0.0080597075
ENSG00000266696,0.0
ENSG00000266708,0.0
ENSG00000266709,0.0
ENSG00000266711,0.0
MYO15B,0.048130505
ENSG00000266717,0.0
ENSG00000266718,0.0
ENSG00000266728,0.0
DSG1-AS1,0.0
TBC1D29P,0.0
ENSG00000266743,0.0
ENSG00000266744,0.0
ENSG00000266765,0.0
ENSG00000266767,0.0
ENSG00000266774,0.0
ENSG00000266775,0.0
ENSG00000266821,0.0
ENSG00000266824,0.0
IGBP1C,0.0
ENSG00000266830,0.0
ENSG00000266840,0.0
ENSG00000266844,0.0
ENSG00000266846,0.0
ENSG00000266850,0.00312083
ENSG00000266869,0.0
ENSG00000266872,0.0
ENSG00000266877,0.0
ENSG00000266897,0.0
ENSG00000266901,0.0
CEACAM16-AS1,0.045260306
LINC00663,0.009258223
ENSG00000266905,0.0
LINC01841,0.0
ENSG00000266918,0.0
ZNF230-DT,0.0075158766
ENSG00000266923,0.0
ENSG00000266924,0.0
ENSG00000266925,0.0
ENSG00000266928,0.0
MADCAM1-AS1,0.0
ENSG00000266936,0.0
ENSG00000266941,0.0
ENSG00000266947,0.004183272
ENSG00000266950,0.0
ENSG00000266951,0.0
LINC01538,0.0
ENSG00000266953,0.0
LDLRAD4-AS2,0.0
ENSG00000266955,0.0
ENSG00000266957,0.0
ENSG00000266961,0.0
ENSG00000266963,0.0
CEP192-DT,0.0
SOCS3-DT,0.0
ENSG00000266973,0.0
FARSA-AS1,0.0
ENSG00000266976,0.0
ENSG00000266977,0.0
LIMASI,0.0
LINC01180,0.0
ENSG00000266980,0.0
RANBP3-DT,0.0
ENSG00000266985,0.0
ENSG00000266987,0.0
ENSG00000266990,0.0
ENSG00000266993,0.0
ENSG00000266997,0.0
ENSG00000266998,0.0045716413
ENSG00000267000,0.0
ENSG00000267001,0.0
ENSG00000267004,0.0
ENSG00000267006,0.0
ENSG00000267007,0.0
ENSG00000267011,0.0
LINC01929,0.0
LINC01532,0.004192858
ENSG00000267015,0.0
ENSG00000267016,0.0
ENSG00000267022,0.0
ENSG00000267024,0.0028506992
ENSG00000267026,0.0
ENSG00000267027,0.0
TCF4-AS1,0.0
ENSG00000267030,0.0
ENSG00000267033,0.0
ENSG00000267035,0.0
ENSG00000267038,0.0
ENSG00000267039,0.0
ENSG00000267044,0.0
ENSG00000267049,0.0
ENSG00000267051,0.0
CTB-30L5.1,0.0
ENSG00000267053,0.0
ENSG00000267055,0.0
LINC01905,0.0034233797
ENSG00000267058,0.013309436
ENSG00000267059,0.0
ENSG00000267061,0.0
ENSG00000267062,0.0
ENSG00000267063,0.0
UXT-AS1,0.0
LINC02080,0.0
ENSG00000267069,0.0
ENSG00000267072,0.0
ENSG00000267073,0.0
ENSG00000267075,0.0
ENSG00000267077,0.0
ENSG00000267078,0.0
ENSG00000267079,0.0
DOCK6-AS1,0.0029568458
ENSG00000267089,0.0
ENSG00000267090,0.0
ENSG00000267092,0.0
ENSG00000267095,0.0
SLC14A2-AS1,0.0018275194
ENSG00000267098,0.0
ENSG00000267101,0.0
TBC1D3P1-DHX40P1,0.0
ENSG00000267108,0.0
ENSG00000267109,0.0
ENSG00000267110,0.0
ENSG00000267112,0.0
ENSG00000267114,0.0
ENSG00000267117,0.0
ENSG00000267120,0.0
ENSG00000267122,0.0
SCAT1,0.0
ENSG00000267124,0.0
ENSG00000267125,0.0
ENSG00000267127,0.004273094
RNF157-AS1,0.004830193
ENSG00000267130,0.0
ENSG00000267133,0.0
LINC01924,0.0
ENSG00000267136,0.0
ENSG00000267137,0.0
ENSG00000267139,0.0
ENSG00000267140,0.0
ENSG00000267141,0.0
ENSG00000267143,0.0
ZNF222-DT,0.0
ENSG00000267146,0.0
LINC01842,0.0
ENSG00000267150,0.0
MIR2117HG,0.0
ENSG00000267152,0.018823927
ENSG00000267157,0.0
ENSG00000267159,0.0
ENSG00000267160,0.0031002162
CHMP1B-AS1,0.0
ENSG00000267168,0.0
ENSG00000267172,0.0
ENSG00000267173,0.0
ENSG00000267175,0.0068998076
ENSG00000267177,0.0
ENSG00000267179,0.0
ZNF45-AS1,0.0
ENSG00000267192,0.0
ENSG00000267193,0.0
ENSG00000267199,0.0
LINC01775,0.0
ENSG00000267202,0.0
LINC01782,0.0
ENSG00000267205,0.0
BCAS3-AS1,0.0116223935
LINC01897,0.0
ENSG00000267211,0.0
ENSG00000267212,0.0
DPY19L3-DT,0.007554664
ENSG00000267214,0.0
ENSG00000267215,0.0
ZNF8-ERVK3-1,0.0
ENSG00000267219,0.0
C17orf113,0.0143928155
ENSG00000267223,0.0
ENSG00000267224,0.0
MALT1-AS1,0.0
ENSG00000267228,0.0
ENSG00000267231,0.0
ENSG00000267232,0.0
ENSG00000267234,0.0
ENSG00000267238,0.0
ENSG00000267239,0.0
ENSG00000267240,0.0
ENSG00000267247,0.0
ENSG00000267250,0.0
ENSG00000267251,0.0
LINC01255,0.0
ENSG00000267255,0.0
ENSG00000267257,0.0
ERVE-1,0.034617864
ENSG00000267260,0.0
ENSG00000267261,0.0
ENSG00000267262,0.0
GP6-AS1,0.0
ENSG00000267269,0.0
PARD6G-AS1,0.058897674
LINC01140,0.0
ENSG00000267273,0.0
ENSG00000267277,0.0
MAP3K14-AS1,0.0
ATF7-NPFF,0.0036537494
ENSG00000267282,0.0
ENSG00000267284,0.0
ENSG00000267286,0.0
ENSG00000267288,0.005749948
PIN1-DT,0.0
MAP4K1-AS1,0.0
CEBPA-DT,0.0
ENSG00000267299,0.0
RNFT1-DT,0.011562749
ENSG00000267303,0.0
ENSG00000267304,0.0
UCA1-AS1,0.0
ZNF566-AS1,0.0067999363
ENSG00000267311,0.0
KC6,0.0
ENSG00000267314,0.0
ENSG00000267317,0.023194602
ENSG00000267318,0.0
ENSG00000267320,0.0
LINC01415,0.0
ENSG00000267328,0.0
KIF18B-DT,0.0
ENSG00000267335,0.0
LINC01478,0.0
ENSG00000267338,0.0
LINC00906,0.0
ENSG00000267341,0.0
ENSG00000267342,0.0
ENSG00000267344,0.0
ENSG00000267345,0.0
GEMIN7-AS1,0.0028622618
ENSG00000267349,0.0
ENSG00000267353,0.0
ENSG00000267356,0.0
ENSG00000267359,0.0
ENSG00000267360,0.0
ENSG00000267363,0.0
KCNJ2-AS1,0.0012803073
ENSG00000267366,0.0
UPK3BL1,0.04425973
ENSG00000267372,0.0
ENSG00000267373,0.0
MIR924HG,0.0
ENSG00000267375,0.0
ENSG00000267378,0.0
ENSG00000267379,0.0
ENSG00000267385,0.0
ENSG00000267387,0.0
KDSR-DT,0.045866262
MIR122HG,0.0
ENSG00000267393,0.0
ATXN7L3-AS1,0.0
DM1-AS,0.0045356946
ENSG00000267396,0.0
ENSG00000267397,0.0
ENSG00000267401,0.0
TCF4-AS2,0.0
ENSG00000267405,0.0
LINC02841,0.0
ENSG00000267409,0.0
LINC01901,0.0
SETBP1-DT,0.009016229
HEATR6-DT,0.0
ENSG00000267417,0.0
ZFP28-DT,0.012057309
ENSG00000267423,0.0
ENSG00000267424,0.0
LINC01928,0.0
ENSG00000267426,0.0
MFSD12-AS1,0.0
ENSG00000267437,0.0
ENSG00000267439,0.0
LINC02594,0.0
ENSG00000267443,0.0
ENSG00000267446,0.004558495
ENSG00000267448,0.0
LINC02073,0.0
CLEC4OP,0.0
ENSG00000267455,0.0
ENSG00000267457,0.0
ENSG00000267461,0.0
ENSG00000267462,0.0
LINC03103,0.0
ENSG00000267466,0.0
APOC4,0.0
ENSG00000267469,0.00204525
ZNF571-AS1,0.002949986
ENSG00000267476,0.0
ENSG00000267477,0.0
LINC02979,0.0
ENSG00000267484,0.0
LINC01837,0.0
ENSG00000267491,0.0
CIRBP-AS1,0.0
FAM215A,0.0
UQCRFS1-DT,0.0027221073
ENSG00000267501,0.0
ENSG00000267503,0.0
ENSG00000267505,0.0
ENSG00000267506,0.0
ZNF285,0.004664537
ENSG00000267509,0.0
ENSG00000267510,0.0
ENSG00000267512,0.0
LINC01864,0.0
ENSG00000267523,0.0
LINC01836,0.0037141857
LINC00868,0.0
ENSG00000267546,0.0
ENSG00000267547,0.0
ZSCAN5A-AS1,0.0
PTPRS-AS1,0.0
GNA15-DT,0.0
ENSG00000267552,0.0
ENSG00000267555,0.0
ENSG00000267557,0.0
ENSG00000267559,0.0
ENSG00000267560,0.0
ENSG00000267561,0.0
ENSG00000267563,0.0
ENSG00000267564,0.0
ENSG00000267565,0.0
ENSG00000267567,0.0
ENSG00000267574,0.0
DNAAF3-AS1,0.0
ENSG00000267579,0.0
ENSG00000267580,0.0
ENSG00000267582,0.0
ZNF24TR,0.0
LINC00907,0.0
LINC01926,0.0
ENSG00000267598,0.004800322
LINC02959,0.0
ENSG00000267601,0.0
LINC01028,0.0
ENSG00000267604,0.0
ENSG00000267605,0.0
ENSG00000267606,0.0
ICAM4-AS1,0.0
ENSG00000267610,0.0
ENSG00000267612,0.0
ENSG00000267614,0.0
ENSG00000267615,0.0
ENSG00000267617,0.0
ENSG00000267618,0.0
ENSG00000267625,0.0
HAUS5-DT,0.0
ENSG00000267627,0.0
ENSG00000267628,0.0
CGB1,0.0
ENSG00000267633,0.0
ENSG00000267638,0.0
ENSG00000267640,0.0
ASXL3-DT,0.0
ENSG00000267644,0.0
POLR2J2-UPK3BL1,0.0
ENSG00000267646,0.0
ENSG00000267649,0.0
ENSG00000267650,0.0
ENSG00000267651,0.0
RAB5C-AS1,0.0
LINC01482,0.0
TSHZ3-AS1,0.0
ENSG00000267665,0.0
ENSG00000267666,0.0
ENSG00000267670,0.0
ENSG00000267674,0.0
ENSG00000267675,0.0
ENSG00000267677,0.0
LINC03111,0.0
ENSG00000267688,0.0
LDLRAD4-AS1,0.0
ENSG00000267694,0.0
ENSG00000267695,0.0
ERVK-28,0.0
ENSG00000267698,0.004169073
ENSG00000267699,0.0
ENSG00000267703,0.0
ENSG00000267705,0.0
ENSG00000267706,0.0
ENSG00000267707,0.005933488
ENSG00000267709,0.0
EDDM13,0.0
ENSG00000267711,0.0
LINC01539,0.0
ENSG00000267714,0.0
LINC02078,0.0
ENSG00000267722,0.0
ENSG00000267723,0.0
ENSG00000267724,0.0016133267
LINC02565,0.0
ENSG00000267727,0.0
ENSG00000267729,0.0
ENSG00000267731,0.00056622183
ENSG00000267732,0.0
ENSG00000267734,0.0
ENSG00000267735,0.0
ENSG00000267737,0.0
ENSG00000267740,0.0
ENSG00000267743,0.0
ENSG00000267746,0.0
ENSG00000267748,0.0
RUNDC3A-AS1,0.0
BSG-AS1,0.005739948
ENSG00000267755,0.0
ENSG00000267758,0.0
ENSG00000267760,0.0
MIR4527HG,0.0
ENSG00000267762,0.0
ENSG00000267764,0.0
ENSG00000267765,0.0
LINC01801,0.0
ENSG00000267769,0.0
LINC01999,0.0
ENSG00000267774,0.0057823416
LINC01791,0.0
CBARP-DT,0.0
LINC01533,0.0
ENSG00000267780,0.0
ENSG00000267782,0.0
ENSG00000267783,0.0
ENSG00000267784,0.0
ENSG00000267786,0.0
ENSG00000267788,0.0
ENSG00000267789,0.0
LINC01987,0.006472984
ENSG00000267791,0.0
ENSG00000267801,0.0
ENSG00000267808,0.0
ENSG00000267811,0.0061771055
ENSG00000267815,0.0
ENSG00000267834,0.0
ENSG00000267838,0.003832669
ARHGEF18-AS1,0.0
ENSG00000267857,0.0
ENSG00000267868,0.007779384
ZNF460-AS1,0.0073803416
ENSG00000267872,0.0
ENSG00000267879,0.0
ENSG00000267881,0.0
ENSG00000267882,0.0
ENSG00000267886,0.0
ENSG00000267890,0.0
ENSG00000267892,0.0058520134
ENSG00000267898,0.0
VSIG10L-AS1,0.0
CCDC177,0.0
ENSG00000267919,0.0
ENSG00000267922,0.0
ENSG00000267924,0.0
ENSG00000267927,0.0
ENSG00000267934,0.0
ENSG00000267939,0.0130340345
ENSG00000267940,0.0060304743
ENSG00000267943,0.0
ENSG00000267952,0.0
ENSG00000267968,0.007937895
MAGEA9B,0.0
ENSG00000267980,0.0013483479
ENSG00000267984,0.0
ENSG00000267986,0.0
ENSG00000267992,0.0
SSX4,0.0
ENSG00000268015,0.0
ENSG00000268030,0.0
LINC01785,0.0
ERFL,0.0
ENSG00000268047,0.0
ENSG00000268049,0.0
ENSG00000268055,0.0
ENSG00000268056,0.0
NAPA-AS1,0.02053975
ENSG00000268069,0.0056757005
ENSG00000268078,0.0
ENSG00000268081,0.0
ENSG00000268083,0.0
ENSG00000268087,0.0
GABRQ,0.0
ENSG00000268093,0.0
ZNF649-AS1,0.0
SLC6A14,0.0
ENSG00000268107,0.0
ENSG00000268108,0.0
ENSG00000268112,0.0
ENSG00000268120,0.0
ENSG00000268129,0.051390693
ENSG00000268133,0.0
ENSG00000268149,0.0
ENSG00000268163,0.0
ENSG00000268170,0.0
ENSG00000268173,0.0
SMIM17,0.0
ENSG00000268184,0.0
ZNF114-AS1,0.0
ENSG00000268191,0.0
ENSG00000268193,0.0
ENSG00000268199,0.0
ENSG00000268203,0.0
ENSG00000268204,0.0
OPN1MW,0.0
ARL14EPL,0.0
TCP11X1,0.0
ENSG00000268240,0.0
AIRN,0.0
PKMYT1AR,0.0
ENSG00000268279,0.0
ENSG00000268287,0.0
ENSG00000268288,0.0
ENSG00000268289,0.0
ENSG00000268292,0.0
ENSG00000268296,0.0
LINC02560,0.0
ENSG00000268309,0.0
ENSG00000268316,0.0
LINC01872,0.0
SCGB1C2,0.0012386846
LRRC2-AS1,0.0
ENSG00000268326,0.0
FAM156A,0.0
ENSG00000268361,0.0
SERTAD3-AS1,0.0
ENSG00000268375,0.0
ENSG00000268390,0.0
ENSG00000268392,0.0
ENSG00000268400,0.0
ENSG00000268401,0.0
ZNF143-AS1,0.023492346
ENSG00000268416,0.016130801
ENSG00000268434,0.0
SSX2B,0.0
ENSG00000268458,0.0
ENSG00000268465,0.0
MIR4453HG,0.0
ENSG00000268472,0.0
ENSG00000268475,0.0
NFILZ,0.0
SIGLEC5,0.0
ENSG00000268505,0.0
ENSG00000268530,0.0
ENSG00000268531,0.0
LINC02135,0.0
ENSG00000268533,0.0
ENSG00000268536,0.0012838861
ENSG00000268555,0.0041765827
ENSG00000268560,0.0
ILVBL-AS1,0.0010042872
ENSG00000268565,0.0
ENSG00000268566,0.0
ENSG00000268573,0.0034197597
LINC01966,0.0
ENSG00000268583,0.0
ENSG00000268584,0.01419008
RAET1E-AS1,0.0017937012
ENSG00000268595,0.0
ENSG00000268597,0.0
ENSG00000268601,0.0
ENSG00000268603,0.0030420155
MAGEA2,0.0
ENSG00000268614,0.0
ENSG00000268618,0.0
IGFL2-AS1,0.0
ENSG00000268628,0.0
TEX13A,0.0
ENSG00000268635,0.0
ENSG00000268636,0.0
ENSG00000268643,0.0
ENSG00000268649,0.0
ENSG00000268650,0.024807177
CTAG1A,0.0
MIMT1,0.0
SAXO3,0.0
ENSG00000268673,0.0
ENSG00000268674,0.0
ENSG00000268677,0.0
ENSG00000268678,0.006515283
ENSG00000268686,0.0
ZNF723,0.0
ENSG00000268707,0.0
ENSG00000268729,0.0
HSFX2,0.0
ENSG00000268739,0.0
ENSG00000268745,0.0
ENSG00000268746,0.0
ENSG00000268750,0.0
SCGB1B2P,0.0035578983
LINC01081,0.0
ENSG00000268756,0.0
ENSG00000268764,0.0
ENSG00000268777,0.0
ENSG00000268790,0.0
ENSG00000268797,0.0
LINC02132,0.0
LIF-AS2,0.0037718855
ENSG00000268833,0.0
ENSG00000268836,0.0
ENSG00000268842,0.0
ENSG00000268845,0.0
ENSG00000268854,0.0
ENSG00000268858,0.035502605
ENSG00000268870,0.0
ENSG00000268873,0.0
ENSG00000268886,0.0
LIM2-AS1,0.0
PLCE1-AS1,0.0
A1BG-AS1,0.015651451
ENSG00000268896,0.0
CSAG2,0.0
ENSG00000268906,0.0
ENSG00000268912,0.0037940918
CSAG3,0.0
ENSG00000268926,0.0
ENSG00000268931,0.0
ENSG00000268938,0.0
CT45A1,0.0
LINC01711,0.004458415
ERVV-2,0.0
MIA-RAB4B,0.0021429886
ENSG00000268981,0.0
KXD1-AS1,0.0
ENSG00000268985,0.0
SPANXN2,0.0
FAM236B,0.0
MAN1B1-DT,0.011867498
HOMER3-AS1,0.0
ENSG00000269026,0.0
ENSG00000269035,0.0
LINC01838,0.0
SF1-DT,0.014954148
ENSG00000269043,0.0
ENSG00000269050,0.0
ENSG00000269053,0.0
ZNF497-AS1,0.0026239448
CALR3,0.0
ENSG00000269066,0.0
ZNF728,0.0035601496
ENSG00000269068,0.0
ENSG00000269085,0.0
LINC02965,0.0
ENSG00000269091,0.0
ENSG00000269095,0.0
CT45A3,0.0
ENSG00000269102,0.0
ENSG00000269106,0.0
ENSG00000269107,0.0
ENSG00000269110,0.0
ENSG00000269124,0.0
ENSG00000269125,0.0
MAST3-AS1,0.0
ENSG00000269148,0.0
ENSG00000269151,0.0
ENSG00000269155,0.0019459276
ENSG00000269161,0.0
ENSG00000269172,0.0
ENSG00000269176,0.018740395
ENSG00000269177,0.0
ENSG00000269179,0.0
LINC01082,0.0
ENSG00000269191,0.0
ENSG00000269210,0.0041752825
LINC00528,0.0
TMSB15C,0.0
ZNF350-AS1,0.12829436
ENSG00000269237,0.0
ENSG00000269242,0.0031467977
ENSG00000269243,0.0
ENSG00000269246,0.013549773
ENSG00000269256,0.0
ENSG00000269271,0.0
ENSG00000269275,0.0
ENSG00000269288,0.0
ENSG00000269289,0.005199132
ENSG00000269292,0.0
ENSG00000269296,0.0
ENSG00000269300,0.0
GRAMD1A-AS1,0.0
ENSG00000269307,0.0
ENSG00000269318,0.0
ENSG00000269321,0.0
IKBKG,0.06160481
ENSG00000269349,0.0
ENSG00000269350,0.0
PTOV1-AS2,0.0
LINC01233,0.009490098
ENSG00000269365,0.0
ENSG00000269371,0.0
ENSG00000269387,0.0
ENSG00000269392,0.0
ENSG00000269399,0.0
ENSG00000269403,0.0
SPIB,0.0
NXF2,0.0
LINC01224,0.0
PLA2G4C-AS1,0.0
ENSG00000269425,0.0
ENSG00000269427,0.0
OPN1MW3,0.0
NXF2B,0.0
PGLS-DT,0.0058116573
ENSG00000269445,0.0
ENSG00000269446,0.0
H3Y1,0.0
ENSG00000269469,0.0
ZNF132-DT,0.0
ENSG00000269476,0.0
ENSG00000269480,0.0
ENSG00000269481,0.0
ENSG00000269482,0.0
ENSG00000269483,0.0
ERVK9-11,0.0069548227
ENSG00000269487,0.0
ENSG00000269489,0.0
ENSG00000269495,0.0
DMRTC1,0.0
ENSG00000269504,0.0
ENSG00000269506,0.0
ENSG00000269514,0.0
ENSG00000269524,0.0
ERVV-1,0.0
ENSG00000269533,0.0
ENSG00000269534,0.0
ENSG00000269535,0.0
ENSG00000269543,0.0
ENSG00000269547,0.0
ENSG00000269559,0.0038563486
ENSG00000269564,0.0
ENSG00000269570,0.0
ENSG00000269583,0.0
CT45A10,0.0
ENSG00000269590,0.0
ENSG00000269599,0.0
ENSG00000269600,0.0
ENSG00000269621,0.0
ENSG00000269635,0.0
ZNF888-AS1,0.0
ENSG00000269652,0.0
NOP53-AS1,0.0
ENSG00000269667,0.0
ENSG00000269680,0.0011357235
ENSG00000269693,0.0
ENSG00000269694,0.0
ZNF470-DT,0.009793489
ZIM2,0.0
ENSG00000269711,0.0
CCDC194,0.0
ENSG00000269729,0.0
ENSG00000269736,0.0
ENSG00000269737,0.0
ENSG00000269741,0.0
ENSG00000269745,0.0
ENSG00000269752,0.0
ENSG00000269755,0.0
ENSG00000269758,0.0
SSX4B,0.0
ENSG00000269792,0.0
ZIM2-AS1,0.0
ENSG00000269796,0.0
ENSG00000269802,0.0
BICRA-AS1,0.0
ENSG00000269807,0.0
ENSG00000269813,0.0
ENSG00000269826,0.0
ENSG00000269836,0.0
ENSG00000269842,0.0
ENSG00000269843,0.0
ENSG00000269846,0.0
RNF225,0.0
ZNF628-DT,0.0
ENSG00000269877,0.0
ENSG00000269883,0.0
ENSG00000269886,0.00097049586
ENSG00000269889,0.0030427843
ARHGAP19-SLIT1,0.0
ENSG00000269892,0.004348448
ENSG00000269895,0.0
COMMD3-BMI1,0.0
ENSG00000269898,0.0
ENSG00000269901,0.0
ENSG00000269902,0.003908541
ENSG00000269903,0.0
ENSG00000269910,0.0
ENSG00000269915,0.0
ENSG00000269921,0.0121105015
ENSG00000269930,0.0080519905
ENSG00000269931,0.0
ENSG00000269934,0.0
ENSG00000269935,0.0
ENSG00000269937,0.0022437912
ENSG00000269945,0.0
ENSG00000269947,0.0
ENSG00000269949,0.0
ENSG00000269950,0.0
ENSG00000269954,0.0
FMC1-LUC7L2,0.0
MKNK1-AS1,0.003309082
ENSG00000269957,0.0
SPACA6-AS1,0.0
ERBIN-DT,0.0012562282
MEI4,0.003954015
ENSG00000269967,0.0
ENSG00000269968,0.00303681
ENSG00000269972,0.0
ENSG00000269976,0.0030532521
ENSG00000269978,0.002006365
ENSG00000269980,0.0
ENSG00000269982,0.0
ENSG00000269983,0.012777342
ENSG00000269984,0.0
FARS2-AS1,0.0
ENSG00000269987,0.0
ENSG00000269993,0.0
LINC02893,0.021525258
ENSG00000270000,0.0
ENSG00000270001,0.0
ENSG00000270002,0.0
C16orf95-DT,0.024787316
ZNF559-ZNF177,0.0
ENSG00000270012,0.0
ENSG00000270017,0.0
ENSG00000270020,0.0
ENSG00000270021,0.0
ENSG00000270035,0.0
ENSG00000270036,0.0
ATP6V0D1-DT,0.005321149
ENSG00000270050,0.0
ENSG00000270052,0.0
ENSG00000270066,0.0
ENSG00000270068,0.0
ENSG00000270071,0.0
ENSG00000270074,0.005660095
ENSG00000270075,0.0
ENSG00000270076,0.003163523
ENSG00000270082,0.0
GAS5-AS1,0.0053878548
ENSG00000270087,0.0
ENSG00000270090,0.0
ENSG00000270091,0.0037547257
ENSG00000270094,0.0
ENSG00000270096,0.0
ENSG00000270099,0.0
ENSG00000270100,0.0
ENSG00000270103,0.0
ENSG00000270104,0.0
TSNAX-DISC1,0.0
ENSG00000270110,0.0
CELF2-DT,0.0
ENSG00000270115,0.0
ENSG00000270117,0.0032207493
ENSG00000270118,0.0
ENSG00000270124,0.0
ENSG00000270127,0.0075633926
ENSG00000270131,0.0
ENSG00000270135,0.0
MICOS10-NBL1,0.0
ENSG00000270139,0.0
TERC,0.0
ENSG00000270149,0.0
ENSG00000270159,0.0
ENSG00000270171,0.0
ENSG00000270174,0.0
PPP2CA-DT,0.0
BIVM-ERCC5,0.0
ENSG00000270184,0.0
IGHD1OR15-1B,0.0
IGKV1OR2-11,0.0
GOLGA4-AS1,0.005545892
ENSG00000270207,0.0
ENSG00000270210,0.0042617936
ENSG00000270212,0.0
ENSG00000270240,0.0
ENSG00000270249,0.0
IGKV3OR2-5,0.0
H4C15,0.0
ENSG00000270277,0.0
ENSG00000270279,0.0
ENSG00000270299,0.0
ENSG00000270302,0.0
BORCS7-ASMT,0.0
IGHV3OR16-11,0.0
ENSG00000270321,0.0
SMC2-DT,0.0
PPIAL4H,0.0
IGHV1OR15-4,0.0
ENSG00000270361,0.0
HMGN3-AS1,0.003522467
ENSG00000270372,0.0
HEATR9,0.0
ENSG00000270380,0.0
ENSG00000270403,0.0
ENSG00000270412,0.0
IGKV2OR2-7,0.0
IGHD4OR15-4B,0.0
ENSG00000270457,0.0
ENSG00000270460,0.0
ENSG00000270462,0.0
IGHV3OR16-12,0.0
IGHV3OR16-9,0.0
IGHV3-29,0.0
ENSG00000270482,0.0035168696
ENSG00000270487,0.0
ENSG00000270504,0.011125819
IGHV1OR15-1,0.0
ENSG00000270522,0.0
ENSG00000270540,0.0
LINC01235,0.0
IGHV3-30,0.0
ENSG00000270557,0.0
FOXP1-DT,0.0
ENSG00000270571,0.004420617
ENSG00000270574,0.0
ENSG00000270589,0.0
PRAMEF5,0.0
LEISA1,0.0
URGCP-MRPS24,0.0
ENSG00000270638,0.006642836
ENSG00000270659,0.005198741
ENSG00000270661,0.0
YTHDF3-DT,0.03628649
ENSG00000270681,0.0
IGHV1OR15-6,0.0
ENSG00000270697,0.0
ENSG00000270720,0.0
ENSG00000270725,0.0
IGKV2OR2-1,0.0
FBXW7-AS1,0.0
ENSG00000270755,0.0
HSPE1-MOB4,0.0
ENSG00000270760,0.0
CD2AP-DT,0.099304594
GAS2L2,0.0
ENSG00000270777,0.0
ENSG00000270792,0.0
RPS10-NUDT3,0.0
C17orf50,0.0
LINC00221,0.0
ENSG00000270823,0.0
IGHD5OR15-5B,0.0
ENSG00000270828,0.0
ENSG00000270829,0.0
IGHV3OR16-6,0.0
ENSG00000270866,0.0
ZNF30-AS1,0.003127413
H4C14,0.0
ENSG00000270883,0.0
RASL10B,0.0
ENSG00000270919,0.0
ENSG00000270933,0.0
ENSG00000270937,0.0
CT45A9,0.0
ENSG00000270947,0.012636185
ENSG00000270951,0.0
ENSG00000270953,0.009040301
ENSG00000270956,0.0
LPP-AS2,0.014419557
IGHD5OR15-5A,0.0
MAP2K5-DT,0.0041575087
ENSG00000270972,0.0
ENSG00000270977,0.0
ENSG00000270988,0.0
ENSG00000270996,0.004701848
IGKV1OR2-118,0.0
ENSG00000271011,0.0063572885
IGKV2OR2-7D,0.0
ENSG00000271032,0.0
TMEM242-DT,0.0
ENSG00000271046,0.0
SLC4A8-AS1,0.0
CTAGE15,0.0
NAMA,0.0
TLCD4-RWDD3,0.0
IGLCOR22-2,0.0
LINC03067,0.0
IGHV3OR16-8,0.0
ITGB8-AS1,0.061185736
IGLVIVOR22-1,0.0
ENSG00000271141,0.004780176
ENSG00000271148,0.0
ENSG00000271151,0.0
ENSG00000271155,0.004362914
LINC00904,0.0
ENSG00000271172,0.0
IGHV3OR16-13,0.0
ENSG00000271185,0.005019447
ENSG00000271192,0.0
PATJ-DT,0.017105013
ENSG00000271201,0.0
ENSG00000271208,0.0
LINC01050,0.0
ENSG00000271218,0.0
ENSG00000271228,0.0
ENSG00000271234,0.0
ENSG00000271239,0.0
ENSG00000271252,0.0
ENSG00000271265,0.0
UGT2A2,0.0
IGHV1OR15-3,0.0
SRXN1,0.008652318
ENSG00000271314,0.0
IGHD4OR15-4A,0.0
ENSG00000271320,0.0016685955
CTAGE6,0.0
ENSG00000271327,0.0006935354
LINC02104,0.0
CCNY-AS1,0.010852836
IGHD1OR15-1A,0.0
ENSG00000271344,0.0
IGKV1OR2-9,0.0
USP6NL-AS1,0.0
ENSG00000271366,0.0
ENSG00000271367,0.0
PYGO2-AS1,0.026029969
ENSG00000271382,0.0
ENSG00000271384,0.0
C1orf21-DT,0.0
ENSG00000271390,0.0
LINC02336,0.0
ENSG00000271398,0.0
ENSG00000271401,0.0
IGKV2OR2-2,0.0
ENSG00000271420,0.008795677
NBPF10,0.0012942945
ENSG00000271427,0.0017909439
CT45A2,0.0
ENSG00000271522,0.0
LINC02427,0.0
ENSG00000271551,0.006009804
ENSG00000271553,0.0046525365
ENSG00000271554,0.0
LINC02333,0.0
PPIAL4E,0.0
IGKV1OR2-6,0.0
PRKACB-DT,0.01879702
ENSG00000271579,0.0
LINC02550,0.0
IGHV3OR16-7,0.0
SLC46A2-AS1,0.0
PDCD6IP-DT,0.0048938068
IRF2-DT,0.0
ENSG00000271653,0.0
ENSG00000271659,0.0013732857
ENSG00000271670,0.0
ENSG00000271698,0.0
ENSG00000271709,0.0
FAM169A-AS1,0.036948413
ENSG00000271715,0.0
ENSG00000271716,0.0
ENSG00000271717,0.0
MROH7-TTC4,0.0
ENSG00000271727,0.0
ENSG00000271730,0.0
ENSG00000271732,0.0
LINC02772,0.0043118466
ENSG00000271741,0.01150583
ENSG00000271742,0.0
ENSG00000271743,0.0
ENSG00000271746,0.0062663793
ENSG00000271752,0.0
ENSG00000271754,0.0009946995
ENSG00000271755,0.0
ENSG00000271758,0.0
ENSG00000271761,0.0
ENSG00000271763,0.0
ENSG00000271766,0.0
ENSG00000271771,0.0
ENSG00000271774,0.0
ENSG00000271776,0.0
ENSG00000271780,0.011591944
ENSG00000271781,0.0
TP53RK-DT,0.0029571627
ENSG00000271787,0.033142835
ENSG00000271789,0.0015713876
ENSG00000271793,0.0
ENSG00000271795,0.0
ENSG00000271797,0.0
ENSG00000271803,0.0
ENSG00000271806,0.0
ENSG00000271810,0.0
ENSG00000271811,0.0
ENSG00000271820,0.0
ENSG00000271821,0.0
SMIM32,0.00883784
ENSG00000271825,0.0
PLS3-AS1,0.0073131486
ENSG00000271828,0.0
ENSG00000271830,0.0
ENSG00000271843,0.0033448527
SYNPO2L-AS1,0.0
MAN2A1-DT,0.0018201793
LINC02343,0.0
ENSG00000271855,0.010443582
LINC01215,0.0
ENSG00000271857,0.0
ENSG00000271860,0.0
ENSG00000271862,0.0
ENSG00000271868,0.0
ENSG00000271871,0.0
ENSG00000271882,0.0033801184
JARID2-DT,0.0
C2orf74-AS1,0.0
ENSG00000271892,0.0
ENSG00000271893,0.0
ENSG00000271897,0.0029714145
ENSG00000271901,0.0
TAGAP-AS1,0.0023130653
ENSG00000271914,0.0022828376
ENSG00000271916,0.0
ENSG00000271918,0.021800458
ENSG00000271926,0.0
ENSG00000271930,0.0
PNRC1-DT,0.0
ENSG00000271933,0.0
ENSG00000271936,0.0
ENSG00000271937,0.013231944
ENSG00000271938,0.0
TPM4P2,0.0
ENSG00000271945,0.008933101
ENSG00000271949,0.0
LINC01954,0.0030183874
ENSG00000271958,0.0
ENSG00000271963,0.0
ENSG00000271964,0.0032694428
ARFGEF1-DT,0.0102645075
ENSG00000271967,0.0026900223
ENSG00000271969,0.0
ENSG00000271971,0.009975463
ENSG00000271976,0.015192282
ENSG00000271978,0.0
ENSG00000271980,0.0
ENSG00000271981,0.0
ENSG00000271983,0.0
ENSG00000271984,0.0
ENSG00000271989,0.0
TTC32-DT,0.0038716015
ENSG00000271992,0.0
ENSG00000271993,0.0
ENSG00000271996,0.0
ENSG00000271998,0.0
LINC02973,0.0
ENSG00000272004,0.0021609894
ENSG00000272008,0.004417699
ENSG00000272010,0.005347702
ENSG00000272021,0.0
AFF4-DT,0.0
ENSG00000272024,0.0
ENSG00000272027,0.0
ANKRD34A,0.0
ENSG00000272037,0.0
ENSG00000272043,0.0
ENSG00000272046,0.0
ENSG00000272050,0.0
ENSG00000272056,0.0
ANKH-DT,0.0
BCAN-AS1,0.0
ENSG00000272071,0.0
ENSG00000272072,0.0
ENSG00000272076,0.0
ENSG00000272077,0.0062250234
ENSG00000272078,0.0
ENSG00000272079,0.012784974
FCHO2-DT,0.0
ENSG00000272087,0.0
ENSG00000272088,0.0
ENSG00000272092,0.011877503
ENSG00000272094,0.0
TMEM14B-DT,0.0
ENSG00000272100,0.0
ENSG00000272103,0.0
ENSG00000272104,0.0
ENSG00000272108,0.0017769133
ENSG00000272109,0.0
ENSG00000272112,0.0
ENSG00000272114,0.0
ENSG00000272115,0.0028929778
ENSG00000272121,0.0012217491
ENSG00000272123,0.0
ENSG00000272128,0.0
ENSG00000272129,0.0045031463
ENSG00000272130,0.0
LINC01607,0.008031899
ENSG00000272139,0.0
ENSG00000272140,0.0
ENSG00000272141,0.06938868
LYRM4-AS1,0.0017308304
ENSG00000272144,0.0
NFYC-AS1,0.0128523465
ENSG00000272148,0.0
ENSG00000272149,0.0
ENSG00000272153,0.0
ENSG00000272154,0.0
ENSG00000272156,0.0027099124
ENSG00000272157,0.0
ENSG00000272158,0.0
ENSG00000272159,0.0
ENSG00000272162,0.0
ENSG00000272163,0.0
ENSG00000272167,0.0
CASC15,0.010375525
KLC4-AS1,0.0032289368
ENSG00000272172,0.008914496
ENSG00000272173,0.0070124785
ENSG00000272175,0.0
ENSG00000272180,0.0
ENSG00000272181,0.0
ENSG00000272182,0.009967997
ENSG00000272183,0.0
VPS11-DT,0.009451624
MAP7-AS1,0.009246427
PDE7A-DT,0.0030384385
ENSG00000272195,0.008988743
ENSG00000272202,0.0036293578
ENSG00000272203,0.0
POU2F1-DT,0.0052141533
ENSG00000272209,0.0018742899
ENSG00000272217,0.0
MICA-AS1,0.022893617
ENSG00000272223,0.004333327
ENSG00000272226,0.0
ENSG00000272234,0.0
ENSG00000272236,0.0
ENSG00000272239,0.0
ENSG00000272243,0.0
ENSG00000272247,0.003472746
ENSG00000272248,0.0
ENSG00000272249,0.0
ENSG00000272254,0.0
ENSG00000272255,0.0
LINC01749,0.0
ENSG00000272263,0.0
ENSG00000272264,0.0
ENSG00000272265,0.0
IER3-AS1,0.009773304
ARGLU1-DT,0.01729779
ENSG00000272275,0.0
ENSG00000272277,0.024387613
ENSG00000272279,0.0
ENSG00000272293,0.0
ENSG00000272297,0.0
ENSG00000272305,0.0
ENSG00000272312,0.0
ENSG00000272320,0.0
ENSG00000272321,0.0
TTC23L-AS1,0.010757787
DAP-DT,0.0
ENSG00000272328,0.0
ENSG00000272329,0.0
ENSG00000272334,0.0
ENSG00000272335,0.02794077
ENSG00000272338,0.002021459
LINC01115,0.0
ENSG00000272343,0.0106440745
ENSG00000272347,0.0
ENSG00000272360,0.0
ENSG00000272361,0.0
ENSG00000272362,0.0
ENSG00000272366,0.0
ENSG00000272371,0.0
ENSG00000272372,0.0
SCUBE3-AS1,0.0038045237
ENSG00000272375,0.0026555038
ENSG00000272379,0.006711181
LINC02664,0.0
ENSG00000272384,0.0025841778
ENSG00000272396,0.0
ENSG00000272397,0.0
ENSG00000272402,0.0
ENSG00000272405,0.0
ENSG00000272406,0.0
ENSG00000272410,0.0
ENSG00000272411,0.0043971376
FAM47E-STBD1,0.0
ENSG00000272417,0.0
ENSG00000272425,0.0
ENSG00000272426,0.0
ENSG00000272428,0.0
LINC02637,0.0
ZNF454-DT,0.0
ENSG00000272432,0.0025920111
ENSG00000272434,0.00517079
ENSG00000272438,0.0
ENSG00000272442,0.0
MRPL20-DT,0.004929689
ENSG00000272456,0.0
ENSG00000272457,0.0
FAM193B-DT,0.0053427694
ENSG00000272461,0.0
LINC02980,0.010935782
ENSG00000272473,0.006645307
ENSG00000272476,0.0
ENSG00000272478,0.0
ENSG00000272479,0.0
ENSG00000272483,0.0
ENSG00000272485,0.0
ENSG00000272491,0.0
ENSG00000272498,0.0
ENSG00000272502,0.009712405
ENSG00000272505,0.001835344
ENSG00000272506,0.0
ENSG00000272509,0.0
ENSG00000272510,0.0
CFAP206,0.0
ENSG00000272516,0.0
BTF3-DT,0.007479324
ENSG00000272529,0.002746557
ENSG00000272537,0.0
ENSG00000272540,0.0
ENSG00000272542,0.0
ENSG00000272545,0.0
LINC02538,0.0
ENSG00000272554,0.0
ENSG00000272555,0.0
ENSG00000272558,0.0
H3-3A-DT,0.0
ENSG00000272563,0.0
ENSG00000272566,0.0
CPVL-AS2,0.014739213
ENSG00000272572,0.017799491
MUSTN1,0.0
LINC02098,0.0
ENSG00000272576,0.0
ENSG00000272582,0.0
ENSG00000272588,0.0
ZSWIM8-AS1,0.0
ENSG00000272597,0.0
ENSG00000272599,0.002269619
ENSG00000272600,0.0
EFCAB10-AS1,0.0031212585
ENSG00000272609,0.0034981705
ENSG00000272617,0.0
FAM131B-AS1,0.0
AFAP1-AS1,0.0
ENSG00000272622,0.0
ENSG00000272625,0.0
ENSG00000272626,0.0032278004
ENSG00000272630,0.0056503895
ENSG00000272631,0.0
ENSG00000272632,0.0
ENSG00000272638,0.0
ENSG00000272642,0.0
ENSG00000272646,0.0
ENSG00000272647,0.0
ENSG00000272656,0.0026370808
ENSG00000272660,0.0
ENSG00000272661,0.004976178
TIMMDC1-DT,0.0
KLHDC7B-DT,0.0
ENSG00000272668,0.014722365
ENSG00000272672,0.0
PCDHB16,0.015188599
HNRNPD-DT,0.024260418
ENSG00000272678,0.0
FAM223B,0.0
ENSG00000272682,0.0
LINC02018,0.0040572174
ENSG00000272691,0.0
ENSG00000272692,0.0025806732
NUPR2P1,0.0
ENSG00000272694,0.0
GAS6-DT,0.010354822
ENSG00000272696,0.012055565
ENSG00000272699,0.0
MESTIT1,0.0026265227
ENSG00000272703,0.0
ENSG00000272707,0.0
ENSG00000272710,0.0
HK2-DT,0.0
ENSG00000272715,0.0
SLC30A6-DT,0.010780552
ENSG00000272717,0.0
ENSG00000272719,0.0
EIF2B5-DT,0.0011970924
LINC02266,0.0
ENSG00000272729,0.0044704196
ENSG00000272733,0.0038781979
ENSG00000272735,0.0
ENSG00000272741,0.0
ENSG00000272742,0.0
ENSG00000272744,0.0
ENSG00000272745,0.0
ENSG00000272748,0.0
ENSG00000272760,0.0
LINC03057,0.048087522
ENSG00000272764,0.0010312675
JMJD1C-AS1,0.0082773585
ENSG00000272768,0.0063242377
ENSG00000272769,0.0032009007
ENSG00000272770,0.0
ENSG00000272772,0.0
ENSG00000272774,0.0
ENSG00000272777,0.0017869122
ENSG00000272783,0.0
ENSG00000272784,0.0
ENSG00000272787,0.0
ENSG00000272791,0.0
GAR1-DT,0.0057353824
ENSG00000272797,0.0
ENSG00000272798,0.0
ENSG00000272799,0.0
ENSG00000272800,0.0
KRTAP10-7,0.0
ENSG00000272807,0.010212417
ENSG00000272810,0.0
ENSG00000272814,0.0
ENSG00000272817,0.0019271136
ENSG00000272821,0.01891157
ENSG00000272822,0.0
ENSG00000272823,0.0
ENSG00000272824,0.0
ENSG00000272825,0.0
ENSG00000272829,0.013162638
ENSG00000272832,0.0
ENSG00000272834,0.0
ENSG00000272836,0.0020265093
ENSG00000272839,0.0
MAP3K4-AS1,0.0031428642
ENSG00000272842,0.001247914
ENSG00000272843,0.008973779
ENSG00000272844,0.0
ENSG00000272848,0.0029856716
ENSG00000272849,0.0
ENSG00000272851,0.0
SUV39H2-DT,0.0018209694
ENSG00000272854,0.005784894
ENSG00000272855,0.0
SCPPPQ1,0.0
ENSG00000272861,0.0010856682
ENSG00000272862,0.0
ENSG00000272864,0.006592641
ENSG00000272865,0.0
ENSG00000272866,0.0
ENSG00000272871,0.0034163378
ENSG00000272874,0.0
ENSG00000272885,0.0
ENSG00000272892,0.0024054504
MIOS-DT,0.031528942
ENSG00000272895,0.0
ENSG00000272896,0.0
ENSG00000272897,0.0
SPMIP1,0.0
TBC1D8-AS1,0.0042695887
ENSG00000272905,0.0
ENSG00000272906,0.013426899
ENSG00000272908,0.0
ENSG00000272909,0.0
ENSG00000272910,0.0
ENSG00000272911,0.0
ENSG00000272912,0.0
LINC03052,0.0033237953
ENSG00000272915,0.0
ENSG00000272916,0.0
ENSG00000272918,0.0
hsa-mir-1253,0.0
ENSG00000272921,0.0
ENSG00000272927,0.006484223
LRRC8D-DT,0.013473181
ENSG00000272936,0.0030535418
ENSG00000272942,0.0
ENSG00000272944,0.0
ENSG00000272950,0.0
ENSG00000272958,0.0
ENSG00000272966,0.0
ENSG00000272967,0.0
ENSG00000272969,0.0016678981
ENSG00000272970,0.0
ENSG00000272973,0.0015677513
MYHAS,0.0
ENSG00000272982,0.0
ENSG00000272983,0.0
ENSG00000272984,0.0
ENSG00000272986,0.008539943
ENSG00000272988,0.0
LINC02012,0.001161234
ENSG00000272990,0.018781975
ENSG00000272991,0.0
ENSG00000272995,0.0
PFKP-DT,0.0060564615
ARHGEF2-AS2,0.0
ARL2-SNX15,0.0
ENSG00000273006,0.0
ENSG00000273007,0.0
ENSG00000273010,0.0
ENSG00000273011,0.0
ENSG00000273012,0.0
ENSG00000273013,0.0
ENSG00000273014,0.007481912
ENSG00000273025,0.0
ENSG00000273026,0.0
DGCR5,0.0
CYP4F33P,0.0
ENSG00000273044,0.0
C2orf15,0.011229171
ENSG00000273047,0.0
ENSG00000273049,0.0
ENSG00000273055,0.0012363435
ENSG00000273056,0.0
ENSG00000273059,0.0
CDC37L1-DT,0.022551421
RALGPS2-AS1,0.002737332
ENSG00000273063,0.0
ENSG00000273064,0.0016040577
ENSG00000273068,0.0
ENSG00000273069,0.004064822
ENSG00000273073,0.0
ENSG00000273076,0.0
ENSG00000273077,0.0019211724
GRIN2B,0.0
ENSG00000273080,0.016981905
LARGE1-AS1,0.0
LINC03073,0.00841645
ENSG00000273088,0.0
ENSG00000273090,0.0
ENSG00000273091,0.0
ENSG00000273093,0.0
ENSG00000273098,0.0
ENSG00000273104,0.0
PPM1B-DT,0.0
ENSG00000273107,0.010065587
ENSG00000273108,0.0029324747
ENSG00000273110,0.0
LYPD4,0.0
ENSG00000273113,0.0
ENSG00000273115,0.0
INSIG1-DT,0.0026222942
ENSG00000273124,0.0
LINC01990,0.0
PACERR,0.0
ENSG00000273132,0.0
ENSG00000273133,0.0
NBPF26,0.0060577677
SELENOO-AS1,0.002827832
ENSG00000273139,0.0056424933
ENSG00000273141,0.023217604
LINC02604,0.015137008
DUSP5-DT,0.0
ENSG00000273145,0.004540801
LCDR,0.009479869
ENSG00000273149,0.0
ENSG00000273151,0.0
ENSG00000273153,0.0
ENSG00000273154,0.0
ENSG00000273155,0.00212698
ENSG00000273160,0.0
ENSG00000273162,0.0
ENSG00000273165,0.0
ENSG00000273167,0.0
ENSG00000273171,0.0
LINC02091,0.0
ENSG00000273174,0.0
ENSG00000273175,0.0031686705
ENSG00000273176,0.0
ENSG00000273177,0.0
ENSG00000273179,0.0
ENSG00000273180,0.0
ENSG00000273183,0.0055473456
ENSG00000273188,0.002305622
ENSG00000273192,0.0
ENSG00000273196,0.0
ENSG00000273198,0.0
ENSG00000273199,0.0051710643
ENSG00000273204,0.016537422
ENSG00000273209,0.01173387
ENSG00000273210,0.009184612
ENSG00000273212,0.0
ENSG00000273214,0.0
ENSG00000273217,0.0
ENSG00000273218,0.0
ENSG00000273219,0.0
ENSG00000273230,0.0056517622
ENSG00000273233,0.0
TMEM271,0.0
ENSG00000273240,0.0
ENSG00000273243,0.0
ENSG00000273245,0.0
ENSG00000273248,0.023742473
WDR5-DT,0.0020088768
TRABD-AS1,0.05167671
LINC02928,0.0
ENSG00000273258,0.0
ENSG00000273259,0.0015015732
ENSG00000273261,0.0
ENSG00000273264,0.0017520108
CNNM3-DT,0.0
ENSG00000273267,0.0
ENSG00000273269,0.0
ENSG00000273271,0.011942343
ENSG00000273272,0.0
ZBTB8B,0.0
ENSG00000273275,0.0017196661
ENSG00000273287,0.0
ENSG00000273291,0.0
ENSG00000273293,0.0
C1QTNF3-AMACR,0.0
ENSG00000273295,0.0007731356
ENSG00000273300,0.0022531634
ENSG00000273305,0.0
ENSG00000273306,0.0
ENSG00000273308,0.0028710996
ENSG00000273312,0.0
RBAKDN,0.0
ENSG00000273321,0.0
ENSG00000273325,0.0
TM4SF19-DYNLT2B,0.0
ENSG00000273335,0.04527547
ENSG00000273341,0.0
ENSG00000273342,0.0
ENSG00000273348,0.0
ENSG00000273355,0.025604967
LINC02019,0.005045678
ENSG00000273360,0.0
ENSG00000273361,0.00776767
ENSG00000273362,0.0
ENSG00000273365,0.0
ENSG00000273367,0.0020817767
ENSG00000273369,0.0
SFTPD-AS1,0.0064375987
ENSG00000273375,0.0012752281
ENSG00000273381,0.010299927
TMEM167B-DT,0.010715298
ENSG00000273384,0.0
ENSG00000273387,0.0
ENSG00000273391,0.0057535055
ENSG00000273394,0.0
LINC01396,0.0
ENSG00000273398,0.0
ENSG00000273399,0.0
ENSG00000273402,0.0
ENSG00000273406,0.0
ENSG00000273413,0.0
LINC02725,0.0
ENSG00000273416,0.0
ENSG00000273419,0.0
ENSG00000273424,0.0
ENSG00000273428,0.0
ENSG00000273442,0.0
ENSG00000273443,0.0
ENSG00000273445,0.0
ENSG00000273447,0.0
ENSG00000273448,0.016557371
ENSG00000273449,0.0
ENSG00000273450,0.0
ENSG00000273454,0.0
ENSG00000273455,0.0
ENSG00000273461,0.0
ENSG00000273464,0.0
ENSG00000273472,0.007842567
ENSG00000273473,0.0
ENSG00000273474,0.001213091
ENSG00000273476,0.0
ENSG00000273483,0.0
ENSG00000273485,0.0
ENSG00000273487,0.0
APP-DT,0.0060694925
ENSG00000273493,0.0
ENSG00000273507,0.0
TBC1D3K,0.0
FOXD4L6,0.0
ENSG00000273521,0.0
ENSG00000273523,0.0
AGBL1,0.0
H4C12,0.0
ENSG00000273550,0.0
ENSG00000273551,0.0
ENSG00000273552,0.0
ENSG00000273554,0.0
ENSG00000273558,0.0
ENSG00000273565,0.0018632626
ENSG00000273582,0.0
ENSG00000273590,0.0014922605
ENSG00000273618,0.0
RPS21-DT,0.05309162
ENSG00000273650,0.0
ENSG00000273659,0.0
ENSG00000273664,0.0037618084
ENSG00000273669,0.0
ENSG00000273674,0.0
ENSG00000273680,0.0047399276
ENSG00000273687,0.0025962708
CT45A7,0.0
H2BC14,0.0
LHX1,0.20849575
ENSG00000273711,0.0
ENSG00000273734,0.0
ENSG00000273747,0.0
ENSG00000273759,0.007911445
ENSG00000273760,0.0
CEACAM20,0.0
GTF2A1-AS1,0.0031627964
BNAT1,0.04551889
H2BC8,0.003115637
ENSG00000273805,0.0
LINC02970,0.0
ENSG00000273816,0.0
USP27X,0.014357738
ENSG00000273821,0.0
ENSG00000273824,0.0
ENSG00000273828,0.0
ENSG00000273838,0.0
ENSG00000273877,0.0
ENSG00000273891,0.0
ENSG00000273901,0.0
ENSG00000273919,0.0
ENSG00000273920,0.0
ENSG00000273925,0.0
ENSG00000273956,0.0
ENSG00000273958,0.0
IGKV2-40,0.0
ENSG00000273965,0.0
ENSG00000273971,0.0
ENSG00000273972,0.0
GOLGA6L1,0.0
ENSG00000273980,0.0
ENSG00000273982,0.0
H3C8,0.0
ENSG00000273998,0.0
ENSG00000274002,0.0277026
ENSG00000274015,0.0
LINC01138,0.0
ENSG00000274021,0.0055876635
ENSG00000274029,0.0
FAM230J,0.0
INO80B-WBP1,0.0
CASTOR2,0.004583986
ENSG00000274090,0.0
ENSG00000274092,0.005728133
OR4M2,0.0
ENSG00000274104,0.025023585
ENSG00000274124,0.0
ENSG00000274156,0.0
LINC02967,0.08675689
ENSG00000274175,0.0
ENSG00000274177,0.0
H2AB1,0.0
ENSG00000274184,0.0
ENSG00000274191,0.0
ENSG00000274198,0.0
ANTXRL,0.0
ENSG00000274213,0.047113884
ENSG00000274215,0.0
ENSG00000274220,0.007241752
HEPFAL,0.0
TBC1D3H,0.0
ENSG00000274227,0.0
ENSG00000274238,0.0
ENSG00000274244,0.0
ENSG00000274248,0.0
ENSG00000274251,0.0029116264
GGTLC3,0.0
SYNGAP1-AS1,0.011922886
ENSG00000274261,0.0
GAGE13,0.0
ENSG00000274276,0.0
ENSG00000274281,0.0
H2BC6,0.0
ENSG00000274292,0.0
ENSG00000274294,0.0
ENSG00000274315,0.004361429
LINC02334,0.0033021737
ENSG00000274322,0.0
ENSG00000274331,0.0
LINC03104,0.0033144671
ENSG00000274340,0.0
ENSG00000274341,0.0
ZNF658,0.013659839
ENSG00000274363,0.0
ENSG00000274370,0.01614708
ENSG00000274372,0.0039306027
ENSG00000274373,0.0
ENSG00000274379,0.0
ENSG00000274383,0.022295848
TMEM269,0.0
ENSG00000274387,0.0
TPTE,0.0
ENSG00000274400,0.0
ENSG00000274403,0.0
ENSG00000274414,0.0
ENSG00000274415,0.0
TBC1D3D,0.0
ENSG00000274425,0.004598217
ENSG00000274441,0.0
C8orf89,0.0
ENSG00000274447,0.0
LINC01746,0.0
ENSG00000274478,0.0
ENSG00000274492,0.0
ENSG00000274501,0.0
ENSG00000274507,0.0
ENSG00000274508,0.0
TBC1D3L,0.0064217513
ENSG00000274515,0.0
FAM74A6,0.0
SEBOX,0.0
ENSG00000274554,0.0
ENSG00000274559,0.0
ENSG00000274560,0.0
IGHV2-70,0.0
DGKK,0.0
RIMBP3B,0.0
TBC1D3,0.0
H4C6,0.0
ENSG00000274629,0.0
ENSG00000274630,0.0
H2BC17,0.0
ENSG00000274653,0.0
LINC02371,0.0
ENSG00000274670,0.0
ENSG00000274678,0.0
ENSG00000274685,0.0
ENSG00000274695,0.0
ENSG00000274698,0.0
ENSG00000274712,0.007826821
ENSG00000274718,0.0
ENSG00000274723,0.0014914704
KRTAP7-1,0.0
H3C6,0.0064878627
ENSG00000274751,0.0
TRBV12-3,0.0
ENSG00000274758,0.0
PRAMEF27,0.0
ENSG00000274766,0.0
ENSG00000274776,0.0
ENSG00000274792,0.0
ENSG00000274797,0.0
ENSG00000274798,0.0
TBC1D3B,0.0
NPHP3-ACAD11,0.0
ENSG00000274818,0.0092305355
ENSG00000274825,0.0
LINC01297,0.0
ENSG00000274833,0.0042539416
ENSG00000274834,0.0072539365
BALR6,0.0
MAFIP,0.0005837754
ENSG00000274859,0.0
ENSG00000274863,0.0
ENSG00000274874,0.003555575
ENSG00000274893,0.0034299511
ENSG00000274895,0.0
ENSG00000274898,0.0
ENSG00000274904,0.002648817
ENSG00000274918,0.0
ENSG00000274922,0.012592072
TBC1D3I,0.0
ENSG00000274937,0.0
ENSG00000274944,0.0
ENSG00000274979,0.0
ENSG00000274993,0.0
ENSG00000274996,0.0
H2AC12,0.0
ZNF280B,0.0013130836
ENSG00000275005,0.0037922678
ENSG00000275016,0.0
ENSG00000275024,0.0
ENSG00000275025,0.0
TP53TG3E,0.0
ENSG00000275038,0.0
ENSG00000275040,0.0
ENSG00000275055,0.014439049
ENSG00000275063,0.0
ENSG00000275088,0.0
ENSG00000275091,0.0
ENSG00000275106,0.0
GAGE2E,0.0
ENSG00000275119,0.0
ZSCAN2-AS1,0.004207086
H4C13,0.0
ENSG00000275139,0.0
CCL16,0.0
TRBV12-5,0.0
ENSG00000275163,0.0
ENSG00000275173,0.0
ENSG00000275178,0.0
ENSG00000275180,0.026003392
ENSG00000275185,0.0
ENSG00000275186,0.0
ENSG00000275197,0.0
LINC02960,0.0
ENSG00000275202,0.0797179
LINC02826,0.0
H2AC15,0.0
ENSG00000275223,0.0
LINC00547,0.0
ENSG00000275228,0.0
ENSG00000275234,0.07893747
ENSG00000275236,0.0
FAM242F,0.0
TRBV16,0.0
ENSG00000275248,0.0
ENSG00000275249,0.0
ENSG00000275263,0.005224313
ENSG00000275265,0.0
ENSG00000275278,0.0
ENSG00000275285,0.0
ENSG00000275286,0.0
ENSG00000275322,0.0020364027
ENSG00000275327,0.0
ENSG00000275329,0.0
ENSG00000275332,0.0
ENSG00000275345,0.0
LINC03043,0.0
ENSG00000275358,0.0
ENSG00000275367,0.0
ENSG00000275371,0.0
H3C11,0.0
ENSG00000275383,0.0
ENSG00000275389,0.0
ENSG00000275390,0.0
ENSG00000275392,0.0
FCGBP,0.08011915
ENSG00000275401,0.0
ENSG00000275409,0.0033304798
HNF1B,0.19224574
ENSG00000275413,0.003443399
LINC03110,0.0
ENSG00000275427,0.0
ENSG00000275431,0.0
ENSG00000275438,0.0
ENSG00000275441,0.0245506
ENSG00000275443,0.0
ENSG00000275445,0.0
ENSG00000275450,0.0
ENSG00000275454,0.0
ENSG00000275457,0.00682622
ENSG00000275465,0.0
ENSG00000275467,0.0
IGHV3-54,0.0
ENSG00000275476,0.0021754254
ENSG00000275479,0.0
ENSG00000275481,0.0027166181
ENSG00000275484,0.0016871573
SPMAP1,0.0
LINC01730,0.0
ENSG00000275496,0.0
ENSG00000275512,0.0
ENSG00000275516,0.0
FAM236A,0.0
ENSG00000275527,0.0
ENSG00000275532,0.01105303
STPG3-AS1,0.0023657053
ENSG00000275552,0.0
ELOA3CP,0.0
ENSG00000275563,0.0
ENSG00000275569,0.0
GRIFIN,0.0
ENSG00000275582,0.0
PDE4DIPP4,0.0
XKR5,0.0
ENSG00000275613,0.0
FLJ16779,0.0
ENSG00000275628,0.0
ENSG00000275630,0.0
ENSG00000275632,0.0044455775
ENSG00000275638,0.0
ENSG00000275649,0.0
H4C7,0.0
ENSG00000275665,0.0
ENSG00000275672,0.0
ENSG00000275674,0.0
ENSG00000275676,0.0
CCL15-CCL14,0.0
MT1IP,0.0
ENSG00000275703,0.0
ENSG00000275709,0.0
ENSG00000275710,0.0
H2BC9,0.0
H3C1,0.0029658263
CCL15,0.0039004032
ENSG00000275719,0.0
ENSG00000275720,0.0
LYZL6,0.0
ENSG00000275728,0.0
ENSG00000275734,0.0
ENSG00000275740,0.0067922333
ENSG00000275741,0.0
TRBV14,0.0
IGHV3-79,0.0
ENSG00000275759,0.00313637
ZNF516-DT,0.0
ENSG00000275765,0.0
ENSG00000275773,0.0
HNRNPCL2,0.0
ENSG00000275778,0.0
TRBV10-3,0.0
RIMBP3,0.0
ENSG00000275799,0.009662725
ENSG00000275807,0.013624431
ENSG00000275812,0.0
LINC03082,0.005636106
ENSG00000275846,0.0
LINC01742,0.0
ENSG00000275857,0.0
ENSG00000275869,0.0
PICSAR,0.0
NAXD-AS1,0.0064468975
ENSG00000275888,0.0
ENSG00000275897,0.0
ENSG00000275898,0.0
ENSG00000275902,0.0020384833
ENSG00000275910,0.0
ENSG00000275923,0.0
ENSG00000275936,0.00042641815
ENSG00000275944,0.0
TBC1D3F,0.0
ENSG00000275963,0.0
ENSG00000275965,0.0
SPATA31A3,0.0
ENSG00000275993,0.019623695
ENSG00000275995,0.0
ENSG00000276012,0.0
ENSG00000276017,0.0
LINC03085,0.0017594263
SPATA31A7,0.0
UHRF1,0.0
IGKV2OR2-10,0.0
ENSG00000276063,0.0
ENSG00000276071,0.0
ENSG00000276076,0.0
LINC03105,0.0
ENSG00000276087,0.0
ENSG00000276093,0.0
FAM230F,0.0
ENSG00000276101,0.002589459
ENSG00000276110,0.0
FUT8-AS1,0.0
OR13C2,0.0
ENSG00000276121,0.0
ENSG00000276122,0.0
ENSG00000276128,0.0
ENSG00000276131,0.0
ENSG00000276148,0.00589634
ENSG00000276166,0.0
H4C9,0.0
ENSG00000276188,0.0
LINC00226,0.0
PIK3R6,0.0
OR4E1,0.0
ENSG00000276241,0.0
LINC02809,0.0
ENSG00000276256,0.021047315
ENSG00000276261,0.0
ENSG00000276266,0.0
ENSG00000276272,0.0
ENSG00000276289,0.009119205
ENSG00000276292,0.0
ENSG00000276302,0.0
ENSG00000276308,0.0
ENSG00000276317,0.0
ENSG00000276345,0.0
H2AC14,0.0
ENSG00000276384,0.0
FLJ36000,0.0
ENSG00000276403,0.0
TRBV13,0.0
ENSG00000276406,0.0
ENSG00000276407,0.0
ENSG00000276408,0.0
H2BC3,0.0
ENSG00000276411,0.0
ENSG00000276417,0.0
ENSG00000276418,0.0
ENSG00000276422,0.0
FAM25C,0.0
ENSG00000276436,0.0
ENSG00000276445,0.0046040686
ENSG00000276449,0.006030952
ENSG00000276454,0.0
LINC03025,0.0
ENSG00000276473,0.0
LINC00540,0.0053844163
ENSG00000276487,0.0
ENSG00000276488,0.0
ENSG00000276490,0.0
BMS1P14,0.0
ENSG00000276502,0.0
ENSG00000276508,0.0
ENSG00000276509,0.0
ENSG00000276519,0.0
ENSG00000276523,0.0
LINC03065,0.0070342096
ENSG00000276527,0.0
ENSG00000276529,0.0073621147
ENSG00000276542,0.0
PCDHGB5,0.0
TRBV18,0.0
ENSG00000276564,0.011045781
IGKV1D-13,0.0
ENSG00000276571,0.0
SPATA31A5,0.0
TRBV11-3,0.0
RAB7B,0.0
ENSG00000276627,0.0
ENSG00000276638,0.0
ENSG00000276651,0.0016547178
ENSG00000276663,0.0
IGKV1OR1-1,0.0
ENSG00000276687,0.0
ENSG00000276688,0.0
ENSG00000276691,0.0
ENSG00000276693,0.0
ENSG00000276698,0.0
TRAJ36,0.0
ENSG00000276702,0.0
ENSG00000276707,0.0
VAMP1-AS1,0.0
ENSG00000276724,0.0064086416
ENSG00000276727,0.0
ENSG00000276742,0.0
PADI6,0.0
ENSG00000276754,0.0
LINC03106,0.0
ENSG00000276760,0.0
ENSG00000276768,0.0
ENSG00000276772,0.0031076502
IGHV4-4,0.0
LINC02227,0.0
ENSG00000276786,0.0
ENSG00000276791,0.0018388821
ENSG00000276807,0.0
TRBV15,0.0
ENSG00000276831,0.0
ENSG00000276842,0.0041673393
ENSG00000276850,0.0
ENSG00000276851,0.0
ENSG00000276863,0.004519574
ENSG00000276874,0.0
ENSG00000276888,0.0
ENSG00000276898,0.0
H2AC16,0.0
LINC03079,0.0
GSTT4,0.0
ENSG00000276952,0.0028364933
TRBV12-4,0.0
ENSG00000276957,0.0026023218
ENSG00000276968,0.0
ENSG00000276972,0.0
ENSG00000276984,0.0
ENSG00000276993,0.0
ENSG00000276997,0.0
ENSG00000277007,0.0
ENSG00000277011,0.043881092
ENSG00000277017,0.0
ENSG00000277020,0.0
ENSG00000277022,0.0
ENSG00000277047,0.0
HNRNPCL3,0.0
ENSG00000277067,0.0
H2AC8,0.0
ENSG00000277087,0.0
CCL3-AS1,0.0
ENSG00000277117,0.022638872
ENSG00000277128,0.0
ENSG00000277135,0.006927245
LINC00235,0.0038043607
ENSG00000277144,0.0
LINC00869,0.0
TYW1B,0.0151718
F8A3,0.033062823
ENSG00000277151,0.0
ENSG00000277152,0.0031927594
H4C4,0.0
ENSG00000277159,0.0
PIGW,0.035396714
ENSG00000277182,0.0
ENSG00000277196,0.0
LINC01632,0.0
CCDC92B,0.0012673378
ENSG00000277210,0.0
ENSG00000277214,0.0
SPANXA2-OT1,0.0
ENSG00000277218,0.0
H2BC7,0.0
ENSG00000277228,0.0
GTSE1-DT,0.004022244
ENSG00000277235,0.010889025
ENSG00000277245,0.0025190369
ENSG00000277247,0.0
FAM74A7,0.0
LHX1-DT,0.18521827
ENSG00000277270,0.0
ENSG00000277277,0.0
IGHV1OR21-1,0.0
RAB35-AS1,0.024297588
ENSG00000277287,0.0
LINC02881,0.0
ENSG00000277299,0.0
GOLGA6L6,0.0
ENSG00000277332,0.0
ENSG00000277350,0.0
ENSG00000277351,0.0
SRCIN1,0.0
ENSG00000277368,0.0141694965
ENSG00000277369,0.0051150247
ENSG00000277382,0.0
BICRA-AS2,0.015373888
GPR179,0.0
ENSG00000277400,0.0053095636
ENSG00000277412,0.0
ENSG00000277425,0.0
LINC02338,0.0
CEBPB-AS1,0.0022810954
ENSG00000277453,0.003960221
ENSG00000277459,0.0069898176
ENSG00000277475,0.0
ENSG00000277476,0.0143117625
PKD1L3,0.0
ENSG00000277482,0.0
ENSG00000277491,0.0
SLCO4A1-AS2,0.014559596
ENSG00000277504,0.0
ENSG00000277511,0.012820085
LINC03021,0.0
LINC01796,0.0
PNMA8C,0.0
CT47C1,0.0
ZNF630-AS1,0.0
ENSG00000277543,0.0
ENSG00000277550,0.0
OR13C5,0.0
NEFL,0.01130614
ENSG00000277587,0.005046736
ENSG00000277597,0.0
ENSG00000277602,0.0
ENSG00000277611,0.0
ENSG00000277619,0.0
ENSG00000277621,0.0
ENSG00000277630,0.0
PGM5P3-AS1,0.0
CHD9NB,0.053373024
ENSG00000277654,0.0
OR2W1-AS1,0.0
ENSG00000277675,0.0
ENSG00000277684,0.0
ENSG00000277688,0.0
ENSG00000277692,0.005724076
ENSG00000277693,0.0
ENSG00000277695,0.0
ENSG00000277701,0.0
ENSG00000277715,0.007684042
LINC02255,0.0
ENSG00000277728,0.0
ENSG00000277737,0.0
ENSG00000277738,0.0
H2AB3,0.0
ENSG00000277749,0.0
SYT15B,0.0
ENSG00000277767,0.0018922408
H3C7,0.0
PGM5P2,0.0
ENSG00000277782,0.002718935
ENSG00000277797,0.0
ENSG00000277825,0.0
ENSG00000277831,0.0
ENSG00000277836,0.0
ENSG00000277837,0.0
LINC02391,0.0
ENSG00000277856,0.0
H2AB2,0.0
ENSG00000277863,0.0
GOLGA6L22,0.0
FAM230A,0.0
ENSG00000277873,0.0
ENSG00000277879,0.0019425665
TRBV17,0.0
SRD5A2,0.0
ENSG00000277895,0.0
ENSG00000277930,0.0
OR52E5,0.0
ENSG00000277935,0.0
ENSG00000277938,0.0
ENSG00000277954,0.0
SENP3-EIF4A1,0.0
ENSG00000277971,0.0
ENSG00000277978,0.026516058
LINC02351,0.0
ENSG00000277997,0.0
ENSG00000278013,0.0
ENSG00000278017,0.0030038136
RDM1,0.0
TRBV7-9,0.0
ENSG00000278035,0.0043123593
ENSG00000278041,0.0
FAM247B,0.0
ENSG00000278052,0.0
TEX28,0.0
ENSG00000278058,0.005067053
ENSG00000278060,0.0
ENSG00000278071,0.006245884
ENSG00000278075,0.0
CT45A8,0.0
LUNAR1,0.0
ENSG00000278095,0.0
ENSG00000278097,0.0
P3R3URF-PIK3R3,0.0
ENSG00000278146,0.0
ENSG00000278147,0.0
ENSG00000278153,0.0
ENSG00000278158,0.048899844
GLIDR,0.0117253475
ENSG00000278192,0.0
SSTR3,0.0
IGLV2-8,0.0
LINC01971,0.0
LINC02139,0.0
PRICKLE4,0.0
CKAP2-DT,0.0070836204
ENSG00000278239,0.0
ENSG00000278254,0.0
ENSG00000278255,0.0
ENSG00000278263,0.0
ENSG00000278276,0.0
CT45A6,0.0
TBC1D3C,0.0
ENSG00000278305,0.0
ZNF229,0.020803723
ENSG00000278330,0.0
VWA8-AS1,0.0
ENSG00000278341,0.00514822
ENSG00000278344,0.0
ENSG00000278367,0.0
ENSG00000278370,0.0
ENSG00000278383,0.0
ENSG00000278384,0.0
ENSG00000278385,0.0019716674
ENSG00000278389,0.0
ENSG00000278408,0.0
ENSG00000278419,0.0
ENSG00000278431,0.0
ENSG00000278445,0.0
ENSG00000278456,0.0
H2AC4,0.0
ENSG00000278464,0.0
ENSG00000278467,0.0
IGHV3-41,0.0
ENSG00000278484,0.0
NPAP1L,0.0
C17orf78,0.0
ENSG00000278518,0.0
POTEB3,0.0
ENSG00000278532,0.0
IGKV2OR2-8,0.0
ENSG00000278546,0.0049642054
NR2E3,0.0
H2BC10,0.0
ENSG00000278595,0.0
TBC1D3E,0.0
ENSG00000278601,0.0
ENSG00000278607,0.0
ZNF426-DT,0.021773564
C11orf98,0.01987438
THBS1-AS1,0.0
ENSG00000278627,0.0
LINC02335,0.0
ENSG00000278633,0.0
H4C1,0.0
ENSG00000278638,0.0
ENSG00000278642,0.0
ENSG00000278646,0.0
ENSG00000278657,0.0
TRAJ37,0.0
ENSG00000278668,0.0028068782
H2AC17,0.0
IQCA1L,0.0
ENSG00000278690,0.0
ENSG00000278698,0.0
ENSG00000278703,0.0
ENSG00000278704,0.0
H4C2,0.0025102522
NKILA,0.0
ENSG00000278713,0.0026679658
ENSG00000278716,0.0
MCM8-AS1,0.0
ENSG00000278722,0.0
ENSG00000278727,0.002986426
ENSG00000278733,0.0
ENSG00000278737,0.0
ENSG00000278740,0.0
ENSG00000278765,0.0
ENSG00000278766,0.0
BACE1-AS,0.018483408
ENSG00000278769,0.0
LINC00624,0.0
ENSG00000278816,0.0
H3C10,0.0
ENSG00000278831,0.0
ENSG00000278834,0.01512485
ENSG00000278847,0.0
TP53TG3F,0.0
IGKV1D-12,0.0
ENSG00000278869,0.0
OR51G1,0.0
ENSG00000278881,0.0
ENSG00000278884,0.0
OR2S2,0.0
ENSG00000278890,0.0
ENSG00000278901,0.0
ENSG00000278903,0.0
ENSG00000278907,0.0
BANCR,0.0
ENSG00000278915,0.0
CEP83-DT,0.0
EPB41L4A-DT,0.012737483
ENSG00000278925,0.005428434
ENSG00000278936,0.0
ENSG00000278946,0.0
ENSG00000278960,0.0
ENSG00000278961,0.08841696
ENSG00000278981,0.0
ENSG00000278996,0.0
OR10A6,0.0
ENSG00000279006,0.0
OR51B2,0.0
ENSG00000279028,0.0
PCDHB1-AS1,0.0
OR6Q1,0.0
AGAP14P,0.0
ENSG00000279064,0.0
ENSG00000279068,0.0
ENSG00000279070,0.0
ENSG00000279072,0.0
ENSG00000279073,0.0
ENSG00000279080,0.0
ENSG00000279081,0.0
LINC01727,0.0
ENSG00000279085,0.0
LINC01670,0.0
ENSG00000279096,0.0
OR10X1,0.0
ENSG00000279115,0.0
OR8D2,0.0
ENSG00000279119,0.0
LINC01451,0.0
ENSG00000279151,0.0
ENSG00000279152,0.0
ENSG00000279168,0.0
PRAMEF13,0.0
ENSG00000279182,0.0
ENSG00000279206,0.0
ENSG00000279217,0.0
ENSG00000279232,0.0
ENSG00000279240,0.0
LINC02736,0.0
FAM223A,0.0
LINC02961,0.0
OR2L8,0.0
OR52R1,0.0
ENSG00000279274,0.0
ENSG00000279278,0.0
ENSG00000279298,0.0
OR2T11,0.002661135
ENSG00000279317,0.0
ENSG00000279321,0.0
ENSG00000279325,0.0
ENSG00000279342,0.0
ENSG00000279345,0.0
ENSG00000279375,0.0
ENSG00000279386,0.0
OR5L1,0.0
OR4N4C,0.0
LINC00244,0.0
ENSG00000279440,0.0
ENSG00000279442,0.0
WASH9P,0.0
ENSG00000279461,0.0
ENSG00000279467,0.0
ENSG00000279483,0.0
OR2AG1,0.0
ENSG00000279493,0.0
ENSG00000279494,0.0
ENSG00000279501,0.0
OR4C16,0.0
FAM230C,0.0
ENSG00000279529,0.005319572
ENSG00000279530,0.0
ENSG00000279548,0.0
ENSG00000279558,0.0
ENSG00000279571,0.0
LINC01666,0.0
ENSG00000279588,0.0
ENSG00000279597,0.0
ENSG00000279607,0.0
LINC00216,0.0
ENSG00000279652,0.003955452
ENSG00000279658,0.0
ENSG00000279668,0.0
ENSG00000279669,0.0
ENSG00000279686,0.0
ENSG00000279687,0.0
ENSG00000279712,0.0
ENSG00000279714,0.0
ENSG00000279726,0.0
LINC02033,0.0
ENSG00000279735,0.0
ENSG00000279750,0.0
ENSG00000279751,0.0
OR5D13,0.0
ENSG00000279762,0.0
PPIAL4F,0.0
ENSG00000279784,0.0
LINC02339,0.0
PRAMEF18,0.0
ENSG00000279813,0.0
ENSG00000279833,0.0
LINC02906,0.0
ENSG00000279848,0.0
ENSG00000279851,0.0
ENSG00000279855,0.0
LINC01126,0.0
BIRC6-AS2,0.0
ENSG00000279914,0.0
LINC01651,0.0
DDX11L17,0.0
ENSG00000279954,0.0
ENSG00000279956,0.0
OR8U3,0.0
CCDC28A-AS1,0.0038736511
ENSG00000279973,0.0
ENSG00000279983,0.0
ENSG00000279998,0.0
ENSG00000280005,0.0
ENSG00000280007,0.0
ENSG00000280011,0.0
ENSG00000280018,0.0
OR51F1,0.0
ENSG00000280025,0.0
ENSG00000280026,0.0
ENSG00000280029,0.0
ENSG00000280071,0.021958493
TBC1D22A-AS1,0.0
LINC01667,0.0
OR8B4,0.0
OR1B1,0.0
ENSG00000280098,0.0
ENSG00000280108,0.0
PLAC4,0.0
ENSG00000280113,0.0
ENSG00000280116,0.0
ENSG00000280136,0.0
ENSG00000280148,0.0
ENSG00000280164,0.01209424
PCDH20,0.0
ENSG00000280169,0.0
ENSG00000280179,0.0
ENSG00000280184,0.0
ENSG00000280191,0.0
ENSG00000280199,0.0
OR1S1,0.0
ENSG00000280206,0.0032883089
ENSG00000280207,0.0
UCKL1-AS1,0.0
ENSG00000280224,0.0
OR12D2,0.0
ENSG00000280241,0.0
PRAMEF26,0.0
LINC02887,0.0
ERICD,0.0017082614
OR8K3,0.0
ENSG00000280336,0.0
ENSG00000280341,0.0
LINC01726,0.0
ENSG00000280356,0.0
ENSG00000280360,0.0
ENSG00000280382,0.0
IGHV1-69D,0.0
ENSG00000280418,0.0
ENSG00000280425,0.0
ENSG00000280433,0.02332854
ENSG00000280441,0.0
ENSG00000280445,0.0
ENSG00000280455,0.0
ENSG00000280485,0.0
ENSG00000280486,0.0
ENSG00000280511,0.0
SALRNA2,0.0
ENSG00000280537,0.0
ENSG00000280571,0.0
LINC02342,0.0
LINC01348,0.0
ENSG00000280614,0.0
SCAANT1,0.0
PCAT14,0.0
THRIL,0.002003793
LINC02204,0.0
ENSG00000280649,0.0
KCNIP4-IT1,0.0
ENSG00000280655,0.0
CCDC163,0.0050895857
LINC01242,0.0
SH3PXD2A-AS1,0.0
ENSG00000280703,0.0
HPAT5,0.0
LINC02203,0.0
JADRR,0.0
PCAT5,0.0
LINC00251,0.0
LINC01173,0.0
LINC00850,0.0
ENSG00000280758,0.0
LINC01202,0.0
ENSG00000280778,0.0
JAKMIP2-AS1,0.0
ENSG00000280800,0.0
LINC00836,0.0
GSEC,0.0044120355
ENSG00000280850,0.0
MIR325HG,0.0
ENSG00000280878,0.0
ENSG00000280881,0.0
ELDR,0.0
ENSG00000280893,0.0
FOXCUT,0.0
ENSG00000280920,0.0
LINC00628,0.0
ENSG00000280936,0.0
LINC01163,0.0
TTTY3B,0.0
RPS4Y2,0.0
MATR3,0.0
LINC00581,0.0
CCAT2,0.0
ENSG00000281016,0.0
ENSG00000281021,0.0
ENSG00000281039,0.0
LL0XNC01-250H12.3,0.0
LINC01395,0.0
TMEM272,0.0
ENSG00000281113,0.0
ENSG00000281120,0.0
PTENP1-AS,0.0
SCHLAP1,0.0
ENSG00000281160,0.0
ENSG00000281179,0.0
ENSG00000281181,0.0
LINC00706,0.014230492
GHET1,0.0
ENSG00000281195,0.0049253856
LINC00934,0.0
LINC01097,0.0
SLFNL1-AS1,0.0
LINC00254,0.0
LINC02536,0.0
SALRNA3,0.0
LINC01338,0.0
LINC00997,0.010908661
ENSG00000281333,0.0
ENSG00000281348,0.0
ARRDC3-AS1,0.007095583
RASSF1-AS1,0.0026528677
ENSG00000281365,0.0
INE2,0.0036435684
ABALON,0.0
ENSG00000281383,0.0
ENSG00000281386,0.0
LINC00506,0.0
SNHG4,0.0036781607
LINC01176,0.0022590084
BLACAT1,0.0
PANDAR,0.0
ENSG00000281460,0.0
PISRT1,0.0
LINC01955,0.0
DNAJB5-DT,0.0
ENSG00000281538,0.0017401101
LINC00895,0.0
ENSG00000281550,0.0
LSINCT5,0.0
LINC03077,0.0
ENSG00000281571,0.0
DBET,0.0
ENSG00000281593,0.0
ENSG00000281613,0.0
SAMD12-AS1,0.0
ENSG00000281655,0.0
LINC00538,0.0
RBM5-AS1,0.0
PACRG-AS1,0.0
LINC01012,0.0
LINC01080,0.0
METTL14-DT,0.0
ENSG00000281741,0.0
C2-AS1,0.0
LINC01230,0.055394534
LINC00550,0.0
LINC01394,0.0
HCP5B,0.0
LINC00602,0.006968658
ENSG00000281849,0.0
ENSG00000281856,0.0
PAUPAR,0.0
ENSG00000281883,0.0
GIMAP1-GIMAP5,0.0
ASMER1,0.0
ENSG00000281904,0.0
LINC01144,0.0
ENSG00000281938,0.0
TRBJ1-4,0.0
ENSG00000281961,0.0
IGHV1-69-2,0.0
TMEM265,0.0
ENSG00000282012,0.003075482
ENSG00000282022,0.0
ENSG00000282024,0.0
ENSG00000282033,0.0
ENSG00000282034,0.0059878966
ENSG00000282041,0.0
ENSG00000282057,0.0036689998
IGHD3OR15-3B,0.0
ENSG00000282097,0.0
ENSG00000282121,0.0
IGHV7-4-1,0.0
TRBJ1-3,0.0
ENSG00000282142,0.0
ENSG00000282143,0.0
ENSG00000282160,0.0
TRBJ1-5,0.0
ENSG00000282199,0.0066774087
ENSG00000282218,0.0
ENSG00000282221,0.0051907883
ENSG00000282265,0.0
IGHD2OR15-2B,0.0
ENSG00000282278,0.0
CYP3A7-CYP3A51P,0.0
ENSG00000282317,0.0
TRBJ1-1,0.0
ENSG00000282375,0.0
ENSG00000282381,0.0
ENSG00000282386,0.0
ENSG00000282393,0.0063656843
ENSG00000282408,0.0049677356
ENSG00000282418,0.0
TEX13D,0.0
TRBJ1-2,0.0
TRBD1,0.0
ENSG00000282478,0.0
TRBV25-1,0.0
IGHD3OR15-3A,0.0
ENSG00000282527,0.0
ENSG00000282535,0.0
ENSG00000282556,0.0
ENSG00000282564,0.0
FAM138F,0.0
IGHD2OR15-2A,0.0
IGHV3-69-1,0.0
ENSG00000282602,0.0
IGHV3-64D,0.0
IGHV5-10-1,0.0
ENSG00000282686,0.0
ENSG00000282692,0.0
ENSG00000282718,0.0
ENSG00000282740,0.0
DUXB,0.0
ENSG00000282759,0.0
ENSG00000282772,0.0
TRBJ1-6,0.0
ENSG00000282787,0.0
ENSG00000282793,0.0
ENSG00000282804,0.0
ENSG00000282807,0.0
TEX13C,0.0
ENSG00000282816,0.0
ENSG00000282828,0.0
ENSG00000282836,0.0
MSL3-DT,0.0
ENSG00000282843,0.0
ENSG00000282849,0.0
ENSG00000282860,0.0
C1orf232,0.002324404
ENSG00000282876,0.0030533494
TMEM275,0.0020550576
ENSG00000282882,0.0
ENSG00000282885,0.0011782803
ENSG00000282890,0.0
ENSG00000282898,0.0
ENSG00000282906,0.0
ENSG00000282914,0.0
LINC02746,0.0
ENSG00000282917,0.0
ENSG00000282925,0.0
ENSG00000282936,0.0
TRBV7-2,0.0
PSG11-AS1,0.0
ENSG00000282950,0.0
ENSG00000282951,0.0
ENSG00000282952,0.0
PRNCR1,0.00120472
LINC02034,0.0
ENSG00000282987,0.0
MPP7-DT,0.0
ENSG00000282998,0.0
LINC02635,0.0018202846
ENSG00000283001,0.0
ENSG00000283010,0.0
ENSG00000283025,0.0
ENSG00000283031,0.0
ENSG00000283033,0.0
LINC01988,0.0
KLF18,0.0
ENSG00000283044,0.0
LINC01668,0.0
LINC02456,0.0
ENSG00000283053,0.0
ENSG00000283058,0.0
ENSG00000283061,0.0
TRBV6-2,0.0
H2BC6-AS1,0.0
LBHD2,0.0
ENSG00000283072,0.0
ENSG00000283075,0.0
ENSG00000283078,0.004238122
LINC02498,0.0
CENPVL2,0.0
ENSG00000283095,0.0
ENSG00000283096,0.0
MGC4859,0.0
ENSG00000283118,0.0
ENSG00000283125,0.0
ENSG00000283138,0.0
LINC02666,0.0
ENSG00000283148,0.0
ENSG00000283149,0.0
IQCJ-SCHIP1,0.00844667
ENSG00000283157,0.0
ENSG00000283183,0.0
ENSG00000283189,0.0
IGHVII-43-1,0.0
C13orf46,0.0
ENSG00000283201,0.0031363748
ENSG00000283205,0.0
ENSG00000283208,0.0
ENSG00000283213,0.0
LINC02537,0.0
ENSG00000283217,0.0
ENSG00000283221,0.0
SPRR5,0.0
ENSG00000283228,0.0
KBTBD11-OT1,0.0
ENSG00000283240,0.0
CCDC201,0.0
ENSG00000283258,0.0
ENSG00000283259,0.0
ENSG00000283265,0.0
FAM237B,0.0
TEX54,0.0
ENSG00000283286,0.0
SMIM33,0.0
TEX52,0.0
ENSG00000283303,0.0
LINC02183,0.0
LINC02357,0.0
ENSG00000283317,0.0
ENSG00000283321,0.0
CTXND2,0.0
FAM240B,0.0
ENSG00000283347,0.0
ENSG00000283360,0.0
CFAP97D2,0.0
ENSG00000283375,0.0
CNTNAP3C,0.0
ENSG00000283383,0.0
ENSG00000283392,0.0
ENSG00000283400,0.0
ENSG00000283405,0.0
MIR548A1HG,0.0
ENSG00000283413,0.0
ENSG00000283415,0.0
ENSG00000283417,0.0
LINC02452,0.0
ENSG00000283423,0.0
CCDC195,0.0
CSNK2A2IP,0.0
LINC01958,0.0
SPEM3,0.0
ENSG00000283445,0.0019276544
ENSG00000283457,0.0
ENSG00000283458,0.0
ENSG00000283459,0.0
HSFX4,0.0
ENSG00000283464,0.0
FAM240A,0.0
ZNF511-PRAP1,0.0
LINC01902,0.0
ENSG00000283515,0.0
LITAFD,0.0
LINC02775,0.0
PRRT1B,0.0
TCAF2C,0.0
ENSG00000283536,0.0
ENSG00000283538,0.0
ENSG00000283546,0.0
LINC02341,0.0
IGHVIII-44,0.0
ENSG00000283563,0.0
C19orf85,0.0
ENSG00000283573,0.0
ENSG00000283579,0.0
ENSG00000283580,0.0
FAM236C,0.0
FAM169BP,0.0
ENSG00000283599,0.0
IGHVII-30-21,0.0
ENSG00000283608,0.0
ENSG00000283627,0.0
ENSG00000283629,0.0
ENSG00000283631,0.0
ENSG00000283635,0.0
ETDC,0.0
LINC02009,0.0
ENSG00000283647,0.0
CIROP,0.0
ENSG00000283662,0.0
ENSG00000283663,0.0
MYOCOS,0.0
ENSG00000283692,0.0
ENSG00000283696,0.0
HSFX3,0.0
PRSS50,0.0
TAF11L11,0.0
CPHXL,0.0
PMIS2,0.0
ENSG00000283761,0.0
ENSG00000283765,0.0
ENSG00000283766,0.0
ENSG00000283769,0.0
TAF11L13,0.0
PRR33,0.0
ENSG00000283809,0.0
ENSG00000283828,0.0
ENSG00000283849,0.008717854
SSU72L4,0.0
ENSG00000283877,0.0
ENSG00000283897,0.0
TPTEP2-CSNK1E,0.00544535
IGHV4-80,0.0
ENSG00000283914,0.0
IGHVIII-16-1,0.0
ENSG00000283952,0.0
TAF11L8,0.0
ENSG00000283973,0.0
ENSG00000283977,0.0
GNG14,0.0
ENSG00000283982,0.0
TAF11L9,0.0
ENSG00000283991,0.0
SLURP2,0.0
SSU72L5,0.0
MSANTD7,0.0
TAF11L6,0.0
ENSG00000284057,0.0019835206
ENSG00000284070,0.0
C1orf202,0.0076451777
SCO2,0.0
TAF11L5,0.0
LINC02767,0.004549569
LINC02801,0.0
TAF11L4,0.0
ENSG00000284292,0.0
SSU72L2,0.0
C2orf81,0.01657341
ENSG00000284337,0.03647408
ENSG00000284341,0.0
TAF11L10,0.0
TAF11L2,0.0
ENSG00000284377,0.0
ENSG00000284391,0.0
ENSG00000284393,0.0
PERCC1,0.0
ENSG00000284418,0.0
ENSG00000284430,0.0
ENSG00000284431,0.0
SSU72L1,0.0
TAF11L3,0.0
ENSG00000284452,0.0
ENSG00000284461,0.0
TAF11L7,0.0
SMIM39,0.0
CPHXL2,0.0
THSD8,0.0
ENSG00000284500,0.0
LYNX1-SLURP2,0.0
ENSG00000284512,0.0016658828
ENSG00000284513,0.0
ENSG00000284523,0.0
SSU72L3,0.0
ENSG00000284554,0.0
ENSG00000284600,0.0
ENSG00000284607,0.0
OR8B3,0.0
ENSG00000284612,0.0
ENSG00000284616,0.0
ENSG00000284618,0.0
SCYGR10,0.0
LINC02786,0.0
ENSG00000284626,0.0
SCYGR1,0.0
SCYGR4,0.0
ENSG00000284632,0.0
ENSG00000284633,0.0
SCYGR8,0.0
SMIM44,0.0
ENSG00000284640,0.0
ENSG00000284641,0.0
ENSG00000284642,0.0028931887
SCYGR2,0.0
ENSG00000284645,0.0
ENSG00000284646,0.0
ENSG00000284650,0.0
ENSG00000284652,0.0
ENSG00000284653,0.0
ENSG00000284656,0.0
ENSG00000284657,0.0022887145
OR4F16,0.0
ENSG00000284664,0.0
ENSG00000284666,0.0
SCYGR5,0.0
LINC02780,0.0
ENSG00000284669,0.0
ENSG00000284672,0.0
LINC02781,0.0
ENSG00000284675,0.0
ENSG00000284676,0.0
ENSG00000284677,0.0
LINC02811,0.0
OR8B2,0.0
ENSG00000284684,0.0
ENSG00000284686,0.0
ENSG00000284692,0.0042893165
LINC02606,0.00673804
ENSG00000284694,0.0
ENSG00000284695,0.0
LINC02808,0.0
ENSG00000284699,0.0
TMEM247,0.0
ENSG00000284702,0.0
ENSG00000284703,0.0
SCYGR3,0.0
ENSG00000284705,0.0
ENSG00000284708,0.0
ENSG00000284710,0.0
SMIM38,0.0
ENSG00000284716,0.0
SCYGR7,0.0
ENSG00000284719,0.0
ENSG00000284720,0.0
ENSG00000284721,0.0
OR8S1,0.0
SCYGR6,0.0
ENSG00000284726,0.0
TMDD1,0.0
ENSG00000284732,0.0
OR4F29,0.0
ENSG00000284734,0.0
ENSG00000284735,0.0
ENSG00000284738,0.0
ENSG00000284739,0.0
ENSG00000284743,0.0031909056
ENSG00000284744,0.0
ENSG00000284745,0.0
ENSG00000284747,0.0
EEF1AKMT4,0.009167645
PDE8B,0.0
ENSG00000284772,0.0
ENSG00000284776,0.0
ENSG00000284779,0.0
SMIM41,0.0
CIST1,0.0
ENSG00000284800,0.0
ENSG00000284808,0.0
ENSG00000284809,0.016968904
ENSG00000284820,0.0
ENSG00000284823,0.0
ENSG00000284825,0.0
ENSG00000284837,0.0
ENSG00000284839,0.0
TOMT,0.0
ENSG00000284846,0.0
LINC02359,0.0
CCDC39,0.0
OOSP1,0.0
ENSG00000284874,0.0
ENSG00000284895,0.0
ENSG00000284906,0.0
ENSG00000284914,0.0
EEF1AKMT4-ECE2,0.0
LRTOMT,0.0
ENSG00000284928,0.0
ENSG00000284931,0.0
ENSG00000284934,0.0
ENSG00000284946,0.0
ENSG00000284948,0.0
ENSG00000284952,0.0
ENSG00000284956,0.0
ENSG00000284957,0.0
ENSG00000284968,0.014515395
ENSG00000284969,0.0
ENSG00000284976,0.036138717
UPK3BL2,0.0
ENSG00000284987,0.0
LINC02203,0.0
ENSG00000284989,0.0
ENSG00000284994,0.0
ENSG00000284999,0.0
ENSG00000285000,0.0
OOSP4A,0.0
ENSG00000285012,0.0
ENSG00000285018,0.0
MIURF,0.0
ENSG00000285040,0.0
ENSG00000285041,0.0
ENSG00000285042,0.0
ENSG00000285043,0.0
ENSG00000285064,0.0
ARHGAP11B,0.0
ENSG00000285079,0.0
ENSG00000285080,0.0
ENSG00000285082,0.0
ENSG00000285085,0.017973809
ENSG00000285090,0.0
LINC01488,0.0
ENSG00000285095,0.0
ENSG00000285100,0.0
PIGY-DT,0.004417227
ENSG00000285128,0.0
ENSG00000285130,0.0
ENSG00000285133,0.0
ENSG00000285151,0.0
ENSG00000285159,0.0
ENSG00000285163,0.0
ENSG00000285165,0.0
ENSG00000285169,0.0
ENSG00000285171,0.0
ENSG00000285177,0.0
ENSG00000285179,0.0
PDE4C,0.0026227161
ENSG00000285190,0.0
ENSG00000285201,0.0
SMN-AS1,0.0
LINC02795,0.0038613041
ENSG00000285212,0.0
ENSG00000285218,0.0
OOSP3,0.0
ENSG00000285238,0.0
ENSG00000285239,0.0
ENSG00000285245,0.0
ENSG00000285253,0.0
ENSG00000285254,0.0
ENSG00000285269,0.0
TFAP2A-AS2,0.005317223
ENSG00000285280,0.016611641
ENSG00000285283,0.0
ABCF2-H2BK1,0.0
LINC00842,0.0
ENSG00000285300,0.0
ENSG00000285304,0.0
ENSG00000285325,0.0
ENSG00000285329,0.0
ENSG00000285330,0.0
ENSG00000285347,0.0
ENSG00000285354,0.0
ENSG00000285361,0.0
ENSG00000285367,0.016618479
LINC02478,0.019352319
ENSG00000285374,0.0
ENSG00000285382,0.0
ENSG00000285404,0.0
ENSG00000285407,0.0
ENSG00000285409,0.0
ENSG00000285412,0.0
ENSG00000285413,0.0
SOD2-OT1,0.0
ENSG00000285444,0.0
ENSG00000285446,0.0
LNCARGI,0.0
ENSG00000285454,0.0
C4orf36,0.017483527
LINC02792,0.0
ENSG00000285471,0.0
OR4M2-OT1,0.0
ENSG00000285473,0.0
H2BK1,0.0
LINC03094,0.0
ENSG00000285486,0.0
ENSG00000285492,0.0
ENSG00000285505,0.0
ENSG00000285508,0.0
TBCEL-TECTA,0.0
ENSG00000285513,0.0
ENSG00000241860,0.0
ENSG00000286448,0.0
LINC01128,0.0
ENSG00000242590,0.0
ENSG00000285812,0.0
ENSG00000240731,0.0
MRPL20-AS1,0.0
ENSG00000286989,0.0
ENSG00000287356,0.0
ENSG00000272161,0.0
ENSG00000272420,0.0
ENSG00000285945,0.0
ENSG00000287396,0.0
ENSG00000287828,0.0
ENSG00000286518,0.0
ENSG00000287586,0.0
CAMTA1-IT1,0.0
ENSG00000269925,0.0
ENSG00000285701,0.0
ENSG00000228150,0.0
ENSG00000241326,0.0
ENSG00000287727,0.0
ENSG00000285833,0.0
ENSG00000285646,0.0
ENSG00000287384,0.0
ENSG00000285604,0.0
ENSG00000287756,0.0
ENSG00000288398,0.0
ENSG00000286898,0.0
ENSG00000272084,0.0
ENSG00000287192,0.0
CDC42-AS1,0.0
CDC42-IT1,0.0
ENSG00000285873,0.0
ZBTB40-IT1,0.0
ENSG00000285802,0.0
NCMAP-DT,0.0
LINC02793,0.0
ENSG00000284309,0.0
ENSG00000287244,0.0
ENSG00000269971,0.0
ENSG00000270031,0.0
ENSG00000286433,0.0
SNHG3,0.0
ENSG00000287510,0.0
LINC01226,0.0
ENSG00000250135,0.0
ENSG00000287691,0.0
ENSG00000287703,0.0
ENSG00000286899,0.0
ENSG00000286379,0.0
ENSG00000284748,0.0
ENSG00000286552,0.0
ENSG00000287987,0.0
ENSG00000287422,0.0
BMP8B-AS1,0.0
ENSG00000260920,0.0
ENSG00000286838,0.0
ENSG00000287743,0.0
ENSG00000286668,0.0
ENSG00000287587,0.0
ENSG00000227527,0.0
ENSG00000285728,0.0
ENSG00000287113,0.0
ENSG00000285649,0.0
ERI3-IT1,0.0
ENSG00000230896,0.0
LINC01398,0.0
ENSG00000287661,0.0
ENSG00000286597,0.0
AGBL4-IT1,0.0
ENSG00000287078,0.0
ENSG00000285954,0.0
ENSG00000287582,0.0
ENSG00000230728,0.0
ENSG00000287724,0.0
ENSG00000284601,0.0
ENSG00000286918,0.0
FGGY-DT,0.0
NFIA-AS1,0.0
ENSG00000287224,0.0
ENSG00000286455,0.0
LINC00466,0.0
ENSG00000286429,0.0
DLEU2L,0.0
LINC01359,0.0
ENSG00000237852,0.0
ENSG00000275678,0.0
ENSG00000287453,0.0
ENSG00000287283,0.0
ZRANB2-DT,0.0
NEGR1-IT1,0.0
ENSG00000285778,0.0
ENSG00000287870,0.0
ENSG00000287647,0.0
ENSG00000285928,0.0
MGC27382,0.0
ENSG00000227960,0.0
TTLL7-IT1,0.0
ENSG00000284882,0.0
ENSG00000286758,0.0
ENSG00000286802,0.0
ENSG00000286548,0.0
ENSG00000230735,0.0
ENSG00000231613,0.0
ENSG00000287015,0.0
ENSG00000287406,0.0
ENSG00000287372,0.0
ENSG00000287076,0.0
LINC02788,0.0
ENSG00000287797,0.0
CCDC18-AS1,0.0
ENSG00000286692,0.0
ENSG00000231992,0.0
ENSG00000287919,0.0
DPYD-IT1,0.0
ENSG00000285530,0.0
ENSG00000285525,0.0
ENSG00000285981,0.0
ENSG00000285923,0.0
ENSG00000225113,0.0
LAMTOR5-AS1,0.0
ENSG00000261654,0.0
ENSG00000260948,0.0
ENSG00000243960,0.0
ENSG00000284830,0.0
KCND3-IT1,0.0
ENSG00000287807,0.0
ENSG00000282048,0.0
ENSG00000285698,0.0
ENSG00000287103,0.0
ENSG00000287217,0.0
ATP1A1-AS1,0.0
ENSG00000286276,0.0
ENSG00000287980,0.0
HAO2-IT1,0.0
LINC00622,0.0
NOTCH2NLR,0.0
ENSG00000287979,0.0
H3-7,0.0
ENSG00000287374,0.0
ENSG00000287190,0.0
ENSG00000287978,0.0
NOTCH2NLB,0.0
NOTCH2NLC,0.0
ENSG00000285184,0.0
LINC02988,0.0
ADAMTSL4-AS1,0.0
ENSG00000261168,0.0
ENSG00000232536,0.0
ENSG00000232937,0.0
ENSG00000285651,0.0
ENSG00000286581,0.0
LCE7A,0.0
ENSG00000285867,0.0
ENSG00000286391,0.0
ENSG00000287064,0.0
ASH1L-IT1,0.0
ENSG00000287839,0.0
ENSG00000285677,0.0
ENSG00000285570,0.0
ENSG00000287624,0.0
KIRREL1-IT1,0.0
SMIM42,0.0
ENSG00000287040,0.0
ENSG00000288093,0.0
ENSG00000285636,0.0
ENSG00000272574,0.0
ENSG00000269887,0.0
ENSG00000271917,0.0
ENSG00000230898,0.0
ENSG00000272033,0.0
ENSG00000287218,0.0
ENSG00000233411,0.0
ENSG00000287831,0.0
ENSG00000287282,0.0
DNM3-IT1,0.0
ENSG00000287336,0.0
GAS5,0.0
RC3H1-IT1,0.0
RABGAP1L-IT1,0.0
ENSG00000287697,0.0
TNR-IT1,0.0
ENSG00000286754,0.0
ENSG00000285910,0.0
ENSG00000261060,0.0
ENSG00000287452,0.0
DHX9-AS1,0.0
ENSG00000287929,0.0
ENSG00000286372,0.0
SMG7-AS1,0.0
ENSG00000286966,0.0
ENSG00000286655,0.0
ENSG00000230470,0.0
ENSG00000285847,0.0
ENSG00000286378,0.0
ENSG00000288078,0.0
ENSG00000285894,0.0
ENSG00000287472,0.0
ENSG00000285638,0.0
ENSG00000286285,0.0
ENSG00000285718,0.0
ENSG00000287364,0.0
ENSG00000287989,0.0
ENSG00000286541,0.0
ENSG00000224818,0.0
ENSG00000249007,0.0
ENSG00000286383,0.0
ENSG00000287197,0.0
ENSG00000285521,0.0
PM20D1-AS1,0.0
ENSG00000287432,0.0
ENSG00000287220,0.0
ENSG00000286198,0.0
ENSG00000287046,0.0
MIR205HG,0.0
ENSG00000287902,0.0
ENSG00000287343,0.0
ENSG00000287354,0.0
ENSG00000287157,0.0
ENSG00000284376,0.0
KCNH1-IT1,0.0
ENSG00000287033,0.0
ENSG00000261314,0.0
ENSG00000230063,0.0
ENSG00000229832,0.0
ENSG00000287445,0.0
ENSG00000288007,0.0
PROX1-AS1,0.0
ENSG00000228470,0.0
ENSG00000287008,0.0
ENSG00000286775,0.0
TGFB2-OT1,0.0
ENSG00000287676,0.0
ENSG00000286398,0.0
ENSG00000286421,0.0
ENSG00000287684,0.0
ENSG00000287338,0.0
ENSG00000232628,0.0
CNIH3-AS2,0.0
ENSG00000286174,0.0
ENSG00000286719,0.0
LINC02765,0.0
ENSG00000226349,0.0
ENSG00000248322,0.0
ENSG00000287627,0.0
ITPKB-IT1,0.0
ENSG00000287259,0.0
ENSG00000287532,0.0
ENSG00000287525,0.0
ENSG00000287205,0.0
ENSG00000286389,0.0
ENSG00000287895,0.0
ENSG00000286773,0.0
ENSG00000287315,0.0
ENSG00000226920,0.0
ENSG00000288037,0.0
ENSG00000287395,0.0
ENSG00000286071,0.0
DISC1-IT1,0.0
ENSG00000286774,0.0
ENSG00000287423,0.0
ENSG00000286109,0.0
ENSG00000286666,0.0
ENSG00000287921,0.0
ENSG00000231272,0.0
ENSG00000286210,0.0
ENSG00000287633,0.0
ENSG00000286263,0.0
ENSG00000286142,0.0
ENSG00000288099,0.0
ENSG00000287177,0.0
ENSG00000287589,0.0
RPS7P5,0.0
ENSG00000231440,0.0
ENSG00000286496,0.0
ENSG00000287516,0.0
ENSG00000287738,0.0
ENSG00000287513,0.0
ENSG00000232184,0.0
AKT3-IT1,0.0
ENSG00000286486,0.0
ENSG00000287531,0.0
ENSG00000287601,0.0
SMYD3-IT1,0.0
ENSG00000225300,0.0
LINC01341,0.0
ENSG00000286747,0.0
ENSG00000286216,0.0
ENSG00000228643,0.0
ENSG00000287583,0.0
EIPR1-IT1,0.0
ENSG00000287126,0.0
ENSG00000242540,0.0
SILC1,0.0
ENSG00000286851,0.0
GRASLND,0.0
ENSG00000229727,0.0
ENSG00000287119,0.0
ENSG00000286857,0.0
ENSG00000285591,0.0
ENSG00000242136,0.0
ENSG00000287305,0.0
ENSG00000285872,0.0
ENSG00000285569,0.0
ENSG00000228496,0.0
ENSG00000286427,0.0
ENSG00000225649,0.0
ENSG00000285876,0.0
ENSG00000287291,0.0
ENSG00000287881,0.0
ENSG00000287849,0.0
ENSG00000287284,0.0
HS1BP3-IT1,0.0
ENSG00000287956,0.0
ENSG00000286829,0.0
ENSG00000286645,0.0
ENSG00000286707,0.0
MAPRE3-AS1,0.0
AGBL5-IT1,0.0
ENSG00000270640,0.0
ENSG00000286963,0.0
ENSG00000287658,0.0
ENSG00000285984,0.0
ENSG00000276334,0.0
ENSG00000276517,0.0
ENSG00000274159,0.0
ENSG00000285577,0.0
ENSG00000286415,0.0
ENSG00000285754,0.0
ENSG00000272054,0.0
ENSG00000285925,0.0
SOS1-IT1,0.0
ENSG00000273035,0.0
ENSG00000287255,0.0
ENSG00000285898,0.0
ENSG00000287468,0.0
ENSG00000287145,0.0
ENSG00000286796,0.0
LINC01121,0.0
ENSG00000286728,0.0
ENSG00000285548,0.0
ENSG00000286412,0.0
ENSG00000287867,0.0
ENSG00000287344,0.0
ENSG00000285519,0.0
ENSG00000285755,0.0
ENSG00000286604,0.0
ENSG00000285611,0.0
ENSG00000287640,0.0
ENSG00000267520,0.0
ENSG00000273302,0.0
ENSG00000285857,0.0
ENSG00000286360,0.0
ENSG00000286524,0.0
ENSG00000286480,0.0
ENSG00000287123,0.0
ENSG00000232693,0.0
ENSG00000286002,0.0
ENSG00000286347,0.0
PCBP1-AS1,0.0
TGFA-IT1,0.0
ENSG00000286979,0.0
ENSG00000288065,0.0
ENSG00000272702,0.0
ENSG00000287435,0.0
ENSG00000285068,0.0
ALMS1-IT1,0.0
ENSG00000284902,0.0
ENSG00000287250,0.0
ENSG00000286244,0.0
ENSG00000286623,0.0
ENSG00000286883,0.0
ENSG00000287687,0.0
ENSG00000286739,0.0
ENSG00000271452,0.0
ENSG00000286045,0.0
ENSG00000287474,0.0
ENSG00000287172,0.0
ENSG00000287749,0.0
ENSG00000287026,0.0
ENSG00000287130,0.0
ENSG00000286202,0.0
ENSG00000287025,0.0
ENSG00000286932,0.0
ENSG00000286260,0.0
ENSG00000224879,0.0
ENSG00000286227,0.0
ENSG00000286211,0.0
ENSG00000287625,0.0
TCF7L1-IT1,0.0
ENSG00000286011,0.0
PARTICL,0.0
ENSG00000287628,0.0
ENSG00000287931,0.0
ENSG00000287763,0.0
ENSG00000287670,0.0
ENSG00000286698,0.0
ENSG00000287362,0.0
STARD7-AS1,0.0
ENSG00000286654,0.0
ENSG00000286036,0.0
ENSG00000227987,0.0
ENSG00000287832,0.0
ENSG00000286737,0.0
ENSG00000286047,0.0
ENSG00000286101,0.0
ENSG00000287771,0.0
ENSG00000236525,0.0
ENSG00000234389,0.0
ENSG00000286290,0.0
ENSG00000287793,0.0
PANTR1,0.0
ENSG00000269707,0.0
LINC01159,0.0
ENSG00000287135,0.0
LINC02946,0.0
ENSG00000287308,0.0
ST6GAL2-IT1,0.0
ENSG00000286218,0.0
ENSG00000286769,0.0
ENSG00000230696,0.0
ENSG00000285016,0.0
ENSG00000286904,0.0
ENSG00000287141,0.0
ENSG00000286545,0.0
ENSG00000243389,0.0
ENSG00000287937,0.0
PAX8-AS1,0.0
ENSG00000287165,0.0
ENSG00000286513,0.0
ENSG00000286776,0.0
ENSG00000287451,0.0
ENSG00000286370,0.0
ENSG00000286481,0.0
ENSG00000287871,0.0
ENSG00000287854,0.0
ENSG00000286384,0.0
ENSG00000286206,0.0
ENSG00000286515,0.0
ENSG00000286971,0.0
ENSG00000286400,0.0
ENSG00000286145,0.0
ENSG00000287742,0.0
ENSG00000286873,0.0
ENSG00000286957,0.0
ENSG00000286208,0.0
LINC03124,0.0
ENSG00000287414,0.0
ENSG00000286833,0.0
ENSG00000286068,0.0
NCKAP5-IT1,0.0
ENSG00000286697,0.0
ENSG00000287463,0.0
ENSG00000287147,0.0
ENSG00000244125,0.0
ENSG00000283994,0.0
LINC02993,0.0
ENSG00000286225,0.0
ENSG00000287847,0.0
ENSG00000286167,0.0
ENSG00000286335,0.0
ENSG00000286081,0.0
ENSG00000288066,0.0
ENSG00000286234,0.0
ENSG00000287085,0.0
ENSG00000286207,0.0
ENSG00000227400,0.0
ENSG00000287900,0.0
ENSG00000286679,0.0
ENSG00000287048,0.0
ENSG00000286530,0.0
ENSG00000286621,0.0
ENSG00000287091,0.0
ENSG00000251621,0.0
ENSG00000288091,0.0
ENSG00000288089,0.0
TTC21B-AS1,0.0
CERS6-AS1,0.0
ENSG00000286611,0.0
ENSG00000286115,0.0
ENSG00000288048,0.0
ENSG00000286557,0.0
ENSG00000213963,0.0
ENSG00000236664,0.0
ENSG00000287149,0.0
ENSG00000287536,0.0
ENSG00000287621,0.0
ENSG00000286879,0.0
ENSG00000286807,0.0
ENSG00000286152,0.0
ENSG00000286980,0.0
ENSG00000286797,0.0
ENSG00000287129,0.0
ENSG00000223523,0.0
ENSG00000287418,0.0
ASDURF,0.0
ENSG00000284052,0.0
STAT4-AS1,0.0
ENSG00000288064,0.0
ENSG00000286358,0.0
ENSG00000286868,0.0
ENSG00000286539,0.0
ANKRD44-IT1,0.0
ENSG00000286020,0.0
ENSG00000232732,0.0
ENSG00000287027,0.0
ENSG00000287299,0.0
ENSG00000234431,0.0
ENSG00000287133,0.0
ENSG00000287041,0.0
ENSG00000286223,0.0
ENSG00000287524,0.0
CMKLR2-AS,0.0
KLF7-IT1,0.0
ENSG00000286568,0.0
ENSG00000225111,0.0
ENSG00000231896,0.0
ENSG00000287662,0.0
ENSG00000286249,0.0
CPS1-IT1,0.0
ENSG00000273118,0.0
ENSG00000286965,0.0
VWC2L-IT1,0.0
ENSG00000286836,0.0
RPL37A-DT,0.0
ENSG00000287498,0.0
ENSG00000261338,0.0
CATIP-AS1,0.0
ENSG00000286154,0.0
ENSG00000286606,0.0
ENSG00000287529,0.0
SPEGNB,0.0
ENSG00000286199,0.0
ENSG00000286272,0.0
ENSG00000286170,0.0
ENSG00000261379,0.0
ENSG00000286772,0.0
ENSG00000287791,0.0
FBXO36-IT1,0.0
ENSG00000261829,0.0
ENSG00000224376,0.0
ENSG00000286942,0.0
ENSG00000286399,0.0
ENSG00000261096,0.0
ENSG00000241409,0.0
ENSG00000222001,0.0
UGT1A5,0.0
UGT1A3,0.0
ENSG00000286059,0.0
ENSG00000288040,0.0
ENSG00000235726,0.0
AGAP1-IT1,0.0
ENSG00000286864,0.0
LINC02610,0.0
ENSG00000225057,0.0
ENSG00000286160,0.0
ENSG00000286748,0.0
ENSG00000286307,0.0
ENSG00000287405,0.0
ENSG00000286525,0.0
ENSG00000288082,0.0
ENSG00000286188,0.0
ENSG00000286325,0.0
ENSG00000286183,0.0
GPC1-AS1,0.0
ENSG00000287049,0.0
UICLM,0.0
ENSG00000286588,0.0
ENSG00000288080,0.0
LINC01237,0.0
ENSG00000287971,0.0
CHL1-AS2,0.0
ENSG00000287140,0.0
ENSG00000287505,0.0
ENSG00000286363,0.0
ENSG00000287720,0.0
ENSG00000286579,0.0
ENSG00000288030,0.0
ENSG00000287623,0.0
ENSG00000287878,0.0
ENSG00000287086,0.0
ATP2B2-IT1,0.0
ATP2B2-IT2,0.0
ENSG00000286962,0.0
ENSG00000287964,0.0
ENSG00000285906,0.0
ENSG00000287059,0.0
ENSG00000285969,0.0
ENSG00000288077,0.0
ENSG00000287042,0.0
ENSG00000286689,0.0
ENSG00000285654,0.0
ENSG00000287377,0.0
ENSG00000288050,0.0
ENSG00000285731,0.0
ENSG00000286352,0.0
ENSG00000272477,0.0
SATB1-AS1,0.0
ENSG00000287069,0.0
SGO1-AS1,0.0
THRB-IT1,0.0
THRB-AS1,0.0
LINC00692,0.0
ENSG00000287348,0.0
ENSG00000287774,0.0
ENSG00000261468,0.0
ENSG00000261572,0.0
ENSG00000287981,0.0
ENSG00000287641,0.0
ITGA9-AS1,0.0
ENSG00000287620,0.0
ENSG00000287995,0.0
ENSG00000287958,0.0
ENSG00000287780,0.0
ENSG00000286781,0.0
ENSG00000285885,0.0
EIF1B-AS1,0.0
ENSG00000287415,0.0
ENSG00000287629,0.0
ENSG00000287417,0.0
ENSG00000273328,0.0
ENSG00000285788,0.0
ENSG00000286570,0.0
ENSG00000214773,0.0
RHOA-IT1,0.0
ENSG00000213600,0.0
ENSG00000288063,0.0
ENSG00000287707,0.0
ENSG00000285685,0.0
ENSG00000286419,0.0
GLYCTK-AS1,0.0
ENSG00000286531,0.0
ENSG00000288029,0.0
ENSG00000286353,0.0
ESRG,0.0
ERC2-IT1,0.0
ENSG00000286952,0.0
ENSG00000287502,0.0
PTPRG-AS1,0.0
ENSG00000270059,0.0
MAGI1-IT1,0.0
ENSG00000288039,0.0
ENSG00000285738,0.0
ENSG00000287873,0.0
ENSG00000286967,0.0
ENSG00000287669,0.0
FOXP1-IT1,0.0
ENSG00000287131,0.0
ENSG00000287882,0.0
ENSG00000287595,0.0
ENSG00000287398,0.0
ENSG00000287567,0.0
ENSG00000288105,0.0
ENSG00000287053,0.0
ENSG00000288004,0.0
ENSG00000286567,0.0
ENSG00000287158,0.0
ENSG00000287273,0.0
ENSG00000285780,0.0
ENSG00000286516,0.0
ENSG00000286447,0.0
ENSG00000285614,0.0
ENSG00000286602,0.0
ENSG00000287378,0.0
ENSG00000287421,0.0
ENSG00000286956,0.0
ENSG00000279277,0.0
ENSG00000286492,0.0
CD200R1L-AS1,0.0
ENSG00000288079,0.0
ENSG00000287805,0.0
ENSG00000285836,0.0
ENSG00000287795,0.0
ENSG00000288074,0.0
ENSG00000241596,0.0
ENSG00000286660,0.0
ENSG00000286584,0.0
ENSG00000286735,0.0
ENSG00000287366,0.0
ENSG00000287022,0.0
ENSG00000287207,0.0
ENSG00000260391,0.0
ENSG00000288022,0.0
ENSG00000284624,0.0
ENSG00000287617,0.0
LINC02614,0.0
ENSG00000287232,0.0
ENSG00000287784,0.0
PRR20G,0.0
ENSG00000285600,0.0
ENSG00000287143,0.0
ENSG00000285619,0.0
ENSG00000286806,0.0
ACAD9-DT,0.0
ENSG00000286729,0.0
ENSG00000203644,0.0
ENSG00000285631,0.0
NUDT16-DT,0.0
ENSG00000261167,0.0
ENSG00000285908,0.0
ENSG00000286982,0.0
ENSG00000240086,0.0
ENSG00000286988,0.0
ENSG00000248773,0.0
ENSG00000287155,0.0
RASA2-IT1,0.0
ENSG00000286822,0.0
ENSG00000244327,0.0
ENSG00000287045,0.0
ENSG00000241679,0.0
ENSG00000240888,0.0
ENSG00000261051,0.0
ENSG00000285798,0.0
ENSG00000285557,0.0
ENSG00000287198,0.0
ENSG00000286714,0.0
WWTR1-IT1,0.0
ENSG00000287688,0.0
ENSG00000286273,0.0
ENSG00000287706,0.0
LINC02006,0.0
ARHGEF26-AS1,0.0
ENSG00000214919,0.0
ENSG00000286585,0.0
ENSG00000288032,0.0
ENSG00000287916,0.0
ENSG00000286361,0.0
ENSG00000286892,0.0
ENSG00000271778,0.0
ENSG00000286913,0.0
ENSG00000288087,0.0
ENSG00000287319,0.0
ENSG00000286994,0.0
ENSG00000242795,0.0
SLC7A14-AS1,0.0
ENSG00000244738,0.0
ENSG00000286695,0.0
ENSG00000286856,0.0
TMEM212-IT1,0.0
ENSG00000287899,0.0
ENSG00000287012,0.0
NAALADL2-AS3,0.0
ENSG00000288104,0.0
ENSG00000286003,0.0
LINC01014,0.0
ENSG00000287645,0.0
SOX2-OT,0.0
ENSG00000286453,0.0
ENSG00000287605,0.0
ENSG00000286086,0.0
BCL6-AS1,0.0
ENSG00000287178,0.0
ENSG00000286624,0.0
ENSG00000287206,0.0
LINC02028,0.0
ENSG00000286317,0.0
ENSG00000244675,0.0
ENSG00000287073,0.0
ENSG00000287005,0.0
ACAP2-IT1,0.0
ENSG00000286004,0.0
ENSG00000286168,0.0
ENSG00000286661,0.0
ENSG00000230732,0.0
ENSG00000286017,0.0
ENSG00000286870,0.0
ENSG00000286909,0.0
ENSG00000287286,0.0
ENSG00000275426,0.0
ENSG00000286705,0.0
ENSG00000286205,0.0
ENSG00000254094,0.0
ENSG00000253399,0.0
ENSG00000248399,0.0
ENSG00000287099,0.0
ENSG00000286900,0.0
LINC00955,0.0
STX18-IT1,0.0
LINC01587,0.0
ENSG00000287786,0.0
ENSG00000286176,0.0
ENSG00000287331,0.0
ENSG00000287104,0.0
ENSG00000187904,0.0
ENSG00000287164,0.0
ENSG00000258507,0.0
ENSG00000288075,0.0
ENSG00000287972,0.0
ENSG00000287117,0.0
ENSG00000287154,0.0
ENSG00000287778,0.0
ENSG00000286297,0.0
ENSG00000287360,0.0
ENSG00000286280,0.0
ENSG00000286888,0.0
ENSG00000287081,0.0
ENSG00000286046,0.0
SLIT2-IT1,0.0
ENSG00000286318,0.0
ENSG00000287389,0.0
ENSG00000286321,0.0
ENSG00000286141,0.0
ENSG00000286596,0.0
ENSG00000286212,0.0
ENSG00000286784,0.0
ENSG00000287968,0.0
ENSG00000288321,0.0
ENSG00000287320,0.0
ENSG00000287416,0.0
LINC02616,0.0
ENSG00000288073,0.0
ENSG00000287659,0.0
KLF3-AS1,0.0
ENSG00000287262,0.0
ENSG00000286349,0.0
ENSG00000260296,0.0
ENSG00000286089,0.0
ENSG00000287182,0.0
ENSG00000287762,0.0
ENSG00000250657,0.0
ENSG00000286891,0.0
ENSG00000260878,0.0
ENSG00000260918,0.0
ENSG00000282904,0.0
ENSG00000286294,0.0
ENSG00000287999,0.0
DANCR,0.0
ENSG00000286161,0.0
LNX1-AS2,0.0
ENSG00000249341,0.0
ENSG00000249706,0.0
ENSG00000287534,0.0
ENSG00000287060,0.0
SRD5A3-AS1,0.0
ENSG00000287382,0.0
ENSG00000286093,0.0
ENSG00000287369,0.0
ENSG00000285998,0.0
LINC02619,0.0
ENSG00000286097,0.0
ENSG00000287174,0.0
ENSG00000286664,0.0
LINC02835,0.0
ENSG00000287383,0.0
ENSG00000286848,0.0
ENSG00000287037,0.0
ENSG00000287375,0.0
ENSG00000286074,0.0
ENSG00000287401,0.0
ENSG00000287632,0.0
ENSG00000286490,0.0
ENSG00000286035,0.0
LINC02994,0.0
WDFY3-AS2,0.0
ENSG00000286618,0.0
ENSG00000287181,0.0
ENSG00000287239,0.0
ENSG00000287392,0.0
ENSG00000287552,0.0
ENSG00000287841,0.0
ENSG00000254044,0.0
ENSG00000287512,0.0
ENSG00000286150,0.0
LINC01216,0.0
LINC01217,0.0
LINC01218,0.0
ENSG00000286124,0.0
ENSG00000286242,0.0
ENSG00000286291,0.0
ARHGEF38-IT1,0.0
ENSG00000286147,0.0
LEF1-AS1,0.0
ENSG00000286136,0.0
ENSG00000287845,0.0
ENSG00000287520,0.0
ENSG00000287290,0.0
ENSG00000286637,0.0
ENSG00000286269,0.0
ENSG00000286241,0.0
ENSG00000287692,0.0
ENSG00000287951,0.0
ENSG00000286700,0.0
ENSG00000286734,0.0
ENSG00000286251,0.0
ENSG00000287021,0.0
ENSG00000287748,0.0
ENSG00000286467,0.0
ENSG00000286253,0.0
ENSG00000287441,0.0
ENSG00000287144,0.0
SLC7A11-AS1,0.0
ENSG00000286896,0.0
ENSG00000286320,0.0
ENSG00000287449,0.0
ENSG00000286771,0.0
ENSG00000286055,0.0
ENSG00000285783,0.0
ENSG00000286371,0.0
ENSG00000287292,0.0
ENSG00000249317,0.0
ENSG00000287565,0.0
ENSG00000286711,0.0
ENSG00000286066,0.0
LINC03074,0.0
ENSG00000286720,0.0
ENSG00000287504,0.0
ENSG00000287555,0.0
ENSG00000287642,0.0
ENSG00000287216,0.0
ENSG00000287730,0.0
ENSG00000260244,0.0
ENSG00000286862,0.0
ENSG00000287226,0.0
ENSG00000287822,0.0
ENSG00000286558,0.0
ENSG00000287072,0.0
ENSG00000285563,0.0
ENSG00000287424,0.0
ENSG00000287188,0.0
ENSG00000286302,0.0
ENSG00000287660,0.0
ENSG00000288003,0.0
ENSG00000287298,0.0
ENSG00000286580,0.0
ENSG00000287210,0.0
ENSG00000288025,0.0
ENSG00000286226,0.0
ENSG00000286039,0.0
ENSG00000287544,0.0
ENSG00000287083,0.0
ENSG00000287775,0.0
ENSG00000286860,0.0
ENSG00000287948,0.0
ENSG00000248266,0.0
ENSG00000286119,0.0
ENSG00000286821,0.0
ENSG00000287349,0.0
ENSG00000248206,0.0
ENSG00000287433,0.0
ENSG00000270426,0.0
ENSG00000286256,0.0
ENSG00000287183,0.0
ENSG00000287667,0.0
ENSG00000287169,0.0
ENSG00000287571,0.0
ENSG00000286641,0.0
ENSG00000261434,0.0
SLC9A3-AS1,0.0
ENSG00000287600,0.0
ENSG00000287486,0.0
ENSG00000286388,0.0
ENSG00000288108,0.0
ENSG00000286753,0.0
ENSG00000286986,0.0
ENSG00000287031,0.0
ENSG00000287790,0.0
ENSG00000286254,0.0
ENSG00000285689,0.0
ENSG00000287947,0.0
ENSG00000250001,0.0
ENSG00000248525,0.0
ENSG00000286556,0.0
ENSG00000287581,0.0
ENSG00000286970,0.0
ENSG00000286441,0.0
ENSG00000286377,0.0
H3Y2,0.0
ENSG00000286751,0.0
ENSG00000253104,0.0
ENSG00000287471,0.0
ENSG00000286961,0.0
ENSG00000286134,0.0
ENSG00000287199,0.0
ENSG00000286454,0.0
ENSG00000286238,0.0
ENSG00000286625,0.0
ENSG00000286204,0.0
ENSG00000286432,0.0
ENSG00000286182,0.0
ENSG00000287940,0.0
ENSG00000248624,0.0
ENSG00000249114,0.0
ENSG00000249688,0.0
ENSG00000286741,0.0
ENSG00000286543,0.0
ENSG00000287634,0.0
NIPBL-DT,0.0
CPLANE1-AS1,0.0
ENSG00000286809,0.0
ENSG00000287597,0.0
ENSG00000285552,0.0
ENSG00000285616,0.0
OXCT1-AS1,0.0
ENSG00000286271,0.0
ENSG00000286656,0.0
ANXA2R-OT1,0.0
ENSG00000287540,0.0
ENSG00000288035,0.0
ENSG00000286048,0.0
ENSG00000285831,0.0
ENSG00000287087,0.0
ENSG00000287367,0.0
ENSG00000240535,0.0
ENSG00000285997,0.0
ENSG00000234553,0.0
ENSG00000287709,0.0
ENSG00000286853,0.0
ENSG00000287434,0.0
LINC03122,0.0
ENSG00000287179,0.0
ENSG00000248285,0.0
ENSG00000286314,0.0
ENSG00000285999,0.0
ENSG00000286062,0.0
MAST4-IT1,0.0
ENSG00000286647,0.0
ENSG00000250978,0.0
ENSG00000285804,0.0
ENSG00000261269,0.0
ENSG00000287090,0.0
ENSG00000287701,0.0
ENSG00000287162,0.0
ENSG00000286818,0.0
ENSG00000286721,0.0
ENSG00000287938,0.0
ATG10-IT1,0.0
ENSG00000287783,0.0
ENSG00000287862,0.0
LINC01339,0.0
ENSG00000260871,0.0
ENSG00000255647,0.0
ENSG00000285618,0.0
ENSG00000286638,0.0
ENSG00000286121,0.0
ENSG00000286509,0.0
ENSG00000287180,0.0
ENSG00000287447,0.0
ENSG00000251023,0.0
ENSG00000286577,0.0
ENSG00000270133,0.0
ENSG00000250362,0.0
ENSG00000286828,0.0
ENSG00000286953,0.0
ENSG00000286338,0.0
ENSG00000283462,0.0
ENSG00000286503,0.0
ENSG00000286882,0.0
ENSG00000286839,0.0
TRIM36-IT1,0.0
LINCADL,0.0
ENSG00000285809,0.0
ENSG00000286745,0.0
ENSG00000260686,0.0
ENSG00000251456,0.0
ENSG00000288008,0.0
ENSG00000286615,0.0
ENSG00000248634,0.0
ENSG00000286274,0.0
ENSG00000287390,0.0
MIR3936HG,0.0
ENSG00000287054,0.0
ENSG00000286408,0.0
ENSG00000286403,0.0
ENSG00000254363,0.0
ENSG00000250069,0.0
ENSG00000288095,0.0
ENSG00000273557,0.0
ENSG00000286736,0.0
ENSG00000287527,0.0
ENSG00000287726,0.0
ENSG00000287203,0.0
ARHGAP26-IT1,0.0
ENSG00000249881,0.0
ENSG00000249605,0.0
ENSG00000285605,0.0
ENSG00000271724,0.0
PPP2R2B-IT1,0.0
ENSG00000286468,0.0
ENSG00000287630,0.0
ENSG00000253297,0.0
ENSG00000285736,0.0
ENSG00000287323,0.0
ENSG00000286331,0.0
ENSG00000286657,0.0
ENSG00000288081,0.0
ENSG00000286749,0.0
ENSG00000287695,0.0
ENSG00000287963,0.0
ENSG00000286690,0.0
NIPAL4-DT,0.0
ENSG00000285590,0.0
ENSG00000285549,0.0
ENSG00000253357,0.0
ENSG00000285914,0.0
ENSG00000287814,0.0
ENSG00000287003,0.0
ENSG00000254011,0.0
ENSG00000286350,0.0
ENSG00000250820,0.0
ENSG00000287579,0.0
ENSG00000283235,0.0
ZNF346-IT1,0.0
ENSG00000286634,0.0
GMCL2,0.0
ENSG00000245688,0.0
ENSG00000286713,0.0
MSANTD5,0.0
ENSG00000285865,0.0
HEIH,0.0
ENSG00000286128,0.0
ENSG00000286644,0.0
TRIM52-AS1,0.0
ENSG00000286310,0.0
LIRIL2R,0.0
ENSG00000287265,0.0
ENSG00000286364,0.0
ENSG00000287293,0.0
LINC01622,0.0
ENSG00000286324,0.0
ENSG00000285603,0.0
ENSG00000286512,0.0
ENSG00000287903,0.0
ENSG00000287761,0.0
ENSG00000285694,0.0
ENSG00000285717,0.0
ENSG00000287497,0.0
ENSG00000225092,0.0
ENSG00000285771,0.0
HULC,0.0
ENSG00000285763,0.0
ENSG00000287920,0.0
ENSG00000287593,0.0
ENSG00000286316,0.0
ENSG00000285639,0.0
ENSG00000286281,0.0
ENSG00000286277,0.0
ENSG00000287626,0.0
ENSG00000287347,0.0
ENSG00000286631,0.0
ENSG00000287359,0.0
ENSG00000287559,0.0
ENSG00000286885,0.0
ENSG00000287138,0.0
ENSG00000286590,0.0
ENSG00000287483,0.0
E2F3-IT1,0.0
ENSG00000287404,0.0
ENSG00000286368,0.0
ENSG00000286954,0.0
ENSG00000285801,0.0
ENSG00000286933,0.0
H3C2,0.0
H3C3,0.0
ENSG00000287050,0.0
ENSG00000285571,0.0
LARRPM,0.0
ENSG00000285849,0.0
ENSG00000286652,0.0
ENSG00000285703,0.0
ENSG00000287674,0.0
ENSG00000287252,0.0
ENSG00000287804,0.0
ENSG00000286819,0.0
ENSG00000287279,0.0
HLA-F-AS1,0.0
ENSG00000285761,0.0
ENSG00000286301,0.0
PSORS1C3,0.0
ENSG00000285647,0.0
HCP5,0.0
MICB-DT,0.0
ENSG00000286974,0.0
ENSG00000284954,0.0
ENSG00000273333,0.0
ENSG00000232080,0.0
ENSG00000223837,0.0
SMIM40,0.0
ENSG00000287089,0.0
ENSG00000225339,0.0
ENSG00000286550,0.0
ENSG00000287458,0.0
DINOL,0.0
ENSG00000285888,0.0
ENSG00000287891,0.0
TMEM217B,0.0
ENSG00000286672,0.0
ENSG00000236075,0.0
ENSG00000226454,0.0
ENSG00000287678,0.0
CIMIP3,0.0
ENSG00000288010,0.0
ENSG00000287825,0.0
ENSG00000287055,0.0
ENSG00000287266,0.0
ENSG00000287562,0.0
ENSG00000286417,0.0
ENSG00000287485,0.0
ENSG00000286811,0.0
ENSG00000287137,0.0
ENSG00000286405,0.0
ENSG00000261745,0.0
ENSG00000287745,0.0
ENSG00000261116,0.0
ENSG00000227602,0.0
ENSG00000287598,0.0
ENSG00000287679,0.0
ENSG00000285976,0.0
ENSG00000286680,0.0
ENSG00000285838,0.0
ENSG00000288088,0.0
ENSG00000287300,0.0
ENSG00000287939,0.0
ENSG00000287380,0.0
ENSG00000285963,0.0
KCNQ5-DT,0.0
ENSG00000286340,0.0
LCAL1,0.0
ENSG00000285586,0.0
ENSG00000287816,0.0
ENSG00000288071,0.0
ENSG00000226089,0.0
ENSG00000232031,0.0
ENSG00000286875,0.0
ENSG00000287705,0.0
ENSG00000287294,0.0
SNHG5,0.0
ENSG00000288021,0.0
ENSG00000286278,0.0
ENSG00000286871,0.0
ENSG00000288009,0.0
ENSG00000287789,0.0
ENSG00000285961,0.0
ENSG00000287683,0.0
ENSG00000288085,0.0
ENSG00000287578,0.0
TSTD3,0.0
ENSG00000287397,0.0
ENSG00000287499,0.0
ENSG00000288084,0.0
ENSG00000287616,0.0
ENSG00000227535,0.0
ENSG00000286084,0.0
ENSG00000269919,0.0
ENSG00000286562,0.0
ENSG00000287044,0.0
ENSG00000286691,0.0
ENSG00000287268,0.0
REV3L-IT1,0.0
ENSG00000286616,0.0
ENSG00000286914,0.0
ENSG00000287728,0.0
ENSG00000287097,0.0
ENSG00000287933,0.0
ENSG00000287253,0.0
ENSG00000286339,0.0
ENSG00000287100,0.0
ENSG00000286540,0.0
ENSG00000287992,0.0
ENSG00000287258,0.0
ENSG00000272472,0.0
ENSG00000287818,0.0
ENSG00000285652,0.0
ENSG00000285691,0.0
ENSG00000285941,0.0
ENSG00000237321,0.0
ENSG00000286299,0.0
ENSG00000287731,0.0
ENSG00000286663,0.0
ENSG00000286438,0.0
ENSG00000287413,0.0
ENSG00000286887,0.0
ENSG00000287094,0.0
ENSG00000286313,0.0
ENSG00000288054,0.0
MAP3K5-AS2,0.0
ENSG00000287393,0.0
ENSG00000287820,0.0
ENSG00000286452,0.0
ENSG00000287084,0.0
HYMAI,0.0
ENSG00000285598,0.0
ENSG00000288056,0.0
ENSG00000287976,0.0
ENSG00000287473,0.0
ENSG00000232891,0.0
ENSG00000224029,0.0
ENSG00000287914,0.0
ENSG00000284615,0.0
ENSG00000286553,0.0
ENSG00000287260,0.0
ENSG00000287092,0.0
ENSG00000285797,0.0
ENSG00000286482,0.0
ENSG00000285642,0.0
SYNJ2-IT1,0.0
ENSG00000274023,0.0
ENSG00000287591,0.0
FNDC1-IT1,0.0
ENSG00000286533,0.0
ENSG00000287656,0.0
ENSG00000287558,0.0
ENSG00000286498,0.0
ENSG00000286805,0.0
ENSG00000285610,0.0
ENSG00000285553,0.0
ENSG00000285564,0.0
ENSG00000285726,0.0
ENSG00000285858,0.0
ENSG00000286573,0.0
ENSG00000287550,0.0
ENSG00000287877,0.0
ENSG00000223942,0.0
ENSG00000287189,0.0
ENSG00000286760,0.0
RPS6KA2-IT1,0.0
RAMACL,0.0
ENSG00000287690,0.0
ENSG00000285730,0.0
ENSG00000286674,0.0
ENSG00000287297,0.0
ENSG00000287594,0.0
ENSG00000287056,0.0
ENSG00000224417,0.0
ENSG00000285917,0.0
ENSG00000286826,0.0
ENSG00000285887,0.0
ENSG00000266896,0.0
ENSG00000287823,0.0
ENSG00000288162,0.0
ENSG00000287407,0.0
ENSG00000261003,0.0
FAM157D,0.0
ENSG00000287883,0.0
ENSG00000287342,0.0
ENSG00000286710,0.0
ENSG00000286764,0.0
ENSG00000286874,0.0
ENSG00000287665,0.0
RNF216-IT1,0.0
SMIM10L3,0.0
ENSG00000287860,0.0
LINC03016,0.0
ENSG00000287409,0.0
ENSG00000286639,0.0
ENSG00000230333,0.0
ENSG00000229233,0.0
ENSG00000286376,0.0
ENSG00000287799,0.0
ENSG00000243004,0.0
GIRGL,0.0
ENSG00000285592,0.0
ENSG00000286703,0.0
SNHG26,0.0
ENSG00000285926,0.0
ENSG00000287093,0.0
ENSG00000285716,0.0
ENSG00000285960,0.0
ENSG00000287096,0.0
ENSG00000286725,0.0
ENSG00000285860,0.0
ENSG00000286507,0.0
ENSG00000270182,0.0
ENSG00000286323,0.0
ENSG00000286478,0.0
ENSG00000287489,0.0
ENSG00000285081,0.0
ENSG00000286847,0.0
ENSG00000230751,0.0
ENSG00000251660,0.0
GARS1-DT,0.0
ENSG00000286487,0.0
ENSG00000286300,0.0
NPSR1-AS1,0.0
ENSG00000287249,0.0
ENSG00000287651,0.0
ENSG00000286526,0.0
ENSG00000287032,0.0
ENSG00000287893,0.0
ENSG00000285573,0.0
ENSG00000261184,0.0
AOAH-IT1,0.0
ENSG00000287584,0.0
ENSG00000227658,0.0
HECW1-IT1,0.0
ENSG00000239775,0.0
ENSG00000287574,0.0
ENSG00000260997,0.0
ENSG00000286738,0.0
ENSG00000223829,0.0
ENSG00000286315,0.0
LINC02838,0.0
CDC14C,0.0
ENSG00000286995,0.0
ENSG00000287521,0.0
ENSG00000286658,0.0
ENSG00000285741,0.0
ENSG00000286987,0.0
ENSG00000287039,0.0
ENSG00000286908,0.0
ENSG00000287953,0.0
VSTM2A-OT1,0.0
ENSG00000286404,0.0
ENSG00000285670,0.0
ENSG00000287019,0.0
ENSG00000286477,0.0
ENSG00000286436,0.0
ENSG00000287517,0.0
ENSG00000230000,0.0
ENSG00000268181,0.0
ENSG00000287588,0.0
ENSG00000287699,0.0
ENSG00000287985,0.0
ENSG00000286456,0.0
ENSG00000287317,0.0
ENSG00000287580,0.0
ENSG00000287869,0.0
ENSG00000286342,0.0
LINC03129,0.0
ENSG00000226824,0.0
SPDYE21,0.0
ENSG00000285886,0.0
SPDYE8,0.0
SPDYE9,0.0
ENSG00000274080,0.0
ENSG00000287815,0.0
GTF2I-AS1,0.0
SPDYE13,0.0
SPDYE14,0.0
SPDYE15,0.0
ENSG00000285666,0.0
ENSG00000231183,0.0
ENSG00000287519,0.0
ENSG00000285892,0.0
ENSG00000286855,0.0
MAGI2-AS3,0.0
ENSG00000287488,0.0
STEAP2-AS1,0.0
ENSG00000286411,0.0
ENSG00000287672,0.0
ENSG00000243107,0.0
ENSG00000287932,0.0
ENSG00000286742,0.0
ENSG00000285964,0.0
ENSG00000284707,0.0
ENSG00000286305,0.0
ENSG00000286921,0.0
ENSG00000286923,0.0
ENSG00000287631,0.0
ENSG00000286938,0.0
ENSG00000272219,0.0
ENSG00000286830,0.0
LHFPL3-AS1,0.0
ENSG00000243797,0.0
ENSG00000286076,0.0
ENSG00000286013,0.0
PRKAR2B-AS1,0.0
ENSG00000287186,0.0
ENSG00000228540,0.0
ENSG00000287011,0.0
ENSG00000225457,0.0
ENSG00000287592,0.0
ENSG00000282859,0.0
ENSG00000237870,0.0
ST7-OT4,0.0
ENSG00000287829,0.0
ENSG00000286390,0.0
ENSG00000287827,0.0
ENSG00000287554,0.0
ENSG00000287568,0.0
ENSG00000286722,0.0
ENSG00000286380,0.0
COPG2IT1,0.0
ENSG00000287547,0.0
MKLN1-AS,0.0
ENSG00000286458,0.0
ENSG00000287733,0.0
ENSG00000285904,0.0
ENSG00000285841,0.0
ENSG00000286831,0.0
ENSG00000286569,0.0
ENSG00000230190,0.0
ENSG00000287636,0.0
ENSG00000286180,0.0
ENSG00000286171,0.0
ENSG00000286912,0.0
WDR86-AS1,0.0
PRKAG2-AS2,0.0
ENSG00000286565,0.0
ENSG00000285524,0.0
ENSG00000287744,0.0
ENSG00000286461,0.0
ENSG00000260426,0.0
ENSG00000288051,0.0
ENSG00000283128,0.0
ENSG00000287610,0.0
ENSG00000231515,0.0
ENSG00000285821,0.0
ENSG00000286407,0.0
LINC00689,0.0
ENSG00000287184,0.0
ENSG00000272812,0.0
ENSG00000254207,0.0
ENSG00000287464,0.0
ENSG00000285957,0.0
ENSG00000287970,0.0
ENSG00000287740,0.0
ENSG00000253162,0.0
ENSG00000285861,0.0
ENSG00000286934,0.0
ENSG00000288110,0.0
ENSG00000285977,0.0
ENSG00000286969,0.0
ENSG00000288076,0.0
ENSG00000287747,0.0
FAM90A7,0.0
FAM90A22,0.0
FAM90A23,0.0
FAM90A14,0.0
FAM90A18,0.0
FAM90A16,0.0
FAM90A8,0.0
FAM90A17,0.0
FAM90A19,0.0
FAM90A9,0.0
FAM90A10,0.0
ENSG00000286910,0.0
ENSG00000285675,0.0
ENSG00000285606,0.0
ENSG00000261451,0.0
ENSG00000269918,0.0
ENSG00000255310,0.0
ENSG00000254936,0.0
ENSG00000254556,0.0
ENSG00000286985,0.0
ENSG00000287755,0.0
ENSG00000283674,0.0
ENSG00000287134,0.0
ENSG00000286798,0.0
ENSG00000255076,0.0
ENSG00000287476,0.0
ENSG00000279932,0.0
ENSG00000287303,0.0
ENSG00000285624,0.0
ENSG00000286346,0.0
ENSG00000177725,0.0
ENSG00000285881,0.0
ENSG00000287467,0.0
ENSG00000261026,0.0
ENSG00000253125,0.0
ENSG00000287812,0.0
ENSG00000253142,0.0
TNFRSF10A-DT,0.0
LOXL2-AS1,0.0
ENSG00000287166,0.0
ENSG00000287185,0.0
ENSG00000285890,0.0
ENSG00000253430,0.0
ENSG00000254362,0.0
ENSG00000286804,0.0
ENSG00000254370,0.0
HMBOX1-IT1,0.0
ENSG00000259366,0.0
ENSG00000285601,0.0
ENSG00000260253,0.0
ENSG00000285669,0.0
ENSG00000287590,0.0
ENSG00000287204,0.0
ENSG00000286648,0.0
NRG1-IT1,0.0
NRG1-IT3,0.0
ENSG00000286131,0.0
ENSG00000287152,0.0
ENSG00000286693,0.0
ENSG00000253123,0.0
ENSG00000260949,0.0
ENSG00000286677,0.0
ENSG00000285632,0.0
ENSG00000253586,0.0
ENSG00000253838,0.0
ENSG00000253509,0.0
ENSG00000287535,0.0
ENSG00000286837,0.0
ENSG00000286484,0.0
ENSG00000286554,0.0
ENSG00000285992,0.0
ENSG00000269924,0.0
ENSG00000287959,0.0
ENSG00000286878,0.0
ENSG00000286701,0.0
ENSG00000253849,0.0
ENSG00000253475,0.0
ENSG00000271555,0.0
ENSG00000286471,0.0
ENSG00000286348,0.0
ENSG00000254325,0.0
ENSG00000287301,0.0
ENSG00000288041,0.0
ENSG00000253281,0.0
ENSG00000286578,0.0
ENSG00000254048,0.0
ENSG00000287975,0.0
ENSG00000285971,0.0
ENSG00000287105,0.0
ENSG00000287844,0.0
ENSG00000287615,0.0
ENSG00000254330,0.0
ENSG00000287998,0.0
SNHG6,0.0
ENSG00000287214,0.0
ENSG00000287230,0.0
ENSG00000253726,0.0
ENSG00000237061,0.0
ENSG00000286113,0.0
ENSG00000287352,0.0
ENSG00000253681,0.0
ENSG00000260398,0.0
ENSG00000286675,0.0
MITA1,0.0
ENSG00000287052,0.0
ENSG00000285758,0.0
ENSG00000272518,0.0
ENSG00000286763,0.0
LINC02849,0.0
ENSG00000287927,0.0
WWP1-AS1,0.0
ENSG00000286984,0.0
ENSG00000254219,0.0
ENSG00000288005,0.0
FLJ46284,0.0
ENSG00000287322,0.0
ENSG00000270077,0.0
ENSG00000287654,0.0
ENSG00000253532,0.0
ENSG00000287952,0.0
ENSG00000260368,0.0
LINC03090,0.0
ENSG00000287479,0.0
ENSG00000283959,0.0
ENSG00000286337,0.0
ENSG00000179577,0.0
ZFPM2-AS1,0.0
ENSG00000254141,0.0
ENSG00000287289,0.0
ENSG00000287208,0.0
ENSG00000286766,0.0
ENSG00000287949,0.0
ENSG00000287942,0.0
ENSG00000286946,0.0
ENSG00000287819,0.0
ENSG00000286937,0.0
ENSG00000287826,0.0
ENSG00000253622,0.0
ENSG00000286308,0.0
ENSG00000286282,0.0
ENSG00000253372,0.0
ENSG00000287657,0.0
ENSG00000286955,0.0
LINC02964,0.0
ENSG00000287781,0.0
ENSG00000286266,0.0
ENSG00000286010,0.0
ENSG00000286034,0.0
LINC00824,0.0
ENSG00000287785,0.0
ENSG00000287195,0.0
ASAP1-IT2,0.0
ENSG00000287201,0.0
ENSG00000286535,0.0
ENSG00000253259,0.0
ENSG00000287095,0.0
ENSG00000270137,0.0
PTCSC1,0.0
ENSG00000288067,0.0
ENSG00000286927,0.0
ENSG00000285683,0.0
ENSG00000285817,0.0
PEG13,0.0
ENSG00000261655,0.0
ENSG00000287325,0.0
ENSG00000287677,0.0
ENSG00000287332,0.0
LY6S-AS1,0.0
ENSG00000287576,0.0
ENSG00000287222,0.0
ENSG00000255343,0.0
ENSG00000285599,0.0
ENSG00000288096,0.0
ENSG00000255182,0.0
ENSG00000286681,0.0
ENSG00000287480,0.0
ENSG00000228115,0.0
ENSG00000286684,0.0
ENSG00000287465,0.0
ENSG00000286670,0.0
ENSG00000230001,0.0
ENSG00000287759,0.0
ENSG00000286162,0.0
ENSG00000224972,0.0
ENSG00000285688,0.0
ENSG00000288042,0.0
ENSG00000235389,0.0
ENSG00000286474,0.0
ENSG00000285784,0.0
ENSG00000285637,0.0
ENSG00000234740,0.0
ENSG00000286500,0.0
ENSG00000285911,0.0
ENSG00000260912,0.0
ENSG00000286685,0.0
MIR31HG,0.0
ENSG00000266446,0.0
ENSG00000287696,0.0
ENSG00000287318,0.0
ENSG00000287355,0.0
EMICERI,0.0
ENSG00000260412,0.0
ENSG00000287551,0.0
ENSG00000287038,0.0
ENSG00000286322,0.0
ENSG00000287063,0.0
ENSG00000287495,0.0
ENSG00000286782,0.0
ENSG00000287287,0.0
ENSG00000287986,0.0
ENSG00000287514,0.0
ENSG00000287838,0.0
ENSG00000276412,0.0
ENSG00000275297,0.0
FAM27C,0.0
ENSG00000285580,0.0
ENSG00000287329,0.0
FAM27E3,0.0
ENSG00000275493,0.0
ENSG00000229019,0.0
ENSG00000243888,0.0
ENSG00000274421,0.0
ENSG00000286823,0.0
ENSG00000286840,0.0
ENSG00000286944,0.0
ENSG00000229587,0.0
ENSG00000286332,0.0
ENSG00000286612,0.0
ENSG00000286451,0.0
ENSG00000285987,0.0
ENSG00000285556,0.0
ENSG00000287930,0.0
ENSG00000285634,0.0
ENSG00000287333,0.0
LINC02834,0.0
ENSG00000286842,0.0
DAPK1-IT1,0.0
LINC03026,0.0
ENSG00000287769,0.0
ENSG00000286414,0.0
ENSG00000224945,0.0
ENSG00000285907,0.0
ENSG00000287212,0.0
ENSG00000285650,0.0
ENSG00000288062,0.0
ENSG00000286834,0.0
ENSG00000286850,0.0
ENSG00000288023,0.0
ENSG00000230815,0.0
ENSG00000236095,0.0
ENSG00000285807,0.0
ENSG00000287187,0.0
ENSG00000286835,0.0
ENSG00000287302,0.0
ENSG00000286375,0.0
ENSG00000287070,0.0
ENSG00000285706,0.0
ENSG00000287955,0.0
ENSG00000286536,0.0
ENSG00000287233,0.0
LINC02977,0.0
ENSG00000285820,0.0
ENSG00000269970,0.0
ENSG00000261094,0.0
ENSG00000286718,0.0
MIR600HG,0.0
ENSG00000231227,0.0
ENSG00000227200,0.0
ENSG00000287782,0.0
PBX3-DT,0.0
ENSG00000238010,0.0
ENSG00000286428,0.0
ENSG00000271833,0.0
ENSG00000286196,0.0
ENSG00000273186,0.0
ENSG00000280474,0.0
ENSG00000287234,0.0
LINC00963,0.0
ENSG00000286078,0.0
ENSG00000286547,0.0
ENSG00000224992,0.0
ENSG00000286502,0.0
ENSG00000260190,0.0
ENSG00000260996,0.0
ENSG00000288234,0.0
ENSG00000205740,0.0
ENSG00000287043,0.0
ENSG00000282390,0.0
ENSG00000233052,0.0
ENSG00000287653,0.0
ENSG00000286858,0.0
ENSG00000287560,0.0
ENSG00000287428,0.0
ENSG00000286610,0.0
ENSG00000287175,0.0
ENSG00000287246,0.0
ENSG00000287023,0.0
AKR1C8,0.0
ENSG00000287848,0.0
ENSG00000287566,0.0
ENSG00000287235,0.0
PRKCQ-AS1,0.0
ENSG00000287277,0.0
ENSG00000287120,0.0
ENSG00000287309,0.0
LINC00710,0.0
ENSG00000285994,0.0
ENSG00000285520,0.0
ENSG00000286514,0.0
ENSG00000285671,0.0
ENSG00000287925,0.0
ENSG00000225213,0.0
ENSG00000286958,0.0
ENSG00000235020,0.0
ENSG00000285852,0.0
ENSG00000287613,0.0
ENSG00000286881,0.0
ENSG00000279623,0.0
ENSG00000286832,0.0
ENSG00000233451,0.0
ENSG00000286810,0.0
ENSG00000286924,0.0
ENSG00000287124,0.0
ENSG00000286442,0.0
ENSG00000286951,0.0
ENSG00000285750,0.0
LINC02680,0.0
ENSG00000286413,0.0
LINC01517,0.0
ENSG00000287402,0.0
ENSG00000259994,0.0
ENSG00000285824,0.0
ENSG00000287420,0.0
ENSG00000285630,0.0
ENSG00000272914,0.0
ENSG00000286694,0.0
ENSG00000286409,0.0
ENSG00000287278,0.0
ENSG00000269952,0.0
ENSG00000287945,0.0
ENSG00000287528,0.0
ENSG00000285884,0.0
ENSG00000285712,0.0
ENSG00000287852,0.0
ENSG00000287901,0.0
ENSG00000287173,0.0
FAM245B,0.0
ENSG00000285786,0.0
ARHGAP22-IT1,0.0
ENSG00000251413,0.0
ENSG00000286993,0.0
ENSG00000228403,0.0
ENSG00000241577,0.0
ENSG00000233665,0.0
ENSG00000285803,0.0
ENSG00000286401,0.0
ENSG00000287221,0.0
ENSG00000229711,0.0
ENSG00000235279,0.0
ENSG00000285958,0.0
ENSG00000236958,0.0
ENSG00000236744,0.0
ENSG00000287016,0.0
ENSG00000287969,0.0
ENSG00000288052,0.0
ENSG00000288011,0.0
LINC02929,0.0
ENSG00000286373,0.0
ENSG00000260400,0.0
ENSG00000285871,0.0
ENSG00000287306,0.0
ENSG00000282915,0.0
ENSG00000272627,0.0
PPP3CB-AS1,0.0
ENSG00000225761,0.0
ENSG00000285810,0.0
ENSG00000286715,0.0
ENSG00000268659,0.0
ENSG00000228280,0.0
DLG5-AS1,0.0
ENSG00000288090,0.0
ENSG00000272489,0.0
ENSG00000283913,0.0
ENSG00000287358,0.0
ENSG00000285739,0.0
NRG3-AS1,0.0
ENSG00000286876,0.0
CERNA2,0.0
ENSG00000287057,0.0
ENSG00000287475,0.0
ENSG00000286359,0.0
ADIRF-AS1,0.0
ENSG00000237280,0.0
ENSG00000287077,0.0
ENSG00000286445,0.0
ENSG00000286116,0.0
ENSG00000287150,0.0
ENSG00000286981,0.0
ENSG00000286795,0.0
ENSG00000280660,0.0
ENSG00000244332,0.0
ENSG00000240527,0.0
ENSG00000287009,0.0
ENSG00000286683,0.0
HPS1-AS1,0.0
LBX1-AS1,0.0
ENSG00000286489,0.0
C10orf95-AS1,0.0
ENSG00000286575,0.0
ENSG00000226431,0.0
ENSG00000287419,0.0
ENSG00000287732,0.0
ENSG00000286609,0.0
ENSG00000287047,0.0
ADD3-AS1,0.0
ENSG00000287231,0.0
ENSG00000285676,0.0
ENSG00000260917,0.0
LINC02935,0.0
ENSG00000286289,0.0
ENSG00000287857,0.0
ENSG00000285540,0.0
ENSG00000285582,0.0
ENSG00000285587,0.0
ENSG00000287655,0.0
ENSG00000288172,0.0
LINC02944,0.0
ENSG00000277687,0.0
GRK5-IT1,0.0
LINC02930,0.0
ENSG00000287936,0.0
ENSG00000285715,0.0
ENSG00000285973,0.0
ENSG00000285955,0.0
SPADH,0.0
ENSG00000286344,0.0
ENSG00000287768,0.0
ENSG00000271434,0.0
ENSG00000249456,0.0
ENSG00000228021,0.0
ENSG00000287609,0.0
ENSG00000287326,0.0
ENSG00000227076,0.0
ENSG00000287427,0.0
ENSG00000285615,0.0
ENSG00000287466,0.0
EBF3-AS1,0.0
ENSG00000285529,0.0
ENSG00000286295,0.0
ENSG00000286789,0.0
ENSG00000288107,0.0
ENSG00000287327,0.0
ENSG00000288033,0.0
PANO1,0.0
ENSG00000286275,0.0
ENSG00000287935,0.0
LINC02689,0.0
ENSG00000285581,0.0
ENSG00000229512,0.0
ENSG00000287484,0.0
ENSG00000249086,0.0
H19,0.0
ENSG00000240801,0.0
ENSG00000285644,0.0
ENSG00000287312,0.0
ENSG00000229368,0.0
OR51C1P,0.0
ENSG00000254444,0.0
ENSG00000254641,0.0
ENSG00000275612,0.0
ENSG00000276668,0.0
ENSG00000254951,0.0
TUB-AS1,0.0
ENSG00000286935,0.0
ENSG00000255097,0.0
ENSG00000286561,0.0
ENSG00000286959,0.0
ENSG00000254983,0.0
ENSG00000286521,0.0
ENSG00000255067,0.0
ENSG00000287548,0.0
FAR1-IT1,0.0
ENSG00000286960,0.0
ENSG00000285545,0.0
ENSG00000287898,0.0
ENSG00000285562,0.0
ENSG00000256006,0.0
ENSG00000256588,0.0
ENSG00000286998,0.0
NAV2-IT1,0.0
ENSG00000286382,0.0
ENSG00000287962,0.0
ENSG00000287227,0.0
ENSG00000255496,0.0
ENSG00000287373,0.0
ENSG00000254627,0.0
ENSG00000286626,0.0
ENSG00000251194,0.0
ENSG00000285705,0.0
ENSG00000285740,0.0
ENSG00000255256,0.0
ENSG00000255186,0.0
ENSG00000285751,0.0
ENSG00000254577,0.0
ENSG00000283341,0.0
ENSG00000254409,0.0
ENSG00000255165,0.0
ENSG00000287984,0.0
ENSG00000286418,0.0
ENSG00000254746,0.0
ENSG00000254519,0.0
ENSG00000285658,0.0
ENSG00000286450,0.0
ENSG00000270060,0.0
ENSG00000270072,0.0
TRIM51G,0.0
ENSG00000287538,0.0
ENSG00000286983,0.0
MIR130AHG,0.0
ENSG00000285895,0.0
ENSG00000287264,0.0
PATL1-DT,0.0
ENSG00000269463,0.0
SNHG1,0.0
ENSG00000287412,0.0
ENSG00000286264,0.0
ENSG00000286816,0.0
ENSG00000287821,0.0
ENSG00000287917,0.0
ENSG00000286756,0.0
ZNRD2-DT,0.0
RELA-DT,0.0
ENSG00000286459,0.0
ENSG00000254510,0.0
ENSG00000286688,0.0
ENSG00000287934,0.0
ENSG00000287851,0.0
ENSG00000286369,0.0
ENSG00000261625,0.0
ENSG00000255143,0.0
ENSG00000254484,0.0
ENSG00000227726,0.0
ENSG00000286708,0.0
ENSG00000286948,0.0
ALG1L9P,0.0
ENSG00000285864,0.0
ENSG00000286555,0.0
ENSG00000285693,0.0
ENSG00000260401,0.0
ENSG00000287425,0.0
ENSG00000255440,0.0
ENSG00000286943,0.0
ENSG00000254460,0.0
ENSG00000255434,0.0
ENSG00000254630,0.0
ENSG00000254826,0.0
ENSG00000255081,0.0
ENSG00000261578,0.0
RSF1-IT2,0.0
RSF1-IT1,0.0
ENSG00000285568,0.0
ENSG00000287912,0.0
ENSG00000254698,0.0
ENSG00000254676,0.0
ANKRD42-DT,0.0
ENSG00000285835,0.0
ENSG00000288018,0.0
ENSG00000286665,0.0
DISC1FP1,0.0
ENSG00000285842,0.0
ENSG00000285921,0.0
PGR-AS1,0.0
ENSG00000260966,0.0
ENSG00000285878,0.0
ENSG00000285813,0.0
ENSG00000286345,0.0
ENSG00000287802,0.0
ENSG00000288012,0.0
ENSG00000285696,0.0
ENSG00000287245,0.0
ENSG00000287556,0.0
ENSG00000287028,0.0
ENSG00000288097,0.0
ENSG00000255428,0.0
MIR34BHG,0.0
ALG9-IT1,0.0
ENSG00000255334,0.0
ENSG00000287006,0.0
ENSG00000288070,0.0
ENSG00000270179,0.0
ENSG00000286463,0.0
ENSG00000287897,0.0
CADM1-AS1,0.0
ENSG00000288020,0.0
ENSG00000276505,0.0
ENSG00000269944,0.0
ENSG00000287238,0.0
THY1-AS1,0.0
ENSG00000287545,0.0
ENSG00000288047,0.0
ENSG00000286992,0.0
ENSG00000286731,0.0
ENSG00000286044,0.0
ENSG00000286023,0.0
ENSG00000286497,0.0
MIR100HG,0.0
ENSG00000286341,0.0
ENSG00000285909,0.0
ENSG00000288061,0.0
ENSG00000285561,0.0
CCDC15-DT,0.0
ENSG00000259290,0.0
ENSG00000287666,0.0
ENSG00000287426,0.0
ENSG00000288013,0.0
ENSG00000285980,0.0
NTM-IT,0.0
OPCML-IT2,0.0
OPCML-IT1,0.0
ENSG00000287068,0.0
B3GAT1-DT,0.0
ENSG00000285640,0.0
ENSG00000287251,0.0
LINC02717,0.0
ENSG00000255746,0.0
ENSG00000261799,0.0
ENSG00000256020,0.0
ENSG00000285704,0.0
ENSG00000267285,0.0
ENSG00000285627,0.0
ENSG00000287698,0.0
CACNA1C-IT1,0.0
CACNA1C-IT3,0.0
ENSG00000285555,0.0
ENSG00000285734,0.0
ENSG00000278356,0.0
TSPAN9-IT1,0.0
ENSG00000275850,0.0
THCAT155,0.0
ENSG00000256381,0.0
ENSG00000255608,0.0
ENSG00000286866,0.0
ENSG00000287835,0.0
ENSG00000285523,0.0
CD27-AS1,0.0
ENSG00000276232,0.0
ENSG00000285770,0.0
ENSG00000287713,0.0
ENSG00000288043,0.0
LINC00612,0.0
ENSG00000284634,0.0
ENSG00000257027,0.0
ENSG00000256712,0.0
ENSG00000255790,0.0
ENSG00000286869,0.0
ENSG00000256306,0.0
ENSG00000287928,0.0
ENSG00000261324,0.0
ENSG00000286107,0.0
RERG-IT1,0.0
ENSG00000286303,0.0
ENSG00000287455,0.0
ENSG00000285724,0.0
ENSG00000253284,0.0
ENSG00000287074,0.0
ENSG00000287075,0.0
ENSG00000275567,0.0
ENSG00000274624,0.0
ENSG00000257009,0.0
ENSG00000286752,0.0
ENSG00000256185,0.0
ENSG00000273989,0.0
ENSG00000286566,0.0
ENSG00000285870,0.0
LINC00941,0.0
ENSG00000275097,0.0
ENSG00000275769,0.0
ENSG00000277342,0.0
ENSG00000274964,0.0
ENSG00000276115,0.0
ENSG00000274105,0.0
ENSG00000275854,0.0
ENSG00000286950,0.0
ENSG00000274976,0.0
ENSG00000259937,0.0
ENSG00000273853,0.0
ENSG00000287442,0.0
ENSG00000286576,0.0
ENSG00000285732,0.0
ENSG00000274682,0.0
ENSG00000286591,0.0
ENSG00000274943,0.0
ENSG00000258068,0.0
ENSG00000286671,0.0
ENSG00000278351,0.0
ENSG00000278475,0.0
ENSG00000274591,0.0
PCED1B-AS1,0.0
ENSG00000276390,0.0
ENSG00000277173,0.0
ENSG00000274737,0.0
ENSG00000287537,0.0
ENSG00000257298,0.0
ENSG00000278126,0.0
ENSG00000287051,0.0
ENSG00000257475,0.0
PCBP2-OT1,0.0
ENSG00000285692,0.0
ENSG00000286069,0.0
HOXC-AS3,0.0
HOXC-AS2,0.0
ENSG00000258344,0.0
ENSG00000257509,0.0
ENSG00000273973,0.0
ENSG00000258199,0.0
ENSG00000287715,0.0
ENSG00000287200,0.0
ENSG00000286279,0.0
ENSG00000287014,0.0
ENSG00000286402,0.0
ENSG00000257880,0.0
ENSG00000256571,0.0
ENSG00000287618,0.0
ENSG00000225195,0.0
ENSG00000286682,0.0
ENSG00000276853,0.0
ENSG00000250280,0.0
ENSG00000277945,0.0
ENSG00000286563,0.0
ENSG00000287132,0.0
ENSG00000277223,0.0
TRHDE-AS1,0.0
ENSG00000258294,0.0
ENSG00000273987,0.0
ENSG00000286259,0.0
ENSG00000287030,0.0
ENSG00000286476,0.0
ENSG00000277130,0.0
ENSG00000286043,0.0
ENSG00000286608,0.0
LINC02822,0.0
ENSG00000288102,0.0
ENSG00000286049,0.0
LINC01619,0.0
ENSG00000286907,0.0
ENSG00000287714,0.0
SOCS2-AS1,0.0
ENSG00000258303,0.0
ENSG00000287237,0.0
ENSG00000287454,0.0
ENSG00000286434,0.0
RMST,0.0
ENSG00000286056,0.0
ENSG00000287675,0.0
HELLPAR,0.0
ENSG00000282964,0.0
ENSG00000288092,0.0
ENSG00000286197,0.0
ENSG00000286258,0.0
ENSG00000286410,0.0
ENSG00000286903,0.0
ENSG00000286520,0.0
ENSG00000258355,0.0
ENSG00000287957,0.0
ENSG00000286678,0.0
ENSG00000287202,0.0
ENSG00000274598,0.0
ENSG00000256139,0.0
ENSG00000277595,0.0
ENSG00000277566,0.0
ENSG00000287229,0.0
ENSG00000287982,0.0
ENSG00000286991,0.0
ENSG00000258337,0.0
ENSG00000286354,0.0
LINC00173,0.0
ENSG00000277840,0.0
ENSG00000286233,0.0
ENSG00000286067,0.0
ENSG00000286493,0.0
HNF1A-AS1,0.0
ENSG00000286248,0.0
ENSG00000286586,0.0
ENSG00000287493,0.0
LINC02985,0.0
ENSG00000274427,0.0
ENSG00000278112,0.0
ENSG00000286092,0.0
ENSG00000270130,0.0
ENSG00000270048,0.0
ENSG00000269997,0.0
ENSG00000269938,0.0
ENSG00000270061,0.0
ENSG00000270095,0.0
ENSG00000287242,0.0
ENSG00000287240,0.0
ENSG00000286209,0.0
ENSG00000286386,0.0
ENSG00000286791,0.0
ENSG00000287339,0.0
ENSG00000287365,0.0
ENSG00000287112,0.0
ENSG00000286922,0.0
ENSG00000286662,0.0
ENSG00000287311,0.0
ENSG00000257025,0.0
ENSG00000286246,0.0
ENSG00000286394,0.0
FZD10-AS1,0.0
ENSG00000287792,0.0
ENSG00000287136,0.0
ENSG00000287639,0.0
ENSG00000273568,0.0
ENSG00000286008,0.0
ENSG00000287861,0.0
ENSG00000275485,0.0
ZDHHC20-IT1,0.0
ENSG00000287357,0.0
ENSG00000287530,0.0
ENSG00000288103,0.0
ENSG00000287376,0.0
ENSG00000285806,0.0
ENSG00000287887,0.0
ENSG00000285929,0.0
ENSG00000285935,0.0
ENSG00000285773,0.0
ENSG00000285840,0.0
ENSG00000286286,0.0
ENSG00000287904,0.0
N4BP2L2-IT2,0.0
STARD13-IT1,0.0
STARD13-AS,0.0
ENSG00000287274,0.0
ENSG00000285621,0.0
ENSG00000277386,0.0
ENSG00000286779,0.0
ENSG00000276672,0.0
ENSG00000287650,0.0
SMAD9-IT1,0.0
ENSG00000287477,0.0
ENSG00000277662,0.0
ENSG00000287842,0.0
ENSG00000287029,0.0
ENSG00000274001,0.0
ENSG00000287863,0.0
ENSG00000278462,0.0
ENSG00000287456,0.0
ENSG00000287599,0.0
ENSG00000274929,0.0
ENSG00000274270,0.0
ENSG00000286191,0.0
ENSG00000287722,0.0
ENSG00000287247,0.0
ENSG00000287460,0.0
ENSG00000286537,0.0
ENSG00000286709,0.0
ENSG00000288015,0.0
ENSG00000286469,0.0
ENSG00000287996,0.0
ENSG00000287128,0.0
ENSG00000285566,0.0
ENSG00000286395,0.0
ENSG00000285588,0.0
ENSG00000287876,0.0
ENSG00000286820,0.0
ENSG00000288330,0.0
ENSG00000279463,0.0
ENSG00000228444,0.0
ENSG00000285572,0.0
ENSG00000287018,0.0
MYCBP2-AS2,0.0
ENSG00000285714,0.0
ENSG00000287270,0.0
ENSG00000285902,0.0
ENSG00000284196,0.0
ENSG00000285684,0.0
ENSG00000286746,0.0
ENSG00000286385,0.0
ENSG00000286446,0.0
ENSG00000285680,0.0
ENSG00000286284,0.0
ENSG00000285742,0.0
ENSG00000288016,0.0
ENSG00000288038,0.0
ENSG00000285834,0.0
ENSG00000287880,0.0
ENSG00000285699,0.0
ENSG00000285811,0.0
ENSG00000286422,0.0
MIR17HG,0.0
ENSG00000282997,0.0
GPC5-IT1,0.0
ENSG00000287159,0.0
ENSG00000288001,0.0
ENSG00000286843,0.0
ENSG00000287635,0.0
ENSG00000276809,0.0
ENSG00000286334,0.0
ENSG00000286416,0.0
ENSG00000276573,0.0
ENSG00000276704,0.0
ENSG00000286544,0.0
ENSG00000269189,0.0
LINC01232,0.0
ENSG00000287746,0.0
ENSG00000286757,0.0
ENSG00000288060,0.0
ENSG00000287330,0.0
ENSG00000224356,0.0
FGF14-IT1,0.0
ENSG00000286312,0.0
ENSG00000285789,0.0
ENSG00000287734,0.0
ENSG00000286929,0.0
LINC00343,0.0
ENSG00000287923,0.0
ENSG00000286780,0.0
ENSG00000274204,0.0
ENSG00000287546,0.0
ENSG00000285643,0.0
ENSG00000276740,0.0
NALF1-IT1,0.0
ENSG00000286343,0.0
ENSG00000277246,0.0
ENSG00000285534,0.0
ENSG00000287575,0.0
ANKRD10-IT1,0.0
ARHGEF7-IT1,0.0
ENSG00000285856,0.0
ENSG00000277545,0.0
ENSG00000269356,0.0
ENSG00000269376,0.0
ENSG00000276434,0.0
ENSG00000276916,0.0
ENSG00000276248,0.0
RASA3-IT1,0.0
ENSG00000285672,0.0
ENSG00000287735,0.0
LINC00641,0.0
TRD-AS1,0.0
OXA1L-DT,0.0
ZFHX2-AS1,0.0
ENSG00000258464,0.0
ENSG00000285727,0.0
ENSG00000287765,0.0
ENSG00000278784,0.0
ENSG00000288044,0.0
ENSG00000288100,0.0
ENSG00000287481,0.0
ENSG00000285633,0.0
ENSG00000262119,0.0
ENSG00000286479,0.0
ENSG00000257522,0.0
ENSG00000286040,0.0
ENSG00000287142,0.0
ENSG00000285608,0.0
ENSG00000286527,0.0
ENSG00000287153,0.0
ENSG00000287777,0.0
ENSG00000283098,0.0
ENSG00000258827,0.0
ENSG00000285830,0.0
ENSG00000286123,0.0
ENSG00000286099,0.0
ENSG00000258394,0.0
ENSG00000286464,0.0
ENSG00000286595,0.0
ENSG00000258450,0.0
ENSG00000269906,0.0
ENSG00000270062,0.0
ENSG00000285747,0.0
ENSG00000287990,0.0
ENSG00000258535,0.0
ENSG00000285664,0.0
ENSG00000288045,0.0
ENSG00000286730,0.0
ENSG00000287156,0.0
SAMD4A-AS1,0.0
ENSG00000259868,0.0
ENSG00000286257,0.0
ENSG00000286355,0.0
ENSG00000259969,0.0
ENSG00000258682,0.0
ENSG00000277651,0.0
ENSG00000287833,0.0
ENSG00000286319,0.0
ENSG00000286861,0.0
ENSG00000287385,0.0
ENSG00000287167,0.0
ENSG00000287913,0.0
ENSG00000286424,0.0
ENSG00000287310,0.0
ENSG00000273797,0.0
ENSG00000287643,0.0
ENSG00000286423,0.0
ENSG00000285612,0.0
ENSG00000285518,0.0
ENSG00000286333,0.0
ENSG00000285936,0.0
ENSG00000251393,0.0
ENSG00000258443,0.0
ENSG00000270140,0.0
ENSG00000258559,0.0
ENSG00000258454,0.0
ENSG00000286437,0.0
ENSG00000285966,0.0
ENSG00000287004,0.0
ENSG00000258419,0.0
ENSG00000287118,0.0
ENSG00000286686,0.0
ENSG00000285826,0.0
ENSG00000286582,0.0
ENSG00000278576,0.0
ENSG00000287437,0.0
ENSG00000287663,0.0
ENSG00000258875,0.0
ENSG00000286607,0.0
ENSG00000260711,0.0
ENSG00000286630,0.0
ENSG00000278396,0.0
ENSG00000287668,0.0
ENSG00000288028,0.0
ENSG00000285205,0.0
ENSG00000259143,0.0
TCL6,0.0
ENSG00000258412,0.0
ENSG00000287772,0.0
ENSG00000288034,0.0
ENSG00000287501,0.0
ENSG00000287991,0.0
ENSG00000258904,0.0
ENSG00000259052,0.0
ENSG00000258620,0.0
ENSG00000258576,0.0
ENSG00000288302,0.0
ENSG00000286551,0.0
ENSG00000288252,0.0
ENSG00000288245,0.0
ENSG00000270108,0.0
ENSG00000269940,0.0
ENSG00000269958,0.0
ENSG00000288459,0.0
ENSG00000286636,0.0
ENSG00000287459,0.0
ENSG00000287122,0.0
ENSG00000287345,0.0
ENSG00000274253,0.0
ENSG00000286598,0.0
ENSG00000286973,0.0
ENSG00000287888,0.0
ENSG00000280118,0.0
SNHG14,0.0
ENSG00000287482,0.0
ENSG00000261529,0.0
ENSG00000286884,0.0
ENSG00000287280,0.0
ENSG00000278840,0.0
ENSG00000261426,0.0
ENSG00000259152,0.0
ENSG00000287922,0.0
ENSG00000287894,0.0
ENSG00000259690,0.0
ENSG00000287334,0.0
ENSG00000259644,0.0
ENSG00000285948,0.0
ENSG00000278472,0.0
ENSG00000287840,0.0
ENSG00000287973,0.0
ENSG00000259280,0.0
ENSG00000286786,0.0
THBS1-IT1,0.0
ENSG00000259432,0.0
ENSG00000273786,0.0
ENSG00000260648,0.0
PAK6-AS1,0.0
ENSG00000273855,0.0
ENSG00000259254,0.0
RAD51-AS1,0.0
ENSG00000280036,0.0
OIP5-AS1,0.0
ENSG00000259396,0.0
ENSG00000278493,0.0
ENSG00000286877,0.0
ENSG00000275601,0.0
ENSG00000259659,0.0
ENSG00000259539,0.0
ENSG00000259932,0.0
ENSG00000260035,0.0
ENSG00000285597,0.0
ENSG00000287020,0.0
ENSG00000285934,0.0
ENSG00000287704,0.0
ENSG00000259554,0.0
ENSG00000259740,0.0
ENSG00000287439,0.0
ENSG00000286947,0.0
ENSG00000274654,0.0
ENSG00000259700,0.0
ENSG00000276593,0.0
GABPB1-IT1,0.0
ENSG00000259204,0.0
ENSG00000259701,0.0
ENSG00000259194,0.0
ENSG00000259377,0.0
ENSG00000274954,0.0
ENSG00000274528,0.0
ENSG00000259398,0.0
ENSG00000259935,0.0
ENSG00000287500,0.0
ENSG00000287596,0.0
ENSG00000279145,0.0
ENSG00000276533,0.0
ENSG00000274765,0.0
ENSG00000277548,0.0
ENSG00000285805,0.0
ENSG00000275417,0.0
ENSG00000274667,0.0
TCF12-DT,0.0
ENSG00000275343,0.0
ENSG00000274719,0.0
ENSG00000277229,0.0
ENSG00000277790,0.0
ENSG00000259476,0.0
ENSG00000286897,0.0
ENSG00000259402,0.0
ENSG00000259732,0.0
ENSG00000259771,0.0
ENSG00000259735,0.0
ENSG00000227161,0.0
ENSG00000286495,0.0
ENSG00000287915,0.0
ENSG00000286457,0.0
ENSG00000287508,0.0
ENSG00000273792,0.0
ENSG00000285863,0.0
ENSG00000259682,0.0
ENSG00000287494,0.0
ENSG00000261544,0.0
ENSG00000274995,0.0
ENSG00000259410,0.0
ENSG00000286770,0.0
ENSG00000285919,0.0
ENSG00000288068,0.0
ENSG00000259645,0.0
ENSG00000287741,0.0
ENSG00000274297,0.0
ENSG00000259744,0.0
ENSG00000260586,0.0
ENSG00000260534,0.0
ENSG00000285729,0.0
NPTN-IT1,0.0
ENSG00000287543,0.0
ENSG00000261384,0.0
ENSG00000286696,0.0
ENSG00000287926,0.0
ENSG00000276744,0.0
ENSG00000260288,0.0
ENSG00000287503,0.0
ENSG00000269951,0.0
ENSG00000272418,0.0
ENSG00000287408,0.0
ENSG00000286813,0.0
ENSG00000278600,0.0
ENSG00000287813,0.0
ENSG00000287108,0.0
ENSG00000271725,0.0
ENSG00000286488,0.0
ENSG00000287872,0.0
ENSG00000285974,0.0
ENSG00000259767,0.0
ENSG00000286872,0.0
ENSG00000274128,0.0
ENSG00000285667,0.0
ENSG00000259415,0.0
ENSG00000286505,0.0
ENSG00000259453,0.0
ENSG00000259636,0.0
ENSG00000287391,0.0
ENSG00000287717,0.0
ENSG00000259713,0.0
ENSG00000259561,0.0
ENSG00000273691,0.0
ENSG00000285560,0.0
LINC01585,0.0
ENSG00000287061,0.0
ENSG00000259704,0.0
ENSG00000285661,0.0
ENSG00000285883,0.0
ENSG00000258676,0.0
ENSG00000260337,0.0
ENSG00000260361,0.0
ENSG00000258922,0.0
CHASERR,0.0
ENSG00000285663,0.0
ENSG00000287950,0.0
LINC02852,0.0
ENSG00000286917,0.0
ENSG00000285700,0.0
ENSG00000287267,0.0
ENSG00000287321,0.0
ENSG00000287000,0.0
ENSG00000278022,0.0
ENSG00000287191,0.0
ENSG00000259921,0.0
ENSG00000286893,0.0
ENSG00000287892,0.0
ENSG00000274139,0.0
LINC02348,0.0
ENSG00000261659,0.0
ENSG00000287855,0.0
ENSG00000260316,0.0
ENSG00000276931,0.0
SSTR5-AS1,0.0
ENSG00000261430,0.0
ENSG00000260954,0.0
ENSG00000275092,0.0
ENSG00000260541,0.0
PKD1-AS1,0.0
ENSG00000261123,0.0
ENSG00000285970,0.0
ENSG00000260293,0.0
ENSG00000261288,0.0
ERVK13-1,0.0
GREP1,0.0
ENSG00000262362,0.0
ENSG00000263011,0.0
ENSG00000263235,0.0
LINC02861,0.0
ENSG00000262712,0.0
ENSG00000277170,0.0
ENSG00000277440,0.0
ENSG00000278434,0.0
ENSG00000275056,0.0
ENSG00000285567,0.0
ENSG00000257180,0.0
ENSG00000286635,0.0
ENSG00000260835,0.0
ENSG00000287340,0.0
ENSG00000287522,0.0
ENSG00000263244,0.0
ENSG00000287830,0.0
ENSG00000285543,0.0
ENSG00000260310,0.0
ENSG00000274038,0.0
ENSG00000287121,0.0
ENSG00000287429,0.0
ENSG00000261560,0.0
ENSG00000260723,0.0
ENSG00000260601,0.0
ENSG00000262380,0.0
ENSG00000287905,0.0
ENSG00000286849,0.0
ENSG00000275927,0.0
ENSG00000285850,0.0
ENSG00000286790,0.0
ENSG00000259871,0.0
LINC02858,0.0
ENSG00000287809,0.0
ENSG00000261596,0.0
ENSG00000287739,0.0
ENSG00000286808,0.0
ENSG00000260566,0.0
ENSG00000285613,0.0
ENSG00000259782,0.0
ENSG00000260751,0.0
ENSG00000260482,0.0
ENSG00000275494,0.0
ENSG00000285882,0.0
ENSG00000286712,0.0
ENSG00000261736,0.0
ENSG00000273553,0.0
ENSG00000262721,0.0
ENSG00000262766,0.0
ENSG00000278133,0.0
ENSG00000260757,0.0
ENSG00000259810,0.0
ENSG00000286473,0.0
ENSG00000288300,0.0
ENSG00000287163,0.0
ENSG00000287448,0.0
ENSG00000261131,0.0
ENSG00000262038,0.0
ENSG00000288026,0.0
ENSG00000261538,0.0
ENSG00000261802,0.0
ENSG00000287469,0.0
ENSG00000275155,0.0
ENSG00000287444,0.0
ENSG00000270120,0.0
ENSG00000287718,0.0
ENSG00000287256,0.0
ENSG00000285800,0.0
ENSG00000261291,0.0
ENSG00000259926,0.0
ENSG00000287909,0.0
ENSG00000275191,0.0
ENSG00000287885,0.0
ENSG00000286845,0.0
ENSG00000286357,0.0
ENSG00000285775,0.0
ENSG00000287866,0.0
ENSG00000260198,0.0
ENSG00000261270,0.0
ENSG00000261114,0.0
ENSG00000285979,0.0
ENSG00000260038,0.0
ENSG00000286653,0.0
ENSG00000260600,0.0
ENSG00000286928,0.0
ENSG00000287965,0.0
ENSG00000270165,0.0
ENSG00000262514,0.0
ENSG00000263276,0.0
ENSG00000261469,0.0
ENSG00000259797,0.0
ENSG00000287760,0.0
ENSG00000266801,0.0
DERPC,0.0
ENSG00000265113,0.0
ENSG00000260108,0.0
ENSG00000274093,0.0
ENSG00000260772,0.0
DDX19A-DT,0.0
ENSG00000285710,0.0
ENSG00000260015,0.0
ENSG00000261765,0.0
ENSG00000272330,0.0
ENSG00000259999,0.0
ENSG00000261783,0.0
ENSG00000261476,0.0
ENSG00000286841,0.0
ENSG00000285538,0.0
ENSG00000276007,0.0
ENSG00000287106,0.0
ENSG00000261837,0.0
ENSG00000286894,0.0
ENSG00000260816,0.0
ENSG00000261537,0.0
ENSG00000260479,0.0
ENSG00000285918,0.0
ENSG00000260064,0.0
ENSG00000261061,0.0
ENSG00000286759,0.0
ENSG00000260862,0.0
ENSG00000286528,0.0
ENSG00000285792,0.0
ENSG00000274677,0.0
ENSG00000285848,0.0
ENSG00000260859,0.0
ENSG00000279622,0.0
ENSG00000287787,0.0
ENSG00000287946,0.0
ENSG00000275393,0.0
ENSG00000287125,0.0
ENSG00000286510,0.0
ENSG00000287010,0.0
ENSG00000287161,0.0
ENSG00000285527,0.0
ENSG00000261697,0.0
ENSG00000276337,0.0
ENSG00000260671,0.0
ENSG00000261226,0.0
ENSG00000261692,0.0
ENSG00000287351,0.0
RPH3AL-AS1,0.0
ENSG00000262869,0.0
ENSG00000287553,0.0
ENSG00000236457,0.0
ENSG00000263338,0.0
ENSG00000261916,0.0
ZNF232-AS1,0.0
ENSG00000286190,0.0
ENSG00000286356,0.0
ENSG00000262231,0.0
ENSG00000285593,0.0
ENSG00000271851,0.0
ENSG00000285541,0.0
ENSG00000286617,0.0
ENSG00000287462,0.0
COX10-DT,0.0
ENSG00000287307,0.0
SNHG29,0.0
ENSG00000286743,0.0
ENSG00000266803,0.0
FAM106C,0.0
ENSG00000287114,0.0
ENSG00000287910,0.0
ENSG00000286430,0.0
ENSG00000264167,0.0
FAM106A,0.0
FOXO3B,0.0
ENSG00000228157,0.0
ENSG00000266664,0.0
ENSG00000286799,0.0
ENSG00000287196,0.0
ENSG00000266126,0.0
ENSG00000266839,0.0
ENSG00000287671,0.0
ENSG00000285822,0.0
ENSG00000265801,0.0
ENSG00000286589,0.0
ENSG00000287721,0.0
ENSG00000277450,0.0
SPAG5-AS1,0.0
ENSG00000238007,0.0
ENSG00000264290,0.0
ENSG00000264007,0.0
ENSG00000265625,0.0
hsa-mir-423,0.0
ENSG00000231421,0.0
ENSG00000214719,0.0
ENSG00000265791,0.0
ENSG00000286194,0.0
ENSG00000264456,0.0
ENSG00000266371,0.0
ENSG00000287506,0.0
ENSG00000265222,0.0
ENSG00000263717,0.0
ENSG00000265337,0.0
ENSG00000264598,0.0
AA06,0.0
ENSG00000263485,0.0
ENSG00000265775,0.0
ENSG00000285559,0.0
ENSG00000267074,0.0
ENSG00000271392,0.0
ENSG00000270894,0.0
ENSG00000277911,0.0
ENSG00000277589,0.0
ENSG00000277579,0.0
ENSG00000276054,0.0
ENSG00000276170,0.0
ENSG00000286443,0.0
ENSG00000287644,0.0
ENSG00000287602,0.0
ENSG00000259623,0.0
ENSG00000236194,0.0
ENSG00000278829,0.0
ENSG00000267222,0.0
ENSG00000267632,0.0
ENSG00000287710,0.0
NBR2,0.0
ENSG00000283045,0.0
ENSG00000285668,0.0
MAPT-IT1,0.0
ENSG00000262879,0.0
ENSG00000262265,0.0
NFE2L1-DT,0.0
ENSG00000266222,0.0
ENSG00000257178,0.0
FLJ40194,0.0
ENSG00000250286,0.0
ENSG00000285829,0.0
TOB1-AS1,0.0
ENSG00000264895,0.0
ENSG00000285939,0.0
ENSG00000288036,0.0
ENSG00000283209,0.0
ENSG00000263120,0.0
ENSG00000285785,0.0
ENSG00000286732,0.0
ENSG00000285930,0.0
ENSG00000287337,0.0
ENSG00000286788,0.0
ENSG00000263938,0.0
ENSG00000287664,0.0
ENSG00000267248,0.0
ENSG00000286435,0.0
ENSG00000266934,0.0
ENSG00000285879,0.0
ENSG00000264546,0.0
ENSG00000287457,0.0
ENSG00000286629,0.0
ENSG00000229330,0.0
ENSG00000264754,0.0
ENSG00000288109,0.0
ENSG00000267009,0.0
ENSG00000285931,0.0
ENSG00000286387,0.0
SOX9-AS1,0.0
ENSG00000265010,0.0
ENSG00000288006,0.0
ENSG00000285648,0.0
ENSG00000265800,0.0
ENSG00000263786,0.0
ENSG00000264853,0.0
ENSG00000267543,0.0
ENSG00000272386,0.0
SNHG16,0.0
ENSG00000286750,0.0
ENSG00000287836,0.0
ENSG00000267568,0.0
SNHG20,0.0
ENSG00000287257,0.0
ENSG00000267263,0.0
DNAH17-AS1,0.0
ENSG00000287539,0.0
ENSG00000263278,0.0
ENSG00000262172,0.0
ENSG00000262979,0.0
ENSG00000287403,0.0
RENO1,0.0
ENSG00000287737,0.0
ENSG00000264812,0.0
HEXD-IT1,0.0
ENSG00000287193,0.0
NARF-IT1,0.0
ENSG00000262652,0.0
ENSG00000262410,0.0
ENSG00000265477,0.0
TYMSOS,0.0
ENSG00000263727,0.0
ENSG00000264635,0.0
ENSG00000265179,0.0
ENSG00000286975,0.0
ENSG00000266783,0.0
ENSG00000266513,0.0
ENSG00000285575,0.0
ENSG00000287834,0.0
ENSG00000286126,0.0
ENSG00000264596,0.0
ENSG00000286627,0.0
ENSG00000286649,0.0
ENSG00000273368,0.0
ENSG00000265413,0.0
ENSG00000272788,0.0
ENSG00000287719,0.0
ENSG00000286765,0.0
ENSG00000273284,0.0
ENSG00000287509,0.0
ENSG00000266805,0.0
LINC02856,0.0
ENSG00000285653,0.0
ENSG00000287065,0.0
ENSG00000287563,0.0
ENSG00000286812,0.0
ENSG00000267249,0.0
ENSG00000286926,0.0
ENSG00000267529,0.0
ENSG00000286593,0.0
ENSG00000287723,0.0
ENSG00000265948,0.0
ENSG00000264188,0.0
ENSG00000273232,0.0
ENSG00000265094,0.0
ENSG00000287611,0.0
ENSG00000285595,0.0
ENSG00000266237,0.0
ENSG00000277534,0.0
ENSG00000275805,0.0
ENSG00000286465,0.0
ENSG00000286426,0.0
ENSG00000274578,0.0
ENSG00000287803,0.0
ENSG00000286605,0.0
ENSG00000276282,0.0
ENSG00000274275,0.0
ENSG00000263904,0.0
ENSG00000287994,0.0
ENSG00000266965,0.0
ENSG00000274849,0.0
ENSG00000286890,0.0
ENSG00000285940,0.0
ENSG00000286716,0.0
ENSG00000286559,0.0
ENSG00000286844,0.0
ENSG00000286328,0.0
ENSG00000276174,0.0
ENSG00000287007,0.0
ENSG00000286976,0.0
ENSG00000287209,0.0
ENSG00000285550,0.0
ENSG00000266988,0.0
ENSG00000285790,0.0
ENSG00000267354,0.0
ENSG00000287943,0.0
ENSG00000266968,0.0
ENSG00000285993,0.0
ST8SIA5-DT,0.0
ELOA3BP,0.0
ENSG00000287673,0.0
ZBTB7C-AS1,0.0
ENSG00000263895,0.0
ENSG00000287518,0.0
ENSG00000263916,0.0
ENSG00000267196,0.0
ENSG00000277310,0.0
ENSG00000287381,0.0
ENSG00000286283,0.0
ENSG00000285695,0.0
WDR7-OT1,0.0
ENSG00000286777,0.0
ENSG00000267504,0.0
ENSG00000274354,0.0
ENSG00000285681,0.0
ENSG00000266900,0.0
ENSG00000267766,0.0
ENSG00000269989,0.0
ENSG00000286800,0.0
ENSG00000263720,0.0
ENSG00000287907,0.0
ENSG00000276092,0.0
ENSG00000273584,0.0
ENSG00000285748,0.0
ENSG00000287646,0.0
ENSG00000286642,0.0
ENSG00000287693,0.0
ENSG00000265579,0.0
LINC02864,0.0
LINC02582,0.0
ENSG00000287314,0.0
ENSG00000286529,0.0
ENSG00000287689,0.0
ENSG00000276934,0.0
ENSG00000285915,0.0
ENSG00000287281,0.0
ENSG00000287295,0.0
ENSG00000287993,0.0
ENSG00000263547,0.0
ENSG00000286090,0.0
ENSG00000287680,0.0
ENSG00000286727,0.0
ENSG00000287758,0.0
ENSG00000267655,0.0
ENSG00000286245,0.0
ENSG00000286186,0.0
LINC03101,0.0
ENSG00000267287,0.0
ENSG00000287879,0.0
ENSG00000278000,0.0
LINC01002,0.0
ENSG00000286667,0.0
ENSG00000275162,0.0
ENSG00000267244,0.0
ENSG00000267283,0.0
ENSG00000288156,0.0
ENSG00000286880,0.0
ENSG00000267412,0.0
ENSG00000267749,0.0
ENSG00000276097,0.0
ENSG00000286460,0.0
ENSG00000261342,0.0
ENSG00000287766,0.0
ENSG00000267138,0.0
ENSG00000268670,0.0
ENSG00000269444,0.0
ENSG00000276980,0.0
ENSG00000269139,0.0
ENSG00000286138,0.0
ENSG00000269400,0.0
ENSG00000283108,0.0
ENSG00000287275,0.0
ENSG00000287960,0.0
ZNF561-AS1,0.0
ENSG00000267197,0.0
ENSG00000267174,0.0
ENSG00000267576,0.0
ENSG00000266922,0.0
ENSG00000267274,0.0
ZNF433-AS1,0.0
ENSG00000269560,0.0
ENSG00000285583,0.0
ENSG00000287296,0.0
ENSG00000287254,0.0
ENSG00000267474,0.0
ENSG00000268189,0.0
LINC00661,0.0
LINC00905,0.0
ENSG00000287961,0.0
ENSG00000269578,0.0
ENSG00000269044,0.0
ENSG00000267904,0.0
ENSG00000269799,0.0
ENSG00000268743,0.0
ENSG00000269815,0.0
ENSG00000287533,0.0
ENSG00000267481,0.0
ENSG00000268119,0.0
ENSG00000286157,0.0
ENSG00000260599,0.0
ENSG00000284428,0.0
ENSG00000287399,0.0
ENSG00000269397,0.0
ENSG00000281468,0.0
ENSG00000288017,0.0
ENSG00000287272,0.0
VSTM2B-DT,0.0
ENSG00000286867,0.0
ENSG00000286538,0.0
ENSG00000287859,0.0
ENSG00000288072,0.0
ENSG00000286041,0.0
ENSG00000267054,0.0
ENSG00000273420,0.0
ENSG00000287526,0.0
ENSG00000268683,0.0
ENSG00000268947,0.0
ENSG00000269553,0.0
ENSG00000267672,0.0
ENSG00000286449,0.0
ENSG00000267682,0.0
ENSG00000287496,0.0
ENSG00000268051,0.0
ENSG00000269653,0.0
ENSG00000268499,0.0
ENSG00000286037,0.0
ENSG00000269688,0.0
ENSG00000287271,0.0
ENSG00000205041,0.0
ENSG00000269353,0.0
ENSG00000286177,0.0
ENSG00000277744,0.0
ENSG00000268987,0.0
LNROP,0.0
ENSG00000268605,0.0
ENSG00000286613,0.0
ENSG00000277806,0.0
ENSG00000278492,0.0
ENSG00000287035,0.0
EML2-AS1,0.0
ENSG00000259605,0.0
ENSG00000268460,0.0
ENSG00000286669,0.0
ENSG00000287896,0.0
ENSG00000287603,0.0
ENSG00000286024,0.0
ENSG00000260366,0.0
ZNF473CR,0.0
ENSG00000287001,0.0
ENSG00000268231,0.0
ENSG00000268520,0.0
ENSG00000286236,0.0
ENSG00000260160,0.0
ZNF528-AS1,0.0
ENSG00000288253,0.0
ENSG00000268970,0.0
ENSG00000269825,0.0
ENSG00000287608,0.0
ENSG00000268496,0.0
ENSG00000287170,0.0
ENSG00000286230,0.0
ENSG00000267096,0.0
ENSG00000267298,0.0
ENSG00000267429,0.0
ENSG00000285996,0.0
ENSG00000286125,0.0
ENSG00000269867,0.0
ZNF606-AS1,0.0
ENSG00000286632,0.0
ENSG00000268201,0.0
ENSG00000286158,0.0
ENSG00000286787,0.0
ENSG00000286288,0.0
ENSG00000286108,0.0
ENSG00000287213,0.0
ENSG00000287561,0.0
PLCB1-IT1,0.0
ENSG00000286740,0.0
ENSG00000286470,0.0
ENSG00000286936,0.0
ENSG00000285723,0.0
ENSG00000287754,0.0
ENSG00000287062,0.0
MACROD2-IT1,0.0
ENSG00000286546,0.0
ENSG00000287410,0.0
ENSG00000228809,0.0
ENSG00000287241,0.0
ENSG00000277373,0.0
SCP2D1-AS1,0.0
ENSG00000287430,0.0
ENSG00000232675,0.0
ENSG00000234646,0.0
ENSG00000286117,0.0
ENSG00000286270,0.0
ENSG00000286444,0.0
FAM182A,0.0
MIR663AHG,0.0
FAM242B,0.0
ENSG00000286483,0.0
FRG1BP,0.0
ENSG00000274364,0.0
MCTS2,0.0
HM13-IT1,0.0
ENSG00000278012,0.0
ENSG00000275576,0.0
ENSG00000287850,0.0
ENSG00000286311,0.0
ENSG00000287853,0.0
ENSG00000250917,0.0
ENSG00000272945,0.0
ITCH-IT1,0.0
ENSG00000277558,0.0
ENSG00000286803,0.0
ENSG00000286240,0.0
ENSG00000276603,0.0
ENSG00000277829,0.0
SNHG17,0.0
SNHG11,0.0
ENSG00000277581,0.0
ENSG00000287983,0.0
ENSG00000286083,0.0
ENSG00000286972,0.0
ENSG00000273951,0.0
ENSG00000287570,0.0
ENSG00000276223,0.0
ENSG00000286100,0.0
ENSG00000275894,0.0
ENSG00000285796,0.0
ENSG00000273893,0.0
ENSG00000273451,0.0
ENSG00000287443,0.0
ENSG00000286179,0.0
ENSG00000287335,0.0
ENSG00000287107,0.0
ENSG00000288083,0.0
ENSG00000286063,0.0
ENSG00000286159,0.0
ENSG00000287511,0.0
ENSG00000286250,0.0
ENSG00000286865,0.0
ENSG00000287886,0.0
ENSG00000286587,0.0
ENSG00000286229,0.0
ENSG00000287478,0.0
ENSG00000286006,0.0
ENSG00000287079,0.0
ENSG00000288086,0.0
ENSG00000286052,0.0
APCDD1L-DT,0.0
ENSG00000254419,0.0
ENSG00000285091,0.0
ENSG00000286309,0.0
ENSG00000287752,0.0
ENSG00000286232,0.0
ENSG00000275437,0.0
ENSG00000287324,0.0
ENSG00000286628,0.0
ENSG00000286999,0.0
ENSG00000288187,0.0
ENSG00000286033,0.0
ENSG00000287066,0.0
BTG3-AS1,0.0
ENSG00000228708,0.0
ENSG00000286222,0.0
ENSG00000288094,0.0
ENSG00000287612,0.0
ENSG00000287801,0.0
ENSG00000287109,0.0
ENSG00000233783,0.0
ENSG00000286902,0.0
LINC01697,0.0
ENSG00000231125,0.0
ENSG00000286018,0.0
LINC00189,0.0
BACH1-IT1,0.0
ENSG00000273017,0.0
BACH1-IT3,0.0
ENSG00000286643,0.0
RUNX1-AS1,0.0
CBR1-AS1,0.0
CBR3-AS1,0.0
ENSG00000228107,0.0
ENSG00000286517,0.0
ENSG00000286852,0.0
HLCS-IT1,0.0
ENSG00000270116,0.0
ENSG00000287637,0.0
ENSG00000286717,0.0
DSCR4-IT1,0.0
DSCR10,0.0
ENSG00000287470,0.0
ENSG00000287082,0.0
BRWD1-IT1,0.0
ENSG00000225330,0.0
DSCAM-IT1,0.0
ENSG00000288069,0.0
ENSG00000286425,0.0
PCSEAT,0.0
ENSG00000227698,0.0
UMODL1-AS1,0.0
RSPH1-DT,0.0
ENSG00000231867,0.0
ENSG00000286549,0.0
ENSG00000287507,0.0
ENSG00000241728,0.0
ENSG00000287088,0.0
ENSG00000273027,0.0
ENSG00000286082,0.0
ENSG00000286594,0.0
ENSG00000286886,0.0
ENSG00000276633,0.0
ENSG00000280604,0.0
ENSG00000286224,0.0
DIP2A-IT1,0.0
DUXAP8,0.0
ENSG00000287285,0.0
ANKRD62P1-PARP4P3,0.0
ENSG00000288024,0.0
ENSG00000286195,0.0
ENSG00000286990,0.0
ENSG00000235445,0.0
ENSG00000234913,0.0
FAM246B,0.0
ENSG00000284294,0.0
DGCR11,0.0
ENSG00000281530,0.0
ENSG00000286367,0.0
ENSG00000287146,0.0
ENSG00000287652,0.0
ENSG00000273343,0.0
FAM230B,0.0
FAM246A,0.0
ENSG00000286365,0.0
ENSG00000286127,0.0
ENSG00000287864,0.0
ENSG00000232545,0.0
ENSG00000286070,0.0
ENSG00000230947,0.0
ENSG00000272977,0.0
ENSG00000286326,0.0
ENSG00000287034,0.0
TTC28-AS1,0.0
ENSG00000272858,0.0
ZNRF3-IT1,0.0
ENSG00000273216,0.0
ENSG00000234208,0.0
ENSG00000287967,0.0
ENSG00000273350,0.0
ENSG00000272689,0.0
ENSG00000223831,0.0
ENSG00000278920,0.0
ENSG00000287817,0.0
YWHAH-AS1,0.0
LARGE-IT1,0.0
LARGE-AS1,0.0
LINC02885,0.0
ENSG00000268818,0.0
ENSG00000287269,0.0
ENSG00000261675,0.0
ENSG00000287773,0.0
ENSG00000286485,0.0
ENSG00000287236,0.0
ELFN2,0.0
ENSG00000237862,0.0
ENSG00000279738,0.0
ENSG00000229955,0.0
ENSG00000286144,0.0
ENSG00000286440,0.0
ENSG00000287219,0.0
ENSG00000273096,0.0
ENSG00000288106,0.0
ENSG00000286491,0.0
SMIM45,0.0
ENSG00000286659,0.0
ENSG00000270083,0.0
NDUFA6-DT,0.0
ENSG00000286801,0.0
ENSG00000279175,0.0
ENSG00000280434,0.0
ENSG00000230922,0.0
ENSG00000273353,0.0
ENSG00000280383,0.0
LINC00899,0.0
ENSG00000280384,0.0
ENSG00000285707,0.0
ENSG00000285855,0.0
ENSG00000287225,0.0
ENSG00000281732,0.0
NHIP,0.0
ENSG00000285623,0.0
ENSG00000285722,0.0
ENSG00000286393,0.0
ENSG00000280395,0.0
ENSG00000286508,0.0
DHRSX-IT1,0.0
ENSG00000285756,0.0
ENSG00000286431,0.0
ENSG00000285679,0.0
LINC03113,0.0
LINC03114,0.0
ENSG00000235834,0.0
ENSG00000286724,0.0
ENSG00000283380,0.0
ENSG00000237994,0.0
GK-IT1,0.0
ENSG00000241886,0.0
ENSG00000285900,0.0
ENSG00000287700,0.0
H2AL3,0.0
ENSG00000285709,0.0
ENSG00000287098,0.0
ENSG00000287549,0.0
ENSG00000287223,0.0
ENSG00000285899,0.0
ENSG00000286306,0.0
INE1,0.0
ENSG00000287757,0.0
FLICR,0.0
ENSG00000286031,0.0
ENSG00000287767,0.0
ENSG00000287215,0.0
ENSG00000286118,0.0
KDM5C-IT1,0.0
LINC01278,0.0
ARHGEF9-IT1,0.0
ENSG00000287370,0.0
ENSG00000286077,0.0
FAM226B,0.0
ENSG00000271199,0.0
ENSG00000271533,0.0
ENSG00000288059,0.0
ENSG00000286523,0.0
TRMT2B-AS1,0.0
ENSG00000261101,0.0
ENSG00000286000,0.0
ENSG00000286794,0.0
ENSG00000271147,0.0
ENSG00000286327,0.0
ARMCX5-GPRASP2,0.0
ENSG00000286846,0.0
ENSG00000287619,0.0
AMMECR1-IT1,0.0
ENSG00000287685,0.0
ENSG00000286072,0.0
ENSG00000286767,0.0
ENSG00000237903,0.0
SLC25A5-AS1,0.0
ENSG00000286366,0.0
ENSG00000287379,0.0
ENSG00000286163,0.0
ENSG00000287776,0.0
ENSG00000287024,0.0
ENSG00000240143,0.0
ENSG00000286650,0.0
ENSG00000287160,0.0
ENSG00000287806,0.0
ENSG00000286060,0.0
MIR106AHG,0.0
ENSG00000286964,0.0
LINC00892,0.0
CDR1,0.0
ENSG00000288098,0.0
ENSG00000286085,0.0
ENSG00000287017,0.0
ENSG00000287796,0.0
FMR1-AS1,0.0
FMR1-IT1,0.0
AFF2-IT1,0.0
ENSG00000287585,0.0
ENSG00000287918,0.0
MAGEA3-DT,0.0
MAGEA6-DT,0.0
ENSG00000286939,0.0
PWWP4,0.0
L1CAM-AS1,0.0
F8A2,0.0
ENSG00000286130,0.0
ENSG00000286050,0.0
ENSG00000273906,0.0
PRKY,0.0
LINC00279,0.0
FAM197Y7,0.0
FAM197Y6,0.0
ENSG00000286009,0.0
ENSG00000286201,0.0
ENSG00000288049,0.0
ENSG00000286247,0.0
ENSG00000288057,0.0
ENSG00000286187,0.0
ENSG00000283269,0.0
ACTL10,0.0
C8orf44,0.0
C8orf44-SGK3,0.0
REXO6P,0.0
RMRP,0.0
RNU11,0.0
ENSG00000288545,0.0
ENSG00000288654,0.0
ENSG00000288725,0.0
CEP192P1,0.0
RPPH1,0.0
ZNF285CP,0.0
CCT8L1P,0.0
RPS17P5,0.0
PMS2P4,0.0
VDAC1P1,0.0
PMS2P1,0.0
CROCCP3,0.0
FER1L4,0.0
ENSG00000093100,0.0
HSD17B7P2,0.0
GSTT2,0.0
CRYBB2P1,0.0
RPS10P5,0.0
ENSG00000103200,0.0
RRN3P2,0.0
GOLGA8UP,0.0
ELOCP28,0.0
NHP2P1,0.0
NSUN5P2,0.0
ENSG00000106540,0.0
STAG3L4,0.0
TVP23BP2,0.0
ZNF29P,0.0
ENSG00000108516,0.0
HSD17B1P1,0.0
SDHCP5,0.0
DDX12B,0.0
FMO6P,0.0
BTF3P11,0.0
OTUD4P1,0.0
GLRXP3,0.0
LCN1P1,0.0
DPPA5P4,0.0
SEPTIN7P9,0.0
NACA3P,0.0
ENSG00000121388,0.0
ARL4AP1,0.0
NME2P1,0.0
GUCY1B2,0.0
TYRL,0.0
ZNF137P,0.0
PMS2P5,0.0
HMGB1P1,0.0
PPP4R1L,0.0
NDUFB4P12,0.0
BTN2A3P,0.0
RPL32P21,0.0
HTR5BP,0.0
BPIFB9P,0.0
TUBBP1,0.0
PMS2P3,0.0
POM121L9P,0.0
TBC1D27P,0.0
EIF2S2P4,0.0
CYP2G1P,0.0
TXLNGY,0.0
NAPSB,0.0
CLUHP3,0.0
KRT17P1,0.0
UBE2L2,0.0
HMGB1P5,0.0
GNG5B,0.0
ZDHHC8BP,0.0
ZNF767P,0.0
PLEKHA8P1,0.0
FOLH1B,0.0
KRT87P,0.0
RPL13AP25,0.0
RPL7P9,0.0
RPL14P1,0.0
CDRT15P1,0.0
OR1E3,0.0
LSP1P4,0.0
SNRPA1P1,0.0
TRIM43CP,0.0
CDKN2AIPNLP2,0.0
PCDHB18P,0.0
WASH2P,0.0
RPL32P18,0.0
FKBP6P2,0.0
FRG1BP,0.0
FRMPD2B,0.0
PPIAP26,0.0
ENSG00000150732,0.0
ENSG00000151303,0.0
AKR1C6P,0.0
ZNF37CP,0.0
SMPD4BP,0.0
CLCA3P,0.0
CYP4Z2P,0.0
TDH,0.0
CEP170P1,0.0
CCDC144BP,0.0
CCDC144CP,0.0
UNC93B2,0.0
CIBAR1P1,0.0
SSX8P,0.0
SNX29P1,0.0
OR10J6P,0.0
ATP5POP1,0.0
TUBBP5,0.0
ANKRD18CP,0.0
TCAF2P1,0.0
ZNF890P,0.0
FAM86C2P,0.0
GBA1LP,0.0
POM121L15P,0.0
PRODHLP,0.0
SIGLEC16,0.0
ADCY10P1,0.0
LSP1P3,0.0
DNAJA1P5,0.0
MT2P1,0.0
PRORSD1P,0.0
ALMS1P1,0.0
FAM86KP,0.0
CFAP144P1,0.0
FBXL21P,0.0
INTS4P1,0.0
SEPTIN7P5,0.0
FAM86FP,0.0
ENSG00000165121,0.0
NCF1C,0.0
SHLD2P1,0.0
TRIM51HP,0.0
TRIM53BP,0.0
ENSG00000166104,0.0
OR5P1P,0.0
PKD1L2,0.0
FAM86GP,0.0
HSBP1P2,0.0
OR5M13P,0.0
STRCP1,0.0
SAA3P,0.0
POM121L3P,0.0
NOS2P2,0.0
C3P1,0.0
ZNF355P,0.0
OR2W6P,0.0
DHFRP3,0.0
CMAHP,0.0
SPINT5P,0.0
TPTE2P5,0.0
PMCHL1,0.0
OR7E102P,0.0
PMCHL2,0.0
BRD7P3,0.0
ENSG00000169164,0.0
RPL36P14,0.0
GUSBP12,0.0
BCRP6,0.0
BCRP2,0.0
RBMY1HP,0.0
TSPY14P,0.0
ENSG00000170089,0.0
OR2A20P,0.0
ENSG00000170409,0.0
DPY19L2P2,0.0
OR5E1P,0.0
CELP,0.0
LILRP2,0.0
FAM86JP,0.0
SIGLEC17P,0.0
SSX6P,0.0
NMRAL2P,0.0
OR52P2P,0.0
OR7A2P,0.0
HMGN1P35,0.0
SERHL,0.0
CSPG4P4Y,0.0
GOLGA2P3Y,0.0
CSPG4P3Y,0.0
PRSS30P,0.0
RPL12P13,0.0
ZBTB8OSP2,0.0
ACTE1P,0.0
COX6B1P3,0.0
UNC93B3,0.0
VDAC2P5,0.0
TERF1P1,0.0
FAM86B3P,0.0
ENSG00000173357,0.0
PPIAP7,0.0
ENSG00000173867,0.0
SNURFL,0.0
COMMD5P1,0.0
FAM3C2P,0.0
STAG3L3,0.0
PMS2P6,0.0
PPIAP24,0.0
RPL35P9,0.0
PPIAP80,0.0
RPL10P2,0.0
VN1R6P,0.0
FAM47DP,0.0
PPIAP72,0.0
METTL15P1,0.0
VN2R1P,0.0
PAIP1P2,0.0
ANKRD30BP1,0.0
NF1P5,0.0
ACRP1,0.0
DRD5P2,0.0
GOLGA8DP,0.0
BAK1P1,0.0
RWDD4P2,0.0
EIF3KP1,0.0
OR52B3P,0.0
ARB2BP,0.0
RPL7AP66,0.0
FAM220BP,0.0
RPL36P3,0.0
RPL23P2,0.0
AQP7P4,0.0
ENSG00000176134,0.0
ENSG00000176183,0.0
ENSG00000176232,0.0
CDV3P1,0.0
CYCSP34,0.0
IDSP1,0.0
OR4K3,0.0
OR4H12P,0.0
FOXN3P1,0.0
RPL37AP8,0.0
PFN1P10,0.0
OR10AC1,0.0
DMBT1L1,0.0
NANOGP1,0.0
SCAND2P,0.0
OR10AB1P,0.0
OR52Z1P,0.0
OR51A1P,0.0
ZNF285BP,0.0
METTL1P1,0.0
FKBP9P1,0.0
KRT18P28,0.0
GJA1P1,0.0
ENSG00000176882,0.0
OR7A15P,0.0
TOB2P1,0.0
OR51N1P,0.0
RPL7L1P11,0.0
HCG4,0.0
NAP1L4P1,0.0
PCNPP5,0.0
OR2M1P,0.0
ENSAP3,0.0
OR7E125P,0.0
RPL13AP3,0.0
OR7E8P,0.0
ENSG00000177418,0.0
CBX3P1,0.0
ENSG00000177452,0.0
OR7E149P,0.0
GIMAP3P,0.0
FXNP2,0.0
CDKN2AIPNLP1,0.0
RPS2P2,0.0
YWHAQP4,0.0
CACYBPP2,0.0
SPATA31C2,0.0
ULK4P3,0.0
TWF1P1,0.0
GK4P,0.0
FAR2P2,0.0
RPS3AP5,0.0
H3P16,0.0
RPL10P16,0.0
NECAP1P1,0.0
CKS1BP6,0.0
GAPDHP29,0.0
ACTG1P1,0.0
MRPL42P1,0.0
PPIAP33,0.0
ARMC10P1,0.0
ENSG00000178715,0.0
GLULP4,0.0
H2BC2P,0.0
ENSG00000178836,0.0
NSA2P3,0.0
ENSG00000179038,0.0
TAAR3P,0.0
H3P47,0.0
RPL31P38,0.0
RPS2P28,0.0
OR7E97P,0.0
MEIS3P1,0.0
ENSG00000179342,0.0
HMGN2P46,0.0
OR4K11P,0.0
OR6W1P,0.0
OR13C6P,0.0
EEF1A1P27,0.0
NBPF17P,0.0
DGKZP1,0.0
ATP8B5P,0.0
OR7E22P,0.0
PHC1P1,0.0
PPP1R14BP3,0.0
NAIPP2,0.0
SPDYE7P,0.0
RPA3P1,0.0
ENSG00000180015,0.0
ENSG00000180019,0.0
OR3A4P,0.0
ACER2P1,0.0
HMGN2P9,0.0
XIAPP3,0.0
RPS12P23,0.0
FAR2P1,0.0
HMGB1P14,0.0
RPL23P6,0.0
TPT1P10,0.0
HERC2P3,0.0
NACAP2,0.0
CNEP1R1P1,0.0
EMC3-AS1,0.0
OR10AA1P,0.0
OR6K4P,0.0
SRP9P1,0.0
ZBTB12BP,0.0
RPL21P8,0.0
VN1R3,0.0
EXOC5P1,0.0
OR5AZ1P,0.0
OR51A9P,0.0
SMG1P3,0.0
PIPSL,0.0
OR7E129P,0.0
ENSG00000180803,0.0
PDIA3P1,0.0
OR52B1P,0.0
OR56B3P,0.0
OR7E18P,0.0
OR56B2P,0.0
ENTR1P2,0.0
OR52P1,0.0
HLA-V,0.0
H2BC27P,0.0
OR8G2P,0.0
DLSTP1,0.0
MTHFD2P7,0.0
OR5AK3P,0.0
OR5G1P,0.0
OR9G3P,0.0
CTAGE10P,0.0
HSP90AA6P,0.0
GLRX5P1,0.0
ENSG00000181514,0.0
RPL24P4,0.0
ENSG00000181705,0.0
FDX1P1,0.0
OR5J1P,0.0
KCTD9P2,0.0
OR5D17P,0.0
OR4A21P,0.0
OR4A13P,0.0
PYY3,0.0
GOLGA8CP,0.0
AQP7P2,0.0
PPIAP73,0.0
TRPC2,0.0
PDSS1P1,0.0
CRIP1P4,0.0
OR5F2P,0.0
RPL27AP5,0.0
DNM1P46,0.0
OR2B8P,0.0
WASH6P,0.0
NCF1B,0.0
OR7E115P,0.0
OR4C2P,0.0
CSGALNACT2P1,0.0
ENSG00000182625,0.0
CCNYL2,0.0
FXYD6P3,0.0
SEPHS1P1,0.0
TMEM198B,0.0
FUNDC2P2,0.0
RRP7BP,0.0
RPS27AP20,0.0
GPATCH11P1,0.0
NPM1P14,0.0
TPM3P8,0.0
FAM133CP,0.0
OR2A3P,0.0
POM121L1P,0.0
ENSG00000183171,0.0
HSP90AB3P,0.0
RPL29P16,0.0
NF1P3,0.0
RPSAP19,0.0
ZBTB8OSP1,0.0
OR7E38P,0.0
PKD1P3,0.0
PI4KAP2,0.0
CRIPTOP2,0.0
BPIFA4P,0.0
HMGN3P1,0.0
SMG1P5,0.0
GAPDHP30,0.0
GUSBP1,0.0
SLC9B1P1,0.0
OR4G2P,0.0
RPL21P132,0.0
DUSP5P1,0.0
HTR7P1,0.0
MAGEA13P,0.0
OR7E87P,0.0
ATP5PFP4,0.0
BRD7P2,0.0
TREML3P,0.0
RPL11P4,0.0
RPL7AP28,0.0
ENSG00000184188,0.0
DRD5P1,0.0
RPL23AP82,0.0
IRS3P,0.0
RPL23AP38,0.0
PTGER4P2,0.0
RPL7P26,0.0
SPDYE12,0.0
ZNF840P,0.0
ZNF72BP,0.0
OR7E14P,0.0
OR5AQ1P,0.0
MGAT4EP,0.0
OR4C10P,0.0
UNC93B5,0.0
CYCSP45,0.0
RPL7AP49,0.0
SLC2A3P2,0.0
ZNF733P,0.0
OR7E31P,0.0
RPL9P14,0.0
GOLGA8EP,0.0
GAPDHP24,0.0
CD24P4,0.0
ENSG00000185296,0.0
SSX14P,0.0
FGF7P2,0.0
SDHAP1,0.0
SEPTIN7P13,0.0
WASH3P,0.0
ACTBP7,0.0
RPL14P6,0.0
FTH1P14,0.0
ENSG00000185641,0.0
OR5M5P,0.0
SMG1P4,0.0
RPL12P4,0.0
ENSG00000185839,0.0
OR11N1P,0.0
SDHAP3,0.0
RPS4XP21,0.0
ENSG00000186076,0.0
KRT18P14,0.0
OR9M1P,0.0
ENSG00000186148,0.0
LILRP1,0.0
CIDECP1,0.0
PRSS59P,0.0
FAM86MP,0.0
ENSG00000186244,0.0
OR10D4P,0.0
MST1P2,0.0
CA5BP1,0.0
ATP6V1FP1,0.0
AQP7P1,0.0
ANKRD20A5P,0.0
OR9I2P,0.0
CROCCP5,0.0
SPDYE17,0.0
EEF1GP1,0.0
ENSG00000186678,0.0
DTX2P1,0.0
MST1L,0.0
TPI1P3,0.0
KRT17P2,0.0
CHCHD2P9,0.0
FUNDC2P3,0.0
BAGE2,0.0
ENSG00000187472,0.0
HSD3BP1,0.0
SERPINA13P,0.0
RPL7P48,0.0
PRR13P5,0.0
TPM3P7,0.0
TERF1P2,0.0
TMSB4XP8,0.0
TSPY13P,0.0
KRT18P59,0.0
GTF2IP3,0.0
HSPE1P11,0.0
OR2B7P,0.0
GOLGA6EP,0.0
OR7E25P,0.0
RNFT1P3,0.0
CXXC1P1,0.0
OR5H7P,0.0
HS6ST1P1,0.0
PMS2CL,0.0
ANKRD19P,0.0
KCTD9P3,0.0
HNRNPA1P61,0.0
PDCD6P1,0.0
MEIS3P2,0.0
CTSL3P,0.0
ENSG00000188078,0.0
ALOX15P2,0.0
OR7D1P,0.0
GPAT2P2,0.0
GOLGA6L3P,0.0
ANKRD36P1,0.0
DEFB108F,0.0
OR4P1P,0.0
SRP72P2,0.0
WASF4P,0.0
ACTBP11,0.0
ENSG00000188512,0.0
NPIPP1,0.0
ENSG00000188646,0.0
TSPY7P,0.0
H1-9P,0.0
OR7E90P,0.0
TEKT4P2,0.0
OR13D3P,0.0
TBC1D3P2,0.0
TMSB4XP2,0.0
ZNF322P1,0.0
DPPA3P2,0.0
ENSG00000188850,0.0
RPSAP47,0.0
RPL10AP2,0.0
POTEA,0.0
USP32P1,0.0
DHFRP1,0.0
PROS2P,0.0
SHLD2P3,0.0
RIMKLBP1,0.0
UBE2Q2P1,0.0
RPL32P36,0.0
TNRC18P3,0.0
DPY19L2P1,0.0
SLC25A51P4,0.0
RPS2P46,0.0
FAM90A27P,0.0
ENSG00000189372,0.0
OR7E12P,0.0
USP32P3,0.0
RNU1-75P,0.0
MIR494,0.0
RNU1-15P,0.0
Y_RNA,0.0
SMIM7P1,0.0
IFITM3P3,0.0
ADAM5,0.0
OR11H13P,0.0
RPS2P4,0.0
RNF216P1,0.0
EEF1A1P5,0.0
Metazoa_SRP,0.0
HLA-DRB9,0.0
GUSBP15,0.0
PRSS29P,0.0
OR4Q2,0.0
ENSG00000196390,0.0
ENSG00000196395,0.0
OR10D1P,0.0
ENSG00000196472,0.0
OR9K1P,0.0
BLOC1S6P1,0.0
ANKRD20A19P,0.0
ENSG00000196656,0.0
PDXDC2P-NPIPB14P,0.0
NPIPB10P,0.0
ZNF252P,0.0
RPS26P11,0.0
NXF4,0.0
OR51A6P,0.0
RBMY1A3P,0.0
OR2T32P,0.0
ZNF300P1,0.0
GOLGA6L16P,0.0
ENSG00000197149,0.0
OR4C4P,0.0
OR2B4P,0.0
SSX11P,0.0
TCEA1P1,0.0
ENSG00000197254,0.0
EIF4BP6,0.0
ENSG00000197320,0.0
Metazoa_SRP,0.0
BNIP3P1,0.0
GGT3P,0.0
OR7E85BP,0.0
ADAM3A,0.0
ENSG00000197476,0.0
PRAMENP,0.0
ENSG00000197550,0.0
RPS17P2,0.0
GPX1P1,0.0
KLKP1,0.0
VN1R5,0.0
UBE2Q2P12,0.0
CBX3P7,0.0
PTMAP2,0.0
SLC22A20P,0.0
OR5M12P,0.0
OR7E13P,0.0
NBEAP2,0.0
OR51A8P,0.0
ZNF734P,0.0
SAGE2P,0.0
PTMAP9,0.0
ZNF849P,0.0
ZNF876P,0.0
OR51H2P,0.0
GUSBP13,0.0
CYP2A7P2,0.0
OR5BB1P,0.0
ENSG00000198277,0.0
NUP210P1,0.0
BMS1P9,0.0
OR7A11P,0.0
BZW1P2,0.0
TATDN2P1,0.0
ZNF658B,0.0
OR14L1,0.0
PABPC1P2,0.0
ENSG00000198555,0.0
ENSG00000198580,0.0
PPIAP22,0.0
ABHD17AP1,0.0
OR10R3P,0.0
SMIM11P1,0.0
MTCO3P12,0.0
OR7E103P,0.0
HSD3BP5,0.0
MTND4LP30,0.0
ENSG00000198923,0.0
MIRLET7E,0.0
MIR375,0.0
MIR30E,0.0
MIRLET7A2,0.0
MIR429,0.0
MIR380,0.0
MIR449A,0.0
MIR345,0.0
MIR16-2,0.0
MIR340,0.0
MIR107,0.0
MIR448,0.0
MIR370,0.0
MIR412,0.0
MIR377,0.0
MIR1-1,0.0
MIR381,0.0
MIR339,0.0
MIR103A2,0.0
MIR369,0.0
MIRLET7C,0.0
MIR371A,0.0
MIR425,0.0
MIR103A1,0.0
MIR219A1,0.0
MIR210,0.0
MIR335,0.0
MIR378A,0.0
MIR361,0.0
MIR324,0.0
MIR135B,0.0
MIR101-2,0.0
MIR323A,0.0
MIRLET7F1,0.0
MIR26A1,0.0
MIR129-2,0.0
MIR133B,0.0
MIR342,0.0
MIR148A,0.0
MIR379,0.0
MIR326,0.0
MIR410,0.0
MIR30C2,0.0
MIR372,0.0
MIR302C,0.0
MIR346,0.0
MIR409,0.0
MIR411,0.0
MIR26B,0.0
MIR148B,0.0
MIR383,0.0
MIR365A,0.0
MIR450A1,0.0
MIRLET7D,0.0
MIR101-1,0.0
MIR373,0.0
MIR302D,0.0
MIRLET7G,0.0
MIR337,0.0
MIR30D,0.0
MIR422A,0.0
MIR208A,0.0
MIR96,0.0
MIR126,0.0
MIRLET7A1,0.0
MIR374A,0.0
MIR367,0.0
MIR331,0.0
MIR31,0.0
MIRLET7I,0.0
ENSG00000199196,0.0
RN7SKP72,0.0
Y_RNA,0.0
Y_RNA,0.0
RNA5SP289,0.0
Y_RNA,0.0
Y_RNA,0.0
RNU105C,0.0
RNU6-1123P,0.0
RN7SKP184,0.0
RNU6-500P,0.0
Y_RNA,0.0
Y_RNA,0.0
Y_RNA,0.0
Y_RNA,0.0
RNU6-50P,0.0
ENSG00000199231,0.0
RNU6-834P,0.0
RNA5SP46,0.0
Y_RNA,0.0
Y_RNA,0.0
RNU6-896P,0.0
RNU6-28P,0.0
RNU6-664P,0.0
RNU6-874P,0.0
Y_RNA,0.0
SNORA60,0.0
RNA5S12,0.0
RNU6-349P,0.0
Y_RNA,0.0
RNA5SP26,0.0
RNU6-661P,0.0
ENSG00000199282,0.0
RNU1-58P,0.0
Y_RNA,0.0
RNU6-1094P,0.0
RNU6-502P,0.0
Y_RNA,0.0
Y_RNA,0.0
SNORA21,0.0
RNU6-1312P,0.0
RNA5SP430,0.0
RNU6-208P,0.0
Y_RNA,0.0
RNU6-858P,0.0
RNU6-222P,0.0
SNORD115-34,0.0
RNU4-82P,0.0
RNA5SP347,0.0
RNA5SP52,0.0
RN7SKP25,0.0
ENSG00000199321,0.0
RNA5SP183,0.0
RNU4-39P,0.0
RNU6-1298P,0.0
RNU6-230P,0.0
Y_RNA,0.0
Y_RNA,0.0
RNA5S11,0.0
RNU6-204P,0.0
RNA5S3,0.0
RNU5E-1,0.0
RNU6-766P,0.0
Y_RNA,0.0
RNA5SP432,0.0
RNA5S1,0.0
RNA5SP273,0.0
Y_RNA,0.0
RNU6-1115P,0.0
RNU1-150P,0.0
Y_RNA,0.0
SNORA63E,0.0
RNA5SP327,0.0
Y_RNA,0.0
RNU6-1084P,0.0
U3,0.0
RNA5SP453,0.0
RNU5F-1,0.0
Y_RNA,0.0
RNU6-79P,0.0
RNU6-369P,0.0
SNORD114-7,0.0
ENSG00000199392,0.0
RNU6-600P,0.0
RNA5SP93,0.0
RNA5S5,0.0
Y_RNA,0.0
RNY4P19,0.0
RNA5SP308,0.0
SNORA1B,0.0
RNA5SP301,0.0
Y_RNA,0.0
Y_RNA,0.0
SNORD62,0.0
RNA5SP370,0.0
RN7SKP170,0.0
VTRNA3-1P,0.0
Y_RNA,0.0
RNU1-108P,0.0
SNORD9,0.0
Y_RNA,0.0
Y_RNA,0.0
Y_RNA,0.0
RNU6-543P,0.0
RNU6-845P,0.0
RNA5SP276,0.0
SNORD115-12,0.0
RNA5SP388,0.0
RNA5SP191,0.0
RNU4-35P,0.0
Y_RNA,0.0
RNU6-1216P,0.0
Y_RNA,0.0
Y_RNA,0.0
RNU6-556P,0.0
RNU1-62P,0.0
ENSG00000199470,0.0
Y_RNA,0.0
Y_RNA,0.0
SNORA63,0.0
ENSG00000199474,0.0
RN7SKP104,0.0
Y_RNA,0.0
SNORA31,0.0
RNA5SP389,0.0
RNU6-633P,0.0
RNU4-15P,0.0
Y_RNA,0.0
RNU1-70P,0.0
SNORD115-25,0.0
Y_RNA,0.0
RNU6-1313P,0.0
RNU1-94P,0.0
RNU6-247P,0.0
RNA5SP110,0.0
RNA5SP477,0.0
RNU6-212P,0.0
RNU6-235P,0.0
Y_RNA,0.0
Y_RNA,0.0
RNU6-386P,0.0
RNA5SP226,0.0
RNA5SP295,0.0
RNU6-462P,0.0
Y_RNA,0.0
RNA5SP305,0.0
RNU6-315P,0.0
Y_RNA,0.0
RNA5SP195,0.0
Y_RNA,0.0
Y_RNA,0.0
RNU6-545P,0.0
SNORA63,0.0
RNA5SP361,0.0
RNU6-37P,0.0
RNA5SP502,0.0
Y_RNA,0.0
ENSG00000199566,0.0
Y_RNA,0.0
RNU5A-1,0.0
RNU6-228P,0.0
ENSG00000199571,0.0
RNA5SP174,0.0
SNORD18C,0.0
SNORD114-1,0.0
RNU6-822P,0.0
Y_RNA,0.0
Y_RNA,0.0
RNA5SP119,0.0
Y_RNA,0.0
RNA5SP321,0.0
SNORD114-14,0.0
RNU6-1301P,0.0
Y_RNA,0.0
RNU6-859P,0.0
RNU6-562P,0.0
RNU6-951P,0.0
RNY4P24,0.0
RNA5SP124,0.0
RNA5SP258,0.0
RN7SKP20,0.0
RNU6-989P,0.0
RNU6-1010P,0.0
RNU1-14P,0.0
Y_RNA,0.0
SNORD33,0.0
SNORA63,0.0
RNU4-79P,0.0
Y_RNA,0.0
Y_RNA,0.0
RNA5SP319,0.0
RN7SKP294,0.0
RNU4-90P,0.0
RNU6-1330P,0.0
RNU6-1272P,0.0
RNU1-35P,0.0
RNU6-1266P,0.0
SNORD3G,0.0
Y_RNA,0.0
Y_RNA,0.0
RNU4-21P,0.0
SNORD16,0.0
RNU6-862P,0.0
Y_RNA,0.0
Y_RNA,0.0
RN7SKP185,0.0
RNU1-38P,0.0
RN7SKP173,0.0
RNU6-1128P,0.0
RNU6-446P,0.0
Y_RNA,0.0
RNU6-223P,0.0
Y_RNA,0.0
RNU6-170P,0.0
SNORD115-29,0.0
Y_RNA,0.0
RNU4-23P,0.0
Y_RNA,0.0
Y_RNA,0.0
SNORD115-2,0.0
U8,0.0
Y_RNA,0.0
Y_RNA,0.0
RN7SKP74,0.0
RNU6-655P,0.0
RN7SKP95,0.0
RNU6-1079P,0.0
Y_RNA,0.0
RNA5SP307,0.0
RNU6-227P,0.0
RNU6-552P,0.0
Y_RNA,0.0
SNORD36A,0.0
Y_RNA,0.0
SNORD104,0.0
Y_RNA,0.0
Y_RNA,0.0
Y_RNA,0.0
Y_RNA,0.0
RNU6-363P,0.0
RNU6-78P,0.0
RNA5SP426,0.0
RNU1-76P,0.0
Y_RNA,0.0
Y_RNA,0.0
SNORD115-9,0.0
ENSG00000199783,0.0
RNU6-1287P,0.0
SNORA52,0.0
RNA5SP188,0.0
SNORA80C,0.0
RNY3P2,0.0
RNU6-836P,0.0
RNU6-451P,0.0
RNU6-1233P,0.0
RNU6-924P,0.0
Y_RNA,0.0
SNORD114-5,0.0
Y_RNA,0.0
RNU6-1159P,0.0
RNA5SP383,0.0
RNU1-134P,0.0
RNA5SP491,0.0
RNA5SP374,0.0
RNU6-428P,0.0
RNU6-1260P,0.0
ENSG00000199815,0.0
RNU6-199P,0.0
RNU6-1290P,0.0
RN7SKP291,0.0
Y_RNA,0.0
SNORD115-21,0.0
RNU1-47P,0.0
RNA5SP150,0.0
Y_RNA,0.0
RNA5SP358,0.0
RNA5SP375,0.0
RNU1-72P,0.0
RNU5F-6P,0.0
U3,0.0
RNU6-490P,0.0
U3,0.0
ENSG00000199857,0.0
RNU6-1120P,0.0
RNU6-582P,0.0
Y_RNA,0.0
RNU6-495P,0.0
Y_RNA,0.0
Y_RNA,0.0
Y_RNA,0.0
RNU6-942P,0.0
RNA5SP452,0.0
Y_RNA,0.0
RN7SKP149,0.0
RNVU1-22,0.0
RNU6-888P,0.0
Y_RNA,0.0
RN7SKP90,0.0
Y_RNA,0.0
RNU6-330P,0.0
RNU6-249P,0.0
Y_RNA,0.0
RNU1-17P,0.0
ENSG00000199894,0.0
Y_RNA,0.0
Y_RNA,0.0
Y_RNA,0.0
RNU6-1273P,0.0
RNU6-492P,0.0
RNU5B-2P,0.0
RNA5S10,0.0
Y_RNA,0.0
Y_RNA,0.0
Y_RNA,0.0
SNORD114-16,0.0
RNU4-44P,0.0
RNU6-161P,0.0
RNU6-1252P,0.0
ENSG00000199927,0.0
RNA5SP405,0.0
RNU1-18P,0.0
RNY1P16,0.0
SNORD81,0.0
Y_RNA,0.0
Y_RNA,0.0
RN7SKP75,0.0
SNORD114-19,0.0
RNU6-653P,0.0
Y_RNA,0.0
RNA5SP443,0.0
ENSG00000199959,0.0
SNORD115-14,0.0
SNORD1B,0.0
Y_RNA,0.0
RNU6-605P,0.0
Y_RNA,0.0
SNORD115-19,0.0
SNORD115-3,0.0
RNU6-797P,0.0
RN7SKP243,0.0
SNORA73,0.0
Y_RNA,0.0
RNA5SP264,0.0
RNU6-486P,0.0
VTRNA1-1,0.0
RNA5SP145,0.0
RNU6-986P,0.0
Y_RNA,0.0
Y_RNA,0.0
RNU6-623P,0.0
RNA5SP448,0.0
Y_RNA,0.0
U8,0.0
RNA5SP98,0.0
RNU6-642P,0.0
RNU6-403P,0.0
RNU4-73P,0.0
RNA5SP65,0.0
Y_RNA,0.0
Y_RNA,0.0
RN7SKP115,0.0
RNU6-812P,0.0
Y_RNA,0.0
ENSG00000200051,0.0
Y_RNA,0.0
RN7SKP63,0.0
RNA5SP218,0.0
Y_RNA,0.0
Y_RNA,0.0
RNU4-58P,0.0
ENSG00000200063,0.0
RNY4P9,0.0
Y_RNA,0.0
RNU4-80P,0.0
ENSG00000200072,0.0
ENSG00000200075,0.0
RNA5SP326,0.0
SNORD68,0.0
Y_RNA,0.0
RNU6-433P,0.0
SNORA73B,0.0
SNORD114-31,0.0
Y_RNA,0.0
RN7SKP163,0.0
RNU6-181P,0.0
RNU6-1167P,0.0
RNU6-508P,0.0
RNU6-252P,0.0
RNU6-251P,0.0
RNU6-984P,0.0
RNU6-1249P,0.0
RNU6-774P,0.0
ENSG00000200112,0.0
ENSG00000200113,0.0
RNA5SP123,0.0
Y_RNA,0.0
Y_RNA,0.0
Y_RNA,0.0
RN7SKP77,0.0
RNU6-1021P,0.0
Y_RNA,0.0
RNY1P10,0.0
RNU6-778P,0.0
Y_RNA,0.0
RNU6-544P,0.0
ENSG00000200150,0.0
RN7SKP231,0.0
RNU6-216P,0.0
RNU6-23P,0.0
RNU5B-1,0.0
RN7SKP145,0.0
Y_RNA,0.0
SNORD115-18,0.0
Y_RNA,0.0
RNA5SP350,0.0
RNU5D-1,0.0
Y_RNA,0.0
Y_RNA,0.0
Y_RNA,0.0
RNU6-1309P,0.0
RNU1-19P,0.0
Y_RNA,0.0
RNU6-238P,0.0
RNU1-20P,0.0
RNU6-832P,0.0
U8,0.0
RNU1-21P,0.0
RN7SKP211,0.0
Y_RNA,0.0
RNU1-22P,0.0
ENSG00000200206,0.0
Y_RNA,0.0
Y_RNA,0.0
RNY4P27,0.0
RNU6-992P,0.0
SNORD113-6,0.0
RNU6-745P,0.0
RNU6-839P,0.0
RNU6-697P,0.0
RNU6-179P,0.0
U3,0.0
RNU6-626P,0.0
RNA5SP382,0.0
RNA5SP197,0.0
RNU1-23P,0.0
ENSG00000200235,0.0
SNORA70,0.0
RNA5SP133,0.0
Y_RNA,0.0
RN7SKP79,0.0
RNA5SP263,0.0
RNU6-254P,0.0
RNA5SP214,0.0
RNU6-1147P,0.0
Y_RNA,0.0
RNU6-529P,0.0
RNU6-536P,0.0
Y_RNA,0.0
RNU6-97P,0.0
SNORD35A,0.0
Y_RNA,0.0
Y_RNA,0.0
RNU6-66P,0.0
RNU6-838P,0.0
RNU4-32P,0.0
RNA5SP199,0.0
RNA5SP352,0.0
SNORD114-10,0.0
RNU6-624P,0.0
Y_RNA,0.0
Y_RNA,0.0
ENSG00000200288,0.0
Y_RNA,0.0
RNA5SP393,0.0
ENSG00000200294,0.0
RNU6-527P,0.0
RNU1-83P,0.0
Y_RNA,0.0
RNA5SP483,0.0
RNU6-940P,0.0
RNU6-1255P,0.0
Y_RNA,0.0
Y_RNA,0.0
RNA5SP215,0.0
RN7SKP255,0.0
RNA5-8SP7,0.0
Y_RNA,0.0
SNORD3P1,0.0
SNORA63,0.0
Y_RNA,0.0
RNA5SP391,0.0
RNA5SP62,0.0
RNU6-183P,0.0
Y_RNA,0.0
Y_RNA,0.0
RNA5SP333,0.0
RNU1-49P,0.0
RNU1-105P,0.0
RNA5S8,0.0
Y_RNA,0.0
RNU6-485P,0.0
RNU6-1285P,0.0
Y_RNA,0.0
SNORA71D,0.0
SNORA72,0.0
RNU6-833P,0.0
RNU6-792P,0.0
Y_RNA,0.0
RNU6-511P,0.0
SNORD113-8,0.0
RNU6-666P,0.0
RNA5S17,0.0
RNU5E-8P,0.0
RNU5E-10P,0.0
ENSG00000200377,0.0
RNU5B-4P,0.0
RN7SKP45,0.0
RNA5S4,0.0
ENSG00000200385,0.0
RNU6-618P,0.0
RNU6-509P,0.0
Y_RNA,0.0
Y_RNA,0.0
RNU6-698P,0.0
SNORA38B,0.0
Y_RNA,0.0
SNORD115-24,0.0
RNU6-1099P,0.0
SNORD114-23,0.0
RNU6-1169P,0.0
RNA5SP74,0.0
RNA5SP346,0.0
SNORD114-26,0.0
SNORA63B,0.0
Y_RNA,0.0
Y_RNA,0.0
ENSG00000200422,0.0
RNU6-1155P,0.0
Y_RNA,0.0
Y_RNA,0.0
RNU4-81P,0.0
Y_RNA,0.0
RNA5-8SP2,0.0
Y_RNA,0.0
RNU6-799P,0.0
RNU6-1066P,0.0
RNU6-1339P,0.0
RNU6-1085P,0.0
Y_RNA,0.0
RNU6-1112P,0.0
RNU6-1097P,0.0
RNU6-727P,0.0
SNORD118,0.0
RNA5SP403,0.0
RNU6-112P,0.0
RNU6-1125P,0.0
RN7SKP44,0.0
RNA5SP507,0.0
RN7SKP162,0.0
SNORD115-41,0.0
SNORD114-28,0.0
RNU6-1017P,0.0
RNU6-1244P,0.0
Y_RNA,0.0
SNORD115-11,0.0
RNA5SP322,0.0
RN7SKP203,0.0
U3,0.0
Y_RNA,0.0
RNU6-1205P,0.0
U8,0.0
Y_RNA,0.0
SNORD115-5,0.0
Y_RNA,0.0
Y_RNA,0.0
RNA5SP378,0.0
RNU6-1214P,0.0
Y_RNA,0.0
RNU6-957P,0.0
RNU6-1209P,0.0
RNY4P14,0.0
RNA5SP457,0.0
RNU6-1331P,0.0
SNORD35B,0.0
SNORA33,0.0
ENSG00000200536,0.0
RNY4P6,0.0
U3,0.0
Y_RNA,0.0
U3,0.0
Y_RNA,0.0
RNU6-137P,0.0
Y_RNA,0.0
Y_RNA,0.0
RNU6-1020P,0.0
RNU6-525P,0.0
RNU6-103P,0.0
RNA5SP429,0.0
RNU6-288P,0.0
RNU6-640P,0.0
SNORD115-39,0.0
RNU5F-7P,0.0
RNU6-829P,0.0
RNU6-1284P,0.0
Y_RNA,0.0
RNU6-414P,0.0
Y_RNA,0.0
RNA5SP514,0.0
Y_RNA,0.0
SNORD115-33,0.0
RNU6-824P,0.0
RNVU1-33,0.0
Y_RNA,0.0
RNA5SP50,0.0
Y_RNA,0.0
SNORD114-11,0.0
Y_RNA,0.0
SNORD114-25,0.0
RNA5SP349,0.0
Y_RNA,0.0
Y_RNA,0.0
RNA5SP447,0.0
ENSG00000200620,0.0
RNU6-1059P,0.0
SNORD18A,0.0
RNA5S6,0.0
RNA5SP325,0.0
RNY1P11,0.0
Y_RNA,0.0
SNORD113-7,0.0
Y_RNA,0.0
SNORD114-27,0.0
RNU5F-3P,0.0
SNORD115-37,0.0
RNU6-1210P,0.0
Y_RNA,0.0
RNU6-226P,0.0
RNA5SP114,0.0
Y_RNA,0.0
ENSG00000200652,0.0
RNU4-92P,0.0
SNORA5B,0.0
SNORD116-10,0.0
Y_RNA,0.0
RNU6-1188P,0.0
RNU6-912P,0.0
RN7SKP174,0.0
RN7SKP160,0.0
SNORD18,0.0
SNORD115-4,0.0
RNU6-263P,0.0
RNU6-379P,0.0
Y_RNA,0.0
RNY3P3,0.0
RNA5SP335,0.0
Y_RNA,0.0
U3,0.0
RNU6-674P,0.0
Y_RNA,0.0
RNU6-873P,0.0
ENSG00000200706,0.0
RN7SKP93,0.0
RNA5SP27,0.0
RNA5SP28,0.0
RNU6-682P,0.0
Y_RNA,0.0
RN7SKP103,0.0
RNA5SP260,0.0
RNU6-931P,0.0
SNORD115-8,0.0
RNU6-271P,0.0
RNU1-124P,0.0
RNU6-194P,0.0
ENSG00000200733,0.0
Y_RNA,0.0
RNA5SP472,0.0
RNA5SP161,0.0
Y_RNA,0.0
RNU1-31P,0.0
Y_RNA,0.0
Y_RNA,0.0
ENSG00000200753,0.0
Y_RNA,0.0
RNA5SP68,0.0
RNU6-236P,0.0
SNORD115-16,0.0
RNU6-884P,0.0
RN7SKP113,0.0
RNU6-961P,0.0
Y_RNA,0.0
Y_RNA,0.0
RNU6-478P,0.0
RNU6-105P,0.0
RN7SKP180,0.0
SNORD8,0.0
RNA5SP234,0.0
Y_RNA,0.0
RNU1-65P,0.0
RNU6-631P,0.0
SNORA80A,0.0
RN7SKP250,0.0
RNU4-1,0.0
RNU6-753P,0.0
RNU6-770P,0.0
RNU1-130P,0.0
SNORD115-28,0.0
RNA5SP275,0.0
RNU1-32P,0.0
SNORD115-6,0.0
RNU6-595P,0.0
RNU6-1091P,0.0
SNORA38,0.0
RNU6-899P,0.0
RNU6-1204P,0.0
Y_RNA,0.0
SNORD114-2,0.0
RNU6-324P,0.0
Y_RNA,0.0
RN7SKP134,0.0
SNORD36B,0.0
SNORD114-4,0.0
Y_RNA,0.0
RNA5SP48,0.0
RNU6-82P,0.0
Y_RNA,0.0
Y_RNA,0.0
Y_RNA,0.0
RNA5SP499,0.0
Y_RNA,0.0
Y_RNA,0.0
Y_RNA,0.0
RN7SKP36,0.0
RNU6-457P,0.0
RNU6-810P,0.0
RNA5SP456,0.0
RNA5SP399,0.0
Y_RNA,0.0
RNU6-340P,0.0
RNU6-560P,0.0
SNORD14E,0.0
RNU6-681P,0.0
Y_RNA,0.0
Y_RNA,0.0
RNU1-146P,0.0
RNU6-598P,0.0
Y_RNA,0.0
RNU4-13P,0.0
RNA5SP99,0.0
ENSG00000200891,0.0
RNU6-944P,0.0
RN7SKP245,0.0
ENSG00000200897,0.0
RNU6-1243P,0.0
RNU6-627P,0.0
RNU1-42P,0.0
RNU6-854P,0.0
SNORD46,0.0
RNA5SP435,0.0
RNU6-553P,0.0
Y_RNA,0.0
RNU6-1048P,0.0
RNU6-960P,0.0
RNU6-1090P,0.0
RNU6-694P,0.0
RNU6-501P,0.0
SNORD115-32,0.0
Y_RNA,0.0
RNU6-801P,0.0
SNORA74A,0.0
RNU6-289P,0.0
RN7SKP87,0.0
ENSG00000200969,0.0
RNU5A-8P,0.0
RNU4-87P,0.0
RNU1-7P,0.0
Y_RNA,0.0
Y_RNA,0.0
SNORA3A,0.0
RNA5SP493,0.0
RNU6-819P,0.0
SNORD115-30,0.0
ENSG00000200991,0.0
RNVU1-34,0.0
Y_RNA,0.0
ENSG00000200999,0.0
RNA5SP516,0.0
RNU6-270P,0.0
ENSG00000201003,0.0
Y_RNA,0.0
ENSG00000201009,0.0
RN7SKP224,0.0
Y_RNA,0.0
Y_RNA,0.0
RNA5SP232,0.0
RNU6-280P,0.0
RNU6-374P,0.0
RNU6-743P,0.0
RNY3P11,0.0
SNORD74B,0.0
Y_RNA,0.0
RN7SKP107,0.0
RNU6-151P,0.0
Y_RNA,0.0
RNU6-704P,0.0
RNU1-96P,0.0
Y_RNA,0.0
RNA5SP469,0.0
ENSG00000201036,0.0
RNA5SP242,0.0
ENSG00000201042,0.0
RNU6-268P,0.0
Y_RNA,0.0
Y_RNA,0.0
RNU6-668P,0.0
RNA5SP336,0.0
RNU6-461P,0.0
RN7SKP280,0.0
RNU4-84P,0.0
Y_RNA,0.0
Y_RNA,0.0
Y_RNA,0.0
RNU4-51P,0.0
RNU6-188P,0.0
RN7SKP214,0.0
Y_RNA,0.0
RNU6-173P,0.0
RNA5SP394,0.0
Y_RNA,0.0
RNU6-266P,0.0
RNA5SP387,0.0
RNU6-366P,0.0
RNY1,0.0
Y_RNA,0.0
RNU6-11P,0.0
RNA5SP245,0.0
RNU6-647P,0.0
Y_RNA,0.0
Y_RNA,0.0
RNU1-33P,0.0
RNY1P12,0.0
SNORA58B,0.0
ENSG00000201133,0.0
Y_RNA,0.0
RNU6-777P,0.0
RNU6-353P,0.0
RN7SKP128,0.0
RNU1-151P,0.0
SNORD115-42,0.0
RNA5SP175,0.0
RNA5SP42,0.0
ENSG00000201151,0.0
RNU6-371P,0.0
RNU1-24P,0.0
SNORA62,0.0
Y_RNA,0.0
RN7SKP10,0.0
RNU6-454P,0.0
RNU4-36P,0.0
RNU6-1229P,0.0
RNA5SP368,0.0
RNU1-132P,0.0
RNU6-853P,0.0
Y_RNA,0.0
RNU6-1322P,0.0
RNU6-115P,0.0
RNU6-670P,0.0
RNVU1-3,0.0
RNU4-68P,0.0
RNA5SP202,0.0
RNU4-33P,0.0
Y_RNA,0.0
RNU6-879P,0.0
RN7SKP118,0.0
Y_RNA,0.0
Y_RNA,0.0
SNORD42,0.0
RNA5SP139,0.0
Y_RNA,0.0
Y_RNA,0.0
Y_RNA,0.0
RNU4-40P,0.0
RNU6-1305P,0.0
Y_RNA,0.0
SNORA63D,0.0
RNU4-50P,0.0
Y_RNA,0.0
SNORD114-9,0.0
RNU6-978P,0.0
RNY1P1,0.0
RNU6-654P,0.0
ENSG00000201245,0.0
SNORD114-13,0.0
RNU4-10P,0.0
RNU6-990P,0.0
RNU6-1075P,0.0
SNORD114-6,0.0
SNORD73B,0.0
RNU6-755P,0.0
RNU1-112P,0.0
RNU6-776P,0.0
RNA5SP192,0.0
Y_RNA,0.0
Y_RNA,0.0
Y_RNA,0.0
RNA5SP524,0.0
RN7SKP171,0.0
RNU6-1047P,0.0
RN7SKP76,0.0
RNU1-34P,0.0
RNU6-153P,0.0
RNU6-1019P,0.0
RNU4-41P,0.0
Y_RNA,0.0
RNU6-1164P,0.0
SNORD115-27,0.0
RNA5SP130,0.0
SNORA65,0.0
RNU6-512P,0.0
Y_RNA,0.0
Y_RNA,0.0
RNA5SP72,0.0
Y_RNA,0.0
RN7SKP227,0.0
ENSG00000201316,0.0
RNU4-59P,0.0
SNORD114-30,0.0
RNA5S9,0.0
RNU6-361P,0.0
RNA5SP142,0.0
SNORD115-22,0.0
U3,0.0
SNORD32B,0.0
SNORD115-23,0.0
Y_RNA,0.0
Y_RNA,0.0
RNU6-421P,0.0
RNU4-38P,0.0
Y_RNA,0.0
U3,0.0
RNA5SP69,0.0
RNU105B,0.0
Y_RNA,0.0
Y_RNA,0.0
RNA5S14,0.0
RNA5SP500,0.0
RN7SKP193,0.0
RNA5SP433,0.0
Y_RNA,0.0
RN7SKP37,0.0
Y_RNA,0.0
RNU6-522P,0.0
U3,0.0
Y_RNA,0.0
Y_RNA,0.0
RNU6-1251P,0.0
SNORA70,0.0
RNY4P23,0.0
RNU4-76P,0.0
RNU6-558P,0.0
ENSG00000201384,0.0
RNU6-1163P,0.0
SNORA68B,0.0
RNU6-1141P,0.0
RNU6-1078P,0.0
SNORA71,0.0
RNA5SP140,0.0
RN7SKP257,0.0
U8,0.0
SNORD14B,0.0
Y_RNA,0.0
ENSG00000201407,0.0
ENSG00000201410,0.0
Y_RNA,0.0
RNA5SP141,0.0
RNA5SP204,0.0
RNA5SP512,0.0
Y_RNA,0.0
RN7SKP246,0.0
Y_RNA,0.0
RN7SKP71,0.0
RNU6-1277P,0.0
Y_RNA,0.0
RNU6-335P,0.0
RNU4-24P,0.0
RNU6-660P,0.0
RNU4-67P,0.0
RNA5SP515,0.0
RNU6-646P,0.0
Y_RNA,0.0
RNU6-309P,0.0
RNU6-1082P,0.0
RNA5SP509,0.0
SNORA63C,0.0
Y_RNA,0.0
RNU6-1317P,0.0
SNORA55,0.0
RNU4-4P,0.0
Y_RNA,0.0
ENSG00000201465,0.0
Y_RNA,0.0
ENSG00000201467,0.0
RNA5SP379,0.0
RNY4P7,0.0
RNU6-164P,0.0
RNA5SP353,0.0
SNORD115-17,0.0
Y_RNA,0.0
SNORD45B,0.0
Y_RNA,0.0
RNU4-75P,0.0
RNA5SP78,0.0
RNU1-141P,0.0
RN7SKP275,0.0
Y_RNA,0.0
RNU6-312P,0.0
ENSG00000201500,0.0
Y_RNA,0.0
ENSG00000201502,0.0
RN7SKP217,0.0
Y_RNA,0.0
SNORA71C,0.0
ENSG00000201516,0.0
RNU6-707P,0.0
RNA5SP513,0.0
RNU6-645P,0.0
RNA5SP205,0.0
RNU6-450P,0.0
RNA5SP478,0.0
Y_RNA,0.0
RNA5SP194,0.0
RN7SKP237,0.0
Y_RNA,0.0
ENSG00000201541,0.0
SNORA62,0.0
SNORA16B,0.0
RNU4-85P,0.0
Y_RNA,0.0
Y_RNA,0.0
Y_RNA,0.0
RNU6-726P,0.0
Y_RNA,0.0
Y_RNA,0.0
SNORD114-15,0.0
RNVU1-6,0.0
RNU6-973P,0.0
Y_RNA,0.0
RN7SKP50,0.0
Y_RNA,0.0
Y_RNA,0.0
RNA5SP510,0.0
SNORD114-17,0.0
RNU4-56P,0.0
Y_RNA,0.0
RNU1-93P,0.0
RNU6-343P,0.0
RN7SKP78,0.0
RN7SKP191,0.0
Y_RNA,0.0
RNU6-593P,0.0
RNA5S2,0.0
RNU6-99P,0.0
ENSG00000201592,0.0
RNA5SP517,0.0
RNA5SP132,0.0
Y_RNA,0.0
RNU6-219P,0.0
RN7SKP124,0.0
Y_RNA,0.0
RNU6-740P,0.0
RNU4-16P,0.0
RNU4-42P,0.0
RNU4-28P,0.0
RNA5SP84,0.0
RN7SKP15,0.0
RNU6-200P,0.0
RNU1-91P,0.0
RNA5SP505,0.0
ENSG00000201619,0.0
RNA5SP51,0.0
RNU6-621P,0.0
RNU6-923P,0.0
Y_RNA,0.0
Y_RNA,0.0
RNU4-7P,0.0
Y_RNA,0.0
SNORD115-48,0.0
Y_RNA,0.0
RNY4P16,0.0
RN7SKP28,0.0
RNU6-1187P,0.0
RNU6-865P,0.0
SNORA14A,0.0
Y_RNA,0.0
RNU4-91P,0.0
RNY4P34,0.0
RNU6-7,0.0
RNU6-283P,0.0
RNU12-2P,0.0
ENSG00000201660,0.0
RNU6-60P,0.0
Y_RNA,0.0
RN7SKP6,0.0
ENSG00000201666,0.0
Y_RNA,0.0
RNA5SP90,0.0
SNORD113-4,0.0
U3,0.0
SNORD32A,0.0
Y_RNA,0.0
SNORD115-15,0.0
Y_RNA,0.0
Y_RNA,0.0
RN7SKP239,0.0
RNU6-1107P,0.0
SNORD114-29,0.0
RNY1P2,0.0
RNA5SP334,0.0
RNVU1-24,0.0
SNORD113-3,0.0
ENSG00000201701,0.0
RNA5SP396,0.0
RNU6-818P,0.0
RNA5SP359,0.0
RNU6-686P,0.0
ENSG00000201710,0.0
RNU6-1303P,0.0
RNA5SP125,0.0
RN7SKP133,0.0
Y_RNA,0.0
Y_RNA,0.0
RNU6-304P,0.0
RNA5SP173,0.0
RNA5SP479,0.0
ENSG00000201733,0.0
RNA5SP160,0.0
RNU1-133P,0.0
Y_RNA,0.0
RNU6-563P,0.0
RNU6-34P,0.0
RNU6-828P,0.0
RNU6-534P,0.0
Y_RNA,0.0
RNU6-119P,0.0
SNORD52,0.0
Y_RNA,0.0
RN7SKP55,0.0
RNU6-336P,0.0
RNA5SP267,0.0
RNA5SP302,0.0
RNU6-384P,0.0
SNORA5C,0.0
Y_RNA,0.0
RNU6-1325P,0.0
Y_RNA,0.0
RNU6-275P,0.0
RN7SKP226,0.0
SNORD117,0.0
Y_RNA,0.0
Y_RNA,0.0
RNU6-1071P,0.0
RNA5SP189,0.0
SNORA63,0.0
RN7SKP9,0.0
RN7SKP130,0.0
RNU6-392P,0.0
Y_RNA,0.0
RNU5E-4P,0.0
RNU6-1180P,0.0
RNU4-8P,0.0
ENSG00000201807,0.0
U8,0.0
U8,0.0
SNORA71,0.0
RNA5SP488,0.0
RNU6-915P,0.0
RNU6-526P,0.0
SNORA73,0.0
RNY4P17,0.0
Y_RNA,0.0
RNU4-9P,0.0
RNA5SP149,0.0
SNORD48,0.0
RNU6-1131P,0.0
RNU6-867P,0.0
ENSG00000201827,0.0
Y_RNA,0.0
SNORD115-1,0.0
SNORD114-3,0.0
Y_RNA,0.0
RNA5SP166,0.0
SNORD31B,0.0
Y_RNA,0.0
RNU6-702P,0.0
RNA5SP331,0.0
Y_RNA,0.0
RNA5SP298,0.0
ENSG00000201863,0.0
Y_RNA,0.0
Y_RNA,0.0
RNU6-294P,0.0
RN7SKP178,0.0
RNA5SP97,0.0
Y_RNA,0.0
ENSG00000201882,0.0
Y_RNA,0.0
Y_RNA,0.0
Y_RNA,0.0
RNU6-967P,0.0
RN7SKP153,0.0
SNORA72,0.0
SNORD114-24,0.0
RNY1P13,0.0
RN7SKP48,0.0
SNORD115-38,0.0
RNU6-590P,0.0
RNU1-140P,0.0
RN7SKP189,0.0
Y_RNA,0.0
Y_RNA,0.0
RNU6-1022P,0.0
RNA5SP442,0.0
RNU1-43P,0.0
RNA5SP485,0.0
RNA5S15,0.0
RNA5SP172,0.0
Y_RNA,0.0
Y_RNA,0.0
RNA5SP224,0.0
RNA5SP363,0.0
SNORD115-10,0.0
SNORA72,0.0
SNORA70,0.0
SNORD113-9,0.0
RNU6-673P,0.0
RNY3P1,0.0
ENSG00000201957,0.0
Y_RNA,0.0
RNA5SP126,0.0
Y_RNA,0.0
RNA5-8SP4,0.0
RN7SKP22,0.0
RNA5SP138,0.0
SNORD115-20,0.0
SNORA62,0.0
Y_RNA,0.0
Y_RNA,0.0
Y_RNA,0.0
Y_RNA,0.0
SNORD115-35,0.0
SNORA23,0.0
RNA5SP428,0.0
RNU1-36P,0.0
Y_RNA,0.0
Y_RNA,0.0
Y_RNA,0.0
RNU6-619P,0.0
RNU6-806P,0.0
Y_RNA,0.0
Y_RNA,0.0
SNORD81,0.0
RNU6-934P,0.0
RNU6-1240P,0.0
RNU6-1134P,0.0
Y_RNA,0.0
RNU6-580P,0.0
SNORD38A,0.0
RNU6-399P,0.0
Y_RNA,0.0
RNU6-215P,0.0
Y_RNA,0.0
RNA5SP223,0.0
Y_RNA,0.0
RNA5SP324,0.0
SNORD114-20,0.0
RNU6-391P,0.0
RNU6-382P,0.0
RNA5SP152,0.0
RNA5SP19,0.0
RN7SKP80,0.0
ENSG00000202059,0.0
RNA5SP455,0.0
RNA5SP79,0.0
RNU4-66P,0.0
RNU6-1175P,0.0
Y_RNA,0.0
RNU6-715P,0.0
Y_RNA,0.0
Y_RNA,0.0
RNU6-1280P,0.0
RNU6-290P,0.0
RNU6-1306P,0.0
RNA5SP190,0.0
SNORD58C,0.0
RNU6-1172P,0.0
RNU6-234P,0.0
Y_RNA,0.0
RNU4-12P,0.0
VTRNA1-2,0.0
RNU6-690P,0.0
RNU6-302P,0.0
RNY4P3,0.0
RNU1-100P,0.0
Y_RNA,0.0
Y_RNA,0.0
SNORD114-18,0.0
Y_RNA,0.0
Y_RNA,0.0
RNA5SP329,0.0
RNU6-407P,0.0
RNY4P28,0.0
RNU4-11P,0.0
RNU6-742P,0.0
RNU5E-7P,0.0
RNA5SP117,0.0
RNU1-114P,0.0
Y_RNA,0.0
RNU6-1327P,0.0
RNA5-8SP5,0.0
RNA5SP128,0.0
Y_RNA,0.0
Y_RNA,0.0
ENSG00000202183,0.0
RNU6-1283P,0.0
RNU6-497P,0.0
RNA5SP355,0.0
SNORD115-31,0.0
SNORA30B,0.0
Y_RNA,0.0
SNORD113-1,0.0
RNA5SP427,0.0
Y_RNA,0.0
7SK,0.0
RNU1-115P,0.0
Y_RNA,0.0
RNU6-1034P,0.0
RNU6-169P,0.0
Y_RNA,0.0
RNU1-51P,0.0
ENSG00000202216,0.0
RN7SKP47,0.0
Y_RNA,0.0
Y_RNA,0.0
RNA5SP240,0.0
RNU6-282P,0.0
RNU6-1138P,0.0
ENSG00000202231,0.0
U3,0.0
RNU6-53P,0.0
RNU6-396P,0.0
RNU6-737P,0.0
RN7SKP186,0.0
RNU6-1276P,0.0
RNU6-728P,0.0
RNU5E-5P,0.0
Y_RNA,0.0
SNORD14C,0.0
Y_RNA,0.0
Y_RNA,0.0
RNA5S16,0.0
RNU6-1318P,0.0
RN7SKP69,0.0
SNORD115-44,0.0
RNA5SP22,0.0
RNA5SP77,0.0
RNU6-596P,0.0
U3,0.0
U8,0.0
SNORD114-12,0.0
Y_RNA,0.0
Y_RNA,0.0
ENSG00000202275,0.0
Y_RNA,0.0
Y_RNA,0.0
RNA5SP235,0.0
ENSG00000202283,0.0
RNU6-117P,0.0
RNA5SP37,0.0
SNORD114-22,0.0
RNU6-1335P,0.0
RNY3P12,0.0
RNU6-487P,0.0
RNU6-1130P,0.0
Y_RNA,0.0
RNU6-996P,0.0
Y_RNA,0.0
Y_RNA,0.0
RNU1-64P,0.0
SNORD6,0.0
RNU1-84P,0.0
Y_RNA,0.0
RNA5SP131,0.0
RNA5SP366,0.0
RNU6-609P,0.0
RNA5SP167,0.0
Y_RNA,0.0
RNA5SP238,0.0
ENSG00000202335,0.0
RNU6-359P,0.0
RNU6-8,0.0
RNU4-45P,0.0
RNU6-1051P,0.0
ENSG00000202343,0.0
RN7SKP208,0.0
Y_RNA,0.0
RNU1-16P,0.0
RNU6-326P,0.0
RN7SKP204,0.0
RNY3,0.0
RNA5SP277,0.0
Y_RNA,0.0
RNU6-652P,0.0
RN7SKP249,0.0
Y_RNA,0.0
SNORA62,0.0
Y_RNA,0.0
SNORD115-43,0.0
SNORA62,0.0
SNORA25B,0.0
SNORA70,0.0
RNU1-55P,0.0
Y_RNA,0.0
RNA5SP279,0.0
Y_RNA,0.0
RNA5SP211,0.0
Y_RNA,0.0
SNORA70,0.0
RN7SKP292,0.0
RN7SKP1,0.0
RNU6-61P,0.0
Y_RNA,0.0
SNORD82,0.0
Y_RNA,0.0
RN7SKP187,0.0
Y_RNA,0.0
RNVU1-21,0.0
Y_RNA,0.0
RNA5SP259,0.0
RNY3P13,0.0
Y_RNA,0.0
RN7SKP269,0.0
Y_RNA,0.0
RNA5SP30,0.0
RNU6-827P,0.0
RNU6-744P,0.0
RNU6-108P,0.0
RNU4-48P,0.0
RNA5SP88,0.0
RNU6-438P,0.0
RNU6-54P,0.0
ENSG00000202434,0.0
Y_RNA,0.0
SNORD42,0.0
RNY4P10,0.0
RNU5E-6P,0.0
RNU6-669P,0.0
SNORA63,0.0
Y_RNA,0.0
Y_RNA,0.0
RNU4-17P,0.0
Y_RNA,0.0
Y_RNA,0.0
RNU4-20P,0.0
RNA5SP248,0.0
RN7SKP81,0.0
RNA5SP283,0.0
Y_RNA,0.0
RNU6-81P,0.0
SNORD14,0.0
RNU6-499P,0.0
RNU6-597P,0.0
RNU6-716P,0.0
Y_RNA,0.0
RNU6-898P,0.0
SNORD116,0.0
SNORD115-36,0.0
RNA5SP151,0.0
SNORD34,0.0
Y_RNA,0.0
RN7SKP230,0.0
RNU6-805P,0.0
Y_RNA,0.0
VTRNA1-3,0.0
ENSG00000202517,0.0
RNA5S7,0.0
Y_RNA,0.0
Y_RNA,0.0
RNA5S13,0.0
RNU6-650P,0.0
SNORD18B,0.0
RNU6-395P,0.0
Y_RNA,0.0
RNU6-1329P,0.0
Y_RNA,0.0
U8,0.0
RNU4-2,0.0
Y_RNA,0.0
MIR539,0.0
MIR421,0.0
MIR146B,0.0
MIR582,0.0
MIR488,0.0
ENSG00000203262,0.0
Metazoa_SRP,0.0
GPR160P1,0.0
SNF8P1,0.0
ENSG00000203396,0.0
SHISA5P2,0.0
OR6C71P,0.0
Metazoa_SRP,0.0
ACTBP6,0.0
BTBD7P1,0.0
FAM32BP,0.0
E2F3P2,0.0
Metazoa_SRP,0.0
ENSG00000203437,0.0
ENSG00000203462,0.0
HMGB1P39,0.0
OR2N1P,0.0
TAS2R2,0.0
ENSG00000203531,0.0
OR52J1P,0.0
Metazoa_SRP,0.0
OR1F2P,0.0
RHOT1P2,0.0
ENSG00000203647,0.0
ENSG00000203648,0.0
OR2W5P,0.0
OR10T1P,0.0
MSTO2P,0.0
S100A7P1,0.0
CCDC162P,0.0
ENSG00000203825,0.0
HSD3BP4,0.0
HSD3BP2,0.0
CHIAP2,0.0
HSP90B3P,0.0
LCN1P2,0.0
MYCLP1,0.0
ARMCX7P,0.0
BMP2KL,0.0
ECEL1P1,0.0
GGTA1,0.0
LRRC37A5P,0.0
BMS1P1,0.0
GGNBP1,0.0
RPL12P1,0.0
RPL12P16,0.0
HNRNPCP2,0.0
CYP21A1P,0.0
SSX20P,0.0
ENSG00000204399,0.0
CASP12,0.0
ENSG00000204429,0.0
POTEKP,0.0
CTSLP6,0.0
TRIM51BP,0.0
ENSG00000204456,0.0
TBC1D3P4,0.0
GUCY2EP,0.0
DEFB122,0.0
CFTRP3,0.0
ENSG00000204556,0.0
HLA-J,0.0
ARPP19P2,0.0
SSX9P,0.0
LINC02210,0.0
RPS26P8,0.0
CST9LP2,0.0
CST9LP1,0.0
CST13P,0.0
OR2U1P,0.0
UBTFL3,0.0
UBTFL5,0.0
CNN2P12,0.0
ENSG00000204745,0.0
ZNG1DP,0.0
REG1CP,0.0
ZNF204P,0.0
ENSG00000204790,0.0
FGF7P7,0.0
FGF7P5,0.0
ADGRF5P2,0.0
FGF7P3,0.0
NAT8B,0.0
ENSG00000204894,0.0
CD177P1,0.0
ARHGEF34P,0.0
PRSS3P4,0.0
OR4D8P,0.0
CRTC1P1,0.0
OR5G5P,0.0
GRM5P1,0.0
ENSG00000205044,0.0
HSP90AA4P,0.0
COX17P1,0.0
REXO1L1P,0.0
SLC10A5P1,0.0
KRT17P7,0.0
OR7E36P,0.0
KRT17P5,0.0
DGAT2L7P,0.0
KRT17P4,0.0
GCNT2P1,0.0
OR6C72P,0.0
GOLGA2P1,0.0
MT1CP,0.0
MT1DP,0.0
HNRNPA1P20,0.0
SNRPGP6,0.0
NBPF22P,0.0
SPDYE18,0.0
LINC03009,0.0
OR52A4P,0.0
SMG1P2,0.0
POM121B,0.0
DYNLL1P1,0.0
STAG3L1,0.0
FKBP6P1,0.0
ENSG00000205596,0.0
ENSG00000205625,0.0
ENSG00000205644,0.0
ENSG00000205695,0.0
CYP2D7,0.0
CFAP144P2,0.0
PKD1P4,0.0
RP9P,0.0
RPL31P5,0.0
CATSPER2P1,0.0
ENSG00000205794,0.0
TPTE2P6,0.0
OR7E91P,0.0
RPS3AP47,0.0
FAM90A2P,0.0
OR7E136P,0.0
ENSG00000205898,0.0
PDPK2P,0.0
PPP1R12BP2,0.0
HSP90AB2P,0.0
USP17L6P,0.0
HSP90AA5P,0.0
ENSG00000205976,0.0
DEFB109C,0.0
OR7E161P,0.0
DEFB109B,0.0
DEFA7P,0.0
IGLL3P,0.0
ENSG00000206090,0.0
EGFEM1P,0.0
MAPK6P1,0.0
P2RX6P,0.0
RPL23AP57,0.0
HERC2P9,0.0
GYG2P1,0.0
C4orf46P1,0.0
HBZP1,0.0
ANKRD20A9P,0.0
HNRNPA1P4,0.0
HLA-H,0.0
ENSG00000206356,0.0
PPIAP30,0.0
Y_RNA,0.0
RNU6-1292P,0.0
RNVU1-7,0.0
RNU6-46P,0.0
RNU1-28P,0.0
RNU6-354P,0.0
RNU6-132P,0.0
ENSG00000206592,0.0
RNU6-47P,0.0
RNU6-877P,0.0
RNU1-27P,0.0
SNORA57,0.0
RNU6-1286P,0.0
RNU6-841P,0.0
RNU6-25P,0.0
RNU6-431P,0.0
SNORD58A,0.0
SNORA22B,0.0
RNU6-425P,0.0
RNU6-946P,0.0
RNU6-1296P,0.0
SNORD116-11,0.0
SNORD24,0.0
SNORA2A,0.0
RNU6-1336P,0.0
RNU6-477P,0.0
RNU6-338P,0.0
RNU6-741P,0.0
RNY1P5,0.0
RNU6-1264P,0.0
SNORD45C,0.0
SNORD116-14,0.0
SNORA69,0.0
RNU6-979P,0.0
RNU1-39P,0.0
RNU6-1,0.0
RNU6-969P,0.0
RNU1-63P,0.0
SNORD60,0.0
RNU6-657P,0.0
SNORA80B,0.0
SNORA22,0.0
RNU6-1062P,0.0
Y_RNA,0.0
SNORA70H,0.0
RNU6-672P,0.0
Y_RNA,0.0
Y_RNA,0.0
RNU6-449P,0.0
RNU6-1279P,0.0
Y_RNA,0.0
Y_RNA,0.0
ENSG00000206647,0.0
ENSG00000206649,0.0
SNORA70G,0.0
Y_RNA,0.0
RNU1-1,0.0
RNU6-608P,0.0
SNORD116-17,0.0
RNU6-1039P,0.0
Y_RNA,0.0
Y_RNA,0.0
SNORA70,0.0
Y_RNA,0.0
Y_RNA,0.0
RNU6-573P,0.0
Y_RNA,0.0
RNU6-471P,0.0
Y_RNA,0.0
RNU6-945P,0.0
RNU6-32P,0.0
Y_RNA,0.0
Y_RNA,0.0
RNU6-144P,0.0
Y_RNA,0.0
SNORD21,0.0
RNU6-730P,0.0
Y_RNA,0.0
RNU6-157P,0.0
RNU6-1189P,0.0
RNU6-1036P,0.0
RNU1-109P,0.0
SNORD116-18,0.0
Y_RNA,0.0
Y_RNA,0.0
SNORA56,0.0
RNU6-442P,0.0
RNY1P8,0.0
RNU1-73P,0.0
Y_RNA,0.0
RNU6-723P,0.0
RNU6-1040P,0.0
RNU1-11P,0.0
RNU6-128P,0.0
Y_RNA,0.0
Y_RNA,0.0
Y_RNA,0.0
RNU6-1227P,0.0
RNU6-1080P,0.0
RNU6-147P,0.0
Y_RNA,0.0
RNU6-26P,0.0
Y_RNA,0.0
Y_RNA,0.0
RNU6-444P,0.0
RNU6-133P,0.0
Y_RNA,0.0
RNU6-546P,0.0
Y_RNA,0.0
Y_RNA,0.0
RNU6-1074P,0.0
RNU6-1056P,0.0
RNU6-756P,0.0
RNU6-1027P,0.0
RNU6-259P,0.0
SNORD116-9,0.0
Y_RNA,0.0
RNU6-1126P,0.0
RNU6-468P,0.0
ENSG00000206731,0.0
RNU6-936P,0.0
RNU6-641P,0.0
Y_RNA,0.0
RNVU1-18,0.0
Y_RNA,0.0
Y_RNA,0.0
Y_RNA,0.0
RNU6-484P,0.0
RNU6-620P,0.0
RNU6-643P,0.0
RNU6-142P,0.0
RNU6-245P,0.0
RNU6-1083P,0.0
Y_RNA,0.0
RNU6-1323P,0.0
SNORD101,0.0
SNORA30,0.0
Y_RNA,0.0
RNU6-317P,0.0
RNU6-787P,0.0
SNORA6,0.0
RNU6-418P,0.0
RNU6-10P,0.0
RNU6-152P,0.0
RNU6-203P,0.0
RNU6-435P,0.0
RNU6-949P,0.0
Y_RNA,0.0
RNU6-116P,0.0
Y_RNA,0.0
RNU6-44P,0.0
RNU6-211P,0.0
SNORD37,0.0
ENSG00000206776,0.0
RNU6-637P,0.0
RNU6-213P,0.0
Y_RNA,0.0
SNORA75B,0.0
Y_RNA,0.0
RNU6-224P,0.0
Y_RNA,0.0
SNORA15B-2,0.0
RNU6-701P,0.0
RNU6-76P,0.0
RNU6-629P,0.0
Y_RNA,0.0
RNU1-129P,0.0
Y_RNA,0.0
Y_RNA,0.0
RNU6-811P,0.0
Y_RNA,0.0
SNORA32,0.0
RNY3P7,0.0
RNU6-639P,0.0
RNU6-926P,0.0
RNU6-968P,0.0
RNU6-1293P,0.0
Y_RNA,0.0
Y_RNA,0.0
RNU6-815P,0.0
Y_RNA,0.0
SNORA10,0.0
RNU6-38P,0.0
Y_RNA,0.0
Y_RNA,0.0
RNU6-483P,0.0
Y_RNA,0.0
Y_RNA,0.0
RNU6-849P,0.0
RNU6-260P,0.0
RNU1-138P,0.0
Y_RNA,0.0
Y_RNA,0.0
RNU6-974P,0.0
RNU6-1032P,0.0
RNVU1-30,0.0
RNU6V,0.0
RNU6-20P,0.0
SNORA1,0.0
RNU1-74P,0.0
RNU6-1029P,0.0
SNORA5A,0.0
RNU6-746P,0.0
Y_RNA,0.0
RNU6-409P,0.0
RNU6-413P,0.0
RNU6-206P,0.0
Y_RNA,0.0
RNU6-209P,0.0
Y_RNA,0.0
Y_RNA,0.0
RNU6-890P,0.0
ENSG00000206849,0.0
Y_RNA,0.0
RNU6-895P,0.0
ENSG00000206853,0.0
RNY3P5,0.0
RNU6-571P,0.0
RNU6-214P,0.0
Y_RNA,0.0
RNU6-767P,0.0
Y_RNA,0.0
RNU5A-6P,0.0
RNU6-207P,0.0
Y_RNA,0.0
RNU6-187P,0.0
RNU6-356P,0.0
SNORA70F,0.0
RNU6-398P,0.0
RNU6-533P,0.0
RNU6-761P,0.0
RNU6-1103P,0.0
ENSG00000206878,0.0
RNU6-1310P,0.0
RNU6-190P,0.0
RNA5SP87,0.0
SNORA75,0.0
SNORA70,0.0
RNU6-1008P,0.0
RNU6-48P,0.0
RNU6-1200P,0.0
RNU6-217P,0.0
RNU6-42P,0.0
Y_RNA,0.0
RNU6-1124P,0.0
SNORA9B,0.0
ENSG00000206898,0.0
RNU6-36P,0.0
RNU6-98P,0.0
SNORA72,0.0
SNORA24B,0.0
Y_RNA,0.0
RNU6-458P,0.0
RNU6-1013P,0.0
RNU1-136P,0.0
SNORA70J,0.0
SNORA29,0.0
Y_RNA,0.0
Y_RNA,0.0
ENSG00000206913,0.0
Y_RNA,0.0
RNU6-439P,0.0
RNU1-52P,0.0
RNU6-1181P,0.0
RNY1P6,0.0
RNU6-481P,0.0
RNU6-80P,0.0
RNU6-432P,0.0
RNU6-689P,0.0
Y_RNA,0.0
RNU6-1024P,0.0
Y_RNA,0.0
Y_RNA,0.0
RNU6-1042P,0.0
RNU6-4P,0.0
RNU6-514P,0.0
RNU4-52P,0.0
SNORA70B,0.0
RNU4-31P,0.0
RNU6-281P,0.0
SNORD15A,0.0
RNU6-708P,0.0
SNORA20B,0.0
SNORA36A,0.0
RNU6-1324P,0.0
Y_RNA,0.0
Y_RNA,0.0
SNORA50A,0.0
RNU6-1201P,0.0
Y_RNA,0.0
SNORA70,0.0
Y_RNA,0.0
RNU6-793P,0.0
ENSG00000206961,0.0
RNU6-74P,0.0
RNU6-675P,0.0
Y_RNA,0.0
RNU6-5P,0.0
Y_RNA,0.0
RNU6-1316P,0.0
RNU6-474P,0.0
RNU6-17P,0.0
RNU6-1145P,0.0
RNU6-1144P,0.0
RNU6-13P,0.0
ENSG00000206976,0.0
ENSG00000206977,0.0
Y_RNA,0.0
SNORD61,0.0
RNU6-662P,0.0
RNU6-40P,0.0
Y_RNA,0.0
RNU6-49P,0.0
RNU6-198P,0.0
U8,0.0
SNORD63,0.0
Y_RNA,0.0
RNU6-610P,0.0
RNU6-574P,0.0
Y_RNA,0.0
RNU6-842P,0.0
RNU6-524P,0.0
Y_RNA,0.0
RNU6-622P,0.0
RNU6-820P,0.0
SNORD116-2,0.0
ENSG00000207002,0.0
RNU6-611P,0.0
RNU6-301P,0.0
RNU1-2,0.0
RNU6-891P,0.0
SNORA54,0.0
Y_RNA,0.0
RNU6-318P,0.0
RNY4P13,0.0
RNU6-72P,0.0
RNU6-804P,0.0
SNORD116-3,0.0
SNORA36C,0.0
RNU6-167P,0.0
Y_RNA,0.0
Y_RNA,0.0
ENSG00000207022,0.0
RNU6-975P,0.0
Y_RNA,0.0
Y_RNA,0.0
RNU6-472P,0.0
ENSG00000207027,0.0
RNU6-43P,0.0
SNORD59A,0.0
Y_RNA,0.0
RNU6-154P,0.0
Y_RNA,0.0
RNY3P14,0.0
RNU6-339P,0.0
Y_RNA,0.0
RNU6-3P,0.0
RNU6-196P,0.0
RNU6-1226P,0.0
RNU6-532P,0.0
RNU6-886P,0.0
SNORD51,0.0
Y_RNA,0.0
SNORA27,0.0
RNU6-378P,0.0
RNU6-937P,0.0
RNU1-8P,0.0
RNU6-784P,0.0
RNU6-480P,0.0
Y_RNA,0.0
SNORA15B-1,0.0
SNORD116-1,0.0
RNU5A-2P,0.0
SNORA72,0.0
RNU6-463P,0.0
Y_RNA,0.0
RNU6-1207P,0.0
RNU6-39P,0.0
Y_RNA,0.0
Y_RNA,0.0
RNU6-1113P,0.0
RNU6-1119P,0.0
Y_RNA,0.0
RNU6-616P,0.0
RNU6-171P,0.0
RNU6-22P,0.0
SNORA72,0.0
Y_RNA,0.0
RNU6-242P,0.0
SNORA7B,0.0
RNU6-921P,0.0
RNU6-517P,0.0
Y_RNA,0.0
Y_RNA,0.0
SNORD116-8,0.0
ENSG00000207094,0.0
RNU6-424P,0.0
RNU6-614P,0.0
SNORA70,0.0
RNU6-166P,0.0
ENSG00000207100,0.0
Y_RNA,0.0
RNU6-434P,0.0
Y_RNA,0.0
Y_RNA,0.0
SNORD38C,0.0
RNVU1-32,0.0
SNORA25,0.0
RNU6-16P,0.0
RNU6-348P,0.0
RNU6-364P,0.0
RNU6-31P,0.0
Y_RNA,0.0
SNORD14D,0.0
U3,0.0
RNU6-1230P,0.0
RNU6-591P,0.0
Y_RNA,0.0
RNU6-163P,0.0
Y_RNA,0.0
RNU6-729P,0.0
RNA5SP187,0.0
ENSG00000207130,0.0
Y_RNA,0.0
Y_RNA,0.0
SNORD116-7,0.0
RNU6-106P,0.0
RNU6-452P,0.0
RNU6-769P,0.0
SNORD116-13,0.0
RNU6-869P,0.0
Y_RNA,0.0
Y_RNA,0.0
RNU6-1297P,0.0
SNORA18,0.0
Y_RNA,0.0
ENSG00000207147,0.0
Y_RNA,0.0
RNU6-465P,0.0
RNU6-185P,0.0
Y_RNA,0.0
RNU6-933P,0.0
RNU1-46P,0.0
RNY1P14,0.0
RNU6-505P,0.0
RNY3P4,0.0
RNU6-929P,0.0
RNU6-1289P,0.0
Y_RNA,0.0
RNU6-549P,0.0
RNU6-905P,0.0
Y_RNA,0.0
SNORA70,0.0
SNORA68,0.0
RNU6-1340P,0.0
SNORA15,0.0
RNU6-24P,0.0
RNU6-1215P,0.0
ENSG00000207171,0.0
RNU6-1162P,0.0
Y_RNA,0.0
SNORD116-15,0.0
RNU1-67P,0.0
Y_RNA,0.0
ENSG00000207177,0.0
RNU6-1122P,0.0
RNU6-411P,0.0
SNORA14B,0.0
RNU1-44P,0.0
RNU6-843P,0.0
RNU6-1157P,0.0
RNA5SP122,0.0
SNORA10B,0.0
Y_RNA,0.0
RNU6-809P,0.0
SNORD116-5,0.0
RNU6-649P,0.0
Y_RNA,0.0
RNU6-1026P,0.0
Y_RNA,0.0
Y_RNA,0.0
SNORD116-12,0.0
RNU6-1195P,0.0
SNORD38D,0.0
RNU6-45P,0.0
RNU1-148P,0.0
RNU6-800P,0.0
RNU6-71P,0.0
RNU6-393P,0.0
RNVU1-15,0.0
RNU6-1035P,0.0
Y_RNA,0.0
RNU6-790P,0.0
Y_RNA,0.0
Y_RNA,0.0
RNU6-102P,0.0
SNORD3H,0.0
SNORA80D,0.0
Y_RNA,0.0
RNU1-57P,0.0
SNORA70E,0.0
RNU6-456P,0.0
Y_RNA,0.0
RNU6-692P,0.0
RNU6-900P,0.0
Y_RNA,0.0
Y_RNA,0.0
SNORA37,0.0
RNU6-125P,0.0
Y_RNA,0.0
RNU6-110P,0.0
Y_RNA,0.0
SNORD45A,0.0
RNU6-1065P,0.0
Y_RNA,0.0
SNORA70,0.0
SNORD116-29,0.0
Y_RNA,0.0
RNU6-1005P,0.0
SNORA72,0.0
RNU6-342P,0.0
Y_RNA,0.0
RNU6-1117P,0.0
RNU6-880P,0.0
RNU6-18P,0.0
Y_RNA,0.0
RNU6-35P,0.0
RNU6-738P,0.0
SNORD116-16,0.0
RNU6-15P,0.0
Y_RNA,0.0
RNU6-1241P,0.0
RNU6-1081P,0.0
SNORA70C,0.0
RN7SKP62,0.0
RNU6-601P,0.0
Y_RNA,0.0
SNORA70I,0.0
RNU6-441P,0.0
RNU6-1160P,0.0
RNA5SP284,0.0
RNU6-831P,0.0
SNORD116-24,0.0
SNORD20,0.0
Y_RNA,0.0
Y_RNA,0.0
Y_RNA,0.0
Y_RNA,0.0
RNU6-1274P,0.0
RNU6-1235P,0.0
Y_RNA,0.0
RNU6-30P,0.0
Y_RNA,0.0
Y_RNA,0.0
Y_RNA,0.0
RNU6-851P,0.0
RNU6-140P,0.0
SNORD7,0.0
RNU6-83P,0.0
ENSG00000207299,0.0
Y_RNA,0.0
Y_RNA,0.0
Y_RNA,0.0
SNORA8,0.0
Y_RNA,0.0
RNU6-1152P,0.0
RNU6-145P,0.0
RNU6-878P,0.0
RNU4-70P,0.0
RNU6-1127P,0.0
RNU6-429P,0.0
SNORA2B,0.0
Y_RNA,0.0
Y_RNA,0.0
RNU6-1184P,0.0
Y_RNA,0.0
Y_RNA,0.0
RNU6-160P,0.0
RNU1-89P,0.0
RNU6-901P,0.0
RNY1P4,0.0
Y_RNA,0.0
RNU6-883P,0.0
RNU6-636P,0.0
Y_RNA,0.0
RNU6-73P,0.0
RNU6-1263P,0.0
RNU6-146P,0.0
RNU6-680P,0.0
RNU6-12P,0.0
RNU6-658P,0.0
RNU6-296P,0.0
RNVU1-1,0.0
RNA5SP64,0.0
Y_RNA,0.0
RNU6-225P,0.0
SNORA22C,0.0
RNU6-1222P,0.0
RNU6-306P,0.0
RNVU1-17,0.0
Y_RNA,0.0
RNU6-540P,0.0
RNU6-1257P,0.0
Y_RNA,0.0
RNU6-2,0.0
RNU6-925P,0.0
RNU6-14P,0.0
RNU6-178P,0.0
RNU6-422P,0.0
Y_RNA,0.0
RNU6-939P,0.0
Y_RNA,0.0
RNU6-297P,0.0
RNU6-29P,0.0
Y_RNA,0.0
RNU6-665P,0.0
Y_RNA,0.0
Y_RNA,0.0
SNORD116-23,0.0
RNU6-748P,0.0
Y_RNA,0.0
Y_RNA,0.0
RNU6-950P,0.0
Y_RNA,0.0
Y_RNA,0.0
Y_RNA,0.0
RNU6-310P,0.0
Y_RNA,0.0
Y_RNA,0.0
RNU1-4,0.0
Y_RNA,0.0
SNORA20,0.0
RNU6-136P,0.0
RNU6-1060P,0.0
Y_RNA,0.0
RNU6-1179P,0.0
RNU6-1011P,0.0
Y_RNA,0.0
RNU6-959P,0.0
Y_RNA,0.0
Y_RNA,0.0
SNORA64,0.0
SNORA41,0.0
ENSG00000207407,0.0
Y_RNA,0.0
ENSG00000207410,0.0
Y_RNA,0.0
RNU6-455P,0.0
RNU6-768P,0.0
RNU6-1151P,0.0
Y_RNA,0.0
Y_RNA,0.0
ENSG00000207419,0.0
Y_RNA,0.0
SNORD38B,0.0
RNU6-813P,0.0
Y_RNA,0.0
Y_RNA,0.0
RNU6-95P,0.0
U8,0.0
RNU6-906P,0.0
U8,0.0
RNU6-246P,0.0
RNU6-1072P,0.0
RNU6-114P,0.0
Y_RNA,0.0
Y_RNA,0.0
RNU6-541P,0.0
RNU6-21P,0.0
SNORD116-6,0.0
RNU6-417P,0.0
SNORD56B,0.0
SNORD15B,0.0
RNU6-520P,0.0
RNU6-19P,0.0
Y_RNA,0.0
RNU6-291P,0.0
RNU6-606P,0.0
RNU6-535P,0.0
RNU6-1104P,0.0
RNU6-331P,0.0
RNU6-997P,0.0
RNU6-476P,0.0
RNY3P9,0.0
RNU6-1311P,0.0
SNORD116-19,0.0
RNU6-253P,0.0
RNU6-376P,0.0
Y_RNA,0.0
Y_RNA,0.0
SNORA19,0.0
RNU6-41P,0.0
Y_RNA,0.0
RNY1P7,0.0
SNORA80E,0.0
RNU6-286P,0.0
Y_RNA,0.0
Y_RNA,0.0
RNU6-1067P,0.0
Y_RNA,0.0
RNU6-1044P,0.0
Y_RNA,0.0
RNU6-987P,0.0
RNU6-713P,0.0
SNORA46,0.0
Y_RNA,0.0
RNY3P10,0.0
SNORA7A,0.0
Y_RNA,0.0
Y_RNA,0.0
SNORD102,0.0
RNVU1-14,0.0
ENSG00000207502,0.0
ENSG00000207503,0.0
RNU6-1031P,0.0
RNU6-1105P,0.0
RNU6-9,0.0
RNU6-1237P,0.0
RNU6-771P,0.0
Y_RNA,0.0
RNU1-3,0.0
RNU6-555P,0.0
SNORA41B,0.0
RNU6-59P,0.0
SNORA66,0.0
RNU6-33P,0.0
Y_RNA,0.0
MIR548C,0.0
MIR25,0.0
MIR217,0.0
MIR521-2,0.0
MIR99B,0.0
MIR608,0.0
MIR633,0.0
MIR647,0.0
MIR578,0.0
MIR635,0.0
MIR34C,0.0
MIR23B,0.0
MIR203A,0.0
MIR433,0.0
MIR615,0.0
MIR550A2,0.0
MIR661,0.0
MIR649,0.0
MIR587,0.0
MIR583,0.0
MIR662,0.0
MIR526B,0.0
MIR199B,0.0
MIR30B,0.0
MIR606,0.0
MIR181D,0.0
MIR135A2,0.0
MIR544A,0.0
MIR593,0.0
MIR508,0.0
MIR215,0.0
MIR520A,0.0
MIR181A2,0.0
MIR490,0.0
MIR124-3,0.0
MIR520E,0.0
MIR598,0.0
MIR206,0.0
MIR191,0.0
MIR554,0.0
MIR200A,0.0
MIR127,0.0
MIR491,0.0
MIR149,0.0
MIR604,0.0
MIR181C,0.0
MIR193A,0.0
MIR515-2,0.0
MIR515-1,0.0
MIR3074,0.0
MIR585,0.0
MIR516A2,0.0
MIR619,0.0
MIR194-1,0.0
MIR128-2,0.0
MIR562,0.0
MIR581,0.0
MIR651,0.0
MIR526A1,0.0
MIR7-3,0.0
MIR641,0.0
MIR588,0.0
MIR505,0.0
MIR521-1,0.0
MIR499A,0.0
MIR595,0.0
MIR99A,0.0
MIR193B,0.0
MIR510,0.0
MIR571,0.0
MIR512-2,0.0
MIR512-1,0.0
MIR655,0.0
MIR153-1,0.0
MIR138-2,0.0
MIR570,0.0
MIR28,0.0
MIR621,0.0
MIR558,0.0
MIR128-1,0.0
MIR489,0.0
MIR548AA2,0.0
MIR548A2,0.0
MIR183,0.0
MIR592,0.0
MIR602,0.0
MIR184,0.0
MIR659,0.0
MIR573,0.0
MIR32,0.0
MIR518A2,0.0
MIR597,0.0
MIR211,0.0
MIR7-2,0.0
MIR548AA1,0.0
MIR129-1,0.0
MIR518F,0.0
MIR141,0.0
MIR525,0.0
MIR627,0.0
MIR200C,0.0
MIR584,0.0
MIR572,0.0
MIR551B,0.0
MIR623,0.0
MIR186,0.0
MIR520B,0.0
MIR222,0.0
MIR455,0.0
MIR449B,0.0
MIR556,0.0
MIR200B,0.0
MIR506,0.0
MIR218-1,0.0
MIR517A,0.0
MIR520D,0.0
MIR657,0.0
MIR181B2,0.0
MIR520C,0.0
MIR218-2,0.0
MIR590,0.0
MIR487A,0.0
MIR495,0.0
MIR10B,0.0
MIR575,0.0
MIR299,0.0
MIR553,0.0
ENSG00000207751,0.0
MIR199A1,0.0
MIR487B,0.0
MIR450A2,0.0
MIR580,0.0
MIR93,0.0
MIR532,0.0
MIR181A1,0.0
MIR329-1,0.0
MIR329-2,0.0
MIR617,0.0
MIR626,0.0
MIR516A1,0.0
MIR188,0.0
MIR586,0.0
MIR550A1,0.0
MIR642A,0.0
MIR548A1,0.0
MIR551A,0.0
MIR3591,0.0
MIR15B,0.0
MIR648,0.0
MIR625,0.0
MIR150,0.0
MIR542,0.0
MIR500A,0.0
MIR519C,0.0
MIR26A2,0.0
MIR187,0.0
MIR216A,0.0
MIR520G,0.0
MIR504,0.0
MIR646,0.0
MIR518A1,0.0
MIR599,0.0
MIR483,0.0
MIR95,0.0
MIR27A,0.0
MIR519E,0.0
MIR34B,0.0
MIR605,0.0
MIR147A,0.0
MIR563,0.0
MIR124-2,0.0
MIR105-2,0.0
MIR545,0.0
MIR640,0.0
MIR519B,0.0
MIR596,0.0
MIR30A,0.0
MIR517B,0.0
MIR517C,0.0
MIR33B,0.0
MIR520H,0.0
MIR518B,0.0
MIR125B2,0.0
MIR27B,0.0
MIR514A2,0.0
MIR514A3,0.0
MIR514A1,0.0
MIR498,0.0
MIR221,0.0
MIR513B,0.0
MIR513A1,0.0
MIR610,0.0
ENSG00000207922,0.0
MIR559,0.0
MIR196A2,0.0
MIR516B2,0.0
MIR135A1,0.0
MIR302A,0.0
MIR603,0.0
MIR577,0.0
MIR33A,0.0
MIR9-1,0.0
MIR654,0.0
MIR204,0.0
MIR511,0.0
MIR567,0.0
MIR552,0.0
MIR136,0.0
MIR634,0.0
MIR574,0.0
MIR516B1,0.0
MIR152,0.0
MIR328,0.0
MIR561,0.0
MIR624,0.0
MIR138-1,0.0
MIR579,0.0
MIR105-1,0.0
MIR656,0.0
MIR153-2,0.0
MIR496,0.0
MIR30C1,0.0
MIR569,0.0
MIR629,0.0
MIR620,0.0
MIR507,0.0
MIR660,0.0
MIR125B1,0.0
MIR638,0.0
MIR589,0.0
MIR557,0.0
MIR181B1,0.0
MIR607,0.0
MIR154,0.0
MIR527,0.0
MIR23A,0.0
MIR519D,0.0
MIR548B,0.0
MIR613,0.0
MIR513A2,0.0
MIR518E,0.0
MIR576,0.0
MIR493,0.0
MIR182,0.0
MIR601,0.0
MIR519A1,0.0
MIR134,0.0
MIR100,0.0
MIR325,0.0
MIR301A,0.0
MIR644A,0.0
MIR509-1,0.0
MIR431,0.0
MIR643,0.0
MIR549A,0.0
MIR323B,0.0
MIR503,0.0
MIR16-1,0.0
MIR125A,0.0
MIR130A,0.0
MIRLET7F2,0.0
MIR652,0.0
MIR653,0.0
MIR362,0.0
MIR140,0.0
MIR645,0.0
MIR618,0.0
MIR185,0.0
MIR199A2,0.0
MIR591,0.0
MIR485,0.0
MIR616,0.0
MIR548A3,0.0
MIR609,0.0
MIR106B,0.0
MIR320A,0.0
SNORA40B,0.0
SNORD94,0.0
SNORD73A,0.0
SNORA35,0.0
SNORD96B,0.0
SNORA49,0.0
SNORD12C,0.0
MT-TL1,0.0
SNORD83B,0.0
SNORD83A,0.0
SNORA48,0.0
SNORD105,0.0
SNORD41,0.0
MT-TF,0.0
MT-TV,0.0
MT-RNR2,0.0
MT-TI,0.0
MT-TQ,0.0
MT-TM,0.0
MT-TW,0.0
MT-TA,0.0
MT-TN,0.0
MT-TC,0.0
MT-TY,0.0
MT-TS1,0.0
MT-TD,0.0
MT-TK,0.0
MT-TG,0.0
MT-TR,0.0
MT-TH,0.0
RNU6ATAC4P,0.0
MT-TS2,0.0
MT-TL2,0.0
MT-TE,0.0
MT-TT,0.0
MT-TP,0.0
RNU6ATAC2P,0.0
RNU6ATAC3P,0.0
MIR196A1,0.0
SNORA40,0.0
RNU6ATAC5P,0.0
RNU6ATAC26P,0.0
MIR190A,0.0
GNRHR2,0.0
AKR7L,0.0
MT-RNR1,0.0
MIR320D1,0.0
MIR320E,0.0
MIR454,0.0
MIR216B,0.0
MIR526A2,0.0
MIR501,0.0
MIR320B1,0.0
MIR3065,0.0
MIR670,0.0
MIR770,0.0
MIR760,0.0
MIR766,0.0
MIR759,0.0
MIR769,0.0
MIR765,0.0
MIR758,0.0
MIR767,0.0
MIR802,0.0
MIR762,0.0
MIR676,0.0
MIR708,0.0
MIR509-2,0.0
MIR509-3,0.0
MIR548U,0.0
MIR550A3,0.0
MIR374B,0.0
MIR548BA,0.0
MIR543,0.0
MIR320C2,0.0
MIR764,0.0
MIR301B,0.0
TAS2R15P,0.0
RNU6-1168P,0.0
ENSG00000212134,0.0
SNORD67,0.0
RNU6-696P,0.0
RNA5SP372,0.0
RNU6-1320P,0.0
U8,0.0
U8,0.0
RNU6-910P,0.0
RNU6-1106P,0.0
ENSG00000212149,0.0
RNU1-82P,0.0
RNA5SP377,0.0
RNU6-576P,0.0
RNU6-1319P,0.0
SNORD66,0.0
RNU6-205P,0.0
ENSG00000212161,0.0
SNORD91A,0.0
U3,0.0
RNU6-763P,0.0
ENSG00000212168,0.0
RNU1-77P,0.0
RNA5SP86,0.0
RNU1-149P,0.0
ENSG00000212175,0.0
RNA5SP207,0.0
ENSG00000212181,0.0
U3,0.0
RNU6-440P,0.0
RNU6-258P,0.0
ENSG00000212187,0.0
RNU6-328P,0.0
RNU6-298P,0.0
ENSG00000212191,0.0
U3,0.0
RNU6-127P,0.0
RNA5SP91,0.0
Y_RNA,0.0
ENSG00000212206,0.0
RNU6-1321P,0.0
U3,0.0
SNORA48B,0.0
RNU6-913P,0.0
RNU6-816P,0.0
RNU6-604P,0.0
RNU6-220P,0.0
ENSG00000212224,0.0
RNU6-907P,0.0
ENSG00000212228,0.0
ENSG00000212229,0.0
RNU6-747P,0.0
SNORD17,0.0
RNA5SP18,0.0
RNA5SP244,0.0
RNU6-930P,0.0
Y_RNA,0.0
RNA5SP219,0.0
RNU6-360P,0.0
RNU6-278P,0.0
RNU6-750P,0.0
U8,0.0
RNA5SP376,0.0
RNU6-1176P,0.0
RNA5SP176,0.0
RNU6-308P,0.0
RNU6-724P,0.0
SNORD65C,0.0
RNA5SP185,0.0
ENSG00000212266,0.0
RNU6-788P,0.0
ENSG00000212270,0.0
ENSG00000212273,0.0
RNA5SP292,0.0
SNORD81,0.0
ENSG00000212279,0.0
RNA5SP256,0.0
RNU6-578P,0.0
SNORD89,0.0
RNA5SP339,0.0
RNU6-239P,0.0
ENSG00000212293,0.0
SNORD28B,0.0
SNORD72,0.0
RNU6-821P,0.0
RNU6-1009P,0.0
ENSG00000212302,0.0
RNU6-1154P,0.0
SNORD12,0.0
RNU6-679P,0.0
Y_RNA,0.0
RNA5SP23,0.0
SNORD70B,0.0
RNA5SP109,0.0
RNU6-1307P,0.0
RNU6-1228P,0.0
Y_RNA,0.0
U3,0.0
RNU6-129P,0.0
Y_RNA,0.0
RNU6-882P,0.0
RNU6-316P,0.0
RNU6-244P,0.0
RNA5SP297,0.0
RNU6-780P,0.0
RNA5SP213,0.0
Y_RNA,0.0
RNA5SP210,0.0
ENSG00000212338,0.0
RNU6-739P,0.0
ENSG00000212342,0.0
RNU6-823P,0.0
RNU6-700P,0.0
ENSG00000212347,0.0
RNU6-1300P,0.0
RNU6-1242P,0.0
RNU6-837P,0.0
RNU6-550P,0.0
RNU6-1177P,0.0
ENSG00000212363,0.0
RNA5SP332,0.0
RNU6-1246P,0.0
RNU6-1000P,0.0
RNU6-482P,0.0
ENSG00000212371,0.0
RNA5SP171,0.0
RNU6-401P,0.0
ENSG00000212377,0.0
ENSG00000212378,0.0
RNU6-269P,0.0
SNORD115-45,0.0
RNU6-159P,0.0
ENSG00000212383,0.0
SNORD113-2,0.0
RNU6-817P,0.0
RNU6-1055P,0.0
RNU6-796P,0.0
RNU6-1275P,0.0
ENSG00000212391,0.0
Y_RNA,0.0
ENSG00000212395,0.0
RNA5SP323,0.0
ENSG00000212397,0.0
RNU6-1248P,0.0
SNORA74B,0.0
Y_RNA,0.0
RNU6-663P,0.0
RNY4P18,0.0
RNU6-932P,0.0
SNORD115,0.0
RNU11-3P,0.0
SNORD77B,0.0
ENSG00000212415,0.0
RNY4P36,0.0
RNU6-1111P,0.0
ENSG00000212421,0.0
U3,0.0
RNU1-119P,0.0
RNA5SP105,0.0
SNORD115,0.0
RNU11-6P,0.0
SNORA75,0.0
RNA5SP252,0.0
U3,0.0
SNORA75,0.0
RNU6-1269P,0.0
RNU6-243P,0.0
SNORA53,0.0
ENSG00000212445,0.0
RNU6-131P,0.0
SNORD90,0.0
Y_RNA,0.0
RNU6-241P,0.0
RNU11-4P,0.0
SNORD69,0.0
RNA5SP286,0.0
ENSG00000212455,0.0
RNU6-644P,0.0
ENSG00000212458,0.0
RNU6-695P,0.0
RNU6-460P,0.0
ENSG00000212461,0.0
SNORA12,0.0
RNU6-952P,0.0
RNU6-754P,0.0
RNU6-1158P,0.0
RNU1-101P,0.0
RNU6-400P,0.0
U3,0.0
RNU6-530P,0.0
RNU6-1197P,0.0
RNU6-1109P,0.0
ENSG00000212490,0.0
SNORD19,0.0
RNU6-332P,0.0
RNU6-1093P,0.0
RNA5SP465,0.0
SNORD86,0.0
RNA5SP300,0.0
RNA5SP299,0.0
RNU6-972P,0.0
U3,0.0
Y_RNA,0.0
RNU6-1268P,0.0
ENSG00000212517,0.0
RNU11-5P,0.0
RNU6-1250P,0.0
RNU6-918P,0.0
RNA5SP212,0.0
RNU6-466P,0.0
RNA5SP63,0.0
SNORD115-47,0.0
ENSG00000212529,0.0
ENSG00000212532,0.0
SNORA75,0.0
SNORD70,0.0
RNU6-808P,0.0
RNA5SP474,0.0
U3,0.0
U3,0.0
RNU6-510P,0.0
RNA5SP496,0.0
RNU6-337P,0.0
RNU6-995P,0.0
RNA5SP354,0.0
RNU1-78P,0.0
U3,0.0
SNORD116,0.0
RNU6-192P,0.0
Y_RNA,0.0
ENSG00000212558,0.0
RNA5SP35,0.0
RNU6-630P,0.0
RNU6-381P,0.0
RNU6-1326P,0.0
ENSG00000212565,0.0
ENSG00000212567,0.0
RNU6-1254P,0.0
Y_RNA,0.0
RNA5SP482,0.0
RNU6-903P,0.0
RNA5SP467,0.0
ENSG00000212579,0.0
SNORA75,0.0
U8,0.0
RNU6-587P,0.0
ENSG00000212586,0.0
SNORA40C,0.0
SNORA26,0.0
ENSG00000212589,0.0
ENSG00000212590,0.0
SNORA75,0.0
U8,0.0
RNA5SP525,0.0
RNU6-876P,0.0
U3,0.0
RNU6-279P,0.0
RNA5SP53,0.0
ENSG00000212604,0.0
RNU1-56P,0.0
SNORA3B,0.0
ENSG00000212608,0.0
RNU1-139P,0.0
U3,0.0
SNORD30,0.0
RNU6-1239P,0.0
SNORD58,0.0
ENSG00000212618,0.0
SNORA75,0.0
RNU6-493P,0.0
ENSG00000212624,0.0
RNA5SP397,0.0
ENSG00000212626,0.0
RNA5SP241,0.0
RPL17P39,0.0
ENSG00000212695,0.0
ENSG00000212712,0.0
DEFB117,0.0
HMGN2P8,0.0
ST13P5,0.0
RPL15P3,0.0
RPS26P3,0.0
RPL23AP4,0.0
ENSG00000212952,0.0
HNRNPA1P40,0.0
ENSG00000212989,0.0
RPS26P6,0.0
BTF3P12,0.0
PTTG3P,0.0
RPS15AP36,0.0
VN2R17P,0.0
ENSG00000213016,0.0
PABPN1P1,0.0
COX20P1,0.0
CFL1P4,0.0
KIAA1191P3,0.0
NDUFA3P3,0.0
AURKAP1,0.0
RPL23AP80,0.0
ENSG00000213036,0.0
RPL17P8,0.0
ENSG00000213045,0.0
EEF1A1P32,0.0
OR5S1P,0.0
HNRNPA1P34,0.0
TPM3P1,0.0
RPL5P5,0.0
EEF1B2P7,0.0
ENSG00000213058,0.0
ENSG00000213060,0.0
PFN1P11,0.0
RPL29P7,0.0
ENSG00000213065,0.0
ENSG00000213067,0.0
ENSG00000213068,0.0
KRT8P40,0.0
HMGB3P6,0.0
LPAL2,0.0
CHP1P2,0.0
RPL31P11,0.0
ENSG00000213076,0.0
ENSG00000213078,0.0
ENSG00000213080,0.0
ARPC1BP1,0.0
PPP1R14BP2,0.0
VPS26CP1,0.0
ENSG00000213087,0.0
PDCL3P5,0.0
SCYL2P1,0.0
PHB1P1,0.0
KRT18P68,0.0
NPM1P46,0.0
AHCYP5,0.0
BTF3L4P3,0.0
RPL7AP37,0.0
RNF11P1,0.0
COX5BP2,0.0
TUBB8P8,0.0
ENSG00000213115,0.0
MEMO1P2,0.0
CHCHD2P4,0.0
LIN28AP1,0.0
RPL23AP46,0.0
TXNL4AP1,0.0
RPL32P31,0.0
EEF1DP5,0.0
YWHAZP4,0.0
PPP1R14BP5,0.0
ARF1P2,0.0
ELK2AP,0.0
ENSG00000213144,0.0
RPL23AP60,0.0
JPT1P1,0.0
CNN2P9,0.0
ENSG00000213150,0.0
RPL7AP60,0.0
ENSG00000213153,0.0
ZCCHC10P1,0.0
RPL32P10,0.0
GAPDHP36,0.0
CEND1P1,0.0
Metazoa_SRP,0.0
RPL8P4,0.0
SAR1AP2,0.0
ENSG00000213172,0.0
RPL28P1,0.0
RPL13P6,0.0
PRDX2P4,0.0
RPL22P1,0.0
RPL17P41,0.0
RPL36AP48,0.0
OR10N1P,0.0
OR10D5P,0.0
RPS7P8,0.0
SAE1P1,0.0
COPS5P1,0.0
YBX1P4,0.0
BTF3L4P2,0.0
CDK7P1,0.0
NUDCP1,0.0
FABP5P10,0.0
STRADBP1,0.0
ENSG00000213209,0.0
RPL32P17,0.0
KRT18P64,0.0
NCLP1,0.0
ENSG00000213216,0.0
TOMM40P4,0.0
NOC2LP1,0.0
ENSG00000213226,0.0
RPL12P38,0.0
PPP1R2P10,0.0
RPL23AP62,0.0
ST13P10,0.0
EEF1A1P16,0.0
YWHAZP2,0.0
PTMAP10,0.0
ENSG00000213238,0.0
NPM1P32,0.0
H3P4,0.0
ENSG00000213247,0.0
RBMS2P1,0.0
ENSG00000213252,0.0
RPL12P42,0.0
YWHAZP5,0.0
EEF1B2P6,0.0
VDAC2P3,0.0
NIP7P2,0.0
RPS6P26,0.0
RPL6P25,0.0
RPL7AP9,0.0
IFITM9P,0.0
MARCKSL1P1,0.0
ENSG00000213280,0.0
RPL23AP45,0.0
ENSG00000213287,0.0
PGK1P2,0.0
RPL31P39,0.0
RPL28P5,0.0
RPL22P10,0.0
ENSG00000213296,0.0
HNRNPA3P6,0.0
HMGB3P11,0.0
RPL31P37,0.0
RPS12P32,0.0
RPL18AP13,0.0
HNRNPCP6,0.0
RPL18P11,0.0
RPL9P18,0.0
CYCSP19,0.0
RPL7AP34,0.0
ENSG00000213315,0.0
ENSG00000213318,0.0
RPS7P11,0.0
ENSG00000213328,0.0
ENSG00000213331,0.0
SLC25A5P6,0.0
NPM1P50,0.0
CLNS1AP1,0.0
ATF4P1,0.0
RPL21P18,0.0
PCNPP3,0.0
GAPDHP44,0.0
CNN2P8,0.0
NAA50P2,0.0
RPL36P12,0.0
FTH1P12,0.0
RPS3P6,0.0
ENSG00000213365,0.0
ST13P11,0.0
RANP6,0.0
NAP1L1P3,0.0
GAPDHP71,0.0
PP1P,0.0
EIF4E2P1,0.0
RPL7AP39,0.0
ENSG00000213386,0.0
ENSG00000213393,0.0
RPSAP46,0.0
RPS2P17,0.0
RPL12P18,0.0
CISD1P1,0.0
ANXA2P1,0.0
C1QBPP2,0.0
RBM22P2,0.0
HNRNPA1P33,0.0
ENSG00000213414,0.0
RPL7AP17,0.0
RBMX2P2,0.0
HSPD1P1,0.0
ABRAXAS1P1,0.0
RPL17P34,0.0
RPLP1P6,0.0
VTI1BP2,0.0
ATP6V0CP3,0.0
YBX2P1,0.0
OR5AC1,0.0
H2AZP1,0.0
RPL18AP3,0.0
NPM1P7,0.0
RPS23P2,0.0
GAPDHP28,0.0
VDAC1P7,0.0
OR6C69P,0.0
AKR1B1P2,0.0
FTH1P3,0.0
PPIAP82,0.0
RPL32P15,0.0
HMGB1P37,0.0
RPL31P51,0.0
CFL1P2,0.0
KIAA1191P1,0.0
NDUFAF4P2,0.0
EIF4A1P8,0.0
ENSG00000213486,0.0
ASS1P4,0.0
ENSG00000213488,0.0
FBLIM1P1,0.0
NT5C3AP1,0.0
ACTN4P1,0.0
RPL26P13,0.0
TPT1P13,0.0
LAP3P2,0.0
PPIAP16,0.0
IMPDH1P5,0.0
ENSG00000213514,0.0
RPL36P7,0.0
RAC1P5,0.0
FAM32CP,0.0
SETP8,0.0
ENSG00000213527,0.0
RPL32P22,0.0
MTHFD2P5,0.0
GNG5P1,0.0
KRT8P41,0.0
YBX1P6,0.0
TXN2P1,0.0
RPL7AP43,0.0
RARRES2P2,0.0
VN1R64P,0.0
PPIAP81,0.0
ENSG00000213549,0.0
RPLP0P6,0.0
ENSG00000213556,0.0
RPL31P43,0.0
HMGN2P32,0.0
HNRNPA1P64,0.0
ENSG00000213560,0.0
ENSG00000213561,0.0
HNRNPA1P13,0.0
GTF3C6P2,0.0
LDHAP5,0.0
RPL29P5,0.0
ENSG00000213587,0.0
ENSG00000213590,0.0
PPIAP42,0.0
GAPDHP25,0.0
RPL31P4,0.0
SLX1A-SULT1A3,0.0
KRT18P19,0.0
NAA50P1,0.0
ENSG00000213605,0.0
AKR1B10P1,0.0
OR4A45P,0.0
SLC25A14P1,0.0
RPL7AP50,0.0
FAM220CP,0.0
RPL11P3,0.0
RPL21P70,0.0
RPSAP54,0.0
BOLA3P3,0.0
EEF1DP4,0.0
RPL7AP4,0.0
ENSG00000213642,0.0
VN1R37P,0.0
SAPCD2P1,0.0
SLC25A1P3,0.0
ENSG00000213650,0.0
HMGB3P30,0.0
RPL22P22,0.0
ENSG00000213655,0.0
RPL31P44,0.0
RSU1P3,0.0
ENSG00000213661,0.0
RPL21P58,0.0
RPS16P8,0.0
PGGT1BP1,0.0
RPL21P86,0.0
OLA1P2,0.0
SLC25A5P3,0.0
SNRPA1P2,0.0
LDHBP2,0.0
ENSG00000213690,0.0
SEC14L1P1,0.0
RPS7P14,0.0
CTBP2P6,0.0
CAPZA1P3,0.0
RPL17P50,0.0
SETP22,0.0
RPL13AP9,0.0
EEF1A1P15,0.0
RHOG2P,0.0
HMGB1P10,0.0
SLC16A14P1,0.0
PHB1P7,0.0
PIGCP1,0.0
FABP5P5,0.0
ENSG00000213717,0.0
HMGN2P30,0.0
PRDX2P2,0.0
RPS2P52,0.0
SSBP3P3,0.0
RPS16P2,0.0
POLD2P1,0.0
RAB5CP1,0.0
ANAPC10P1,0.0
BRI3P2,0.0
PPIAP68,0.0
SERBP1P1,0.0
RPS10P14,0.0
WASHC3P1,0.0
ENSG00000213750,0.0
ENSG00000213752,0.0
CENPBD2P,0.0
KPNA4P1,0.0
RPL29P15,0.0
RPS3AP20,0.0
MT1P1,0.0
ACTBP2,0.0
FAM210CP,0.0
KRT8P37,0.0
EIF1P7,0.0
ENSG00000213774,0.0
ENSG00000213777,0.0
HNRNPA1P32,0.0
RPL29P21,0.0
PSMC1P2,0.0
RPL35P4,0.0
AKR1B1P3,0.0
NHP2P2,0.0
RPL7AP38,0.0
OLA1P1,0.0
ENSG00000213791,0.0
RPL7AP41,0.0
ZNF321P,0.0
CNN2P4,0.0
RPL13P2,0.0
CFL1P5,0.0
TMX2P1,0.0
SUGT1P2,0.0
RPL31P18,0.0
ENSG00000213851,0.0
CNN2P6,0.0
VDAC1P2,0.0
ACTBP15,0.0
RPL21P75,0.0
RPL7AP62,0.0
EEF1B2P2,0.0
YBX1P10,0.0
ENSG00000213867,0.0
TAF9BP1,0.0
RPL32P11,0.0
PPIAP86,0.0
ENSG00000213875,0.0
RPL7AP64,0.0
CFL1P7,0.0
RPL7AP7,0.0
NPM1P6,0.0
CYB5AP4,0.0
RPL13AP7,0.0
RPL3P6,0.0
RPL31P8,0.0
RPS17P1,0.0
CYP2A7P1,0.0
OR2G1P,0.0
RPL13P,0.0
RPL5P8,0.0
HNRNPH1P2,0.0
NPM1P33,0.0
MSRB1P1,0.0
RPL22P16,0.0
SEPHS1P6,0.0
ENSG00000213939,0.0
RPL13AP13,0.0
RPL31P10,0.0
KRT18P17,0.0
DNAJB1P1,0.0
RPS10P2,0.0
ATP5PDP3,0.0
ENSG00000213956,0.0
KRT18P29,0.0
ENSG00000213959,0.0
API5P2,0.0
CHCHD4P4,0.0
ENSG00000213970,0.0
HNRNPA3P17,0.0
ENSG00000213976,0.0
RPL7AP14,0.0
ACTR2P2,0.0
RPL36AP9,0.0
PGAM1P7,0.0
ATP5PBP3,0.0
PCNAP3,0.0
KRT18P38,0.0
RPL32P23,0.0
RPSAP61,0.0
RRM2P3,0.0
RBM39P1,0.0
FTLP4,0.0
RPL23AP29,0.0
ATP5PBP4,0.0
ARPC3P5,0.0
CLDN7P1,0.0
ENSG00000214035,0.0
PGAM1P4,0.0
IMPDH1P2,0.0
RPS11P7,0.0
ARF4P3,0.0
RPL7P17,0.0
RPL6P5,0.0
ENSG00000214067,0.0
MANEALP1,0.0
FTH1P29,0.0
RPL21P17,0.0
RPL23AP39,0.0
CPSF1P1,0.0
GNAQP1,0.0
CYP4F30P,0.0
RPL9P21,0.0
RPS18P14,0.0
PLAC9P1,0.0
TPT1P5,0.0
LDHAP4,0.0
PAFAH1B2P1,0.0
PRDX1P1,0.0
SNRPEP9,0.0
SNRPNP2,0.0
ENSG00000214132,0.0
SDHAP4,0.0
ACTN4P2,0.0
RPL7P60,0.0
ENSG00000214144,0.0
ENAHP1,0.0
SDC4P,0.0
AMZ2P1,0.0
PLEKHM1P1,0.0
PPIAP23,0.0
PTMAP5,0.0
XPOTP1,0.0
RNF152P1,0.0
UBE2V1P2,0.0
HMGN2P31,0.0
TTC41P,0.0
EEF1A1P12,0.0
TPM3P2,0.0
RPS4XP1,0.0
HNRNPA1P43,0.0
KRT18P10,0.0
NGRNP1,0.0
CTAGE14P,0.0
TUBBP2,0.0
HNRNPA1P10,0.0
ENSG00000214243,0.0
SETP21,0.0
PUDPP3,0.0
CTAGE11P,0.0
AZGP1P2,0.0
ENSG00000214254,0.0
RPS2P6,0.0
RPL10AP12,0.0
ANKRD36BP1,0.0
RPSAP53,0.0
KCTD9P4,0.0
STARP1,0.0
RPS3AP33,0.0
LGMNP1,0.0
AGGF1P1,0.0
ENSG00000214278,0.0
DTWD1P1,0.0
HMGN2P39,0.0
KRT8P14,0.0
RAD51AP1P1,0.0
PDCL3P3,0.0
HMGB3P13,0.0
RPL39P5,0.0
FOXO1B,0.0
ALDOAP2,0.0
MRPS21P6,0.0
MAF1P1,0.0
Metazoa_SRP,0.0
AZGP1P1,0.0
ATP5MC1P6,0.0
CXADRP1,0.0
CBX1P4,0.0
CBX1P2,0.0
RPL31P1,0.0
SLC9B1P2,0.0
ABCD1P5,0.0
PDPR2P,0.0
CTAGE16P,0.0
ATP5PBP2,0.0
OR4F13P,0.0
OR1X5P,0.0
PAFAH1B1P1,0.0
RPL18P10,0.0
RPS3AP36,0.0
EIF4EP5,0.0
CYB5AP2,0.0
RPLP2P1,0.0
NFYBP1,0.0
RPS3AP26,0.0
TUBAP2,0.0
RAP1BP2,0.0
KRT18P13,0.0
FAM149B1P1,0.0
LRRC37A4P,0.0
NPM1P10,0.0
CYCSP6,0.0
GOLGA2P8,0.0
NIFKP1,0.0
FAM185BP,0.0
RCN1P2,0.0
RPL7P29,0.0
TPT1P6,0.0
SMARCE1P6,0.0
RPSAP28,0.0
RPL7P1,0.0
OR7E148P,0.0
KRT42P,0.0
ENSG00000214525,0.0
RPS10P30,0.0
KRT18P33,0.0
RPS15AP1,0.0
RPS4XP3,0.0
GTF2IRD2P1,0.0
SDHCP2,0.0
COPS8P2,0.0
LRRC37A11P,0.0
ZC3H11C,0.0
RPL21P41,0.0
RBBP4P4,0.0
GAPDHP15,0.0
HMGN2P15,0.0
ZNF971P,0.0
PGGT1BP2,0.0
ENSG00000214593,0.0
CTBP2P5,0.0
NPM1P36,0.0
ADAM24P,0.0
RPS19P1,0.0
SLC6A10P,0.0
POLR3DP1,0.0
NDUFB5P2,0.0
RPSAP6,0.0
RPS15AP20,0.0
COMMD4P1,0.0
ENSG00000214651,0.0
HNRNPA3P3,0.0
RPLP1P5,0.0
KRT8P26,0.0
SLC29A4P2,0.0
SLC29A4P1,0.0
C14orf119P1,0.0
RPL6P12,0.0
RPL9P16,0.0
ANKRD49P4,0.0
NPAP1P2,0.0
COMMD4P2,0.0
KRT18P49,0.0
RPL5P35,0.0
MRPS5P3,0.0
GOT2P6,0.0
ENSG00000214748,0.0
SRSF8CP,0.0
RPL36AP2,0.0
RPL21P1,0.0
HNRNPA1P15,0.0
SEPTIN7P2,0.0
ENSG00000214776,0.0
RPS3AP21,0.0
ENSG00000214788,0.0
KRT18P42,0.0
TUBA5P,0.0
NPM1P31,0.0
CYCSP55,0.0
ARL8BP2,0.0
IMPDH1P3,0.0
MPRIPP1,0.0
HMGB1P4,0.0
KRT16P3,0.0
NXT1P1,0.0
EI24P3,0.0
DDX12P,0.0
UPF3AP2,0.0
RPL23AP6,0.0
LINC01347,0.0
ZFYVE9P2,0.0
ENSG00000214846,0.0
PPIAP79,0.0
APOC1P1,0.0
KRT16P1,0.0
SEM1P1,0.0
SRSF9P1,0.0
TPM3P4,0.0
MED28P1,0.0
RPL5P31,0.0
OR7E5P,0.0
TMEM14DP,0.0
ENSG00000214883,0.0
FAM177A1P1,0.0
RPS9P1,0.0
ENSG00000214890,0.0
USP8P1,0.0
RPSAP55,0.0
RPS15AP3,0.0
DUTP8,0.0
ENSG00000214908,0.0
RPL23AP3,0.0
ENSG00000214917,0.0
RPL36AP52,0.0
KRT8P6,0.0
NT5DC1P2,0.0
CHCHD3P3,0.0
PPIAP29,0.0
VDAC2P1,0.0
ENSG00000214980,0.0
RPL7AP26,0.0
AKAP17BP,0.0
CCNB2P1,0.0
GAPDHP77,0.0
RPL23AP59,0.0
RPL15P20,0.0
MESTP4,0.0
HSPD1P7,0.0
CHCHD2P2,0.0
DNAJA1P3,0.0
RPL24P7,0.0
RPL13P12,0.0
GNL3LP1,0.0
DSTNP4,0.0
FDPSP5,0.0
VENTXP2,0.0
GLULP6,0.0
PRDX2P1,0.0
HNRNPCP10,0.0
PKMP5,0.0
RPL21P2,0.0
DUSP8P1,0.0
XRCC6P5,0.0
GTF3C6P1,0.0
NPM1P24,0.0
RPS5P3,0.0
KRT18P11,0.0
EEF1A1P29,0.0
ENSG00000215094,0.0
IFITM8P,0.0
ENSG00000215097,0.0
TERF1P4,0.0
TTC3P1,0.0
UGT2B25P,0.0
SOCS6P1,0.0
AMD1P4,0.0
SYT14P1,0.0
ENSG00000215146,0.0
KRT18P32,0.0
ABCD1P2,0.0
ENSG00000215154,0.0
ENSG00000215156,0.0
GUSBP18,0.0
OR7E122P,0.0
TCEA1P3,0.0
ATXN7L3P1,0.0
MAPK6P4,0.0
RPS12P16,0.0
PGAM4P1,0.0
ENSG00000215198,0.0
YWHAZP6,0.0
KRT18P60,0.0
RBMXP2,0.0
UBA52P6,0.0
CYP51A1P3,0.0
NUTF2P5,0.0
RPL7P33,0.0
ENSG00000215237,0.0
ENSG00000215263,0.0
RPL10AP3,0.0
AKR1C7P,0.0
USP10P3,0.0
TOMM40P2,0.0
RPS7P6,0.0
HMGB3P24,0.0
CHMP5P1,0.0
SRSF6P1,0.0
ENSG00000215288,0.0
TMCO5B,0.0
ENSG00000215297,0.0
WHAMMP4,0.0
ENSG00000215304,0.0
ENSG00000215310,0.0
NPM1P12,0.0
RPL6P30,0.0
THUMPD1P1,0.0
EIF5P1,0.0
ASS1P10,0.0
GPX1P2,0.0
KRT18P23,0.0
ZNF705CP,0.0
SLC25A5P1,0.0
MRPL3P1,0.0
PPIAP1,0.0
C1QBPP1,0.0
FAM90A24,0.0
HSPD1P8,0.0
TMED11P,0.0
BOD1P2,0.0
RPL37P3,0.0
DEFB108C,0.0
FAM90A5,0.0
DEFT1P,0.0
ENSG00000215380,0.0
RPL29P6,0.0
ACTG1P3,0.0
ENSG00000215398,0.0
HMGB3P7,0.0
ENSG00000215409,0.0
PSMA6P1,0.0
PEX12P1,0.0
CTAGE12P,0.0
RPL29P35,0.0
SRMP1,0.0
RPS2P54,0.0
ZNF663P,0.0
BCRP4,0.0
RPS8P3,0.0
RPS10P29,0.0
RPL27AP,0.0
RCN1P1,0.0
CES5AP1,0.0
OR7E37P,0.0
BCRP3,0.0
CALM2P3,0.0
ARL2BPP3,0.0
HNRNPA1P7,0.0
KLHL12P1,0.0
TPTE2P4,0.0
RBMY2DP,0.0
ENSG00000215512,0.0
IFIT1P1,0.0
RPS4XP4,0.0
ZNF736P11Y,0.0
RBMY2CP,0.0
BCRP7,0.0
DKKL1P1,0.0
FRG1JP,0.0
KRT18P3,0.0
ANKRD20A11P,0.0
CNN2P7,0.0
ENSG00000215567,0.0
GRK6P1,0.0
ESRRAP1,0.0
BCORP1,0.0
ASS1P6,0.0
SRSF10P2,0.0
KANK1P1,0.0
TSPY24P,0.0
ZNF92P1Y,0.0
ZNF962P,0.0
KRT18P35,0.0
GUSBP9,0.0
MFFP1,0.0
MRPL20P1,0.0
TAF9BP2,0.0
ENSG00000215765,0.0
ARHGAP27P1-BPTFP1-KPNA2P3,0.0
LRRC37A14P,0.0
CFL1P6,0.0
ENSG00000215795,0.0
ENSG00000215796,0.0
RSL24D1P4,0.0
RFKP1,0.0
ENSG00000215805,0.0
KRT18P65,0.0
BTNL10P,0.0
ZNF847P,0.0
KRT18P12,0.0
QRSL1P1,0.0
FMO9P,0.0
ENSG00000215835,0.0
SDHAP2,0.0
ENSG00000215838,0.0
ENSG00000215840,0.0
MPTX1,0.0
ENSG00000215861,0.0
NBPF7P,0.0
KRT18P57,0.0
THAP3P1,0.0
ENSG00000215871,0.0
FEN1P1,0.0
CAPNS1P1,0.0
ST13P20,0.0
MARCKSL1P2,0.0
ZNF859P,0.0
RPL23AP17,0.0
HSPA5P1,0.0
EEF1A1P46,0.0
SELENOWP1,0.0
RPL36P5,0.0
CROCCP2,0.0
BRWD1P1,0.0
MMP23A,0.0
MIR942,0.0
MIR190B,0.0
MIR873,0.0
MIR892A,0.0
MIR921,0.0
MIR300,0.0
MIR297,0.0
MIR876,0.0
MIR933,0.0
MIR208B,0.0
MIR450B,0.0
MIR888,0.0
MIR874,0.0
MIR298,0.0
MIR938,0.0
MIR891A,0.0
MIR944,0.0
MIR934,0.0
MIR891B,0.0
MIR875,0.0
MIR890,0.0
MIR887,0.0
MIR892B,0.0
MIR889,0.0
MIR877,0.0
MIR885,0.0
MIR941-2,0.0
MIR513C,0.0
MIR541,0.0
MIR8485,0.0
MIR920,0.0
MIR941-4,0.0
FABP12P1,0.0
ENSG00000216285,0.0
KRT19P2,0.0
NAA40P1,0.0
RPL13AP15,0.0
ENSG00000216324,0.0
H1-12P,0.0
RPL10P10,0.0
ENSG00000216352,0.0
ENSG00000216359,0.0
ENSG00000216360,0.0
MRPL42P2,0.0
RPL37P15,0.0
RPL7AP36,0.0
ENSG00000216378,0.0
RPL12P2,0.0
PIMREGP2,0.0
H2AC2P,0.0
DUTP5,0.0
RAET1M,0.0
RPSAP43,0.0
ENSG00000216475,0.0
RPL21P69,0.0
ENSG00000216516,0.0
EEF1GP6,0.0
ENSG00000216519,0.0
ENSG00000216523,0.0
ENSG00000216548,0.0
ENSG00000216613,0.0
RPL27AP7,0.0
ENSG00000216621,0.0
GAPDHP72,0.0
OR2W4P,0.0
RPL7P25,0.0
RPL7AP35,0.0
ENSG00000216642,0.0
GLRX3P2,0.0
ENSG00000216663,0.0
CCNYL3,0.0
RPL8P1,0.0
ENSG00000216687,0.0
CIR1P3,0.0
COX6A1P3,0.0
MTND4P13,0.0
RPL21P68,0.0
ENSG00000216721,0.0
NUDT19P3,0.0
ANXA2P3,0.0
HMGA1P7,0.0
RPL6P17,0.0
VN1R13P,0.0
ENSG00000216775,0.0
PRRC2CP1,0.0
RPL7L1P20,0.0
MTCH1P1,0.0
ENSG00000216809,0.0
ENSG00000216811,0.0
RPS12P14,0.0
R3HDM2P2,0.0
TUBB2BP1,0.0
ZNF736P10Y,0.0
FGF7P4,0.0
RBMXP1,0.0
ENSG00000216844,0.0
MTCYBP36,0.0
RPL17P26,0.0
DHFRP5,0.0
RPS2P55,0.0
RPL22P12,0.0
ZNF603P,0.0
RPL31P32,0.0
SOCS5P5,0.0
ENSG00000216906,0.0
TNPO3P2,0.0
GPR89P,0.0
RPL15P9,0.0
RPL7P58,0.0
ENSG00000216966,0.0
RPL21P65,0.0
HSPD1P10,0.0
CYP2AC1P,0.0
ENSG00000217004,0.0
RPL10P1,0.0
TPT1P4,0.0
RPS18P8,0.0
ENSG00000217041,0.0
MTCO3P31,0.0
ENSG00000217060,0.0
ENSG00000217067,0.0
ENSG00000217078,0.0
MTCO2P33,0.0
HMGB3P19,0.0
RPS29P13,0.0
PPIAP31,0.0
ENSG00000217120,0.0
RPS10P13,0.0
ENSG00000217135,0.0
ENSG00000217139,0.0
LARP1P1,0.0
MTCO2P31,0.0
ANKRD18EP,0.0
MTHFD2P2,0.0
FAM136FP,0.0
MTCYBP2,0.0
RPL21P63,0.0
ENSG00000217195,0.0
TFGP1,0.0
GSTA12P,0.0
ENSG00000217231,0.0
RPL34P16,0.0
CBX3P9,0.0
POM121L4P,0.0
TXNP7,0.0
RAB1AP2,0.0
ENSG00000217275,0.0
SSBP3P6,0.0
UQCRFS1P3,0.0
OR2W2P,0.0
PRELID1P1,0.0
RPS7P5,0.0
SSXP10,0.0
ENSG00000217331,0.0
ENSG00000217334,0.0
TUBB4BP7,0.0
AK4P5,0.0
RPL21P61,0.0
PSMC1P11,0.0
RPS4XP9,0.0
PRELID1P2,0.0
DDX18P3,0.0
ISCA1P1,0.0
ENSG00000217447,0.0
ENSG00000217477,0.0
HMGB1P17,0.0
ENSG00000217483,0.0
ENSG00000217488,0.0
ENSG00000217495,0.0
ENSG00000217512,0.0
ENSG00000217514,0.0
RPS16P5,0.0
IQCB2P,0.0
ENSG00000217557,0.0
CRIPTOP4,0.0
ENSG00000217576,0.0
MDH1P2,0.0
ENSG00000217612,0.0
YWHAZP10,0.0
ENSG00000217631,0.0
PTGES3P2,0.0
ENSG00000217644,0.0
H2BC16P,0.0
PARLP2,0.0
PIMREGP3,0.0
UBE2V1P15,0.0
RPS3AP24,0.0
NUS1P4,0.0
SERPINB8P1,0.0
RPS10P3,0.0
NDUFB4P4,0.0
CCT7P1,0.0
ENSG00000217746,0.0
NDUFAB1P1,0.0
ENSG00000217769,0.0
FEM1AP3,0.0
ENSG00000217776,0.0
LDHAL6FP,0.0
ENSG00000217786,0.0
ASS1P9,0.0
ENSG00000217801,0.0
UBE2D3P5,0.0
FAT1P1,0.0
HNRNPDP2,0.0
SNRPEP6,0.0
RBMXP5,0.0
H4C10P,0.0
OR4F7P,0.0
ENSG00000217878,0.0
KRT18P48,0.0
ZNF839P1,0.0
HSPE1P8,0.0
SEPTIN14P6,0.0
NOC2LP2,0.0
KRT19P1,0.0
ZKSCAN8P2,0.0
THAP12P5,0.0
ELF2P2,0.0
ENSG00000218029,0.0
ENSG00000218048,0.0
RPL31P33,0.0
ADAMTS7P4,0.0
RSL24D1P1,0.0
PERPP3,0.0
DNAJA1P4,0.0
EXOSC8P1,0.0
ENSG00000218125,0.0
ERHP2,0.0
KRT18P22,0.0
ENSG00000218173,0.0
ENSG00000218175,0.0
SLC25A5P7,0.0
KRT8P43,0.0
ENSG00000218187,0.0
POM121L14P,0.0
HLFP1,0.0
RPS20P32,0.0
RPS27AP11,0.0
FTH1P26,0.0
TATDN2P2,0.0
ENSG00000218227,0.0
NEPNP,0.0
RPA3P2,0.0
RPS4XP7,0.0
ENSG00000218274,0.0
H2AC9P,0.0
MORF4L1P1,0.0
RPL22P14,0.0
ENSG00000218313,0.0
MTMR9P1,0.0
HNRNPA1P1,0.0
LYPLA1P3,0.0
RPS3AP23,0.0
RAET1K,0.0
SUMO2P13,0.0
SLC25A20P1,0.0
ENSG00000218410,0.0
ENSG00000218418,0.0
NDUFS5P1,0.0
ENSG00000218426,0.0
NIP7P3,0.0
HNRNPA1P19,0.0
RPS27P15,0.0
RPS25P7,0.0
ACTG1P18,0.0
RPL6P18,0.0
ENSG00000218483,0.0
FCF1P10,0.0
ENSG00000218499,0.0
H2AZP3,0.0
SPTLC1P2,0.0
ENSG00000218520,0.0
ITGAEP1,0.0
ENSG00000218536,0.0
OR4K12P,0.0
ENSG00000218561,0.0
ENSG00000218565,0.0
HNRNPA1P37,0.0
ANKRD18FP,0.0
GAPDHP63,0.0
ENSG00000218586,0.0
ENSG00000218596,0.0
ENSG00000218617,0.0
ENSG00000218631,0.0
RPL7P28,0.0
RPL5P20,0.0
BRD7P4,0.0
ENSG00000218682,0.0
RPL5P21,0.0
H2AC10P,0.0
ST13P16,0.0
ENSG00000218713,0.0
RPL12P23,0.0
B3GALNT2P1,0.0
KRT18P44,0.0
ENSG00000218730,0.0
ENSG00000218732,0.0
DBIP1,0.0
RPL36P9,0.0
RPL18AP8,0.0
ENSG00000218757,0.0
ENSG00000218766,0.0
FAM8A6P,0.0
MTATP6P31,0.0
HSPD1P16,0.0
ENSG00000218793,0.0
GSTM2P1,0.0
AP3S1P1,0.0
ENSG00000218809,0.0
ENSG00000218813,0.0
ENSG00000218834,0.0
ENSG00000218857,0.0
CNN3P1,0.0
SLC25A6P6,0.0
ENSG00000218872,0.0
NUFIP1P1,0.0
SUMO2P12,0.0
TUBB8P2,0.0
PTMAP3,0.0
NACAP7,0.0
IMPDH1P9,0.0
FTH1P15,0.0
ANKRD39P1,0.0
CCNG1P1,0.0
ARL4AP5,0.0
RPS15AP19,0.0
RPS3AP2,0.0
ENSG00000219039,0.0
TRIM51FP,0.0
SOD1P1,0.0
NPM1P37,0.0
MTND4LP19,0.0
ENSG00000219088,0.0
DHFRP6,0.0
HNRNPA3P12,0.0
RPL21P19,0.0
RPL23AP48,0.0
TYMSP1,0.0
RPS4XP8,0.0
PPIAP87,0.0
ENSG00000219150,0.0
HMGB1P20,0.0
FTH1P19,0.0
CACYBPP3,0.0
ENSG00000219190,0.0
ENSG00000219201,0.0
RPL12P47,0.0
ENSG00000219240,0.0
AMZ2P2,0.0
RPS6P7,0.0
NPM1P38,0.0
OR2E1P,0.0
DNAJC2P1,0.0
RPS20P2,0.0
VN1R8P,0.0
ENSG00000219284,0.0
PIP5K1P1,0.0
MRPL42P3,0.0
ENSG00000219298,0.0
ENSG00000219302,0.0
ESDP1,0.0
ENSG00000219329,0.0
RPL31P52,0.0
RPSAP72,0.0
ZNF299P,0.0
ENSG00000219375,0.0
ENSG00000219384,0.0
ATF1P1,0.0
ENSG00000219391,0.0
ZNF602P,0.0
HSPA8P15,0.0
NGRNP4,0.0
ENSG00000219409,0.0
MBL3P,0.0
BTBD10P2,0.0
RPL23P8,0.0
ENSG00000219453,0.0
RPSAP42,0.0
RPS2P29,0.0
ENSG00000219487,0.0
TPT1P8,0.0
ENSG00000219492,0.0
ENSG00000219500,0.0
FTH1P8,0.0
ENSG00000219529,0.0
SELENOKP2,0.0
RPL17P25,0.0
ENSG00000219549,0.0
ENSG00000219553,0.0
ENSG00000219559,0.0
ZPR1P1,0.0
NGRNP2,0.0
HNRNPA1P58,0.0
NCSTNP1,0.0
ENSG00000219604,0.0
HIGD1AP16,0.0
ENSG00000219619,0.0
ENSG00000219622,0.0
CYCSP17,0.0
BMPR1AP1,0.0
GCNT1P4,0.0
ENSG00000219666,0.0
BECN1P2,0.0
ENSG00000219681,0.0
NUP50P2,0.0
FGF7P8,0.0
ENSG00000219699,0.0
PTCHD3P3,0.0
ENSG00000219702,0.0
RAP1BP3,0.0
MARK2P18,0.0
RPL26P20,0.0
NUP50P4,0.0
CD83P1,0.0
RPL32P16,0.0
ENSG00000219755,0.0
ENSG00000219757,0.0
ENSG00000219758,0.0
VN1R11P,0.0
RPSAP45,0.0
RPL21P67,0.0
ENSG00000219784,0.0
OSTCP6,0.0
PPIAP9,0.0
ATP5PBP6,0.0
ARF1P1,0.0
RPL23AP47,0.0
RPL31P28,0.0
ENSG00000219867,0.0
BRK1P1,0.0
GAPDHP42,0.0
ZSCAN12P1,0.0
RPL35P3,0.0
ENSG00000219928,0.0
GAPDHP67,0.0
RPL12P8,0.0
SPTLC1P3,0.0
KRT18P50,0.0
ENSG00000219951,0.0
BTF3P7,0.0
ENSG00000219992,0.0
RPS26P29,0.0
ENSG00000220030,0.0
RPL7P27,0.0
ENSG00000220076,0.0
LAP3P1,0.0
ENSG00000220105,0.0
RPL21P64,0.0
MTCYBP4,0.0
MRPL32P1,0.0
ENSG00000220130,0.0
ENSG00000220131,0.0
CPSF1P2,0.0
ENSG00000220139,0.0
ENSG00000220154,0.0
HNRNPA1P12,0.0
MTRES1P1,0.0
HMGB3P18,0.0
ENSG00000220204,0.0
OR4F1P,0.0
RPS24P12,0.0
ENSG00000220240,0.0
ZNF402P,0.0
ACTBP8,0.0
ENSG00000220291,0.0
HNRNPH1P1,0.0
RPL35AP18,0.0
H2BC19P,0.0
ENSG00000220326,0.0
MTCO1P56,0.0
PPIAP74,0.0
H3P28,0.0
GPR166P,0.0
ENSG00000220370,0.0
GSTA8P,0.0
KRT8P42,0.0
FCF1P5,0.0
PTPN11P3,0.0
TUBB3P1,0.0
ENSG00000220446,0.0
ENSG00000220447,0.0
RPS3P4,0.0
SLC25A51P1,0.0
YAP1P1,0.0
EIF4EBP2P3,0.0
ENSG00000220506,0.0
MTND4LP20,0.0
PGAM1P10,0.0
ASS1P1,0.0
ENSG00000220522,0.0
ENSG00000220537,0.0
ENSG00000220540,0.0
PPIHP2,0.0
RPL5P19,0.0
ENSG00000220556,0.0
HMGB1P13,0.0
PKMP3,0.0
VN1R12P,0.0
RPL35P2,0.0
DDX18P6,0.0
TUBBP9,0.0
SSR1P1,0.0
ENSG00000220600,0.0
RPL34P14,0.0
KRASP1,0.0
ENSG00000220643,0.0
ENSG00000220660,0.0
RCC2P7,0.0
TFB2MP1,0.0
RPL17P23,0.0
ENSG00000220695,0.0
OR1F12P,0.0
ENSG00000220725,0.0
H3P27,0.0
MTND3P20,0.0
CMPK1P1,0.0
ENSG00000220739,0.0
RPL5P18,0.0
C11orf98P2,0.0
ISG20L2P1,0.0
RPL21P28,0.0
VN1R10P,0.0
BOLA2P3,0.0
RPSAP44,0.0
MTMR9LP,0.0
RPL21P119,0.0
LINC01881,0.0
NDUFA5P9,0.0
RPL21P16,0.0
RPS18P9,0.0
HSPE1P26,0.0
MRPL35P1,0.0
DNAJC19P6,0.0
H3C9P,0.0
MESTP1,0.0
ENSG00000220913,0.0
ENSG00000220918,0.0
ENSG00000220920,0.0
OSTCP4,0.0
HNRNPA1P41,0.0
ENSG00000220949,0.0
ENSG00000220960,0.0
ENSG00000220986,0.0
SNORD88C,0.0
RNU6ATAC29P,0.0
MIR1323,0.0
RNU6ATAC19P,0.0
MIR1250,0.0
MIR1231,0.0
ENSG00000221031,0.0
MIR1272,0.0
MIR1193,0.0
RNU6ATAC7P,0.0
MIR1286,0.0
U3,0.0
ENSG00000221042,0.0
U3,0.0
U3,0.0
RNU6ATAC38P,0.0
MIR1266,0.0
MIR1302-3,0.0
RNU6ATAC6P,0.0
ENSG00000221060,0.0
MIR1296,0.0
MIR1233-2,0.0
SNORD111,0.0
MIR320D2,0.0
ENSG00000221083,0.0
MIR1302-5,0.0
ENSG00000221093,0.0
SNORA11B,0.0
RNU6ATAC30P,0.0
SNORD110,0.0
MIR1224,0.0
U3,0.0
ENSG00000221139,0.0
ENSG00000221148,0.0
SNORA11F,0.0
MIR1207,0.0
ENSG00000221184,0.0
MIR548M,0.0
MIR1184-2,0.0
MIR1253,0.0
MIR1262,0.0
RNU6ATAC15P,0.0
MIR548E,0.0
RNU6ATAC27P,0.0
MIR1305,0.0
MIR548L,0.0
MIR1285-2,0.0
MIR1258,0.0
SNORD88A,0.0
ENSG00000221245,0.0
MIR1263,0.0
RNU6ATAC37P,0.0
MIR1208,0.0
MIR548P,0.0
MIR1284,0.0
MIR1255A,0.0
MIR1302-8,0.0
MIR1237,0.0
MIR548I2,0.0
MIR1289-2,0.0
MIR663B,0.0
MIR548T,0.0
ENSG00000221300,0.0
SNORA79,0.0
MIR548I3,0.0
MIR1200,0.0
MIR548Q,0.0
U3,0.0
MIR548K,0.0
RNU6ATAC18P,0.0
U3,0.0
MIR548F5,0.0
MIR1288,0.0
RNU6ATAC20P,0.0
MIR1228,0.0
MIR548G,0.0
MIR1265,0.0
RNU6ATAC23P,0.0
SNORD88B,0.0
RNU6ATAC8P,0.0
MIR1295A,0.0
MIR1302-6,0.0
MIR1229,0.0
ENSG00000221398,0.0
SNORD3J,0.0
MIR320B2,0.0
MIR1238,0.0
MIR1227,0.0
SNORA81,0.0
MIR1283-1,0.0
MIR1294,0.0
MIR548F3,0.0
RNU4ATAC16P,0.0
RNU6ATAC31P,0.0
MIR548F4,0.0
MIR1301,0.0
U3,0.0
MIR1202,0.0
SNORA11C,0.0
U3,0.0
MIR1277,0.0
MIR1271,0.0
MIR548AJ2,0.0
RNU6ATAC11P,0.0
SNORA11D,0.0
MIR1827,0.0
MIR1251,0.0
SNORA2C,0.0
MIR320C1,0.0
MIR548I4,0.0
U3,0.0
ENSG00000221498,0.0
SNORD100,0.0
MIR1245A,0.0
RNU6ATAC40P,0.0
MIR548O,0.0
SNORD111B,0.0
RNU6ATAC16P,0.0
MIR1285-1,0.0
MIR1185-1,0.0
RNU6ATAC41P,0.0
MIR1184-1,0.0
MIR548H1,0.0
SNORD99,0.0
MIR1180,0.0
MIR1255B2,0.0
MIR1283-2,0.0
MIR1303,0.0
RNU6ATAC10P,0.0
MIR1269A,0.0
RNU6ATAC42P,0.0
RNU6ATAC33P,0.0
RNU6ATAC21P,0.0
MIR1226,0.0
MIR1261,0.0
MIR548F1,0.0
MIR1249,0.0
RNU4ATAC2P,0.0
MIR1184-3,0.0
MIR1293,0.0
ENSG00000221611,0.0
MIR1185-2,0.0
MIR548H4,0.0
MIR1302-4,0.0
MIR1179,0.0
U3,0.0
MIR1276,0.0
U3,0.0
ENSG00000221639,0.0
MIR1268A,0.0
SNORA77,0.0
MIR1233-1,0.0
MIR1267,0.0
MIR1225,0.0
MIR1290,0.0
MIR548N,0.0
U3,0.0
RNU6ATAC,0.0
MIR1278,0.0
MIR1275,0.0
MIR548H3,0.0
MIR302E,0.0
SNORA11E,0.0
MIR1298,0.0
ENSG00000221711,0.0
SNORA11,0.0
SNORA3C,0.0
RNU6ATAC25P,0.0
MIR548I1,0.0
MIR1203,0.0
SNORD93,0.0
MIR1197,0.0
SNORA11G,0.0
ENSG00000221753,0.0
MIR1260A,0.0
MIR548J,0.0
MIR1289-1,0.0
MIR1302-7,0.0
MIR1205,0.0
MIR548F2,0.0
MIR1183,0.0
MIR1252,0.0
MIR1282,0.0
MIR548H2,0.0
SNORD23,0.0
RNU6ATAC34P,0.0
MIR1256,0.0
DPP3P2,0.0
ENSG00000221849,0.0
ENSG00000221857,0.0
MRPS21P3,0.0
FAM218BP,0.0
DENND10P1,0.0
KIR2DS4,0.0
TTC4P1,0.0
URAHP,0.0
ENSG00000222024,0.0
RNU6-1165P,0.0
RNA5SP177,0.0
RNU4-62P,0.0
RNU4-86P,0.0
RN7SKP154,0.0
RN7SKP285,0.0
MIR1915,0.0
Y_RNA,0.0
RNU2-3P,0.0
RN7SKP110,0.0
RNU6-721P,0.0
RNU6-908P,0.0
RNU2-65P,0.0
ENSG00000222095,0.0
RN7SKP32,0.0
RN7SKP232,0.0
RN7SKP117,0.0
RNA5SP317,0.0
RN7SKP148,0.0
RN7SKP16,0.0
RNU6-985P,0.0
RNA5SP487,0.0
RNU6-648P,0.0
RNA5SP390,0.0
RNU2-9P,0.0
RNA5SP36,0.0
RNU6-380P,0.0
SNORA73,0.0
RNU4-37P,0.0
RNY4P30,0.0
RNA5SP239,0.0
RN7SKP218,0.0
Y_RNA,0.0
RN7SKP151,0.0
RN7SKP266,0.0
RNU6-257P,0.0
RN7SKP146,0.0
RNU4-30P,0.0
RNA5SP181,0.0
RN7SKP26,0.0
RNA5SP156,0.0
ENSG00000222185,0.0
RNU4-26P,0.0
RNA5SP266,0.0
Y_RNA,0.0
RNA5SP407,0.0
RNA5SP129,0.0
RNA5SP56,0.0
RN7SKP65,0.0
RNU6-588P,0.0
RN7SKP129,0.0
RNU2-17P,0.0
Y_RNA,0.0
RNU6-447P,0.0
RNA5SP158,0.0
RNU2-54P,0.0
RNA5SP89,0.0
RNA5SP163,0.0
RNU2-43P,0.0
RN7SKP156,0.0
RNA5SP431,0.0
MIR1471,0.0
RNA5SP201,0.0
RNU6-262P,0.0
RNA5SP95,0.0
RNU6-101P,0.0
RN7SKP199,0.0
RN7SKP114,0.0
RNU6-757P,0.0
RNU6-892P,0.0
RNA5SP425,0.0
RNU2-33P,0.0
RN7SKP111,0.0
RNU6-584P,0.0
RNA5SP193,0.0
RNU6-1043P,0.0
RNU2-36P,0.0
RNU6-1156P,0.0
RNU2-21P,0.0
RNA5SP371,0.0
RNU6-935P,0.0
Y_RNA,0.0
RNA5SP198,0.0
RNA5SP178,0.0
RN7SKP267,0.0
RNU6-1118P,0.0
RNA5SP118,0.0
RNU6-1050P,0.0
MIR1912,0.0
RNU6-855P,0.0
RNU2-2P,0.0
RNU6-1076P,0.0
Y_RNA,0.0
RN7SKP225,0.0
RNU6-174P,0.0
RN7SKP139,0.0
RNU6-613P,0.0
SNORD19C,0.0
RNA5SP237,0.0
RNY1P15,0.0
RN7SKP221,0.0
RNU2-29P,0.0
RNU6-710P,0.0
RNU2-20P,0.0
RNU6-355P,0.0
RNU6-1186P,0.0
RNU4-34P,0.0
SNORD12B,0.0
SNORA36B,0.0
RN7SKP202,0.0
RN7SKP127,0.0
RN7SKP152,0.0
RNA5SP44,0.0
RNA5SP203,0.0
RN7SKP158,0.0
RN7SKP86,0.0
RNU2-28P,0.0
Y_RNA,0.0
Y_RNA,0.0
RN7SKP229,0.0
RNU6-554P,0.0
RNU6-791P,0.0
RN7SKP281,0.0
RNU4-65P,0.0
RNA5SP80,0.0
Y_RNA,0.0
RN7SKP125,0.0
RNU2-59P,0.0
RNA5SP274,0.0
RNA5SP113,0.0
RNA5SP511,0.0
Y_RNA,0.0
RNU2-50P,0.0
RNA5SP338,0.0
RNA5SP231,0.0
RNU6-955P,0.0
Y_RNA,0.0
RNU6-141P,0.0
Y_RNA,0.0
RN7SKP278,0.0
RNU6-1077P,0.0
RNU6-994P,0.0
RNU2-26P,0.0
RN7SKP56,0.0
RN7SKP150,0.0
RNU6-1140P,0.0
RN7SKP143,0.0
RN7SKP59,0.0
RNA5SP296,0.0
RNU6-121P,0.0
RNA5SP293,0.0
RN7SKP271,0.0
RNU2-5P,0.0
Y_RNA,0.0
RNA5SP261,0.0
RN7SKP7,0.0
RNU2-23P,0.0
RNU6-77P,0.0
RNU6-285P,0.0
SNORA79B,0.0
RNU6-712P,0.0
RN7SKP200,0.0
RN7SKP177,0.0
RNA5SP475,0.0
RNU4-25P,0.0
Y_RNA,0.0
Y_RNA,0.0
Y_RNA,0.0
Y_RNA,0.0
RN7SKP223,0.0
RN7SKP240,0.0
RNA5SP451,0.0
RNU6-519P,0.0
RN7SKP109,0.0
Y_RNA,0.0
MIR1468,0.0
RNU6-705P,0.0
RNU2-39P,0.0
RN7SKP220,0.0
RNU6-735P,0.0
RNA5SP251,0.0
RNA5SP60,0.0
RNU6-1064P,0.0
RNU4-43P,0.0
RNU6-1025P,0.0
RN7SKP61,0.0
RNA5SP345,0.0
Y_RNA,0.0
RNU2-47P,0.0
RNU2-66P,0.0
RN7SKP222,0.0
RNA5SP494,0.0
ENSG00000222588,0.0
RN7SKP159,0.0
RNU6-887P,0.0
RN7SKP235,0.0
RNU2-49P,0.0
Y_RNA,0.0
ENSG00000222604,0.0
RNU6-628P,0.0
RNA5SP504,0.0
RNU4-69P,0.0
RNU6-402P,0.0
RNU2-52P,0.0
Y_RNA,0.0
Y_RNA,0.0
RN7SKP27,0.0
RN7SKP254,0.0
RNU6-1100P,0.0
RNU2-15P,0.0
RNU2-48P,0.0
RNU2-37P,0.0
RNU2-42P,0.0
RN7SKP131,0.0
RNU6-1203P,0.0
RN7SKP54,0.0
RNU2-51P,0.0
RNU2-16P,0.0
Y_RNA,0.0
RNU2-70P,0.0
RNU6-248P,0.0
Y_RNA,0.0
RNU2-8P,0.0
RNU4-55P,0.0
RN7SKP123,0.0
U3,0.0
RNU6-394P,0.0
RNA5SP146,0.0
RN7SKP213,0.0
RNU6-1267P,0.0
RNA5SP38,0.0
RN7SKP119,0.0
RNU4-72P,0.0
RNU6-733P,0.0
RN7SKP120,0.0
Y_RNA,0.0
Y_RNA,0.0
RN7SKP182,0.0
RN7SKP39,0.0
RN7SKP89,0.0
RN7SKP51,0.0
RN7SKP38,0.0
MIR1911,0.0
RN7SKP188,0.0
RNU2-63P,0.0
RNU2-7P,0.0
RNU4-64P,0.0
RNY4P29,0.0
RNU4-6P,0.0
RNA5SP328,0.0
RNA5SP229,0.0
RNU6-1190P,0.0
RN7SKP166,0.0
RNA5SP25,0.0
RNU4-46P,0.0
RN7SKP206,0.0
RNU4-53P,0.0
RNU6-684P,0.0
RN7SKP106,0.0
RNU2-40P,0.0
Y_RNA,0.0
RN7SKP121,0.0
RNU6-233P,0.0
RNA5SP144,0.0
RN7SKP212,0.0
RN7SKP91,0.0
RNU2-38P,0.0
RNU4-14P,0.0
RNU6-67P,0.0
RNU6-860P,0.0
RNU4-83P,0.0
RNU6-383P,0.0
RNU2-62P,0.0
RNA5SP225,0.0
RNU4-47P,0.0
RNU2-68P,0.0
RNU4-27P,0.0
RN7SKP286,0.0
MIR1537,0.0
RNA5SP120,0.0
RNA5SP100,0.0
RNA5SP136,0.0
RN7SKP168,0.0
RNU6-321P,0.0
RN7SKP42,0.0
RNA5SP21,0.0
Y_RNA,0.0
RNA5SP59,0.0
RNU6-920P,0.0
RN7SKP136,0.0
RNU6-1086P,0.0
RNU6-565P,0.0
RNU6-1328P,0.0
RNU4-78P,0.0
RN7SKP33,0.0
RN7SKP261,0.0
Y_RNA,0.0
Y_RNA,0.0
RN7SKP29,0.0
RNU6-1068P,0.0
RNU6-1133P,0.0
RN7SKP97,0.0
RNU6-193P,0.0
RNU6-564P,0.0
RNA5SP29,0.0
RNA5SP104,0.0
RNA5SP501,0.0
RNU2-41P,0.0
RNU6-1148P,0.0
RN7SKP205,0.0
RNU6-172P,0.0
RN7SKP284,0.0
SNORD63B,0.0
RNU6-370P,0.0
Y_RNA,0.0
RN7SKP58,0.0
RN7SKP262,0.0
RNA5SP41,0.0
RNA5SP265,0.0
MIR1913,0.0
RNU6-272P,0.0
ENSG00000222966,0.0
RN7SKP8,0.0
RNA5SP222,0.0
RNU6-651P,0.0
RNU2-25P,0.0
RN7SKP228,0.0
RN7SKP94,0.0
RN7SKP167,0.0
RN7SKP216,0.0
RNA5SP127,0.0
RNU2-14P,0.0
RNU5A-5P,0.0
RN7SKP68,0.0
RNU4-22P,0.0
Y_RNA,0.0
RN7SKP259,0.0
RNU2-61P,0.0
RNA5SP184,0.0
SNORD29,0.0
RN7SKP137,0.0
RN7SKP73,0.0
RN7SKP264,0.0
RNA5SP344,0.0
RNU6-1135P,0.0
RNA5SP306,0.0
Y_RNA,0.0
RNU6-55P,0.0
RN7SKP247,0.0
ENSG00000223027,0.0
RNU6-284P,0.0
RN7SKP268,0.0
RN7SKP144,0.0
RN7SKP161,0.0
RNU6-130P,0.0
RNA5SP369,0.0
RNU6-847P,0.0
RN7SKP169,0.0
Y_RNA,0.0
RNU6-1245P,0.0
RNU6-325P,0.0
RN7SKP126,0.0
RNA5SP31,0.0
RNU2-55P,0.0
Y_RNA,0.0
RNA5SP155,0.0
RNU6-602P,0.0
RMRPP5,0.0
RNA5SP115,0.0
RNU5E-9P,0.0
RNU2-72P,0.0
MIR1538,0.0
RNA5SP247,0.0
RN7SKP296,0.0
RN7SKP102,0.0
RN7SKP181,0.0
RNU2-32P,0.0
RN7SKP263,0.0
RN7SKP140,0.0
RNA5SP304,0.0
RN7SKP207,0.0
RNA5SP450,0.0
RN7SKP252,0.0
RN7SKP112,0.0
RNU4-88P,0.0
RNU2-18P,0.0
RNY1P3,0.0
RNA5SP280,0.0
RN7SKP142,0.0
RNA5SP209,0.0
RN7SKP17,0.0
RNU4-61P,0.0
RNA5SP39,0.0
RNU6-373P,0.0
RNU6-1199P,0.0
Y_RNA,0.0
RNU6-177P,0.0
RN7SKP100,0.0
RNU6-293P,0.0
RNU6-1001P,0.0
RNU2-22P,0.0
RN7SKP297,0.0
RNA5SP221,0.0
RNU6-1217P,0.0
RNU4-74P,0.0
RNU6-607P,0.0
RNU6-938P,0.0
Y_RNA,0.0
RN7SKP192,0.0
SNORD71,0.0
RNU6-1054P,0.0
RN7SKP270,0.0
RNA5SP294,0.0
RNU4-63P,0.0
RNU2-64P,0.0
Y_RNA,0.0
RNU6-785P,0.0
RNU6-575P,0.0
RNA5SP508,0.0
RN7SKP194,0.0
RNA5SP492,0.0
RNU6-387P,0.0
RNU6-592P,0.0
RN7SKP53,0.0
Y_RNA,0.0
RN7SKP172,0.0
RNA5SP498,0.0
RNU6-57P,0.0
RN7SKP85,0.0
RN7SKP165,0.0
RNU6-195P,0.0
RNU6-954P,0.0
RNA5SP107,0.0
RNA5SP270,0.0
SNORD83,0.0
RNY3P8,0.0
RN7SKP108,0.0
Y_RNA,0.0
Y_RNA,0.0
RN7SKP30,0.0
RNU6-1304P,0.0
RN7SKP101,0.0
RNU6-722P,0.0
RNU6-516P,0.0
RN7SKP279,0.0
RNA5SP111,0.0
RN7SKP293,0.0
RN7SKP273,0.0
RNU2-71P,0.0
RNU6-1052P,0.0
RNU6-603P,0.0
RNU2-6P,0.0
RN7SKP3,0.0
H2BP1,0.0
KLF2P3,0.0
ENSG00000223353,0.0
FTH1P10,0.0
CDY15P,0.0
ENSG00000223368,0.0
ENSG00000223375,0.0
ENSG00000223377,0.0
H2ACP1,0.0
SDCBP2P1,0.0
RDXP2,0.0
RBM22P7,0.0
PRR3P1,0.0
ENSG00000223402,0.0
XKRYP5,0.0
USP9YP18,0.0
RPL17P17,0.0
RPS26P15,0.0
LIMK2P1,0.0
ENSG00000223419,0.0
ENSG00000223421,0.0
ENSG00000223422,0.0
RBM7P1,0.0
ENSG00000223428,0.0
ENSG00000223429,0.0
MTND6P21,0.0
RPS29P9,0.0
TMSB4XP3,0.0
RPL6P21,0.0
ENSG00000223450,0.0
HMGN2P18,0.0
ENSG00000223455,0.0
HTATSF1P1,0.0
TCAF1P1,0.0
GAPDHP69,0.0
CALM1P1,0.0
VN1R42P,0.0
TRPC6P1,0.0
MAPK6P2,0.0
NEFHP1,0.0
CHCHD2P5,0.0
ENSG00000223495,0.0
H2BL1P,0.0
SLC35C2P1,0.0
RNF14P4,0.0
ENSG00000223503,0.0
RPL35AP5,0.0
SLC20A1P1,0.0
RPL23AP53,0.0
WHAMMP1,0.0
ATP6V0E1P2,0.0
ENSG00000223514,0.0
CSNK1A1P1,0.0
KIF28P,0.0
EEF1A1P8,0.0
ENSG00000223538,0.0
ENSG00000223539,0.0
RPS15AP5,0.0
TCEAL4P1,0.0
ENSG00000223544,0.0
MTND5P28,0.0
SNRPBP1,0.0
TMSB4XP4,0.0
SMPD4P1,0.0
USP9YP23,0.0
TRIM60P17,0.0
ENSG00000223559,0.0
CYP4F32P,0.0
ENSG00000223565,0.0
TNRC18P2,0.0
RPL3P11,0.0
ENSG00000223570,0.0
TPMTP4,0.0
RBMX2P3,0.0
RPL17P9,0.0
TVP23CP1,0.0
ENSG00000223589,0.0
FNDC3CP,0.0
ENSG00000223593,0.0
LYPLA1P1,0.0
ENSG00000223599,0.0
EEF1A1P41,0.0
ENSG00000223602,0.0
CRPP1,0.0
RPL17P13,0.0
ENSG00000223605,0.0
SUPT20HL2,0.0
ENSG00000223612,0.0
ENSG00000223615,0.0
MTCO1P17,0.0
RBM48P1,0.0
AK4P4,0.0
GSTA6P,0.0
ENSG00000223624,0.0
CYCSP32,0.0
ENSG00000223628,0.0
DEFA8P,0.0
UBE2Q2P5Y,0.0
RBMY2EP,0.0
RPL30P3,0.0
UHRF2P1,0.0
NEFHP2,0.0
RAB9AP3,0.0
HMGB3P10,0.0
KRT8P51,0.0
NDUFB4P8,0.0
EEF1A1P24,0.0
RPL34P3,0.0
ENSG00000223672,0.0
RPL34P26,0.0
OR2AD1P,0.0
ENSG00000223679,0.0
RPSAP65,0.0
IFNWP18,0.0
RPS24P14,0.0
ENSG00000223691,0.0
ADH5P3,0.0
GOLGA6L11P,0.0
ZDHHC20P2,0.0
IGSF3P2,0.0
NSUN5P1,0.0
SFR1P2,0.0
TRIM64EP,0.0
CRYGGP,0.0
DNAJA1P1,0.0
RPL15P11,0.0
YWHAQP10,0.0
UQCRFS1P2,0.0
TFDP1P2,0.0
RAD17P2,0.0
ENSG00000223728,0.0
RPL6P28,0.0
SUPT20HL1,0.0
RPL18AP14,0.0
OR51B3P,0.0
HSP90AB5P,0.0
RPS15AP15,0.0
ENSG00000223740,0.0
PSMD4P1,0.0
RBMY2GP,0.0
ELOCP30,0.0
SIRPB3P,0.0
ENSG00000223753,0.0
TSSC2,0.0
MED15P9,0.0
GEMIN8P3,0.0
CD99P1,0.0
RPL29P8,0.0
ENSG00000223779,0.0
RPS21P8,0.0
ENSG00000223787,0.0
DIS3L2P1,0.0
COX5BP8,0.0
RPS20P14,0.0
ENSG00000223804,0.0
BOLA3P4,0.0
KRT8P28,0.0
IGKV1OR2-2,0.0
PPIAP89,0.0
CFL1P1,0.0
EEF1A1P1,0.0
TERF1P6,0.0
DAZAP2P1,0.0
BANF1P4,0.0
ENSG00000223836,0.0
ENSG00000223841,0.0
VN1R40P,0.0
ENSG00000223847,0.0
ENSG00000223849,0.0
RAB9AP2,0.0
ENSG00000223861,0.0
NPM1P19,0.0
ENSG00000223866,0.0
ENSG00000223867,0.0
ENSG00000223869,0.0
SAP18P2,0.0
NBEAP3,0.0
RPS27P1,0.0
RPS8P10,0.0
PPIAP53,0.0
FAM90A13,0.0
ENSG00000223886,0.0
ENSG00000223889,0.0
ENSG00000223890,0.0
GNL2P1,0.0
CCNJP2,0.0
ENSG00000223897,0.0
SEC13P1,0.0
RPL23P4,0.0
HMGB1P12,0.0
ENSG00000223905,0.0
ENSG00000223908,0.0
EEF1A1P36,0.0
DPPA2P1,0.0
RPL18AP9,0.0
ENSG00000223917,0.0
ENSG00000223918,0.0
ENSG00000223920,0.0
MTND1P27,0.0
ASS1P2,0.0
NUP35P1,0.0
ENSG00000223931,0.0
KRT8P8,0.0
RPL6P31,0.0
ENSG00000223948,0.0
H2ACP2,0.0
MTND6P1,0.0
ENSG00000223958,0.0
AFG3L1P,0.0
UBBP3,0.0
THAP12P8,0.0
ZNF587P1,0.0
ENSG00000223967,0.0
RPS27P11,0.0
RRBP1P1,0.0
DDX11L1,0.0
PAFAH1B1P2,0.0
BNIP3P42,0.0
EXTL2P1,0.0
ENSG00000223977,0.0
ZNF736P1Y,0.0
SNRPD2P2,0.0
HNRNPRP1,0.0
COX6A1P5,0.0
RPL26P28,0.0
RPL32P35,0.0
ENSG00000224001,0.0
YES1P1,0.0
ATP5F1CP1,0.0
USP12P2,0.0
RPL36AP46,0.0
ENSG00000224012,0.0
ENSG00000224014,0.0
ENSG00000224016,0.0
RPL21P32,0.0
ENSG00000224025,0.0
CDY8P,0.0
SFPQP1,0.0
CDYLP1,0.0
HMGN1P4,0.0
MTND4P6,0.0
PAEPP1,0.0
ENSG00000224054,0.0
GAPDHP55,0.0
RBISP5,0.0
HSPA8P16,0.0
ARSLP1,0.0
SRSF3P4,0.0
TUBB4BP5,0.0
RPL32P6,0.0
SRIP2,0.0
ENSG00000224067,0.0
ENSG00000224069,0.0
HMGN1P6,0.0
DNMT3AP1,0.0
VEZTP1,0.0
UBE2FP1,0.0
SLC44A3-AS1,0.0
UBTFL8,0.0
MTCO1P11,0.0
RPL23AP41,0.0
ENSG00000224092,0.0
RPS24P8,0.0
ENSG00000224097,0.0
ENSG00000224104,0.0
CYP4F25P,0.0
MTRF1LP2,0.0
ENSG00000224114,0.0
PTPN2P2,0.0
ATG12P2,0.0
POM121L10P,0.0
UBE2SP2,0.0
DPPA2P2,0.0
ENSG00000224134,0.0
ENSG00000224136,0.0
ASH2LP1,0.0
USP9YP28,0.0
ENSG00000224155,0.0
HMGB1P9,0.0
CICP10,0.0
RPS26P54,0.0
UQCRHP3,0.0
ENSG00000224163,0.0
HSFY6P,0.0
ENSG00000224172,0.0
SDHDP6,0.0
SNX18P9,0.0
UBE2D3P4,0.0
RPS23P10,0.0
GSTT3P,0.0
ENSG00000224207,0.0
ZCRB1P1,0.0
TRIM60P5Y,0.0
PRPF4BP1,0.0
SEC61GP1,0.0
RPS6P8,0.0
HAUS1P2,0.0
OR2L1P,0.0
KCTD5P1,0.0
OR2J4P,0.0
MRRFP1,0.0
MICOS10P3,0.0
CYCSP49,0.0
KRT224P,0.0
ENSG00000224245,0.0
ENSG00000224252,0.0
MTCO1P39,0.0
PDCL3P6,0.0
BBLNP2,0.0
RPSAP18,0.0
CYCSP12,0.0
RABGEF1P3,0.0
ENSAP1,0.0
ENSG00000224278,0.0
RPS29P31,0.0
ENSG00000224280,0.0
ENSG00000224282,0.0
MTCYBP11,0.0
IFIT6P,0.0
RPL38P6,0.0
OLFM5P,0.0
MRPL49P1,0.0
ENSG00000224297,0.0
MTATP6P16,0.0
OR51P1P,0.0
ENSG00000224302,0.0
ANKRD30BP2,0.0
MCCD1P2,0.0
TCERG1P1,0.0
RPL7P7,0.0
GTF2IP5,0.0
RPL12P14,0.0
DPRXP1,0.0
THAP5P1,0.0
ENSG00000224331,0.0
GAPDHP20,0.0
ACTR2P1,0.0
ENSG00000224335,0.0
FAM197Y1,0.0
FAM8A3P,0.0
MTCYBP45,0.0
SC4MOP,0.0
RPL21P21,0.0
AKR7A2P2,0.0
KNOP1P3,0.0
BICD1P1,0.0
RPL36P6,0.0
CDKN2AIPNLP3,0.0
ENSG00000224352,0.0
ACE3P,0.0
MTND2P5,0.0
ATG3P1,0.0
ENSG00000224365,0.0
ENSG00000224366,0.0
OACYLP,0.0
ARAFP2,0.0
ENSG00000224370,0.0
HLA-N,0.0
METTL15P3,0.0
RPL7P57,0.0
OR6D1P,0.0
DPPA2P3,0.0
USP9YP22,0.0
ENSG00000224410,0.0
HSP90AA2P,0.0
ENSG00000224412,0.0
ENSG00000224414,0.0
ENSG00000224415,0.0
IFNA22P,0.0
KRT18P27,0.0
ATP5MFP1,0.0
SSBP3P2,0.0
SLC31A1P1,0.0
ENSG00000224427,0.0
MKRN5P,0.0
ENSG00000224431,0.0
NF1P6,0.0
ENSG00000224436,0.0
PIGUP1,0.0
RPL23AP14,0.0
RPSAP10,0.0
RPL4P7,0.0
NME2P2,0.0
H3P26,0.0
ENSG00000224448,0.0
ATP5PBP1,0.0
RSL24D1P6,0.0
GUSBP6,0.0
C4BPAP1,0.0
RPL39P14,0.0
PGAM1P6,0.0
SOCS2P2,0.0
CDCA4P2,0.0
ENSG00000224469,0.0
MTCO3P19,0.0
CCND3P1,0.0
RPL7AP40,0.0
RPL36P16,0.0
CDHR18P,0.0
HSFY4P,0.0
ENSG00000224484,0.0
USP9YP7,0.0
HCG19P,0.0
SAMM50P1,0.0
ENSG00000224493,0.0
HNRNPA3P14,0.0
RPL36P4,0.0
MAPKAPK5P1,0.0
POLR2KP2,0.0
ENSG00000224518,0.0
HMGN1P19,0.0
KRT8P45,0.0
ENSG00000224523,0.0
CYCSP42,0.0
ENSG00000224529,0.0
PPIAP10,0.0
MEP1AP4,0.0
SAGE4P,0.0
TFDP1P1,0.0
SNRPGP15,0.0
RPL31P36,0.0
EIF4BP3,0.0
ZNF619P1,0.0
ENSG00000224548,0.0
NDUFA4P1,0.0
HMGB3P21,0.0
RPS26P20,0.0
ENSG00000224555,0.0
ENSG00000224556,0.0
HLA-DPB2,0.0
ENSG00000224560,0.0
CIAO2AP2,0.0
ENSG00000224567,0.0
C9orf78P2,0.0
ENSG00000224570,0.0
USP9YP13,0.0
RPL7AP78,0.0
ENSG00000224579,0.0
UBE2V1P13,0.0
ENSG00000224585,0.0
ORC1P1,0.0
MTND3P16,0.0
RPL21P72,0.0
RPL29P19,0.0
RPS5P2,0.0
BMS1P12,0.0
ENSG00000224600,0.0
RPS26P5,0.0
ENSG00000224603,0.0
ENSG00000224604,0.0
TBPL1P1,0.0
ENSG00000224617,0.0
KLHL25P1,0.0
MEF2AP1,0.0
OR9R1P,0.0
TUBB8P6,0.0
RPL37P10,0.0
CDK5RAP3P1,0.0
RPL36AP30,0.0
ENSG00000224630,0.0
RPS27AP16,0.0
NUDT19P2,0.0
ZNF736P6Y,0.0
PDSS1P2,0.0
SRSF1P1,0.0
RPS28P5,0.0
ENSG00000224647,0.0
ENSG00000224653,0.0
SMSP1,0.0
RBMY2BP,0.0
ATP6V1G1P3,0.0
RPL36AP53,0.0
ENSG00000224667,0.0
IPO8P1,0.0
ENSG00000224669,0.0
ENSG00000224670,0.0
RPL17P10,0.0
EIF3EP2,0.0
PDIA3P2,0.0
GAPDHP46,0.0
MED15P4,0.0
PLA2G12AP1,0.0
ENSG00000224681,0.0
SOCS5P2,0.0
RPL36AP29,0.0
RPL36AP12,0.0
ELOCP23,0.0
E2F6P2,0.0
UBE2D3P3,0.0
ENSG00000224692,0.0
MTND6P7,0.0
NEFMP1,0.0
MED28P4,0.0
RPS17P13,0.0
OR11M1P,0.0
ENSG00000224719,0.0
ENSG00000224722,0.0
GUSBP10,0.0
CEP57L1P1,0.0
FCF1P7,0.0
IMPDH1P8,0.0
MAGEA7P,0.0
ENSG00000224735,0.0
MTCYBP21,0.0
SHMT1P1,0.0
VN1R21P,0.0
HMGN1P34,0.0
C1DP3,0.0
ENSG00000224762,0.0
FDPSP8,0.0
MUC20P1,0.0
HSPA8P7,0.0
BRAFP1,0.0
RPSAP50,0.0
OR4F2P,0.0
CENPIP1,0.0
EIF4A2P4,0.0
MIPEPP2,0.0
S100A15A,0.0
ENSG00000224785,0.0
CETN4P,0.0
KRT18P39,0.0
IQCF4P,0.0
RPL32P1,0.0
ENSG00000224797,0.0
RPS27AP6,0.0
TUBB4BP2,0.0
ARL5AP4,0.0
DUX4L9,0.0
BEND3P2,0.0
ENSG00000224815,0.0
NAP1L4P2,0.0
BTF3P4,0.0
USP21P1,0.0
LINC00265-2P,0.0
TOMM20P1,0.0
OR2X1P,0.0
TMEM183BP,0.0
BTF3P9,0.0
ENSG00000224836,0.0
GCSHP5,0.0
RPL12P17,0.0
MTND5P24,0.0
RPL35AP36,0.0
RPL29P11,0.0
GXYLT1P2,0.0
YBX1P1,0.0
ENSG00000224864,0.0
USP9YP25,0.0
ENSG00000224869,0.0
CDY13P,0.0
MTCYBP29,0.0
ENSG00000224881,0.0
ENSG00000224886,0.0
NFYCP2,0.0
ARL14EPP1,0.0
RPS4XP16,0.0
VPS26BP1,0.0
SIGLEC30P,0.0
SBF1P2,0.0
SRP14P1,0.0
RPL21P91,0.0
TIMM8BP2,0.0
ENSG00000224917,0.0
TACC1P1,0.0
NDUFA5P10,0.0
KRT8P30,0.0
ENSG00000224931,0.0
SUCLA2P1,0.0
EEDP1,0.0
ENSG00000224946,0.0
VN1R25P,0.0
ATP5MC1P8,0.0
RPL37P24,0.0
SRIP3,0.0
KCTD10P1,0.0
PSAT1P4,0.0
TRAPPC2P3,0.0
TBC1D3P6,0.0
ENSG00000224967,0.0
SUMO2P3,0.0
PARP4P2,0.0
CD84P1,0.0
RPL23AP85,0.0
ENSG00000224981,0.0
PPP1R8P1,0.0
ENSG00000224987,0.0
ENSG00000224988,0.0
RPL29P12,0.0
VTA1P1,0.0
OR51A5P,0.0
RPL7AP77,0.0
TWF1P2,0.0
ENSG00000225011,0.0
KCTD9P1,0.0
LINC00328-2P,0.0
ENSG00000225017,0.0
ENSG00000225018,0.0
UBE2D3P1,0.0
RPL37P11,0.0
KIF4CP,0.0
PFDN1P1,0.0
IFNWP4,0.0
EIF4BP7,0.0
CDK4P1,0.0
RPL18AP2,0.0
MTND5P27,0.0
ENSG00000225046,0.0
HMGB3P22,0.0
PRPF38AP1,0.0
ENSG00000225055,0.0
MDM4P1,0.0
RPL23AP2,0.0
VTCN1P1,0.0
RPS26P58,0.0
OR7E116P,0.0
ENSG00000225078,0.0
FTH1P22,0.0
PFN1P4,0.0
DAP3P1,0.0
SNORA71A,0.0
RPL3P7,0.0
SETP20,0.0
BCRP1,0.0
ATP6V1E1P1,0.0
DPY19L2P5,0.0
OR52K3P,0.0
ZBTB45P1,0.0
TCEAL9P1,0.0
ARSDP1,0.0
ENSG00000225118,0.0
EEF1B2P5,0.0
ENSG00000225122,0.0
ENSG00000225123,0.0
RPL23AP36,0.0
RANP4,0.0
PSME2P2,0.0
MORF4L1P4,0.0
PGBD4P5,0.0
DYNC1I2P1,0.0
RPL21P22,0.0
RPS12P10,0.0
GOLGA2P7,0.0
TUBAP9,0.0
TOMM22P5,0.0
HSPE1P24,0.0
NPM1P39,0.0
RTRAFP2,0.0
TXNP2,0.0
BRI3P1,0.0
ENSG00000225170,0.0
DUTP6,0.0
HRGP1,0.0
ATP5MGP4,0.0
ENSG00000225182,0.0
COX7BP3,0.0
PPIAP8,0.0
REREP1Y,0.0
ENSG00000225191,0.0
ZNF33BP1,0.0
RPS12P26,0.0
RPL10P17,0.0
SSX13P,0.0
ENSG00000225200,0.0
DUXAP9,0.0
AKR1B1P6,0.0
SMARCE1P1,0.0
HSPA7,0.0
PLA2G12AP2,0.0
CHCHD4P5,0.0
RPS27AP12,0.0
ARL2BPP10,0.0
ENSG00000225236,0.0
GEMIN7P1,0.0
RPL21P107,0.0
ENSG00000225240,0.0
COX6B1P7,0.0
ENSG00000225244,0.0
RPS2P1,0.0
RPL5P25,0.0
ENSG00000225253,0.0
ARMC8P1,0.0
TRAPPC2P5,0.0
ST13P6,0.0
ZNRF2P2,0.0
RPL8P2,0.0
CICP12,0.0
NOLC1P1,0.0
RPL21P27,0.0
NUP210P2,0.0
MTND1P18,0.0
KLHL5P1,0.0
ENSG00000225286,0.0
OFD1P13Y,0.0
RPL29P29,0.0
ABCD1P4,0.0
OSTCP2,0.0
MTND4P4,0.0
ENSG00000225297,0.0
ENSG00000225304,0.0
ASS1P11,0.0
DNAJC19P4,0.0
CDCA3P1,0.0
HBAP1,0.0
USP9YP19,0.0
ENSG00000225333,0.0
HMGB3P1,0.0
RPL23AP18,0.0
RPL21P66,0.0
NIPAL1P1,0.0
SNX18P3,0.0
SLC25A5P8,0.0
ANKRD49P2,0.0
RPL31P53,0.0
RPL7AP52,0.0
ARL6IP1P2,0.0
ENSG00000225356,0.0
RPF2P1,0.0
MIPEPP1,0.0
ENSG00000225360,0.0
ATP6V0E1P1,0.0
CRIPTO3,0.0
CAPZA1P2,0.0
ENSG00000225370,0.0
CICP8,0.0
RPS5P7,0.0
ENSG00000225384,0.0
ENSG00000225385,0.0
MRPL36P1,0.0
ENSG00000225394,0.0
ENSG00000225397,0.0
PGM5P4,0.0
RAB28P5,0.0
TGIF2P1,0.0
ENSG00000225402,0.0
RPL26P34,0.0
RPS15AP17,0.0
ELF2P4,0.0
ACKR4P1,0.0
RPL36AP28,0.0
AKR1C5P,0.0
RPL21P3,0.0
RBMS1P1,0.0
TNPO1P1,0.0
NDUFB4P7,0.0
MTND1P12,0.0
KRT41P,0.0
RPL36AP27,0.0
RPS15AP10,0.0
ENSG00000225448,0.0
RAB6C-AS1,0.0
ENSG00000225451,0.0
TPI1P4,0.0
ENSG00000225460,0.0
FDPSP1,0.0
ZNF70P1,0.0
OFD1P10Y,0.0
ENSG00000225469,0.0
TPT1P15,0.0
ENSG00000225475,0.0
MTCO3P5,0.0
ENSG00000225477,0.0
ENSG00000225478,0.0
ENSG00000225480,0.0
RPS6P14,0.0
RPL22P4,0.0
ENSG00000225486,0.0
RPL35AP7,0.0
UBE2Q2P4Y,0.0
GBP1P1,0.0
RTRAFP1,0.0
RPL15P4,0.0
SNRPFP3,0.0
GAPDHP16,0.0
ENSG00000225505,0.0
ENSG00000225507,0.0
SSX15P,0.0
AIFM1P1,0.0
PCDH8P1,0.0
RPL29P20,0.0
MTND1P34,0.0
ENSG00000225522,0.0
SP3P,0.0
ENSG00000225531,0.0
PAWRP1,0.0
STIP1P3,0.0
OR5BE1P,0.0
MPPE1P2,0.0
SELENOKP3,0.0
ENSG00000225551,0.0
MTCO3P20,0.0
UBE2D3P2,0.0
FAM197Y8,0.0
ENSG00000225568,0.0
CCT4P2,0.0
RPL35P5,0.0
DRAXINP1,0.0
PA2G4P5,0.0
TRIM53AP,0.0
COX6A1P6,0.0
IPPKP1,0.0
RPS27P7,0.0
ENSG00000225594,0.0
ENSG00000225603,0.0
CDY20P,0.0
RBMY2UP,0.0
ENSG00000225616,0.0
PPIAP17,0.0
TBL1YP1,0.0
ENSG00000225625,0.0
MTND2P28,0.0
HNRNPA3P15,0.0
PABPC1P12,0.0
PGAM1P2,0.0
SNRPEP5,0.0
RPL35AP4,0.0
SBDSP1,0.0
EIF2S2P5,0.0
RNF19BPY,0.0
TAF13P2,0.0
ENSG00000225660,0.0
RPL14P5,0.0
RPL14P2,0.0
YWHAZP8,0.0
SAR1AP3,0.0
RPL23AP27,0.0
FCF1P6,0.0
CCNT2P1,0.0
TMED2P1,0.0
IPO7P2,0.0
ENSG00000225678,0.0
ENSG00000225681,0.0
TSPY5P,0.0
TREML5P,0.0
LAGE3P1,0.0
HNRNPA1P35,0.0
EIF4A1P13,0.0
ENSG00000225705,0.0
PDE4DIPP8,0.0
ENSG00000225711,0.0
ATP5MC2P1,0.0
RPL30P1,0.0
PSMA1P1,0.0
ELOCP13,0.0
NMNAT1P2,0.0
ENSG00000225720,0.0
RPL24P9,0.0
MTND6P15,0.0
ASH2LP3,0.0
ENSG00000225726,0.0
ENSG00000225727,0.0
TMEM230P1,0.0
NEK4P1,0.0
NPM1P18,0.0
ELOCP6,0.0
ENSG00000225741,0.0
TRNT1P1,0.0
RPS17P17,0.0
DHRS4L1,0.0
CROCCP1,0.0
RPS29P3,0.0
SIRPAP1,0.0
DDX39AP1,0.0
ENSG00000225779,0.0
LSM3P3,0.0
ENSG00000225795,0.0
MTND4P23,0.0
UBDP1,0.0
RABEPKP1,0.0
WARS1P1,0.0
MRPS11P1,0.0
DNAJC19P5,0.0
RBMY2KP,0.0
ENSG00000225813,0.0
GRPEL2P2,0.0
GTF3AP5,0.0
RPL7P45,0.0
SFTPA3P,0.0
RPS18P1,0.0
RPL36AP25,0.0
ENSG00000225840,0.0
GGCTP3,0.0
NIPA2P1,0.0
RPL36P8,0.0
MKRN7P,0.0
HLA-S,0.0
ENSG00000225854,0.0
PCNPP2,0.0
MATR3P1,0.0
ENSG00000225864,0.0
ENSG00000225869,0.0
ENSG00000225871,0.0
ENSG00000225876,0.0
SERBP1P2,0.0
BMS1P11,0.0
ENSG00000225893,0.0
TRAPPC2P8,0.0
ELOCP36,0.0
ENSG00000225898,0.0
HSPE1P13,0.0
MTND2P9,0.0
MORF4L1P7,0.0
ENSG00000225906,0.0
RPS27P16,0.0
ENSG00000225911,0.0
RPL26P36,0.0
RPL7P59,0.0
RIMKLBP2,0.0
RPL21P92,0.0
ENSG00000225923,0.0
ENSG00000225925,0.0
CACYBPP1,0.0
ENSG00000225931,0.0
RPS14P5,0.0
FAM133FP,0.0
BANF1P5,0.0
ENSG00000225943,0.0
RIOK3P1,0.0
ENSG00000225947,0.0
ENSG00000225949,0.0
ENSG00000225957,0.0
MTND4P3,0.0
ENSG00000225965,0.0
RPS3AP51,0.0
MTND1P23,0.0
CKS1BP2,0.0
OR7E19P,0.0
HMGB1P26,0.0
SNRPEP7,0.0
RPL23AP34,0.0
OR4A8,0.0
NDUFA12P1,0.0
GTF2IP14,0.0
PPIAP37,0.0
SEPTIN14P3,0.0
ENSG00000226010,0.0
OFD1P1Y,0.0
MRPS18BP1,0.0
ENSG00000226014,0.0
CCT8P1,0.0
RPL36AP55,0.0
CDK2AP2P3,0.0
COX5BP7,0.0
ENSG00000226025,0.0
PFN1P12,0.0
HLA-DQB3,0.0
NANOGNBP1,0.0
RFKP5,0.0
PPIAP21,0.0
ENSG00000226040,0.0
CDY10P,0.0
ENSG00000226045,0.0
AP1S2P1,0.0
YBX1P8,0.0
TLK2P1,0.0
MEMO1P1,0.0
PAICSP1,0.0
MTND4P32,0.0
PHF2P2,0.0
ENSG00000226058,0.0
HMGB3P20,0.0
PCMTD1P1,0.0
PGBD4P6,0.0
ZBTB45P2,0.0
ZP3P2,0.0
HNRNPA3P4,0.0
ENSG00000226072,0.0
PRSS44P,0.0
PHKG1P1,0.0
RPL6P4,0.0
USP12PX,0.0
RPS10P10,0.0
RPL17P6,0.0
UQCRFS1P1,0.0
EIF3LP3,0.0
RBMY2AP,0.0
RPS28P8,0.0
RPL7P3,0.0
ENSG00000226096,0.0
SEC11B,0.0
SEPTIN7P3,0.0
RPL36AP54,0.0
RAB28P1,0.0
ENSG00000226110,0.0
FCF1P4,0.0
NDUFB4P5,0.0
USP9YP6,0.0
ENSG00000226117,0.0
MTND3P1,0.0
C3orf49P1,0.0
AHCTF1P1,0.0
PSMC1P12,0.0
RPL26P9,0.0
PPIAP66,0.0
RPS3AP46,0.0
ATP6V1FP2,0.0
ENSG00000226141,0.0
RPL35P8,0.0
RPS27AP3,0.0
KRT16P6,0.0
TUBBP10,0.0
SLC25A39P1,0.0
CHP1P3,0.0
RPL23AP76,0.0
OR52E3P,0.0
CLCP2,0.0
ENSG00000226160,0.0
EIF4A1P5,0.0
FGFR3P6,0.0
ENSG00000226166,0.0
ENSG00000226168,0.0
RANP7,0.0
TRIM64FP,0.0
ELOCP21,0.0
HNRNPA1P3,0.0
CLK3P2,0.0
GAPDHP75,0.0
ENSG00000226199,0.0
RPS3AP27,0.0
RBISP1,0.0
WASH8P,0.0
ENSG00000226211,0.0
UBQLN4P2,0.0
RPS12P5,0.0
RPL19P1,0.0
CICP22,0.0
RPL26P19,0.0
H2BP7,0.0
TSPY16P,0.0
PRELID3BP1,0.0
RPLP0P1,0.0
UFC1P1,0.0
NPIPB14P,0.0
RPL39P41,0.0
KRT18P24,0.0
ENSG00000226241,0.0
RPS17P8,0.0
RPL37AP1,0.0
KRT18P36,0.0
SUPT4H1P1,0.0
MRPL35P3,0.0
PTP4A1P3,0.0
UBE2V2P1,0.0
GTF2H2B,0.0
PIMREGP1,0.0
PHKBP1,0.0
ENSG00000226268,0.0
ZNF736P2Y,0.0
STUB1P1,0.0
PSPHP1,0.0
RPL12P10,0.0
ENSG00000226280,0.0
ARPC3P1,0.0
NUP35P2,0.0
TMEM191A,0.0
CDCA4P3,0.0
RPS3AP10,0.0
RPL17P14,0.0
RAD23BP3,0.0
RPSAP62,0.0
PDCL3P1,0.0
NPY6R,0.0
HNRNPDLP1,0.0
SMARCE1P2,0.0
MTCYBP12,0.0
ZKSCAN8P1,0.0
RPS3AP38,0.0
ENSG00000226324,0.0
RPSAP49,0.0
ENSG00000226329,0.0
RPL23AP28,0.0
MRPS16P3,0.0
ENSG00000226338,0.0
RPS26P56,0.0
USP8P2,0.0
MTCYBP39,0.0
NMD3P1,0.0
CST12P,0.0
ZDHHC1P1,0.0
VN2R10P,0.0
TAF9P1,0.0
RPS6P20,0.0
KRT8P38,0.0
ACTG1P24,0.0
RPL10AP6,0.0
TERF1P5,0.0
CCDC12P1,0.0
USP9YP11,0.0
ELL2P4,0.0
MAPK6P6,0.0
MTATP6P21,0.0
IFNA20P,0.0
ENSG00000226394,0.0
MRPS21P5,0.0
ENSG00000226396,0.0
ENSG00000226400,0.0
ENSG00000226401,0.0
ENSG00000226405,0.0
RBMX2P1,0.0
RPL23P11,0.0
ENSG00000226410,0.0
ENSG00000226411,0.0
OR8T1P,0.0
MTCYBP38,0.0
TPI1P1,0.0
SLC25A5P5,0.0
HMGN2P7,0.0
RPL15P13,0.0
ENSG00000226429,0.0
AKTIPP2,0.0
ANKRD18DP,0.0
H3P43,0.0
ENSG00000226439,0.0
GAPDHP32,0.0
ACTR3BP7,0.0
NOTCH2P1,0.0
RPL7AP51,0.0
CDY5P,0.0
CYP2D8P,0.0
RPL22P3,0.0
OR10G5P,0.0
RPA2P2,0.0
ENSG00000226468,0.0
ADAM1B,0.0
RPS29P33,0.0
PPIAP62,0.0
ENSG00000226474,0.0
ENSG00000226477,0.0
UPF3AP1,0.0
OR7H1P,0.0
ACTR3BP2,0.0
RPL7L1P21,0.0
RBM22P3,0.0
RPL36AP17,0.0
FTOP1,0.0
RPL26P27,0.0
RPSAP21,0.0
ENSG00000226499,0.0
ENSG00000226500,0.0
USF1P1,0.0
KRT8P27,0.0
TMEM167AP1,0.0
IPMKP1,0.0
ENSG00000226509,0.0
ENSG00000226515,0.0
ENSG00000226521,0.0
ENSG00000226523,0.0
RPS7P10,0.0
MTND1P1,0.0
ENSG00000226532,0.0
SUSD2P1,0.0
ENSG00000226535,0.0
SETP15,0.0
OR7E33P,0.0
MLXP1,0.0
GAPDHP73,0.0
RPL36P10,0.0
MYL6P1,0.0
RPL7P22,0.0
ENSG00000226545,0.0
SSU72P1,0.0
SCDP1,0.0
ENSG00000226552,0.0
IMPDH1P7,0.0
MTCL1P1,0.0
AGKP1,0.0
NPM1P49,0.0
TRAF6P1,0.0
ENSG00000226558,0.0
FTH1P20,0.0
ENSG00000226565,0.0
ENSG00000226570,0.0
SNORD57,0.0
RPL36P17,0.0
MICC,0.0
MTCYBP31,0.0
RPL39P40,0.0
UBE2V1P5,0.0
UBE2V1P10,0.0
ENSG00000226592,0.0
ENSG00000226595,0.0
IFNWP9,0.0
FTLP3,0.0
OFD1P2Y,0.0
OR52M2P,0.0
RPL21P110,0.0
RPL13AP27,0.0
RPL13AP16,0.0
RBM17P1,0.0
NOP56P2,0.0
SLC9A3P3,0.0
UBE2V1P1,0.0
PPIAP28,0.0
ENSG00000226636,0.0
SHISA5P1,0.0
ACTG1P12,0.0
RPL7P37,0.0
PSMD10P2,0.0
OR13Z1P,0.0
RPL23AP30,0.0
CHMP1AP1,0.0
MTND4P10,0.0
SSR1P2,0.0
HSPA9P1,0.0
SPATA31B2P,0.0
BCAS2P3,0.0
ENSG00000226671,0.0
IGBP1P1,0.0
PWWP2AP1,0.0
NXNP1,0.0
ANKRD20A10P,0.0
MTND4P25,0.0
RPL15P14,0.0
NPM1P4,0.0
SDCBPP1,0.0
SNRPGP8,0.0
EEF1DP2,0.0
ENSG00000226723,0.0
HRGP2,0.0
TMEM256P2,0.0
RPL35AP30,0.0
SNRPGP12,0.0
ENSG00000226744,0.0
OAZ1P1,0.0
ENSG00000226750,0.0
FOXN3P2,0.0
VPS25P1,0.0
RPSAP33,0.0
FABP7P1,0.0
ENSG00000226767,0.0
GAPDHP54,0.0
ENSG00000226773,0.0
HIKESHIP1,0.0
KRTAP3-4P,0.0
TBCAP1,0.0
TLK1P1,0.0
WBP11P2,0.0
HNRNPA3P1,0.0
MTND1P20,0.0
OSTCP8,0.0
RUVBL2P1,0.0
ENSG00000226804,0.0
MROH5,0.0
ENSG00000226810,0.0
ENSG00000226814,0.0
SLC6A6P1,0.0
ENSG00000226820,0.0
SUGT1P1,0.0
NPM1P11,0.0
MED15P3,0.0
RPL32P19,0.0
HMGB1P32,0.0
ENSG00000226838,0.0
MTND6P11,0.0
PAICSP3,0.0
ENSG00000226843,0.0
EEF1GP3,0.0
PRPS1P1,0.0
RPSAP17,0.0
DUTP3,0.0
RBX1P1,0.0
SHROOM2P1,0.0
SSX21P,0.0
ENSG00000226870,0.0
CDY14P,0.0
TRPC6P10,0.0
ZNF877P,0.0
GSTM3P2,0.0
H3P44,0.0
RPS29P10,0.0
E2F6P3,0.0
ENSG00000226886,0.0
RPLP1P10,0.0
CHCHD2P1,0.0
ENSG00000226905,0.0
H2BP6,0.0
ISCA2P1,0.0
RPL19P4,0.0
ENSG00000226918,0.0
PDZPH1P,0.0
RPS14P4,0.0
GTF2IP2,0.0
NRBF2P2,0.0
CEP164P1,0.0
IL9RP3,0.0
ALG1L5P,0.0
RPL13AP8,0.0
MTNAP1P1,0.0
LCEP4,0.0
RPS4XP2,0.0
OR6K5P,0.0
ENSG00000226952,0.0
POLE4P1,0.0
MTCO1P21,0.0
PPIAP60,0.0
RAC1P6,0.0
RHEBP2,0.0
HAUS4P1,0.0
NEDD8P1,0.0
ENSG00000226971,0.0
RPL12P19,0.0
ENSG00000226973,0.0
COX6A1P2,0.0
HMGN1P24,0.0
ABHD17AP6,0.0
CENPCP1,0.0
ENSG00000226984,0.0
PRELID1P5,0.0
ENSG00000226987,0.0
COA1P1,0.0
ENSG00000226991,0.0
MTATP6P30,0.0
ENSG00000226999,0.0
HSPD1P14,0.0
NBPF2P,0.0
SNRPEP10,0.0
ENSG00000227004,0.0
RPS24P19,0.0
FUNDC2P4,0.0
OR7E96P,0.0
ENSG00000227015,0.0
IL6STP1,0.0
OR7E101P,0.0
OR51A3P,0.0
RPS2P36,0.0
ENSG00000227034,0.0
MTATP6P18,0.0
GTF2IP7,0.0
ENSG00000227040,0.0
ENSG00000227048,0.0
FDX1P2,0.0
ENSG00000227055,0.0
RPL6P2,0.0
ENSG00000227058,0.0
ENSG00000227062,0.0
RPL41P1,0.0
NAA20P1,0.0
DPPA3P1,0.0
CNN2P2,0.0
ENSG00000227072,0.0
SDHDP2,0.0
ENSG00000227077,0.0
ENSG00000227080,0.0
RPS27P3,0.0
RBMX2P5,0.0
HMGB3P8,0.0
RPS28P7,0.0
OR2AS1P,0.0
PIGQP1,0.0
PARP1P1,0.0
CRIP1P3,0.0
ENSG00000227113,0.0
BTF3P13,0.0
ENSG00000227120,0.0
RPL12P44,0.0
ENSG00000227133,0.0
OTX2P2,0.0
ENSG00000227138,0.0
ENSG00000227141,0.0
MTCO1P44,0.0
OR2T7,0.0
MKRN6P,0.0
ENSG00000227158,0.0
DDX11L16,0.0
THEM7P,0.0
ENSG00000227163,0.0
STSP1,0.0
MYL6P3,0.0
NSA2P5,0.0
AIMP1P2,0.0
PGBP,0.0
LRRC2P1,0.0
VN1R28P,0.0
HDGFP1,0.0
RPL21P31,0.0
CNN2P1,0.0
SUB1P1,0.0
RBMY2JP,0.0
PFN1P9,0.0
RPL31P12,0.0
WARS2P1,0.0
H3P45,0.0
PFN1P6,0.0
RPS25P4,0.0
MTND1P14,0.0
WASH7P,0.0
CICP17,0.0
ENSG00000227236,0.0
TTC39DP,0.0
ENSG00000227241,0.0
ENSG00000227242,0.0
SLAMF6P1,0.0
TRIM60P13,0.0
ENSG00000227249,0.0
TRIM60P9Y,0.0
VDAC1P12,0.0
CDRT15P2,0.0
ENSG00000227257,0.0
HMGN2P22,0.0
YWHAZP7,0.0
HCG4B,0.0
ACTR3BP5,0.0
GXYLT1P7,0.0
DONSONP1,0.0
ENSG00000227270,0.0
RPL39P25,0.0
MTND6P10,0.0
RPL35AP12,0.0
MARK2P10,0.0
ARID3BP1,0.0
HSFY3P,0.0
ENSG00000227291,0.0
ELL2P1,0.0
ARAFP3,0.0
KRT16P2,0.0
SSX19P,0.0
ENSG00000227304,0.0
RPL31P19,0.0
RPL21P20,0.0
ENSG00000227312,0.0
MTND4P15,0.0
ENSG00000227329,0.0
RPL7AP22,0.0
RPL23AP43,0.0
THRAP3P1,0.0
RPL15P1,0.0
HAUS6P1,0.0
HNRNPKP2,0.0
MTND5P25,0.0
CEACAMP7,0.0
PPIAP88,0.0
NANOGP6,0.0
RAB28P3,0.0
ENSG00000227358,0.0
RPS24P7,0.0
SLC9B1P4,0.0
CDK8P2,0.0
ENSG00000227370,0.0
ENSG00000227371,0.0
FTH1P16,0.0
PPIAP2,0.0
EIF4A2P2,0.0
RPL35AP2,0.0
SALL1P1,0.0
ENSG00000227393,0.0
RPL11P1,0.0
EIF2AP4,0.0
ENSG00000227397,0.0
RPL21P82,0.0
RPL37P1,0.0
KRT8P20,0.0
RNF6P1,0.0
AMYP1,0.0
ACNATP,0.0
STK33P1,0.0
ENSG00000227413,0.0
ENSG00000227416,0.0
ENSG00000227417,0.0
OR10U1P,0.0
MRPS21P2,0.0
VN1R33P,0.0
MDH1P1,0.0
H3P9,0.0
RPL31P22,0.0
RNF19BPX,0.0
FCF1P1,0.0
RPS8P4,0.0
ATP5MC1P4,0.0
H3P30,0.0
ENSG00000227444,0.0
OR10R1P,0.0
XGY1,0.0
FGF7P6,0.0
HNRNPA1P63,0.0
MTND4P30,0.0
PSME2P6,0.0
GPN3P1,0.0
RPL39P16,0.0
TSSK5P,0.0
RPL6P24,0.0
CCNJP1,0.0
ENSG00000227493,0.0
USP9YP14,0.0
PABPC1P6,0.0
ENSG00000227499,0.0
SLIRPP1,0.0
ENSG00000227511,0.0
ILRUNP1,0.0
ENSG00000227514,0.0
C1DP4,0.0
TUBB4BP8,0.0
RPS20P15,0.0
RPL7P6,0.0
ENSG00000227532,0.0
AP1M2P1,0.0
SOCS5P4,0.0
ENSG00000227537,0.0
HNRNPFP1,0.0
SFR1P1,0.0
ENSG00000227545,0.0
OR4A2P,0.0
ENSG00000227556,0.0
MTND3P9,0.0
RPS15AP30,0.0
RNF11P2,0.0
SNX18P26,0.0
ENSG00000227573,0.0
RPS3AP53,0.0
STAU2P1,0.0
ADGRF5P1,0.0
RPS3AP37,0.0
MTND4P5,0.0
ENSG00000227585,0.0
RPS26P39,0.0
ATP5MC1P5,0.0
PIGFP3,0.0
PHB1P16,0.0
WASF1P1,0.0
TOMM22P3,0.0
SUMO2P2,0.0
TMEM183AP1,0.0
QRSL1P2,0.0
ENSG00000227615,0.0
ENSG00000227616,0.0
ALG1L8P,0.0
PHB1P11,0.0
ENSG00000227623,0.0
SNRPEP3,0.0
ENSG00000227625,0.0
SLC25A15P1,0.0
ENSG00000227632,0.0
RBMY2YP,0.0
USP9YP21,0.0
HNRNPA1P14,0.0
HIGD1AP11,0.0
RPL7P54,0.0
MTND6P32,0.0
ISCA1P6,0.0
SERPINA7P1,0.0
MTCO3P18,0.0
RPL7P2,0.0
CYCSP24,0.0
ENSG00000227667,0.0
ZNF731P,0.0
ENSG00000227679,0.0
ATP5F1AP2,0.0
CROCCP4,0.0
HNRNPA3P2,0.0
SRP68P2,0.0
MED28P3,0.0
GSTM3P1,0.0
RPL23AP74,0.0
ENSG00000227700,0.0
SDAD1P3,0.0
SNRNP40P1,0.0
ENSG00000227710,0.0
ENSG00000227711,0.0
MTND6P18,0.0
GOLGA6L25,0.0
RPSAP64,0.0
ENSG00000227722,0.0
POLR2MP1,0.0
ENSG00000227728,0.0
MTND6P5,0.0
CYCSP5,0.0
MTCO3P16,0.0
OR8B1P,0.0
PSMD14P1,0.0
CALR4P,0.0
ENSG00000227745,0.0
ENSG00000227747,0.0
RPL36AP31,0.0
ENSG00000227755,0.0
HCG9P5,0.0
VTI1BP4,0.0
ENSG00000227760,0.0
GUSBP8,0.0
MYL12BP2,0.0
ENSG00000227766,0.0
RPL7P12,0.0
ENSG00000227775,0.0
AKR1D1P1,0.0
RPL7AP19,0.0
NDUFB3P5,0.0
ZNF965P,0.0
ENSG00000227785,0.0
MTCO3P43,0.0
MTCYBP7,0.0
SPECC1P1,0.0
RPS10P9,0.0
MTND4LP9,0.0
CDPF1P1,0.0
DNAJB3,0.0
RPL21P90,0.0
OR5W1P,0.0
ENSG00000227813,0.0
MRPS17P9,0.0
ENSG00000227815,0.0
ARHGAP42P1,0.0
SLC9A7P1,0.0
PKD1P2,0.0
TRIM60P3Y,0.0
ST13P21,0.0
ENSG00000227834,0.0
CARM1P1,0.0
ENSG00000227836,0.0
TRIM60P11Y,0.0
KRTAP8-3P,0.0
MTND5P31,0.0
ENSG00000227842,0.0
ENSG00000227845,0.0
UGT1A11P,0.0
PPIAP93,0.0
SEPTIN2P1,0.0
RPS29P17,0.0
ENSG00000227854,0.0
DPY19L2P3,0.0
MTND5P18,0.0
HNRNPA1P31,0.0
ARL5AP1,0.0
ELOCP11,0.0
USP9YP12,0.0
FAM136GP,0.0
GRAMD4P1,0.0
RPL23AP89,0.0
ENSG00000227878,0.0
PSPC1P1,0.0
ASS1P5,0.0
THAP12P6,0.0
ATP6V0E1P4,0.0
RPS26P13,0.0
PSMA2P3,0.0
OR5P4P,0.0
MED6P1,0.0
ENSG00000227910,0.0
KRT8P44,0.0
ELOCP16,0.0
ENSG00000227919,0.0
SPTLC1P5,0.0
ENSG00000227923,0.0
RBPJP6,0.0
ENSG00000227934,0.0
MTND2P30,0.0
RPL3P2,0.0
UQCRBP2,0.0
FRMD8P1,0.0
ENSG00000227948,0.0
CYCSP46,0.0
ENSG00000227950,0.0
RPL18AP17,0.0
ENSG00000227962,0.0
ENSG00000227965,0.0
BUB3P1,0.0
NPM1P22,0.0
NR1H5P,0.0
ENSG00000227971,0.0
THAP12P3,0.0
PIN4P1,0.0
COX6A1P7,0.0
RPL7P30,0.0
BRK1P2,0.0
TRIM60P18,0.0
CRIPTOP1,0.0
ENSG00000227992,0.0
ENSG00000227994,0.0
RAB11AP1,0.0
MTND5P1,0.0
RPL7AP65,0.0
DHX9P1,0.0
MYCLP2,0.0
RPL36AP7,0.0
ZNF680P1,0.0
ENSG00000228015,0.0
ENSG00000228019,0.0
HNRNPA1P46,0.0
CYP1D1P,0.0
RPL21P76,0.0
HMGN2P21,0.0
HSPD1P9,0.0
VN1R51P,0.0
ENSG00000228039,0.0
ENSG00000228040,0.0
EIF3JP1,0.0
M6PRP1,0.0
DNAJA1P6,0.0
MTCO3P40,0.0
TOP3BP1,0.0
WBP11P3,0.0
RPL21P87,0.0
RANP5,0.0
CFL1P3,0.0
SEC63P1,0.0
MTCO3P29,0.0
RPL7P47,0.0
UBBP5,0.0
ENSG00000228076,0.0
HLA-U,0.0
ENSG00000228081,0.0
ENSG00000228085,0.0
PNKDP1,0.0
COX6CP15,0.0
ENSG00000228095,0.0
MTATP6P11,0.0
ENSG00000228098,0.0
ST13P19,0.0
TPT1P2,0.0
ENSG00000228112,0.0
MYL6P5,0.0
PHB1P3,0.0
MTND1P17,0.0
ENSG00000228123,0.0
AKIRIN1P2,0.0
ENSG00000228132,0.0
UBE2V1P14,0.0
ENSG00000228143,0.0
CASP16P,0.0
RPL3P1,0.0
ENSG00000228154,0.0
TLE1P1,0.0
ENSG00000228161,0.0
MTND1P11,0.0
ENSG00000228167,0.0
HNRNPA1P21,0.0
PPIAP19,0.0
C11orf98P3,0.0
GEMIN8P4,0.0
ENSG00000228181,0.0
MTND2P25,0.0
SNX19P1,0.0
ENSG00000228187,0.0
RPL23AP16,0.0
ENSG00000228191,0.0
ELOCP14,0.0
ETFRF1P1,0.0
RPL5P27,0.0
PTPN2P1,0.0
RPS3P3,0.0
ENSG00000228207,0.0
PNPP1,0.0
RPL7AP12,0.0
HYAL6P,0.0
OFD1P17,0.0
PNRC2P1,0.0
ATF4P3,0.0
NPM1P30,0.0
NACA4P,0.0
CRLF3P3,0.0
GAPDHP1,0.0
GLRXP1,0.0
TXNP5,0.0
ENSG00000228238,0.0
MOB1AP1,0.0
UBBP2,0.0
NUTF2P3,0.0
COL6A4P2,0.0
ENSG00000228257,0.0
ENSG00000228259,0.0
PSMD8P1,0.0
KATNBL1P6,0.0
LYPLA2P1,0.0
ENSG00000228286,0.0
ENSG00000228289,0.0
ARL4AP3,0.0
ENSG00000228292,0.0
BMS1P17,0.0
RPL7P55,0.0
ENSG00000228303,0.0
OR4K6P,0.0
PRELID1P6,0.0
OR2S1P,0.0
GAPDHP45,0.0
CYP4F29P,0.0
GUSBP11,0.0
MTATP6P19,0.0
SPATA2P1,0.0
ENSG00000228327,0.0
PGK1P1,0.0
ENSG00000228330,0.0
RPL17P43,0.0
ENSG00000228335,0.0
OR9H1P,0.0
PPIAP69,0.0
AMD1P1,0.0
ENSG00000228341,0.0
ENSG00000228345,0.0
FTLP17,0.0
EFCAB14P1,0.0
RPS26P4,0.0
ENSG00000228354,0.0
ENSG00000228360,0.0
SAR1AP1,0.0
ENSG00000228366,0.0
ENSG00000228367,0.0
ENSG00000228373,0.0
RPL9P13,0.0
RPS20P25,0.0
GAS2L1P2,0.0
MYL6BP1,0.0
HMGN2P25,0.0
ENSG00000228399,0.0
ENSG00000228407,0.0
CCT6P1,0.0
ELOCP24,0.0
CDY4P,0.0
ARL8BP1,0.0
PTMAP1,0.0
ENSG00000228429,0.0
ARL5AP3,0.0
DHFRP2,0.0
OR7E23P,0.0
ENSG00000228438,0.0
MTND5P6,0.0
UGT1A2P,0.0
ANKRD49P1,0.0
NLRP7P1,0.0
SDAD1P1,0.0
RPS15AP9,0.0
CYP2C59P,0.0
RPS19P7,0.0
ENSG00000228464,0.0
TRAPPC2P10,0.0
TUBB4AP1,0.0
ENSG00000228471,0.0
LIN28AP2,0.0
CSTP1,0.0
ENSG00000228477,0.0
ENSG00000228480,0.0
RPL21P50,0.0
RAB11FIP1P1,0.0
TMSB10P1,0.0
RPL15P18,0.0
EEF1A1P11,0.0
DAP3P2,0.0
ENSG00000228510,0.0
ENSG00000228513,0.0
SURF6P1,0.0
RANBP1P1,0.0
ENSG00000228522,0.0
DNAJB6P4,0.0
ENSG00000228525,0.0
ENSG00000228530,0.0
SUMO2P21,0.0
PMS2P12,0.0
OR7E26P,0.0
ENSG00000228550,0.0
SNRPGP9,0.0
HSPA8P17,0.0
RPS15AP13,0.0
HSFY7P,0.0
ENSG00000228572,0.0
TUBB1P2,0.0
ENSG00000228585,0.0
SPCS2P4,0.0
CFTRP1,0.0
PAICSP2,0.0
MTND4P1,0.0
RPL7P52,0.0
POLR2CP1,0.0
RPL39P,0.0
PDCL2P1,0.0
HNF4GP1,0.0
HK2P1,0.0
CENPNP2,0.0
ENSG00000228626,0.0
FCF1P2,0.0
PHKG1P2,0.0
RPL31P13,0.0
HNRNPCP7,0.0
MYO5BP3,0.0
RPL23AP58,0.0
VN1R35P,0.0
PSMD10P1,0.0
ENSG00000228664,0.0
RPS27P6,0.0
KRT18P1,0.0
ENSG00000228667,0.0
NANOGP2,0.0
PPIAP59,0.0
ENSG00000228681,0.0
ENSG00000228685,0.0
ENSG00000228687,0.0
COL11A2P1,0.0
MTND4P18,0.0
CES1P1,0.0
ENSG00000228700,0.0
ENSG00000228702,0.0
ENSG00000228711,0.0
NAB1P1,0.0
ENSG00000228721,0.0
MTND2P12,0.0
PPIAP91,0.0
ENSG00000228729,0.0
RPS3AP30,0.0
ENSG00000228751,0.0
EIF4BP2,0.0
RPL13AP19,0.0
PABPC1P8,0.0
ENSG00000228757,0.0
FAF2P1,0.0
ZNF885P,0.0
RPL7L1P8,0.0
KRT8P18,0.0
ABCF2P2,0.0
ENSG00000228770,0.0
ENSG00000228771,0.0
ENSG00000228776,0.0
ENSG00000228780,0.0
RPL21P84,0.0
MRPL45P2,0.0
H3P29,0.0
ENSG00000228790,0.0
FAM207BP,0.0
MTCYBP42,0.0
ENSG00000228806,0.0
MRPS18CP6,0.0
HMGB3P4,0.0
PABPC1P11,0.0
ENSG00000228814,0.0
MARK2P13,0.0
AK3P5,0.0
ENSG00000228818,0.0
AGKP2,0.0
RPSAP1,0.0
PDE4DIPP10,0.0
LAMTOR3P1,0.0
ENSG00000228827,0.0
TLK2P2,0.0
ENSG00000228829,0.0
ENSG00000228833,0.0
ATP5MFP2,0.0
CBX3P6,0.0
ENSG00000228844,0.0
ATP5MC2P4,0.0
RPS20P13,0.0
CDY12P,0.0
MTCO3P4,0.0
ENSG00000228855,0.0
ENSG00000228860,0.0
RPL23AP12,0.0
MYLKP1,0.0
COX4I1P2,0.0
CSP1,0.0
RPS24P10,0.0
RPL35AP6,0.0
CICP9,0.0
RPL23AP26,0.0
EEF1DP1,0.0
ENSG00000228897,0.0
MTCO1P43,0.0
HMGN2P36,0.0
ST6GALNAC2P1,0.0
RASA4CP,0.0
OR1H1P,0.0
OR7E128P,0.0
ENSG00000228922,0.0
KPNA2P2,0.0
RPS13P2,0.0
MTCO1P3,0.0
ENSG00000228935,0.0
MTA3P1,0.0
SNRPD2P1,0.0
ENSG00000228940,0.0
UBE3AP2,0.0
ENSG00000228943,0.0
CLUHP2,0.0
SLC25A6P5,0.0
UGT1A12P,0.0
ENSG00000228953,0.0
RPL7AP82,0.0
ENSG00000228957,0.0
PIGPP3,0.0
OR2A9P,0.0
OR7E93P,0.0
RPSAP60,0.0
HOMER2P1,0.0
UBTFL6,0.0
ENSG00000228974,0.0
SUMO2P8,0.0
PPIAP55,0.0
ENSG00000228981,0.0
ENSG00000228982,0.0
SLC47A1P1,0.0
ENSG00000228984,0.0
PHF10P1,0.0
RPL5P32,0.0
MTND1P9,0.0
ORMDL1P1,0.0
PERPP2,0.0
SEPTIN7P8,0.0
ACTBP14,0.0
ENSG00000229002,0.0
EXOSC3P1,0.0
TMPRSS11GP,0.0
ENSG00000229010,0.0
ENSG00000229013,0.0
RPL30P13,0.0
ENSG00000229016,0.0
PMS2P7,0.0
AKR7A2P1,0.0
RPL6P3,0.0
RAB1AP1,0.0
HSFY1P1,0.0
KRT223P,0.0
CDCA4P1,0.0
ENSG00000229030,0.0
MTCO1P25,0.0
ENSG00000229032,0.0
SPRR2C,0.0
VDAC1P8,0.0
MRPL32P2,0.0
HMGN1P2,0.0
DUTP1,0.0
MND1P1,0.0
RPS29P14,0.0
RPS3AP54,0.0
ENSG00000229060,0.0
ENSG00000229064,0.0
ENSG00000229067,0.0
TMPOP1,0.0
HMGN2P24,0.0
ENSG00000229079,0.0
MTCO3P30,0.0
OR5AW1P,0.0
PSMA6P2,0.0
RPS26P18,0.0
MTND1P10,0.0
ENSG00000229090,0.0
HSPA8P8,0.0
OR51AB1P,0.0
CALM2P2,0.0
ELOCP20,0.0
YY1P2,0.0
BTBD6P1,0.0
ABHD17AP4,0.0
ENSG00000229110,0.0
ENSG00000229112,0.0
ENSG00000229115,0.0
RPLP0P9,0.0
CYCSP4,0.0
ACTG1P2,0.0
EIF4A1P10,0.0
RPS7P4,0.0
CDY6P,0.0
HCG4P8,0.0
ENSG00000229143,0.0
ACTBP1,0.0
SNX18P4,0.0
SMPD4P2,0.0
CRYGEP,0.0
ENSG00000229156,0.0
TSPY23P,0.0
TCP1P1,0.0
NAP1L1P2,0.0
GDI2P1,0.0
RPL19P20,0.0
RPS26P59,0.0
ENSG00000229172,0.0
SRMP3,0.0
MRPS16P1,0.0
ATP5PDP2,0.0
ADAM1A,0.0
RPS15AP28,0.0
PTGES3P3,0.0
SERPINH1P1,0.0
RBMY2NP,0.0
KCTD9P6,0.0
ENSG00000229212,0.0
ENSG00000229213,0.0
CYCSP11,0.0
ENSG00000229220,0.0
HNRNPA1P66,0.0
KRT18P4,0.0
BTF3L4P4,0.0
MT1P3,0.0
FEM1AP1,0.0
KRT18P53,0.0
RBMY1KP,0.0
RPL37P18,0.0
HMGN1P37,0.0
PPP1R12BP1,0.0
EEF1A1P48,0.0
PNPT1P1,0.0
ENSG00000229247,0.0
WBP2P1,0.0
USP9YP31,0.0
HNRNPA1P8,0.0
OR8C1P,0.0
ST13P13,0.0
LRRC37A12P,0.0
POM121L8P,0.0
PES1P2,0.0
ENSG00000229273,0.0
EEF1DP6,0.0
GPR53P,0.0
ENSG00000229286,0.0
FABP5P4,0.0
ENSG00000229288,0.0
TUBB8P1,0.0
TAF9P2,0.0
PPIAP25,0.0
ENSG00000229305,0.0
RPP40P1,0.0
HMGB1P45,0.0
KRT8P12,0.0
ENSG00000229322,0.0
NUTF2P7,0.0
RPL17P15,0.0
PGBD4P8,0.0
SREK1IP1P1,0.0
NME2P3,0.0
RPL7AP83,0.0
CDY22P,0.0
MTCO2P12,0.0
ENSG00000229347,0.0
ACTG1P9,0.0
KRTAP9-11P,0.0
CYCSP51,0.0
DPY19L1P1,0.0
PIN1P1,0.0
PPP1R2P5,0.0
UBTFL7,0.0
ENSG00000229365,0.0
HMGN2P19,0.0
DENRP4,0.0
USP24P1,0.0
CICP3,0.0
HMGB1P16,0.0
OR8B9P,0.0
MICD,0.0
HLA-DRB6,0.0
ENSG00000229398,0.0
ENSG00000229399,0.0
ENSG00000229405,0.0
OFD1P4Y,0.0
ENSG00000229409,0.0
ENSG00000229413,0.0
USP9YP8,0.0
NPM1P25,0.0
RALGAPA1P1,0.0
H3P10,0.0
RPL27AP8,0.0
ANKRD26P4,0.0
PIP5K1P2,0.0
ENSG00000229436,0.0
ENSG00000229440,0.0
THEMIS3P,0.0
ENSG00000229447,0.0
RPS10P18,0.0
RLIMP1,0.0
WDR4P2,0.0
ACTG1P11,0.0
RPL39P18,0.0
RGS17P1,0.0
ROBO2P1,0.0
KSR1P1,0.0
ENSG00000229486,0.0
TERF2IPP1,0.0
ENSG00000229497,0.0
RPL17P1,0.0
RPL21P37,0.0
ENSG00000229505,0.0
PHKG1P4,0.0
ENSG00000229509,0.0
GAS2L1P1,0.0
FLT1P1,0.0
UBE2V1P3,0.0
ENSG00000229519,0.0
KRT16P4,0.0
ENSG00000229530,0.0
ENSG00000229532,0.0
HNRNPA1P53,0.0
GAPDHP26,0.0
ENSG00000229547,0.0
GAPDHP17,0.0
USP9YP17,0.0
RPL21P24,0.0
ENSG00000229559,0.0
LYARP1,0.0
ZFYVE9P1,0.0
ENSG00000229567,0.0
SMC4P1,0.0
GAPDHP58,0.0
EIF4BP4,0.0
RPL21P44,0.0
TNPO1P3,0.0
MSX2P1,0.0
SUCLA2P3,0.0
ENSG00000229594,0.0
ENSG00000229595,0.0
MYL12BP3,0.0
PRDX3P1,0.0
ENSG00000229601,0.0
MTATP8P2,0.0
RPL21P93,0.0
GOLGA2P4,0.0
SUMO1P2,0.0
ENSG00000229616,0.0
MTND5P2,0.0
METTL21AP1,0.0
PIGCP2,0.0
BSNDP4,0.0
ENSG00000229629,0.0
ENSG00000229635,0.0
KRT8P21,0.0
RPL4P4,0.0
CYP2C56P,0.0
NAMPTP1,0.0
RPSAP22,0.0
ENSG00000229652,0.0
RPL13AP11,0.0
PABPC1P9,0.0
RPL26P6,0.0
BUD31P2,0.0
ENSG00000229662,0.0
DPY19L4P1,0.0
UBE2V1P9,0.0
ENSG00000229668,0.0
PKP4P1,0.0
RPL17P28,0.0
ENSG00000229682,0.0
SNORD56,0.0
ENSG00000229687,0.0
ANKRD33BP1,0.0
MTCO2P1,0.0
SKP2P1,0.0
ENSG00000229695,0.0
KARS1P1,0.0
RPL29P17,0.0
MTND2P20,0.0
EIF2S2P2,0.0
SKP1P3,0.0
MARK2P12,0.0
USP9YP36,0.0
LCEP2,0.0
EEF1DP3,0.0
RPL23AP19,0.0
ENSG00000229721,0.0
OR2AQ1P,0.0
ENSG00000229725,0.0
ENSG00000229730,0.0
ENSG00000229731,0.0
ENSG00000229733,0.0
FTLP16,0.0
ENSG00000229738,0.0
ENSG00000229742,0.0
SDHDP5,0.0
BPY2DP,0.0
ENSG00000229747,0.0
COTL1P1,0.0
RPL7P10,0.0
RPS27AP15,0.0
CXCR2P1,0.0
RPL31P20,0.0
RPL7AP21,0.0
DYNLT3P2,0.0
MRPS18AP1,0.0
MTCO1P52,0.0
RPS20P1,0.0
ENSG00000229762,0.0
RPL21P62,0.0
RRN3P4,0.0
SLC25A38P1,0.0
SNRPFP2,0.0
MTCYBP32,0.0
RPS21P1,0.0
KRT18P26,0.0
ATP8A2P2,0.0
RPS15P5,0.0
ENSG00000229808,0.0
RPL35AP21,0.0
CCNB1IP1P1,0.0
DDX50P1,0.0
ENSG00000229817,0.0
DNAJC8P4,0.0
RPS15AP39,0.0
RPL12P34,0.0
ENSG00000229826,0.0
ENSG00000229827,0.0
PDE4DIPP1,0.0
DUTP4,0.0
ENSG00000229830,0.0
ENSG00000229831,0.0
ENSG00000229834,0.0
KHSRPP1,0.0
ENSG00000229836,0.0
ISCA1P2,0.0
MTATP6P13,0.0
PYHIN5P,0.0
ENSG00000229853,0.0
ENSG00000229857,0.0
ENSG00000229858,0.0
RPL19P2,0.0
RPL31P54,0.0
RPL21P89,0.0
RPSAP20,0.0
EIF1P1,0.0
PAICSP5,0.0
ENSG00000229878,0.0
IMMTP1,0.0
ENSG00000229885,0.0
ENSG00000229886,0.0
HNRNPA1P6,0.0
ACTP1,0.0
ENSG00000229892,0.0
SEPTIN7P7,0.0
ENSG00000229899,0.0
HSPD1P21,0.0
SNRPGP11,0.0
DEFB108A,0.0
TRIM60P16,0.0
HNRNPA1P18,0.0
ENSG00000229911,0.0
ENSG00000229914,0.0
RPL7P46,0.0
ELOCP3,0.0
RPS4XP5,0.0
IL9RP1,0.0
RHEBP1,0.0
ENSG00000229930,0.0
YWHAZP3,0.0
MTCYBP9,0.0
ENSG00000229939,0.0
TSPY22P,0.0
EIF4EP2,0.0
B3GNT2P1,0.0
B3GALNT1P1,0.0
ENSG00000229949,0.0
MTND2P2,0.0
RPS3AP7,0.0
ENSG00000229968,0.0
LIPT1P1,0.0
ENSG00000229977,0.0
PRAMEF36P,0.0
HMGN2P48,0.0
GTF3AP6,0.0
ENSG00000229985,0.0
HBBP1,0.0
AKR1B1P1,0.0
HMGB3P9,0.0
RPL5P4,0.0
ENSG00000230003,0.0
ANKRD36BP2,0.0
MTCO2P3,0.0
CTSLP4,0.0
PPIAP39,0.0
YWHAQP9,0.0
FNTAP2,0.0
ENSG00000230025,0.0
ENSG00000230026,0.0
CDY11P,0.0
UBBP1,0.0
CCNYL5,0.0
AK3P3,0.0
TMSB4XP6,0.0
CDK8P1,0.0
FAM90A15,0.0
HIGD2AP1,0.0
MTND3P2,0.0
ENSG00000230053,0.0
DDX6P1,0.0
RPL21P81,0.0
FAM197Y3,0.0
HSPD1P6,0.0
LRRC37A15P,0.0
RPL4P6,0.0
ENSG00000230073,0.0
RPL10P6,0.0
MTAPP2,0.0
STK24P1,0.0
ENSG00000230080,0.0
HSPE1P28,0.0
ENSG00000230083,0.0
VN1R96P,0.0
ENSG00000230087,0.0
KRT16P5,0.0
ENSG00000230092,0.0
ME2P1,0.0
TUBB3P2,0.0
ENSG00000230104,0.0
SNRPCP15,0.0
H3P11,0.0
ENSG00000230112,0.0
RPS3AP11,0.0
ENSG00000230118,0.0
ENSG00000230119,0.0
ECEL1P3,0.0
DLEC1P1,0.0
EEF1A1P39,0.0
MTND2P39,0.0
ENSG00000230132,0.0
SLC39A1P1,0.0
SEPHS1P4,0.0
ENSG00000230147,0.0
AIDAP1,0.0
ATP5MC1P1,0.0
MTND1P28,0.0
ENSG00000230160,0.0
ENSG00000230161,0.0
CT45A11P,0.0
MAS1LP1,0.0
AURKAP2,0.0
RPL35AP24,0.0
RPL30P16,0.0
HNRNPA1P28,0.0
RPL22P18,0.0
ENSG00000230175,0.0
RPL12P49,0.0
RNF10P1,0.0
CNOT6LP1,0.0
ENSG00000230187,0.0
RPL21P83,0.0
RABGEF1P2,0.0
IFITM3P4,0.0
ENSG00000230192,0.0
RPL34P35,0.0
DDX43P3,0.0
RPL37P4,0.0
ENSG00000230199,0.0
ATP6V0CP1,0.0
RPL29P4,0.0
RPS3AP55,0.0
FTH1P5,0.0
RPL4P5,0.0
IFNNP1,0.0
OR8V1P,0.0
FTLP18,0.0
HSPB1P2,0.0
CIBAR1P2,0.0
ENSG00000230221,0.0
PHB1P9,0.0
MTND5P14,0.0
SIAH1P1,0.0
H3P1,0.0
FMO7P,0.0
GNA13P1,0.0
RPL34P19,0.0
ENSG00000230241,0.0
FKBP1AP3,0.0
RAD23BP2,0.0
ENSG00000230245,0.0
SPATA31C1,0.0
HNRNPH3P1,0.0
RPS24P21,0.0
PHB1P4,0.0
MTND2P4,0.0
FGFR1OP2P1,0.0
OR52J2P,0.0
HERC2P4,0.0
ENSG00000230271,0.0
BRI3P3,0.0
PGAM1P3,0.0
SERBP1P4,0.0
ENSG00000230276,0.0
HNRNPA1P59,0.0
RPL7P61,0.0
RPS12P24,0.0
ENSG00000230284,0.0
ENSG00000230287,0.0
ENSG00000230291,0.0
GTF2IP23,0.0
SNRPEP11,0.0
MTND3P4,0.0
CICP6,0.0
ENSG00000230305,0.0
BANF1P2,0.0
OR6C5P,0.0
TOMM20P4,0.0
SLC25A53P1,0.0
XRCC6P3,0.0
BEND7P1,0.0
MTCO2P27,0.0
HMGN1P33,0.0
MTCO1P42,0.0
ENSG00000230328,0.0
HMGN2P3,0.0
ENSG00000230331,0.0
DNAJB5P1,0.0
MTND4P19,0.0
ENSG00000230339,0.0
FANCD2P2,0.0
ENSG00000230343,0.0
RPL35AP3,0.0
RPS21P2,0.0
ENSG00000230355,0.0
NCAPD2P1,0.0
TPI1P2,0.0
DDX10P2,0.0
VN1R32P,0.0
ACTG1P23,0.0
RPL4P3,0.0
RPL23AP52,0.0
KARS1P2,0.0
GOLGA6L5P,0.0
GSTA11P,0.0
MEMO1P4,0.0
ELOCP7,0.0
RPL6P19,0.0
RPSAP25,0.0
ENSG00000230386,0.0
RPSAP23,0.0
ANAPC1P3,0.0
SPTLC1P1,0.0
HINT2P1,0.0
RBBP8P1,0.0
RPS3AP52,0.0
RPL23P5,0.0
ENSG00000230407,0.0
TCEA1P2,0.0
OR3D1P,0.0
ELOCP12,0.0
OR5M4P,0.0
ARL2BPP7,0.0
RSU1P1,0.0
ENSG00000230428,0.0
TFAMP1,0.0
LRRC37A6P,0.0
CTF2P,0.0
RPL7P4,0.0
NEK2P4,0.0
RPS29P6,0.0
PA2G4P4,0.0
GPM6BP1,0.0
ENSG00000230459,0.0
VENTXP4,0.0
CLUHP5,0.0
RPL5P26,0.0
ATP6V1G1P7,0.0
OFD1P9Y,0.0
ENSG00000230477,0.0
ENSG00000230478,0.0
RPL34P11,0.0
ATP5MC2P3,0.0
OR51A10P,0.0
ENSG00000230485,0.0
SRD5A2P1,0.0
ENSG00000230495,0.0
MTCO2P7,0.0
EEF1B2P8,0.0
ANKRD30BP3,0.0
ENSG00000230502,0.0
RPL7AP8,0.0
RPL19P21,0.0
HMGB1P49,0.0
ENSG00000230520,0.0
ENSG00000230521,0.0
COL6A4P1,0.0
NOS2P3,0.0
CEACAMP9,0.0
MTND5P7,0.0
BASP1P1,0.0
PNPLA10P,0.0
SNX3P1X,0.0
ENSG00000230546,0.0
HMGB1P11,0.0
MTND4P27,0.0
ENSG00000230551,0.0
ENSG00000230556,0.0
CEACAMP2,0.0
RPL17P12,0.0
FAM133DP,0.0
CALM1P2,0.0
SF3A3P1,0.0
ACCSLP1,0.0
ENSG00000230571,0.0
KMT2CP5,0.0
OR6R1P,0.0
TMLHEP1,0.0
RPL19P5,0.0
ACTG1P14,0.0
GTF2IRD1P1,0.0
CCT5P2,0.0
PHB1P12,0.0
IMP3P1,0.0
RPSAP8,0.0
PPIAP40,0.0
RSL24D1P2,0.0
GPAA1P2,0.0
OR2H4P,0.0
ENSG00000230603,0.0
TSEN15P2,0.0
MTCYBP6,0.0
ENSG00000230607,0.0
COX7CP4,0.0
HMGB1P27,0.0
DYNLL1P7,0.0
ENSG00000230617,0.0
H3P12,0.0
ENSG00000230621,0.0
UQCRHP1,0.0
RPS23P8,0.0
FAM136EP,0.0
CYP4F60P,0.0
RPL36P1,0.0
ENSG00000230637,0.0
ENSG00000230638,0.0
VN1R36P,0.0
ENSG00000230643,0.0
KLF2P2,0.0
ENSG00000230650,0.0
MTCO2P25,0.0
OR7E55P,0.0
ENSG00000230659,0.0
YY1P1,0.0
TNPO1P2,0.0
THAP12P1,0.0
CEACAM22P,0.0
NDUFS5P5,0.0
PABPC1P3,0.0
CEACAMP4,0.0
GRPEL2P3,0.0
DDTP1,0.0
MRPL35P4,0.0
SAP18P3,0.0
FBXW4P1,0.0
RPL31P30,0.0
TMEM184CP1,0.0
HAPSTR2,0.0
CTAGE13P,0.0
GGTLC4P,0.0
ENSG00000230715,0.0
KRT8P7,0.0
ENSG00000230718,0.0
RPL17P5,0.0
RBMY2WP,0.0
RPL10P3,0.0
ENSG00000230739,0.0
PRELID1P7,0.0
SDAD1P2,0.0
MTATP6P23,0.0
RHOQP3,0.0
NFU1P1,0.0
SNAP23P1,0.0
MTND1P4,0.0
RFKP4,0.0
VN1R108P,0.0
RPS29P5,0.0
RPLP0P4,0.0
ENSG00000230781,0.0
RPS3AP13,0.0
ENSG00000230785,0.0
PSAT1P3,0.0
CTDSPL2P2,0.0
SMARCE1P5,0.0
HLA-K,0.0
ENSG00000230796,0.0
RPS2P16,0.0
ATP5MFP7,0.0
CDRT15P14,0.0
UBA52P4,0.0
RPS6P15,0.0
ENSG00000230813,0.0
USP9YP24,0.0
MTND2P16,0.0
ZNF736P5Y,0.0
ENSG00000230820,0.0
ASH2LP4,0.0
CBX1P1,0.0
ENSG00000230828,0.0
ENSG00000230829,0.0
SSBL4P,0.0
RPEP3,0.0
ENSG00000230835,0.0
RPL31P2,0.0
ENSG00000230840,0.0
RPL23AP15,0.0
GSTA10P,0.0
OCLNP1,0.0
GOT2P2,0.0
VPS51P5,0.0
RPL10P11,0.0
USP9YP20,0.0
YRDCP3,0.0
CCNB1IP1P2,0.0
ENSG00000230863,0.0
TSEN15P1,0.0
ENSG00000230867,0.0
AGAP10P,0.0
FBXW11P1,0.0
RPS6P23,0.0
MFSD13B,0.0
RBMX2P4,0.0
ENSG00000230882,0.0
HMGB1P25,0.0
SHC1P1,0.0
RPS18P12,0.0
FAM204CP,0.0
XKRYP2,0.0
PPIHP1,0.0
NPM1P51,0.0
MTCO1P53,0.0
ENSG00000230926,0.0
TMBIM7P,0.0
ENSG00000230929,0.0
GXYLT1P1,0.0
ENSG00000230932,0.0
ENSG00000230934,0.0
RPS3P1,0.0
ENSG00000230936,0.0
HMGN1P5,0.0
HNRNPA1P68,0.0
AURKBP1,0.0
MTND2P21,0.0
GPS2P2,0.0
ENSG00000230953,0.0
CAPZA1P1,0.0
ENSG00000230958,0.0
ENSG00000230964,0.0
SNX18P13,0.0
ENSG00000230973,0.0
ENSG00000230977,0.0
ENSG00000230979,0.0
RPL36AP39,0.0
DSTNP1,0.0
DDX3P2,0.0
ENSG00000230987,0.0
RPL23AP11,0.0
FAM201B,0.0
RPL12P15,0.0
FGFR3P1,0.0
RAB42P1,0.0
MTND5P8,0.0
CCNB1IP1P3,0.0
CECR9,0.0
RPL39P39,0.0
RPL7P32,0.0
CDC20P1,0.0
CUBNP1,0.0
ENSG00000231011,0.0
RPS27P10,0.0
EIF4A1P3,0.0
ENSG00000231020,0.0
RPS3AP9,0.0
XKRYP4,0.0
ENSG00000231029,0.0
CEP19P1,0.0
ENSG00000231034,0.0
RPL7L1P9,0.0
ENSG00000231043,0.0
GCNT1P3,0.0
OR52B5P,0.0
TRAPPC2LP1,0.0
MSANTD2P1,0.0
FARSBP1,0.0
RPL6P6,0.0
NPM1P9,0.0
ENSG00000231069,0.0
OR52Y1P,0.0
IDI1P3,0.0
GAPDHP64,0.0
RPL22P24,0.0
TSSK1A,0.0
FDPSP7,0.0
TRMT1P1,0.0
GYG1P3,0.0
NDUFB4P3,0.0
BMS1P19,0.0
ENSG00000231100,0.0
PRAMEF30P,0.0
PRELID3BP11,0.0
MTHFD2P3,0.0
BTF3P10,0.0
FAM25EP,0.0
SPATA20P1,0.0
UBE2V1P11,0.0
HLA-T,0.0
ENSG00000231136,0.0
RBM22P5,0.0
ENSG00000231139,0.0
EEF1A1P40,0.0
ARHGAP42P2,0.0
HMGB1P7,0.0
MTND2P15,0.0
ENSG00000231153,0.0
PTP4A1P1,0.0
OFD1P8Y,0.0
COX11P1,0.0
RPL7P56,0.0
TUBB4BP6,0.0
YBX1P2,0.0
EEF1B2P1,0.0
ENSG00000231181,0.0
CCNQP3,0.0
IFNA11P,0.0
ENSG00000231198,0.0
MTND5P19,0.0
KRT8P10,0.0
ZNF826P,0.0
HNRNPA1P25,0.0
ENSG00000231207,0.0
RPL17P49,0.0
PRAMEF32P,0.0
ARF4P4,0.0
ARPP19P1,0.0
ENSG00000231232,0.0
SKP1P1,0.0
CTNNBL1P1,0.0
OR6K1P,0.0
KLF2P1,0.0
RPS3AP3,0.0
PSMC1P3,0.0
C1DP1,0.0
ENSG00000231251,0.0
PCED1CP,0.0
ZSWIM5P2,0.0
ANAPC1P2,0.0
HMGN2P10,0.0
ARAFP1,0.0
COBLP1,0.0
ENSG00000231271,0.0
E2F4P1,0.0
OR9S24P,0.0
SALL4P6,0.0
RPL36AP6,0.0
ENSG00000231296,0.0
SEPTIN14P24,0.0
EZH2P1,0.0
RPL13AP,0.0
RPL36P2,0.0
RPS3P2,0.0
CLIC1P1,0.0
RPL31P29,0.0
ENSG00000231317,0.0
RPL13AP17,0.0
TPT1P7,0.0
ENSG00000231331,0.0
RPL34P6,0.0
ACTG1P10,0.0
VDAC1P6,0.0
ENSG00000231344,0.0
BEND3P1,0.0
RPL7L1P22,0.0
WBP1P1,0.0
ENSG00000231353,0.0
MTFR1P1,0.0
ENSG00000231357,0.0
RPL31P34,0.0
RPS29P23,0.0
RPL39P17,0.0
RPS26P40,0.0
RPSAP40,0.0
RPL15P22,0.0
AKR1B1P8,0.0
CDY17P,0.0
HMGN2P16,0.0
NDUFAF4P4,0.0
RNF2P1,0.0
NBPF21P,0.0
NAP1L5P1,0.0
MOB4P1,0.0
FMN2P1,0.0
SNX18P8,0.0
ENSG00000231392,0.0
ARL4AP4,0.0
ENSG00000231397,0.0
ENSG00000231398,0.0
SNRPEP8,0.0
WASF5P,0.0
RAC1P3,0.0
RPL36AP8,0.0
DUX4L31,0.0
RPL39P15,0.0
ENSG00000231416,0.0
IRX1P1,0.0
RAB9AP5,0.0
FAR2P4,0.0
HSP90AA3P,0.0
RBMY3AP,0.0
LARP1BP1,0.0
PPP4R2P2,0.0
TIMM8AP1,0.0
RPS16P4,0.0
ENSG00000231454,0.0
RNASEH1P2,0.0
HLA-DPA2,0.0
PPP4R2P3,0.0
PHF10P2,0.0
PRDX3P2,0.0
HMGB3P2,0.0
HMGN2P34,0.0
FCF1P9,0.0
SNRPGP13,0.0
ENSG00000231484,0.0
ENSG00000231489,0.0
RPL7L1P2,0.0
JKAMPP1,0.0
RPL21P35,0.0
MTND4LP1,0.0
PTMAP4,0.0
NMD3P2,0.0
RPL34P20,0.0
E2F6P4,0.0
CCNQP2,0.0
CBX1P5,0.0
SEPTIN14P1,0.0
ENSG00000231525,0.0
HINT1P1,0.0
MTCO3P10,0.0
ELOCP9,0.0
RPS6P2,0.0
RSL24D1P11,0.0
RPL3P5,0.0
ENSG00000231547,0.0
OR55B1P,0.0
ATP5MKP1,0.0
PTCHD3P2,0.0
IGBP1P3,0.0
MRM3P1,0.0
RSL24D1P3,0.0
ENSG00000231559,0.0
CEACAMP5,0.0
RPL7AP44,0.0
EIF4A1P11,0.0
NEK2P2,0.0
MTND2P19,0.0
S100A11P7,0.0
ENSG00000231569,0.0
PPIAP63,0.0
MTCO2P20,0.0
RPL7P21,0.0
MTND4LP21,0.0
ENSG00000231583,0.0
FAHD2CP,0.0
RPS23P9,0.0
SNORD62B,0.0
SHQ1P1,0.0
ENSG00000231590,0.0
ENSG00000231593,0.0
ENSG00000231600,0.0
ENSG00000231603,0.0
PIK3CDP1,0.0
ENSG00000231615,0.0
ANAPC15P1,0.0
RPS29P7,0.0
SLC47A1P2,0.0
ATP5F1BP1,0.0
YWHAQP8,0.0
KRT17P6,0.0
SPATA31B1P,0.0
RFESDP1,0.0
EMP2P1,0.0
RPS8P6,0.0
OGFOD1P1,0.0
OR7E111P,0.0
PPP2R2DP1,0.0
ENSG00000231675,0.0
EIF1P3,0.0
ANKRD11P2,0.0
RPL21P43,0.0
ENSG00000231694,0.0
NANOGP5,0.0
ENSG00000231699,0.0
ENSG00000231700,0.0
BMS1P13,0.0
ENSG00000231702,0.0
CYCSP43,0.0
PABPC1P1,0.0
H3P5,0.0
COX6CP2,0.0
CDY23P,0.0
CHMP4AP1,0.0
CAPZBP1,0.0
VN1R110P,0.0
HMGN2P38,0.0
RPS2P18,0.0
GAPDHP59,0.0
ENSG00000231741,0.0
ENSG00000231743,0.0
ENSG00000231744,0.0
ENSG00000231747,0.0
NANOGP10,0.0
EMBP1,0.0
ENSG00000231762,0.0
SLC66A2P1,0.0
PPP1R11P2,0.0
MTCO2P5,0.0
MTND4P21,0.0
RBISP6,0.0
DBIL5P,0.0
H2BP9,0.0
RPL31P50,0.0
DOC2GP,0.0
PA2G4P6,0.0
ANP32BP2,0.0
DNAJB6P3,0.0
RPL21P85,0.0
NANOGP9,0.0
RPL36AP35,0.0
SNRPCP9,0.0
NPM1P48,0.0
SMC3P1,0.0
ENSG00000231827,0.0
MTHFD1P1,0.0
RPS7P2,0.0
DPY19L4P2,0.0
FAM192BP,0.0
HMGB3P14,0.0
KRTCAP2P1,0.0
UBE2V2P4,0.0
ENSG00000231855,0.0
MORF4L1P5,0.0
ENSG00000231859,0.0
ENSG00000231866,0.0
KRT17P3,0.0
TSPY18P,0.0
ENSG00000231875,0.0
SNRPFP1,0.0
TXNL1P1,0.0
NDUFB1P1,0.0
MTND5P15,0.0
WDR95P,0.0
MARK2P14,0.0
GOT2P1,0.0
SETP10,0.0
COX7BP6,0.0
GAPDHP37,0.0
MAP1LC3BP1,0.0
GAMTP2,0.0
TPRKBP1,0.0
RARRES2P3,0.0
SALL4P5,0.0
ENSG00000231916,0.0
ENSG00000231922,0.0
ENSG00000231923,0.0
SEPHS1P7,0.0
HMGB3P31,0.0
ENSG00000231930,0.0
ENSG00000231931,0.0
RPS7P3,0.0
HNRNPA1P36,0.0
MTND2P24,0.0
DPY19L1P2,0.0
MTND2P22,0.0
HNRNPA1P9,0.0
GNAI2P2,0.0
MTCO1P59,0.0
RPL17P29,0.0
ENSG00000231967,0.0
ENSG00000231978,0.0
RPL7L1P12,0.0
MCF2L2P1,0.0
ENSG00000231984,0.0
OFD1P3Y,0.0
ANXA2P2,0.0
RPL7AP76,0.0
ENSG00000231996,0.0
CLCN3P1,0.0
ZNF736P12Y,0.0
CAP1P2,0.0
ENSG00000232009,0.0
HSPE1P25,0.0
FAAHP1,0.0
LSM12P1,0.0
ENSG00000232027,0.0
ELOCP15,0.0
ENSG00000232032,0.0
ENSG00000232036,0.0
RPL21P29,0.0
DEFT1P2,0.0
PSMD10P3,0.0
ENSG00000232042,0.0
HNRNPCP9,0.0
ENSG00000232050,0.0
NPM1P34,0.0
ENSG00000232059,0.0
SLC4A1APP1,0.0
USP9YP33,0.0
ENSG00000232068,0.0
RPS29P28,0.0
MRPL35P2,0.0
RPL31P7,0.0
HCFC2P1,0.0
ENSG00000232089,0.0
POLR2DP1,0.0
PNLIPP1,0.0
YPEL5P1,0.0
VPS51P2,0.0
ENSG00000232101,0.0
MTCO3P2,0.0
RPL32P28,0.0
VN1R54P,0.0
ENSG00000232111,0.0
NPLP1,0.0
ENSG00000232115,0.0
MTCO3P45,0.0
IMPDH1P10,0.0
RPS15AP12,0.0
ENSG00000232135,0.0
DUXAP7,0.0
IFNWP5,0.0
RPS25P9,0.0
PSAT1P2,0.0
ENSG00000232145,0.0
FMO11P,0.0
FERP1,0.0
ST13P4,0.0
MTCYBP15,0.0
ENSG00000232155,0.0
C11orf98P1,0.0
RAB9BP1,0.0
ENSG00000232161,0.0
RPLP1P13,0.0
ENSG00000232165,0.0
ENSG00000232166,0.0
ENSG00000232167,0.0
P2RY10BP,0.0
ENSG00000232172,0.0
OR2H5P,0.0
ENSG00000232174,0.0
ENSG00000232175,0.0
ENSG00000232176,0.0
MTND4P24,0.0
MTATP6P29,0.0
CNOT7P2,0.0
TERF1P7,0.0
FTH1P7,0.0
TOMM22P2,0.0
MTCO2P34,0.0
RPL3P8,0.0
CHORDC1P1,0.0
SLC25A6P2,0.0
TET1P1,0.0
CDY18P,0.0
ENSG00000232208,0.0
OR2L6P,0.0
FTLP8,0.0
RGL4P1,0.0
CNN2P10,0.0
ARSFP1,0.0
RPL36AP16,0.0
TPM4P1,0.0
CDY3P,0.0
RPS29P8,0.0
RBPJP5,0.0
ENSG00000232240,0.0
DYNLT3P1,0.0
ZYG11AP1,0.0
ENSG00000232249,0.0
CSF2RBP1,0.0
BTF3L4P1,0.0
ENSG00000232261,0.0
ACTR3P2,0.0
FTH1P1,0.0
SLC30A6P1,0.0
IFNWP15,0.0
MTND1P32,0.0
ELOBP3,0.0
ALDH7A1P2,0.0
PAICSP7,0.0
ENSG00000232296,0.0
DFFBP1,0.0
CLCP1,0.0
PSMC1P13,0.0
MXRA7P1,0.0
ENSG00000232327,0.0
ARL5AP5,0.0
RPS27AP2,0.0
ENSG00000232334,0.0
ENSG00000232337,0.0
RPL4P2,0.0
ENSG00000232344,0.0
RPS17P16,0.0
YBX1P7,0.0
ENSG00000232350,0.0
ENSG00000232355,0.0
TRPC6P3,0.0
ATP5MGP2,0.0
VDAC1P9,0.0
FTLP2,0.0
PPIAP35,0.0
BAG1P1,0.0
MTCYBP3,0.0
GPR79,0.0
ENSG00000232375,0.0
RPL29P28,0.0
RPL22P23,0.0
ZDHHC20P4,0.0
OR52U1P,0.0
ENSG00000232383,0.0
RPS3AP25,0.0
SKA2P1,0.0
ENSG00000232389,0.0
NDUFA5P1,0.0
RANP2,0.0
GOT2P7,0.0
RPL5P6,0.0
TMPRSS11CP,0.0
RAD17P1,0.0
RPL27P5,0.0
PPIAP70,0.0
ENSG00000232409,0.0
ENSG00000232418,0.0
IL9RP2,0.0
KNOP1P4,0.0
USP9YP29,0.0
RPL21P131,0.0
RPL31P15,0.0
ENSG00000232431,0.0
GXYLT1P3,0.0
RPS26P42,0.0
RPL18AP7,0.0
ENSG00000232446,0.0
MTND5P3,0.0
ENSG00000232450,0.0
ENSG00000232454,0.0
FAM131C2P,0.0
SLC16A6P1,0.0
OR4F14P,0.0
BMPR1AP2,0.0
ENSG00000232463,0.0
H3P31,0.0
TMA16P2,0.0
ENSG00000232471,0.0
EEF1B2P3,0.0
HSFY5P,0.0
KRT8P52,0.0
ENSG00000232482,0.0
DEPDC1P2,0.0
MFAP1P1,0.0
SAPCD2P3,0.0
NPM1P13,0.0
RPL12P11,0.0
RPL3P12,0.0
ADIPOR1P1,0.0
ENSG00000232499,0.0
ENSG00000232502,0.0
CYCSP8,0.0
MRPL45P1,0.0
OR2AH1P,0.0
RPL21P25,0.0
ENSG00000232515,0.0
CSPG4BP,0.0
ZNF886P,0.0
SS18L2P1,0.0
VDAC1P13,0.0
ENSG00000232528,0.0
KMT5AP2,0.0
OR5H8,0.0
RPL36P19,0.0
ENSG00000232546,0.0
SRD5A1P1,0.0
MTCO1P14,0.0
CLK2P1,0.0
RSU1P2,0.0
PRCPP1,0.0
TPMTP3,0.0
CRB3P1,0.0
RPL23AP35,0.0
RPL3P4,0.0
ENSG00000232576,0.0
ENSG00000232578,0.0
MTCO1P27,0.0
ENSG00000232582,0.0
GPR143YP,0.0
OFD1P12Y,0.0
EEF1A1P3,0.0
ENSG00000232594,0.0
CST2P1,0.0
ENSG00000232599,0.0
ANAPC15P2,0.0
ENSG00000232603,0.0
HMGN2P11,0.0
TIMM9P2,0.0
CCT6P4,0.0
RPL31P35,0.0
USP9YP9,0.0
PPP4R2P5,0.0
ENSG00000232617,0.0
TSPY17P,0.0
C4BPAP2,0.0
ENSG00000232622,0.0
RPL23AP31,0.0
ENSG00000232626,0.0
ENSG00000232627,0.0
PRPS1P2,0.0
MTND2P23,0.0
NEFLP1,0.0
ENSG00000232644,0.0
ENSG00000232646,0.0
POLR3KP1,0.0
FAM136BP,0.0
SLC44A3P1,0.0
LDHBP1,0.0
ENSG00000232663,0.0
LARP1BP3,0.0
PHB1P10,0.0
ENSG00000232668,0.0
ACTG1P21,0.0
ADH5P2,0.0
SPTLC1P4,0.0
RPL12P9,0.0
HSPE1P9,0.0
ELOCP17,0.0
BDH2P1,0.0
RPL21P108,0.0
WTAPP2,0.0
NUTM2HP,0.0
AP1B1P2,0.0
MARK2P9,0.0
RPS12P3,0.0
MTND3P8,0.0
ENSG00000232716,0.0
TRIM51JP,0.0
GAPDHP48,0.0
MROH4P,0.0
RPS17P7,0.0
TRIM80P,0.0
YWHAEP1,0.0
PHB2P1,0.0
FAM8A4P,0.0
ATP5MC1P7,0.0
ATG4AP1,0.0
ENSG00000232736,0.0
RHOQP2,0.0
ELF2P3,0.0
USP9YP16,0.0
ENSG00000232750,0.0
ENSG00000232751,0.0
MTCO3P21,0.0
ETF1P1,0.0
ENSG00000232760,0.0
TRIM60P8Y,0.0
ENSG00000232765,0.0
KIAA1143P2,0.0
ENSG00000232768,0.0
PPP1R26P5,0.0
MTND4P22,0.0
DEFB130D,0.0
BMS1P22,0.0
MRPL51P2,0.0
RPL23AP50,0.0
GAPDHP74,0.0
FRG2FP,0.0
TIMM9P3,0.0
OR7L1P,0.0
ENSG00000232789,0.0
OR11I1P,0.0
FTH1P25,0.0
DNAJC19P8,0.0
HNRNPDP1,0.0
SCAND3P1,0.0
FAM207CP,0.0
ENSG00000232798,0.0
CRYGFP,0.0
SLC7A15P,0.0
SDCBPP3,0.0
NIP7P1,0.0
VDAC1P10,0.0
S100A11P6,0.0
DUX4L50,0.0
RPS2P32,0.0
TXNP1,0.0
PRR13P1,0.0
GSTO3P,0.0
FAM136CP,0.0
ENSG00000232834,0.0
BRWD1P3,0.0
KAT7P1,0.0
SNX18P2,0.0
TRAPPC2P9,0.0
SLC25A6P3,0.0
RPL7AP18,0.0
ATP5MFP3,0.0
CICP4,0.0
LUZP4P1,0.0
KATNBL1P2,0.0
RPL34P27,0.0
ENSG00000232862,0.0
NUCKS1P1,0.0
RPL36AP34,0.0
SEC1P,0.0
CTAGE3P,0.0
RPL23AP93,0.0
HMGN2P35,0.0
GLRX5P2,0.0
NDUFB4P10,0.0
RPS10P21,0.0
PHKA1P1,0.0
RPLP0P5,0.0
ENSG00000232887,0.0
RPS11P5,0.0
ENSG00000232889,0.0
MRPS31P2,0.0
ENSG00000232897,0.0
CDY9P,0.0
CYCSP10,0.0
ENSG00000232905,0.0
ENSG00000232906,0.0
HSD17B7P1,0.0
RAB9AP1,0.0
TRAPPC2P4,0.0
RNF14P1,0.0
HMGN2P27,0.0
HSPE1P6,0.0
RPL21P26,0.0
MTND6P24,0.0
ELOCP4,0.0
MRPS16P2,0.0
RPL8P5,0.0
USP12PY,0.0
DDX3P1,0.0
RPL23AP87,0.0
GGCTP2,0.0
ENSG00000232944,0.0
RPL35AP20,0.0
ZNF519P1,0.0
IPO7P1,0.0
ENSG00000232952,0.0
HSPA8P18,0.0
MTARC2P1,0.0
HMGN2P20,0.0
RPS12P18,0.0
EIF4EP4,0.0
POLHP1,0.0
MTCO1P57,0.0
TRIM60P10Y,0.0
ENSG00000232979,0.0
MTCO1P51,0.0
MTCO1P45,0.0
ENSG00000232983,0.0
ENSG00000232989,0.0
MTATP6P7,0.0
AHCYP4,0.0
RPL7P14,0.0
ENSG00000232999,0.0
CICP26,0.0
UBTFL11,0.0
RPEP4,0.0
SLC9A3P1,0.0
HDAC1P2,0.0
TBC1D3P7,0.0
SLC25A6P1,0.0
ENSG00000233018,0.0
CHORDC1P5,0.0
CRYZP1,0.0
MTCO1P5,0.0
ENSG00000233028,0.0
ENSG00000233031,0.0
KRTAP8-2P,0.0
ENSG00000233037,0.0
MTND5P30,0.0
FAM204BP,0.0
RPL15P5,0.0
ENSG00000233055,0.0
EEF1A1P14,0.0
SAR1AP4,0.0
RPSAP59,0.0
RPS15AP6,0.0
FTH1P6,0.0
RPL23AP25,0.0
ENSG00000233090,0.0
ENSG00000233105,0.0
RPL12P3,0.0
SUCLA2P2,0.0
ENSG00000233109,0.0
RAB1C,0.0
COX7BP4,0.0
FAM90A11,0.0
UBE2V1P8,0.0
USP9YP15,0.0
VN1R20P,0.0
CTAGE7P,0.0
ACTBP12,0.0
ZNF736P3Y,0.0
ENSG00000233129,0.0
RPS15AP14,0.0
FAM90A3,0.0
NPEPPSP2,0.0
MTND3P17,0.0
RPS27P18,0.0
ENSG00000233139,0.0
BPIFB5P,0.0
SYF2P2,0.0
HMGA1P8,0.0
HSFY8P,0.0
ENSG00000233157,0.0
RPS24P6,0.0
RPL31P16,0.0
MORF4L1P6,0.0
RPS12P17,0.0
EEF1A1P26,0.0
ENSG00000233170,0.0
VN1R34P,0.0
OR7E157P,0.0
KLF4P1,0.0
RPL12P29,0.0
RPS24P13,0.0
ENSG00000233196,0.0
TMEM256P1,0.0
MAPRE1P3,0.0
WBP1P2,0.0
RPS3AP1,0.0
GRPEL2P1,0.0
ENSG00000233216,0.0
MROH3P,0.0
SSBP3P1,0.0
LPCAT2BP,0.0
CNOT7P1,0.0
HNRNPA1P49,0.0
ENSG00000233235,0.0
DEFA9P,0.0
VKORC1P1,0.0
UBE2E4P,0.0
MTND6P9,0.0
CRIP1P1,0.0
RPL21P134,0.0
FABP3P2,0.0
RPSAP63,0.0
CAPZA1P4,0.0
ENSG00000233264,0.0
HMGB1P31,0.0
ENSG00000233268,0.0
SNRPEP4,0.0
PNPT1P2,0.0
AMMECR1LP1,0.0
ENSG00000233275,0.0
RPS26P2,0.0
MTCYBP10,0.0
MTND3P10,0.0
ENSG00000233287,0.0
RPL7AP61,0.0
ENSG00000233292,0.0
FAM90A20,0.0
RASA4DP,0.0
HIGD1AP4,0.0
EIF4A1P1,0.0
OR4C14P,0.0
SRSF3P6,0.0
RPS6P12,0.0
MTCO1P54,0.0
HMGA1P5,0.0
RPL31P45,0.0
PPIAP32,0.0
EEF1A1P34,0.0
MIPEPP3,0.0
USP32P2,0.0
PFN1P1,0.0
RPS16P3,0.0
RNFT1P2,0.0
RPL36AP14,0.0
UBE2FP3,0.0
ATP6V1G1P4,0.0
ERP29P1,0.0
ENSG00000233352,0.0
RPS7P9,0.0
RPL30P15,0.0
ZNF90P2,0.0
GTF2IP4,0.0
ACTR1AP1,0.0
MTND4P20,0.0
USP9YP34,0.0
RPS2P48,0.0
AK4P3,0.0
NKAPP1,0.0
ENSG00000233383,0.0
MTCO3P8,0.0
TRMT112P8,0.0
PRKAR1AP1,0.0
TARDBPP1,0.0
ENSG00000233406,0.0
RPS25P3,0.0
IFITM3P7,0.0
KRT18P67,0.0
EIF3FP3,0.0
PPIAP65,0.0
PDE4DIPP3,0.0
MTIF2P1,0.0
CBLL1P1,0.0
AGGF1P2,0.0
ENSG00000233437,0.0
HMGA1P6,0.0
CYP2AB1P,0.0
PPP6R2P1,0.0
ENSG00000233444,0.0
RPL17P11,0.0
PDK1P2,0.0
ENSG00000233447,0.0
PMS2P9,0.0
MTATP6P14,0.0
ENSG00000233454,0.0
ENSG00000233455,0.0
ENSG00000233457,0.0
ENSG00000233459,0.0
RPL35AP31,0.0
HAX1P1,0.0
ST6GALNAC4P1,0.0
KRT18P62,0.0
RAD1P2,0.0
EEF1A1P6,0.0
PPIAP38,0.0
ENSG00000233484,0.0
RPSAP69,0.0
PAXBP1P1,0.0
ENSG00000233494,0.0
HNRNPA1P60,0.0
OR5B1P,0.0
HNRNPLP1,0.0
ENSG00000233511,0.0
ENSG00000233514,0.0
RPL7P35,0.0
PHB1P5,0.0
RANP8,0.0
RFC5P1,0.0
DEFA10P,0.0
MKNK2P1,0.0
TEDDM2P,0.0
RPL31P47,0.0
CHTF8P1,0.0
EIF3KP2,0.0
CYCSP33,0.0
CYCSP44,0.0
CYCSP35,0.0
MTCYBP8,0.0
LSM1P1,0.0
RPL7AP46,0.0
NFU1P2,0.0
ENSG00000233558,0.0
KRT8P39,0.0
RPS3AP8,0.0
OR52E7P,0.0
RPL29P9,0.0
ENSG00000233575,0.0
HTR3C2P,0.0
EIF4EP1,0.0
KRT8P15,0.0
ENSG00000233583,0.0
ACAA2P1,0.0
ENSG00000233586,0.0
CYP51A1P2,0.0
BTF3P5,0.0
MTND2P29,0.0
RPL19P6,0.0
NCOR1P3,0.0
JTBP1,0.0
OR6C66P,0.0
RPL10P19,0.0
DDX11L10,0.0
HNRNPA1P42,0.0
ENSG00000233619,0.0
CYP2T1P,0.0
PGAM1P11,0.0
ENSG00000233626,0.0
ENSG00000233632,0.0
GOT2P5,0.0
KRTAP13-5P,0.0
OR52T1P,0.0
NENFP1,0.0
ENSG00000233648,0.0
CICP1,0.0
CICP7,0.0
NDUFA5P4,0.0
CALM2P4,0.0
ENSG00000233663,0.0
NDUFS5P3,0.0
ENSG00000233668,0.0
CENPNP1,0.0
ANAPC1P1,0.0
ENSG00000233674,0.0
FDPSP6,0.0
DDX39BP1,0.0
HNRNPA1P27,0.0
CEACAMP1,0.0
ENSG00000233683,0.0
OR6L1P,0.0
PIEZO1P1,0.0
ZNF622P1,0.0
EBAG9P1,0.0
ENSG00000233691,0.0
RPL37P13,0.0
ENSG00000233703,0.0
RPL22P11,0.0
ENSG00000233708,0.0
MTND4P28,0.0
ENSG00000233710,0.0
EIF4EBP2P1,0.0
ENSG00000233712,0.0
ENSG00000233713,0.0
MTFR2P1,0.0
RPS29P29,0.0
GOT2P3,0.0
ENSG00000233720,0.0
ENSG00000233724,0.0
ENSG00000233727,0.0
H2AZP6,0.0
ENSG00000233737,0.0
CICP2,0.0
RPL27P7,0.0
RPL36AP13,0.0
CICP27,0.0
RRAS2P2,0.0
RPL21P36,0.0
RPS15P4,0.0
MTCO1P20,0.0
CDRT15P12,0.0
PSMA6P3,0.0
CICP5,0.0
MED14P1,0.0
ENSG00000233778,0.0
HNRNPA1P30,0.0
ZNF90P3,0.0
CDC27P1,0.0
ENSG00000233787,0.0
PUDPP2,0.0
ENSG00000233805,0.0
AMZ2P3,0.0
MOB1AP2,0.0
H3P32,0.0
LCEP1,0.0
MKRN10P,0.0
CCNQP1,0.0
RPL26P15,0.0
EIF4HP1,0.0
ENSG00000233832,0.0
ETF1P3,0.0
ENSG00000233836,0.0
EIF3LP2,0.0
DPH3P1,0.0
ENSG00000233839,0.0
CYCSP48,0.0
SELENOTP1,0.0
ADH5P4,0.0
MGAT2P1,0.0
SLC9B1P3,0.0
LLPHP3,0.0
RPSAP27,0.0
ENSG00000233870,0.0
TOR1BP1,0.0
RPL7P44,0.0
MFN1P1,0.0
GAPDHP68,0.0
ENSG00000233877,0.0
NFYCP1,0.0
ENSG00000233887,0.0
MTCO2P17,0.0
PAIP1P1,0.0
RPL17P35,0.0
ENSG00000233902,0.0
LONRF2P2,0.0
ENSG00000233908,0.0
UBE2V1P4,0.0
GTF2F2P2,0.0
RPL10P9,0.0
UBE2Q2P10,0.0
ZDHHC20P1,0.0
ENSG00000233918,0.0
RPS15AP40,0.0
RPSAP13,0.0
MT1XP1,0.0
ENSG00000233933,0.0
RPL21P38,0.0
RPL27AP4,0.0
RPL12P45,0.0
ENSG00000233943,0.0
LINC00265-3P,0.0
RPS29P4,0.0
ASS1P3,0.0
RCC2P3,0.0
FTLP15,0.0
AHCYP3,0.0
BTF3P6,0.0
ENSG00000233962,0.0
ATP8A2P3,0.0
UBE2SP1,0.0
RPS20P10,0.0
ENSG00000233974,0.0
RPL22P21,0.0
FDPSP2,0.0
ENSG00000233983,0.0
RPSAP14,0.0
ENSG00000233990,0.0
GDI2P2,0.0
ENSG00000233995,0.0
KDM3AP1,0.0
SETP5,0.0
ENSG00000234001,0.0
MTATP6P27,0.0
ENSG00000234004,0.0
GAPDHP22,0.0
PPP1R2P2,0.0
RPL5P34,0.0
GNG10P1,0.0
ENSG00000234017,0.0
CHIAP3,0.0
RBPMS2P1,0.0
TMEM97P1,0.0
RPS3AP44,0.0
RAC1P8,0.0
TXNP6,0.0
NDUFA5P7,0.0
RPL10P12,0.0
ENSG00000234041,0.0
ENSG00000234042,0.0
NUDT9P1,0.0
ENSG00000234044,0.0
CIAO2AP1,0.0
CASKP1,0.0
EDDM3CP,0.0
ENSG00000234061,0.0
TM9SF5P,0.0
PRAMEF29P,0.0
MTND4P26,0.0
TAS2R62P,0.0
RPL5P10,0.0
GAPDHP53,0.0
MTX2P1,0.0
CBX3P10,0.0
RPL35AP,0.0
ENSG00000234080,0.0
ELOCP10,0.0
ENSG00000234085,0.0
ENSG00000234087,0.0
RPS15AP7,0.0
RPS15AP11,0.0
MTND4P11,0.0
KRT19P4,0.0
SRP14P2,0.0
TPT1P1,0.0
COX6A1P1,0.0
RPL7P36,0.0
TSPY25P,0.0
LEFTY3P,0.0
IDH1P1,0.0
RPL13AP6,0.0
METAP2P1,0.0
ENSG00000234120,0.0
GPM6BP3,0.0
RHBDF1P1,0.0
CSN1S2AP,0.0
EEF1GP8,0.0
AP2B1P1,0.0
ELOCP8,0.0
RPL23AP83,0.0
UGT1A13P,0.0
COX6CP13,0.0
NAP1L4P3,0.0
AKAP8P1,0.0
ELOBP1,0.0
RPEP2,0.0
RBPMSLP,0.0
MTND4LP11,0.0
ELOBP4,0.0
ENSG00000234175,0.0
HSPA8P1,0.0
DEFA11P,0.0
MTCYBP1,0.0
AIMP1P1,0.0
ENSG00000234189,0.0
RPS26P38,0.0
ENSG00000234200,0.0
BMI1P1,0.0
H3P3,0.0
PIGPP2,0.0
FHP1,0.0
RBPJP7,0.0
CDCA4P4,0.0
NDUFS5P2,0.0
RPL7L1P1,0.0
NCLP2,0.0
ANAPC1P4,0.0
MTCO2P8,0.0
CFL1P8,0.0
SYNCRIPP1,0.0
DNAJB6P6,0.0
RPL7P13,0.0
PTCD2P2,0.0
SOD2P1,0.0
ENSG00000234259,0.0
ENSG00000234262,0.0
TULP3P1,0.0
RPS27P19,0.0
ENSG00000234269,0.0
RPL36P20,0.0
ENSG00000234271,0.0
RPL30P2,0.0
COX7BP2,0.0
SDR42E1P3,0.0
ENSG00000234282,0.0
GAPDHP49,0.0
RPS27P4,0.0
OR1AA1P,0.0
PSIP1P1,0.0
SGO1P2,0.0
SLC25A18P1,0.0
SAPCD2P4,0.0
OSTCP5,0.0
RPS12P2,0.0
ST13P18,0.0
RPL9P2,0.0
MRPS10P2,0.0
RPL7AP16,0.0
BCAS2P2,0.0
CYCSP53,0.0
RPS4XP11,0.0
ENSG00000234337,0.0
ENSG00000234338,0.0
ENSG00000234340,0.0
ELF2P1,0.0
GLUD1P9,0.0
ENSG00000234353,0.0
RPS26P47,0.0
FTH1P27,0.0
ENSG00000234356,0.0
RPL7AP42,0.0
ELK1P1,0.0
ENSG00000234360,0.0
PPIAP27,0.0
PFN1P3,0.0
TATDN1P1,0.0
RPSAP31,0.0
SNX18P7,0.0
UBTFL2,0.0
HMGB1P48,0.0
MED15P7,0.0
ENSG00000234382,0.0
CTBP2P8,0.0
RCC2P1,0.0
OR7E162P,0.0
TXNP3,0.0
ENSG00000234391,0.0
PPIAP34,0.0
ENSG00000234398,0.0
RBMY2XP,0.0
ELK2BP,0.0
SPRYD7P1,0.0
ENSG00000234406,0.0
MPV17L2P1,0.0
RPL5P7,0.0
CICP13,0.0
ZNF37BP,0.0
SLC25A5P4,0.0
UBE2WP1,0.0
ENSG00000234424,0.0
ANKRD11P1,0.0
ENSG00000234436,0.0
KRT18P2,0.0
ENSG00000234441,0.0
ENSG00000234442,0.0
ENSG00000234448,0.0
ENSG00000234450,0.0
ENSG00000234451,0.0
ENSG00000234457,0.0
OR7E130P,0.0
COX6CP12,0.0
HDGFL3P1,0.0
SLC25A1P2,0.0
ZNF101P2,0.0
AP1B1P1,0.0
MTCO2P18,0.0
OR7E46P,0.0
RPL27P6,0.0
ALDH7A1P4,0.0
HNRNPA1P51,0.0
RHOXF1P1,0.0
MRPS21P1,0.0
RPL13AP20,0.0
ENSG00000234500,0.0
FYTTD1P1,0.0
TLR12P,0.0
ENSG00000234513,0.0
PPP1R2P1,0.0
PTGES3P1,0.0
ENSG00000234521,0.0
ENSG00000234522,0.0
NDUFB1P2,0.0
RPL12P43,0.0
GAPDHP19,0.0
CSNK1G2P1,0.0
ENSG00000234537,0.0
ZNF114P1,0.0
CHEK2P5,0.0
PTGES3P5,0.0
PPIAP90,0.0
API5P1,0.0
RPL22P7,0.0
TPMTP2,0.0
HSPA8P20,0.0
COX6B1P1,0.0
RPL7AP71,0.0
BIN2P1,0.0
RAD1P1,0.0
ZFRP1,0.0
RPS21P7,0.0
CTSLP8,0.0
MTND1P26,0.0
TSPY19P,0.0
CCT6P3,0.0
ENSG00000234586,0.0
MRPL50P1,0.0
FABP5P14,0.0
RPL13AP24,0.0
GNG5P5,0.0
TJAP1P1,0.0
MTCO1P58,0.0
ENSG00000234604,0.0
ENSG00000234607,0.0
OR2AT2P,0.0
H2AZP5,0.0
RPSAP9,0.0
RPL7P11,0.0
PUDPP1,0.0
ENSG00000234624,0.0
NUS1P3,0.0
WDR82P1,0.0
NECAP1P2,0.0
RPS19P6,0.0
ENSG00000234639,0.0
OTX2P1,0.0
YWHAEP5,0.0
ENSG00000234648,0.0
AGPAT5P1,0.0
OR7E155P,0.0
RPL21P73,0.0
HMGN2P5,0.0
ACTL11P,0.0
OR6C64P,0.0
MTCYBP5,0.0
VN2R3P,0.0
VDAC2P4,0.0
ENSG00000234683,0.0
NUS1P2,0.0
MTCO1P8,0.0
PRDX3P3,0.0
VDAC1P3,0.0
PRUNE1P1,0.0
UPF3AP3,0.0
TUBB8P11,0.0
ENSG00000234713,0.0
ENSG00000234716,0.0
ATP5F1AP8,0.0
FCRL4P1,0.0
HDAC1P1,0.0
ENSG00000234726,0.0
MTND4LP16,0.0
RPEP5,0.0
RPS25P10,0.0
KRT18P15,0.0
RPL17P18,0.0
EIF5AP4,0.0
USP9YP26,0.0
ENSG00000234748,0.0
FAM90A21P,0.0
RPS2P53,0.0
RPL15P16,0.0
MGAT4FP,0.0
E2F6P1,0.0
ELL2P3,0.0
WASH4P,0.0
GULOP,0.0
ENSG00000234780,0.0
TPT1P9,0.0
ENSG00000234784,0.0
EEF1GP5,0.0
HSPA8P3,0.0
NUTF2P4,0.0
ENSG00000234792,0.0
RFTN1P1,0.0
RPS3AP6,0.0
PCMTD1P3,0.0
MORF4,0.0
FAM197Y2,0.0
FAM151AP1,0.0
RPL26P29,0.0
ENSG00000234811,0.0
ENSG00000234812,0.0
ENSG00000234813,0.0
SVIL2P,0.0
H2AC5P,0.0
ENSG00000234819,0.0
MRPS33P4,0.0
XRCC6P2,0.0
FAM197Y9,0.0
PHB1P13,0.0
ENSG00000234837,0.0
PPIAP78,0.0
RPS26P30,0.0
ENSG00000234841,0.0
MTCO2P16,0.0
CDC42P2,0.0
MTND2P3,0.0
RPL23AP42,0.0
NDUFA5P3,0.0
ATP5F1AP1,0.0
ENSG00000234863,0.0
ADH5P5,0.0
ENSG00000234872,0.0
HSPE1P1,0.0
PIGFP2,0.0
EIF3EP1,0.0
MTND5P26,0.0
OFD1P15Y,0.0
KPNB1P1,0.0
HNRNPDLP2,0.0
ENSG00000234894,0.0
OR52X1P,0.0
OR7E62P,0.0
CHEK2P3,0.0
MTND6P13,0.0
ENSG00000234903,0.0
ENSG00000234907,0.0
IL6RP1,0.0
TEX21P,0.0
TSEN15P3,0.0
ATP5PDP4,0.0
HMGN1P18,0.0
MARK2P15,0.0
ENSG00000234932,0.0
CDC42P1,0.0
MTND5P29,0.0
ENSG00000234937,0.0
MTND2P18,0.0
ENSG00000234941,0.0
SDHCP3,0.0
RBMY2OP,0.0
FABP5P13,0.0
FABP5P7,0.0
AARSD1P1,0.0
FTH1P2,0.0
RPL7AP20,0.0
RPL7AP47,0.0
ENSG00000234983,0.0
FMO10P,0.0
ENSG00000234985,0.0
CUBNP2,0.0
RPS3AP28,0.0
ACTG1P25,0.0
SNRPCP19,0.0
EIF4A1P2,0.0
ENSG00000235002,0.0
USP9YP30,0.0
ENSG00000235008,0.0
JCADP1,0.0
COX20P2,0.0
REREP2Y,0.0
GEMIN2P1,0.0
RPL17P48,0.0
HMGN1P30,0.0
DNAJC9P1,0.0
MTND6P12,0.0
MTCO3P1,0.0
TECRP1,0.0
PPIAP3,0.0
RPL7P8,0.0
ENSG00000235055,0.0
VDAC1P4,0.0
UBE2V1P7,0.0
BCRP5,0.0
SLC25A5P2,0.0
RPL24P2,0.0
ENSG00000235069,0.0
ENSG00000235071,0.0
GAPDHP52,0.0
MTND5P23,0.0
ENSG00000235081,0.0
SUMO1P3,0.0
ENSG00000235083,0.0
CHCHD2P6,0.0
ENSG00000235088,0.0
ENSG00000235089,0.0
RPL7L1P3,0.0
ENSG00000235094,0.0
GPCPD1P1,0.0
SETP9,0.0
ADI1P1,0.0
ENSG00000235105,0.0
IFNA12P,0.0
RPS17P10,0.0
HSPE1P27,0.0
ENSG00000235113,0.0
CHCHD2P8,0.0
KRT8P17,0.0
ENSG00000235128,0.0
FABP7P2,0.0
RPL35AP22,0.0
PSMA5P1,0.0
HSP90AB6P,0.0
COX6CP17,0.0
RPSAP16,0.0
ENSG00000235147,0.0
HMGB3P23,0.0
RCBTB2P1,0.0
RPL7AP81,0.0
CDK5P1,0.0
MTND1P31,0.0
RPL39P3,0.0
RPL26P37,0.0
ENSG00000235181,0.0
ENSG00000235182,0.0
SRP14P3,0.0
ENSG00000235186,0.0
ENSG00000235190,0.0
ENSG00000235196,0.0
ZNF33CP,0.0
CYP2C58P,0.0
TBC1D3P3,0.0
TATDN2P3,0.0
TUBBP6,0.0
RPL7AP13,0.0
TMSB10P2,0.0
OR6E1P,0.0
DNAJC17P1,0.0
ENSG00000235219,0.0
ENSG00000235224,0.0
RPL31P17,0.0
ENSG00000235226,0.0
VN1R38P,0.0
MRPS18BP2,0.0
SUMO2P1,0.0
ACTRT1P1,0.0
ENSG00000235240,0.0
ENSG00000235241,0.0
ENSG00000235243,0.0
OR13C1P,0.0
ENSG00000235251,0.0
EEF1A1P50,0.0
TMEM185AP1,0.0
FKBP4P7,0.0
NDUFB4P6,0.0
RPL5P28,0.0
RPL22P17,0.0
ENSG00000235267,0.0
ENSG00000235274,0.0
KRT18P16,0.0
ZNF652P1,0.0
DYNLL1P3,0.0
SNORD62A,0.0
ENSG00000235286,0.0
BRD7P6,0.0
HLA-W,0.0
RPL7AP25,0.0
FAUP1,0.0
MRPL53P1,0.0
HLA-Z,0.0
GAPDHP34,0.0
ENSG00000235308,0.0
GXYLT1P6,0.0
KRTAP19-10P,0.0
RPL23AP69,0.0
DUSP8P5,0.0
MTND4LP13,0.0
COTL1P2,0.0
SRSF3P5,0.0
RPL31P62,0.0
ENSG00000235329,0.0
RPL12P25,0.0
RPSAP76,0.0
PVRIG2P,0.0
BTG3P1,0.0
DUSP5P2,0.0
GEMIN2P2,0.0
TRNT1P2,0.0
ENSG00000235349,0.0
ENSG00000235350,0.0
SGCEP1,0.0
RPS29P16,0.0
SNRPGP10,0.0
SAPCD2P2,0.0
RPL36AP15,0.0
DNM1P51,0.0
ACO2P2,0.0
SSR4P1,0.0
ENSG00000235377,0.0
MRPS10P1,0.0
RPL7P31,0.0
MTND4P31,0.0
ENSG00000235386,0.0
ENSG00000235390,0.0
ENSG00000235400,0.0
SNORA71B,0.0
DRG1P1,0.0
KRT18P63,0.0
RPSAP24,0.0
TIPINP1,0.0
RPL29P30,0.0
ENSG00000235421,0.0
KATNBL1P3,0.0
SUMO2P10,0.0
RPS7P13,0.0
ENSG00000235429,0.0
ZSWIM5P1,0.0
ENSG00000235432,0.0
MTATP6P17,0.0
DPY19L2P4,0.0
ESRRAP2,0.0
RPS2P15,0.0
PSMB3P2,0.0
TRAPPC13P1,0.0
COX7CP2,0.0
PNPLA4P1,0.0
HAUS6P3,0.0
RPS26P31,0.0
TAB3P1,0.0
ENSG00000235463,0.0
RPL10AP5,0.0
MRPL50P4,0.0
EIF4A1P7,0.0
RAB9AP4,0.0
RPL21P135,0.0
ACO2P1,0.0
ANAPC1P6,0.0
DBF4P1,0.0
SNX19P2,0.0
CASP4LP,0.0
RPS2P7,0.0
ENSG00000235510,0.0
OFD1P18Y,0.0
LLPHP2,0.0
USP9YP27,0.0
MTCO1P23,0.0
FTLP1,0.0
FECHP1,0.0
MTND1P33,0.0
RPS11P1,0.0
ENSG00000235546,0.0
NDUFB11P1,0.0
HEBP2P1,0.0
EIF1P2,0.0
ANKRD26P2,0.0
RPL6P27,0.0
SRSF6P2,0.0
SUMO1P4,0.0
GUSBP17,0.0
NOP56P1,0.0
SNX18P14,0.0
RPS15AP37,0.0
ENSG00000235574,0.0
RPL38P5,0.0
ENSG00000235581,0.0
ENSG00000235582,0.0
ENSG00000235583,0.0
GAPDHP65,0.0
ENSG00000235592,0.0
ENSG00000235594,0.0
GAPDHP23,0.0
RRM2P4,0.0
POU5F1P3,0.0
ENSG00000235605,0.0
AK4P6,0.0
NSRP1P1,0.0
ST13P2,0.0
ENSG00000235617,0.0
FAM21EP,0.0
RPL36AP33,0.0
OR7E110P,0.0
KRT18P66,0.0
SNRPFP4,0.0
NUS1P1,0.0
MTND6P14,0.0
ENSG00000235639,0.0
ELOAP1,0.0
PTP4A1P5,0.0
RPL10P5,0.0
MTND1P2,0.0
MTFR2P2,0.0
MXRA5Y,0.0
G3BP1P1,0.0
ENSG00000235653,0.0
H3P6,0.0
RPL36P18,0.0
RPL21P40,0.0
ENSG00000235672,0.0
ENSG00000235673,0.0
LDHAP2,0.0
NPM1P26,0.0
OR5AN2P,0.0
ENSG00000235679,0.0
ENSG00000235681,0.0
ENSG00000235683,0.0
ENSG00000235685,0.0
PPIAP20,0.0
ENSG00000235689,0.0
CUBNP3,0.0
HIGD2AP2,0.0
PA2G4P2,0.0
CYCSP52,0.0
PCBP2P1,0.0
ENSG00000235705,0.0
CDCA7P2,0.0
ENSG00000235713,0.0
KRT18P46,0.0
GABPAP,0.0
ENSG00000235721,0.0
ENSG00000235729,0.0
OR2AF1P,0.0
HMGN1P36,0.0
RPL7AP72,0.0
TRIM60P19,0.0
ENSG00000235738,0.0
ENSG00000235742,0.0
CTBP2P2,0.0
SEPTIN14P12,0.0
ENSG00000235756,0.0
ARHGAP42P3,0.0
MTCO3P46,0.0
SNRPGP5,0.0
BRD7P5,0.0
ENSG00000235775,0.0
RPL7AP70,0.0
ENSG00000235778,0.0
HNRNPA1P29,0.0
RPL35AP8,0.0
MTND3P21,0.0
ENSG00000235797,0.0
MTCO2P23,0.0
ENSG00000235804,0.0
SOCS5P3,0.0
MYL6P2,0.0
ENSG00000235810,0.0
ENSG00000235811,0.0
ADAM21P1,0.0
PRELID1P3,0.0
ENSG00000235817,0.0
VN1R17P,0.0
IFITM4P,0.0
TUBB8P9,0.0
RPL36AP26,0.0
TBCAP2,0.0
CNN2P3,0.0
ENSG00000235833,0.0
KIF3AP1,0.0
HSP90AB7P,0.0
LDHAP7,0.0
OR7E145P,0.0
CTBP2P1,0.0
ENSG00000235859,0.0
ENSG00000235861,0.0
HSPA8P6,0.0
GAPDHP31,0.0
ENSG00000235869,0.0
ENSG00000235871,0.0
FEM1AP4,0.0
FAR1P1,0.0
PKMP2,0.0
ENSG00000235893,0.0
ENSG00000235895,0.0
CCSER2P1,0.0
ENSG00000235907,0.0
ENSG00000235912,0.0
MRPS18CP7,0.0
MTCO2P11,0.0
THRAP3P3,0.0
RPL13P14,0.0
ZNRF2P3,0.0
RPS29P15,0.0
TPT1P14,0.0
HSPE1P12,0.0
ENSG00000235932,0.0
RPL21P30,0.0
MTND1P21,0.0
ZNF815P,0.0
ENSG00000235945,0.0
H2BW3P,0.0
ENSG00000235951,0.0
CICP20,0.0
COX7CP1,0.0
ENSG00000235959,0.0
RPL7AP53,0.0
MCCD1P1,0.0
FXYD6P2,0.0
COX5BP3,0.0
FBXL12P1,0.0
CHEK2P4,0.0
VN2R19P,0.0
TPM2P1,0.0
H2BP8,0.0
ENSG00000235981,0.0
ENSG00000235988,0.0
RPL23AP20,0.0
ENSG00000235991,0.0
GRAMD4P2,0.0
ENSG00000235993,0.0
UBE2V1P6,0.0
TAAR7P,0.0
ENSG00000236004,0.0
ENSG00000236005,0.0
MTCO1P46,0.0
HIGD1AP12,0.0
TMX1P1,0.0
ENSG00000236018,0.0
ENSG00000236025,0.0
ENSG00000236026,0.0
NSA2P1,0.0
CHIAP1,0.0
COX6CP18,0.0
ENSG00000236042,0.0
FABP5P2,0.0
RPL13AP12,0.0
SSBL5P,0.0
GAPDHP14,0.0
RPL17P36,0.0
HSPB1P1,0.0
GSTM5P1,0.0
NT5ELP,0.0
SRSF2P1,0.0
ENSG00000236073,0.0
SLC6A14P1,0.0
SKP1P4,0.0
YAP1P2,0.0
OR13E1P,0.0
ACTG1P4,0.0
HMGN2P28,0.0
LDHAP3,0.0
BNIP3P2,0.0
ENSG00000236099,0.0
RAC1P7,0.0
PRELID3BP10,0.0
ENSG00000236108,0.0
OR2AM1P,0.0
RPL6P1,0.0
ENSG00000236114,0.0
ENSG00000236118,0.0
HAUS6P2,0.0
CEACAMP11,0.0
HMGN2P23,0.0
MED13P1,0.0
RPL17P52,0.0
ADORA2BP1,0.0
DUX4L26,0.0
ENSG00000236146,0.0
RPL23AP37,0.0
MRPS36P1,0.0
ZPLD2P,0.0
CHCHD4P3,0.0
RFC3P1,0.0
ENSG00000236159,0.0
ENSG00000236160,0.0
PRADC1P1,0.0
GAPDHP57,0.0
ENSG00000236168,0.0
RPL12P26,0.0
SSU72P6,0.0
PRAMEF35P,0.0
ENSG00000236180,0.0
ENOPH1P1,0.0
TCEA1P4,0.0
HNRNPDLP3,0.0
GJA6P,0.0
RPL18AP15,0.0
ENSG00000236190,0.0
RPS15AP25,0.0
MRM3P2,0.0
ENSG00000236205,0.0
MTCO1P7,0.0
PPP1R11P1,0.0
C1DP2,0.0
VEZF1P1,0.0
MTCYBP24,0.0
ENSG00000236235,0.0
ENSG00000236238,0.0
DDX5P1,0.0
RPL6P29,0.0
ENSG00000236246,0.0
TMEM258P1,0.0
ENSG00000236252,0.0
SLC25A3P1,0.0
MTND4P14,0.0
EI24P2,0.0
TIMM8BP1,0.0
PPIAP64,0.0
ENSG00000236261,0.0
RPL26P30,0.0
ENSG00000236274,0.0
NIPA2P5,0.0
PEBP1P3,0.0
NDUFB9P2,0.0
VN1R31P,0.0
NPM1P8,0.0
EEF1GP7,0.0
GUSBP5,0.0
EEF1A1P23,0.0
MTND4LP12,0.0
EEF1E1P1,0.0
RPL34P34,0.0
VN1R53P,0.0
OR7E109P,0.0
ENSG00000236317,0.0
ENSG00000236319,0.0
BMP6P1,0.0
RPL32P5,0.0
ENSG00000236327,0.0
RPL5P9,0.0
POM121L13P,0.0
EI24P4,0.0
PSMC1P10,0.0
SUCLG2P2,0.0
EI24P1,0.0
OR51B8P,0.0
RRAS2P1,0.0
EIF3MP1,0.0
POU5F1P5,0.0
ZNF736P4Y,0.0
VENTXP7,0.0
KRTAP10-13P,0.0
ENSG00000236386,0.0
ENSG00000236391,0.0
ENSG00000236395,0.0
DDX11L2,0.0
KRTAP21-4P,0.0
SLC4A1APP2,0.0
UBQLN1P1,0.0
HMGB1P18,0.0
NRADDP,0.0
NDUFAF4P3,0.0
ENSG00000236413,0.0
CTSLP1,0.0
CHCHD3P1,0.0
RPL31P64,0.0
GPM6BP2,0.0
KRT8P29,0.0
ENSG00000236431,0.0
RPL37P21,0.0
TSPY12P,0.0
FAM157A,0.0
RPS27P8,0.0
COPRSP1,0.0
ANKRD54P1,0.0
ENSG00000236450,0.0
DENRP1,0.0
HNRNPA1P22,0.0
SNX2P2,0.0
EEF1A1P44,0.0
KRT43P,0.0
GCNT1P1,0.0
TRIM26BP,0.0
ENSG00000236476,0.0
RPS24P1,0.0
ENSG00000236478,0.0
PKMP1,0.0
MTND2P40,0.0
RRM2P2,0.0
ENSG00000236487,0.0
RPL34P10,0.0
ENSG00000236491,0.0
EIF2S2P3,0.0
GPS2P1,0.0
CD24P1,0.0
TRPC6P8,0.0
ENSG00000236504,0.0
ENSG00000236505,0.0
RPL21P133,0.0
RPL29P1,0.0
KLF2P4,0.0
NPAP1P4,0.0
NPM1P40,0.0
ARF4P2,0.0
KPNA2P1,0.0
RPS12P4,0.0
H3P36,0.0
ZNF863P,0.0
HNRNPA1P54,0.0
VN2R9P,0.0
MED28P7,0.0
RPS27AP7,0.0
ENSG00000236550,0.0
RPL13AP5,0.0
ASNSP3,0.0
ENSG00000236555,0.0
IFITM3P1,0.0
YWHAQP5,0.0
HNRNPA3P5,0.0
TCF3P1,0.0
HNRNPA1P73,0.0
RAD23BP1,0.0
ENSG00000236571,0.0
ENSG00000236574,0.0
ENSG00000236576,0.0
SNRPGP14,0.0
RPL36P13,0.0
PRPF38AP2,0.0
ENSG00000236583,0.0
MTATP6P4,0.0
S100A11P2,0.0
RPS27AP14,0.0
MED15P5,0.0
CRLF3P1,0.0
ELOCP26,0.0
RANP1,0.0
LYPLA2P3,0.0
ENSG00000236606,0.0
EEF1DP8,0.0
EIF4A1P6,0.0
SOCS5P1,0.0
KRTAP19-11P,0.0
ENSG00000236615,0.0
BAK1P2,0.0
XKRYP3,0.0
MTND5P17,0.0
UBA5P1,0.0
ENSG00000236638,0.0
LAMTOR5P1,0.0
ENSG00000236647,0.0
ENSG00000236654,0.0
SLC6A14P3,0.0
RPL27AP3,0.0
KRT18P5,0.0
ENSG00000236674,0.0
MTX1LP,0.0
RPL23AP24,0.0
PSMC3P1,0.0
DSTNP5,0.0
HMGA1P1,0.0
BZW1P1,0.0
MTCO2P21,0.0
ENSG00000236690,0.0
NDUFA4P2,0.0
MTCO1P10,0.0
HNRNPA1P47,0.0
EIF1AXP1,0.0
ENSG00000236701,0.0
CNOT4P1,0.0
ENSG00000236710,0.0
ENSG00000236712,0.0
ENSG00000236713,0.0
RBMY2QP,0.0
RPL27P9,0.0
ENSG00000236731,0.0
RPL21P137,0.0
RPL31P63,0.0
UQCRC2P1,0.0
CLIC4P1,0.0
ENSG00000236741,0.0
YRDCP2,0.0
ENSG00000236748,0.0
ENSG00000236750,0.0
RPL19P16,0.0
TRMT112P4,0.0
COX7A2P2,0.0
RPL17P16,0.0
ENSG00000236770,0.0
ENSG00000236773,0.0
ENSG00000236775,0.0
RPL21P23,0.0
ENSG00000236777,0.0
ENSG00000236779,0.0
RPS15AP27,0.0
SDR42E1P5,0.0
TSPY15P,0.0
OR2AI1P,0.0
ENSG00000236792,0.0
BCRP8,0.0
ENSG00000236796,0.0
SPA17P1,0.0
RPL24P8,0.0
SDAD1P4,0.0
RPS3AP12,0.0
RPL7AP15,0.0
ENSG00000236807,0.0
SNX25P1,0.0
GAPDHP2,0.0
BTF3P8,0.0
ENSG00000236814,0.0
ANKRD20A7P,0.0
ARL5AP2,0.0
RAB28P2,0.0
ENSG00000236829,0.0
YME1L1P1,0.0
CBY1P1,0.0
RPL24P6,0.0
ENSG00000236847,0.0
RPL23AP95,0.0
SSBL2P,0.0
OR2R1P,0.0
RAP1BP1,0.0
RPL39P29,0.0
RPS20P24,0.0
RPL23AP23,0.0
ENSG00000236867,0.0
POMPP1,0.0
PPIAP36,0.0
DDX11L5,0.0
TMSB4XP1,0.0
SETD6P1,0.0
MTATP6P26,0.0
RPS26P57,0.0
ENSG00000236887,0.0
RPS20P5,0.0
ENSG00000236890,0.0
ASS1P7,0.0
TIMM9P1,0.0
ENSG00000236905,0.0
ENSG00000236907,0.0
OR2P1P,0.0
RPS13P3,0.0
DNAJA1P2,0.0
PHKG1P3,0.0
ENSG00000236928,0.0
RPL35AP37,0.0
SDHDP4,0.0
CEACAMP8,0.0
PTGES3P4,0.0
ENSG00000236940,0.0
ENSG00000236941,0.0
ENSG00000236942,0.0
MIX23P2,0.0
HNRNPA1P70,0.0
NF1P8,0.0
ENSG00000236957,0.0
SULT1D1P,0.0
ENSG00000236960,0.0
OR52N3P,0.0
ENSG00000236966,0.0
GGT8P,0.0
FABP5P1,0.0
GAPDHP51,0.0
RPL6P20,0.0
ENSG00000236978,0.0
BLOC1S2P1,0.0
NDUFA5P8,0.0
CTDSPL2P1,0.0
RPL12P12,0.0
GAPDHP21,0.0
YBX1P9,0.0
ENSG00000236998,0.0
PTMAP6,0.0
RPL36AP11,0.0
ZNRF2P1,0.0
HIGD1AP15,0.0
KRT18P52,0.0
LAPTM4BP1,0.0
LRRFIP2P1,0.0
ENSG00000237016,0.0
USP9YP3,0.0
RPL21P33,0.0
PARD6BP1,0.0
ENSG00000237026,0.0
RPSAP7,0.0
CASP3P1,0.0
RPS28P4,0.0
DPH3P2,0.0
RPL27P8,0.0
MICG,0.0
RPL34P1,0.0
FUCA1P1,0.0
MTCO1P48,0.0
EIF3IP1,0.0
NANOGP4,0.0
RPL5P2,0.0
ENSG00000237072,0.0
RPL38P2,0.0
COX5BP6,0.0
RPL31P42,0.0
ENSG00000237085,0.0
RPL7AP48,0.0
PCNPP4,0.0
MKRN8P,0.0
GYG1P2,0.0
FABP5P15,0.0
RPL36AP5,0.0
RPL21P111,0.0
ENSG00000237115,0.0
CYP2F2P,0.0
PIEZO1P2,0.0
MTND2P11,0.0
ENSG00000237127,0.0
MTCYBP34,0.0
MRPS6P2,0.0
ENSG00000237131,0.0
DDX10P1,0.0
ENSG00000237137,0.0
RPS26P41,0.0
HSPE1P16,0.0
DNAJC19P1,0.0
HIGD1AP2,0.0
MCFD2P1,0.0
ENSG00000237158,0.0
ENSG00000237160,0.0
ENSG00000237161,0.0
RPS20P9,0.0
ENSG00000237163,0.0
SLC25A15P2,0.0
RPL12P27,0.0
RPS7P15,0.0
ENSG00000237171,0.0
ENSG00000237173,0.0
NME1P1,0.0
ENSG00000237176,0.0
H3P7,0.0
CYP46A4P,0.0
ENSG00000237182,0.0
KRTAP9-10P,0.0
VN1R66P,0.0
RPS8P5,0.0
ENSG00000237193,0.0
SNAI1P1,0.0
DLGAP5P1,0.0
BNIP3P43,0.0
RPL7P34,0.0
IMPDH1P4,0.0
RBM17P3,0.0
ENSG00000237210,0.0
SETP4,0.0
RPL23AP22,0.0
RPS9P2,0.0
DEFB131D,0.0
ENSG00000237217,0.0
SULT1C5P,0.0
OR13K1P,0.0
RPS3AP39,0.0
ENSG00000237227,0.0
KRTAP2-5P,0.0
ENSG00000237236,0.0
BMS1P10,0.0
BTF3P15,0.0
ENSG00000237249,0.0
ENSG00000237251,0.0
MMADHCP1,0.0
PGAM3P,0.0
MTND2P8,0.0
PPIAP67,0.0
Metazoa_SRP,0.0
MAPK6P3,0.0
FTH1P11,0.0
ENSG00000237265,0.0
ENSG00000237268,0.0
RBMY2TP,0.0
OR51R1P,0.0
RSL24D1P8,0.0
GTF3AP1,0.0
S100A11P10,0.0
ANO7L1,0.0
RLIMP2,0.0
H3P2,0.0
HNRNPA1P2,0.0
EIF4BP9,0.0
SMG1P1,0.0
ENSG00000237297,0.0
ENSG00000237299,0.0
MTCO1P19,0.0
OFD1P11Y,0.0
HIGD1AP8,0.0
HSPE1P22,0.0
SRRM1P3,0.0
ENSG00000237308,0.0
MTND2P6,0.0
RPL12P39,0.0
ENSG00000237317,0.0
ENSG00000237319,0.0
RPL7L1P10,0.0
ENSG00000237323,0.0
MTRES1P2,0.0
ENSG00000237329,0.0
ENSG00000237345,0.0
RPL28P6,0.0
ENSG00000237349,0.0
CDC42P6,0.0
ITPK1P1,0.0
OR52S1P,0.0
ENSG00000237358,0.0
CHCHD4P2,0.0
ENSG00000237363,0.0
CBX1P3,0.0
NT5DC1P1,0.0
RPL21P121,0.0
CNN2P11,0.0
HLA-DPA3,0.0
NDUFA9P1,0.0
ART2BP,0.0
ENSG00000237409,0.0
NRBF2P3,0.0
XRCC6P1,0.0
ENSG00000237418,0.0
RPSAP2,0.0
ZIK1P1,0.0
TOMM22P1,0.0
ASH2LP2,0.0
RPS7P12,0.0
RPSAP11,0.0
ENSG00000237434,0.0
ASS1P12,0.0
ENSG00000237439,0.0
HNRNPA1P57,0.0
OR13D2P,0.0
ENSG00000237444,0.0
RHEBP3,0.0
CDC27P2,0.0
TAAR4P,0.0
RPL23AP71,0.0
CDK2AP2P2,0.0
ID2B,0.0
TUBB4BP3,0.0
MTCO3P41,0.0
USP9YP35,0.0
TUBB8P10,0.0
DCLRE1CP1,0.0
ATP5PFP2,0.0
RPL7P53,0.0
ENSG00000237478,0.0
RPS27AP8,0.0
VN1R48P,0.0
RPS27AP17,0.0
OR2L9P,0.0
ENSG00000237493,0.0
MMACHCP1,0.0
ENSG00000237503,0.0
RPSAP15,0.0
GPAT2P1,0.0
PTP4A1P7,0.0
NONOP2,0.0
UQCR10P1,0.0
ENSG00000237539,0.0
RPL36AP36,0.0
MTCO3P17,0.0
XKRYP6,0.0
RPS6P3,0.0
ENSG00000237550,0.0
RPL21P74,0.0
ENSG00000237553,0.0
ENSG00000237555,0.0
YWHABP1,0.0
CDY7P,0.0
CD24P5,0.0
TUBAP1,0.0
ENSG00000237572,0.0
PYY2,0.0
GCSHP3,0.0
RPL34P8,0.0
RAC1P4,0.0
ENSG00000237586,0.0
HMGN1P32,0.0
RPL17P24,0.0
ENSG00000237601,0.0
HMGB3P12,0.0
ENSG00000237606,0.0
OR4C50P,0.0
Metazoa_SRP,0.0
USP9YP32,0.0
ENSG00000237617,0.0
BTBD7P2,0.0
OR3B1P,0.0
GCNT1P5,0.0
OR9A1P,0.0
ELOCP18,0.0
NICN2P,0.0
OXCT2P1,0.0
MTCO2P19,0.0
UQCRHP2,0.0
NIFKP9,0.0
PARK7P2,0.0
S100A11P1,0.0
DUX4L29,0.0
ANKRD26P3,0.0
ENSG00000237639,0.0
RPL28P2,0.0
HMGB3P5,0.0
TMEM229BP1,0.0
OR11Q1P,0.0
PERPP1,0.0
RNASEH2CP1,0.0
TNIP2P1,0.0
SOCS2P1,0.0
DNAJC19P7,0.0
ENSG00000237666,0.0
RPS15AP38,0.0
ENSG00000237669,0.0
KRR1P1,0.0
GSTA7P,0.0
RPL30P4,0.0
VDAC1P11,0.0
PRKCIP1,0.0
RPSAP35,0.0
IFNWP2,0.0
ATP5PFP1,0.0
MSL3P3,0.0
TRIM51EP,0.0
SPIN2P1,0.0
EEF1A1P28,0.0
MTCO3P11,0.0
ENSG00000237717,0.0
NUDT5P1,0.0
MTND1P29,0.0
RPS27P17,0.0
RPS5P8,0.0
RNGTTP1,0.0
CT75,0.0
NPAP1P3,0.0
FBP2P1,0.0
RPL22P8,0.0
ZNF101P1,0.0
EIF3JP3,0.0
UQCRBP1,0.0
RPS27P9,0.0
NCKAP1P1,0.0
ENSG00000237754,0.0
EEF1A1P30,0.0
BANF1P3,0.0
GGTA2P,0.0
SPATA31D2P,0.0
ENSG00000237774,0.0
PLLPP1,0.0
ENSG00000237783,0.0
RPS20P12,0.0
GLYR1P1,0.0
RPL18AP16,0.0
CICP11,0.0
AMD1P2,0.0
HNRNPA1P39,0.0
FAUP2,0.0
ENSG00000237810,0.0
RPL21P109,0.0
RPS3AP29,0.0
ST13P7,0.0
CDY19P,0.0
RPL23AP33,0.0
RPS15AP29,0.0
PA2G4P1,0.0
ETS2P1,0.0
ENSG00000237835,0.0
FAM21FP,0.0
KRTAP19-9P,0.0
SMU1P1,0.0
ENSG00000237846,0.0
ENSG00000237848,0.0
NFYAP1,0.0
GOLGA6L24,0.0
LINC00674,0.0
EEF1A1P31,0.0
SLC6A14P2,0.0
ENSG00000237861,0.0
ENSG00000237868,0.0
POU5F1P4,0.0
DLGAP5P2,0.0
ENSG00000237875,0.0
AKR1B1P4,0.0
PPIAP13,0.0
ENSG00000237885,0.0
RPL23AP32,0.0
RPL29P31,0.0
UBE2V1P16,0.0
MATR3P3,0.0
ENSG00000237901,0.0
TSPY21P,0.0
ENSG00000237904,0.0
MUPP,0.0
MTCO1P18,0.0
SRP68P3,0.0
FTLP19,0.0
RPL37P12,0.0
PARP4P1,0.0
ENSG00000237920,0.0
ENSG00000237922,0.0
RPL21P112,0.0
ENSG00000237926,0.0
RPL31P3,0.0
RPL31P14,0.0
CLIC4P3,0.0
ENSG00000237936,0.0
IDI1P1,0.0
MTATP6P20,0.0
PPIL1P1,0.0
RPL7AP73,0.0
RPS13P5,0.0
ENSG00000237955,0.0
TRIAP1P1,0.0
RPL36AP10,0.0
ENSG00000237961,0.0
PRXL2CP1,0.0
RAD52P1,0.0
ENSG00000237968,0.0
TMEM161BP1,0.0
ENSG00000237971,0.0
TUBG1P,0.0
MTCO1P12,0.0
ENSG00000237974,0.0
EIF4HP2,0.0
DNAJB12P1,0.0
CDC42P7,0.0
PTENP1,0.0
RPL35P1,0.0
RCC2P2,0.0
ACTG1P19,0.0
PSME2P1,0.0
SNRPCP1,0.0
NPAP1P6,0.0
RPL10P4,0.0
COX6CP10,0.0
ENSG00000238013,0.0
ENSG00000238015,0.0
ODAD2P1,0.0
DDX39BP2,0.0
ZDHHC4P1,0.0
TMEM38BP1,0.0
RALBP1P2,0.0
S100A11P5,0.0
OOSP1P1,0.0
ATP6V0E1P3,0.0
SALL4P2,0.0
TMEM230P2,0.0
MTND5P22,0.0
MTND1P30,0.0
ART2P,0.0
ENSG00000238049,0.0
ISCUP1,0.0
RPL36AP24,0.0
HSPE1P21,0.0
ENSG00000238061,0.0
LRRC57P1,0.0
ENSG00000238066,0.0
XKRYP1,0.0
RPLP0P7,0.0
CDC26P1,0.0
RBMY2HP,0.0
RPSAP32,0.0
MRPL48P1,0.0
NMNAT1P3,0.0
ENSG00000238079,0.0
ENSG00000238081,0.0
NUDCP2,0.0
ENSG00000238084,0.0
ENSG00000238085,0.0
PPP1R26P1,0.0
FMO8P,0.0
OFD1P7Y,0.0
ENSG00000238090,0.0
CEACAMP6,0.0
ENSG00000238094,0.0
ABCA17P,0.0
RPL9P7,0.0
GOLGA2P5,0.0
ENSG00000238108,0.0
RNF14P3,0.0
ENSG00000238110,0.0
RPS13P4,0.0
RAD21P1,0.0
SLC25A24P2,0.0
SLC9A3P2,0.0
GOLM2P1,0.0
USP9YP10,0.0
ARPC3P2,0.0
ENSG00000238138,0.0
ENSG00000238139,0.0
TRPC6P4,0.0
TUBAP8,0.0
ENSG00000238149,0.0
ENSG00000238150,0.0
MLLT10P1,0.0
OR7E140P,0.0
ENSG00000238153,0.0
USP9YP4,0.0
OR7E117P,0.0
ENSG00000238162,0.0
ENSG00000238165,0.0
ENSG00000238166,0.0
IFITM3P5,0.0
RPS2P35,0.0
RPL39P6,0.0
RPL21P34,0.0
AHCYP2,0.0
RPS27P5,0.0
SPRING1P2,0.0
HMGB1P15,0.0
CLUHP1,0.0
HADHBP1,0.0
UBE2V2P3,0.0
MGAT2P2,0.0
POLR2LP1,0.0
TARDBPP2,0.0
ENSG00000238215,0.0
ENSG00000238220,0.0
ENSG00000238223,0.0
CRIP1P2,0.0
OR7E7P,0.0
ENSG00000238231,0.0
TSPY11P,0.0
MTCYBP14,0.0
CCR12P,0.0
GABARAPL3,0.0
MYO5BP2,0.0
RDXP3,0.0
HMGN2P17,0.0
NSA2P7,0.0
ENSG00000238254,0.0
MTND5P20,0.0
ENSG00000238257,0.0
PHF5AP5,0.0
RPL21P88,0.0
CENPPP1,0.0
IFNWP19,0.0
HOMER2P2,0.0
ALG1L6P,0.0
TBC1D3P1,0.0
MRPL50P2,0.0
SLC35E1P1,0.0
MTND3P23,0.0
ENSG00000238295,0.0
U3,0.0
SNORD121B,0.0
RNU7-120P,0.0
RNU7-50P,0.0
SNORD13E,0.0
ENSG00000238316,0.0
SNORD11,0.0
RN7SKP198,0.0
ENSG00000238326,0.0
SNORD126,0.0
RNU7-148P,0.0
SNORA13,0.0
RNU7-140P,0.0
RNU7-57P,0.0
Y_RNA,0.0
MIR2113,0.0
RNU7-103P,0.0
ENSG00000238371,0.0
ENSG00000238372,0.0
RNU7-180P,0.0
RNA5SP103,0.0
RNU7-165P,0.0
RNU6-1211P,0.0
RNU7-48P,0.0
ENSG00000238387,0.0
ENSG00000238390,0.0
RNA5SP233,0.0
MIR2053,0.0
RNA5SP311,0.0
RNU7-171P,0.0
ENSG00000238410,0.0
RNU7-63P,0.0
RNU7-186P,0.0
RNU6-437P,0.0
SNORD42B,0.0
Y_RNA,0.0
RNU7-136P,0.0
RNU7-157P,0.0
ENSG00000238440,0.0
RNU7-130P,0.0
Y_RNA,0.0
RNU6-893P,0.0
RNU7-38P,0.0
RNU7-134P,0.0
RNU7-144P,0.0
RNU6-1014P,0.0
RNU7-169P,0.0
RNU7-14P,0.0
RNU6-498P,0.0
RNU6-1208P,0.0
ENSG00000238485,0.0
RNU6-749P,0.0
Y_RNA,0.0
RNU6-221P,0.0
SNORD13P1,0.0
RNU7-87P,0.0
SNORD18,0.0
RNU6-104P,0.0
Y_RNA,0.0
MIR1270,0.0
U8,0.0
RNU7-107P,0.0
RNU6-599P,0.0
SNORD105B,0.0
RNU7-93P,0.0
RNU7-104P,0.0
RNU6-1193P,0.0
RNU1-88P,0.0
RNU7-21P,0.0
Y_RNA,0.0
RNU6ATAC28P,0.0
RNU7-159P,0.0
ENSG00000238570,0.0
ENSG00000238575,0.0
SNORD4A,0.0
RNU7-167P,0.0
Y_RNA,0.0
RNU7-54P,0.0
ENSG00000238594,0.0
SNORD4B,0.0
RNU7-7P,0.0
RNU7-94P,0.0
RNU7-26P,0.0
RNU6-300P,0.0
RNU6-775P,0.0
SNORD97,0.0
RNA5SP489,0.0
ENSG00000238628,0.0
RNU7-126P,0.0
ENSG00000238645,0.0
SNORD42A,0.0
SNORD54,0.0
RNU7-62P,0.0
RNU6-625P,0.0
RNU6-333P,0.0
RNU6-1037P,0.0
ENSG00000238685,0.0
ENSG00000238694,0.0
RNU6-261P,0.0
RNU7-147P,0.0
RNU7-97P,0.0
MIR1976,0.0
ENSG00000238707,0.0
RNU7-56P,0.0
RNY4P25,0.0
Y_RNA,0.0
RNU7-96P,0.0
RNU7-194P,0.0
Y_RNA,0.0
ENSG00000238724,0.0
MIR1972-1,0.0
RNU7-164P,0.0
RNU7-90P,0.0
RNU7-113P,0.0
SCARNA7,0.0
ENSG00000238745,0.0
Y_RNA,0.0
RNU7-27P,0.0
SCARNA18B,0.0
RNU7-155P,0.0
ENSG00000238761,0.0
ENSG00000238764,0.0
RNA5SP57,0.0
RNU7-141P,0.0
RNU7-80P,0.0
RNU7-9P,0.0
Y_RNA,0.0
RNU7-92P,0.0
RNU7-182P,0.0
RNU7-152P,0.0
SNORD124,0.0
SCARNA12,0.0
Y_RNA,0.0
ENSG00000238804,0.0
RNU7-102P,0.0
RNU7-127P,0.0
Y_RNA,0.0
ENSG00000238819,0.0
RNVU1-2,0.0
RNU7-45P,0.0
RNU7-46P,0.0
ENSG00000238832,0.0
RNU1-131P,0.0
SCARNA18,0.0
U8,0.0
RNU7-106P,0.0
Y_RNA,0.0
ENSG00000238854,0.0
SNORD19B,0.0
RN7SKP210,0.0
RNU7-59P,0.0
RNU6-329P,0.0
RNU7-85P,0.0
SNORD121A,0.0
RNU1-80P,0.0
ENSG00000238901,0.0
ENSG00000238902,0.0
RNU7-34P,0.0
ENSG00000238906,0.0
RNA5SP484,0.0
Y_RNA,0.0
RNU7-196P,0.0
SNORD10,0.0
RNU7-1,0.0
RNU7-82P,0.0
Y_RNA,0.0
Y_RNA,0.0
ENSG00000238934,0.0
SNORD65B,0.0
RNU6-953P,0.0
SNORD2,0.0
Y_RNA,0.0
RNU7-66P,0.0
RNU7-173P,0.0
RNU7-19P,0.0
SNORA47,0.0
RNU7-176P,0.0
U8,0.0
RNU7-125P,0.0
RNA5SP351,0.0
ENSG00000238966,0.0
RNU7-133P,0.0
RNU7-187P,0.0
RNU6-420P,0.0
SCARNA10,0.0
RNU7-88P,0.0
ENSG00000239005,0.0
RNU7-95P,0.0
ENSG00000239008,0.0
RNU7-74P,0.0
SNORD108,0.0
RNA5SP246,0.0
RNU1-98P,0.0
RNU6-956P,0.0
SNORD13D,0.0
SNORD13,0.0
Y_RNA,0.0
ENSG00000239041,0.0
SNORD127,0.0
RNU7-138P,0.0
MIR500B,0.0
Y_RNA,0.0
RNU6-274P,0.0
RNU7-55P,0.0
ENSG00000239079,0.0
ENSG00000239080,0.0
RNU7-24P,0.0
RNU7-170P,0.0
ENSG00000239093,0.0
ENSG00000239096,0.0
RNU7-23P,0.0
RNU7-185P,0.0
RNU7-73P,0.0
Y_RNA,0.0
RNU6-1132P,0.0
SNORD123,0.0
RNU7-67P,0.0
MIR1972-2,0.0
RNU7-119P,0.0
RNU2-11P,0.0
SNORD125,0.0
SNORD13P3,0.0
ENSG00000239129,0.0
ENSG00000239137,0.0
U8,0.0
Y_RNA,0.0
U8,0.0
SNORA59A,0.0
RNU7-195P,0.0
RNA5SP310,0.0
ENSG00000239153,0.0
RNU7-197P,0.0
SNORD109B,0.0
RNU6-1218P,0.0
Y_RNA,0.0
ENSG00000239182,0.0
SNORA84,0.0
RNA5SP269,0.0
RNU7-190P,0.0
RNU6-634P,0.0
RNU6-717P,0.0
RNU1-123P,0.0
SNORD5,0.0
ENSG00000239197,0.0
RPL5P22,0.0
RPL21P6,0.0
RPL22P20,0.0
RPL21P106,0.0
RN7SL499P,0.0
ENSG00000239203,0.0
GAPDHP39,0.0
RPS26P55,0.0
RN7SL563P,0.0
RPL6P7,0.0
RPL27P12,0.0
RPS20P22,0.0
RN7SL442P,0.0
RPL34P31,0.0
RN7SL546P,0.0
MRPS17P3,0.0
ENSG00000239227,0.0
RN7SL578P,0.0
MEMO1P3,0.0
ENSG00000239246,0.0
RN7SL589P,0.0
RN7SL757P,0.0
RN7SL271P,0.0
RPS4XP23,0.0
MSL3P2,0.0
RPL29P34,0.0
RPL35AP35,0.0
RPL23AP1,0.0
RPL31P41,0.0
RBM43P1,0.0
RPSAP4,0.0
RPL21P10,0.0
RN7SL184P,0.0
DBTP1,0.0
RPS29P2,0.0
BRD7P7,0.0
ENSG00000239291,0.0
OR9P1P,0.0
DNM1P48,0.0
RPL19P13,0.0
RN7SL11P,0.0
RPL35AP17,0.0
RN7SL854P,0.0
RPS29P26,0.0
ENSG00000239323,0.0
ENSG00000239327,0.0
RN7SL658P,0.0
ENSG00000239344,0.0
HNRNPA1P26,0.0
CCDC137P2,0.0
NPM1P29,0.0
RPS17P15,0.0
RN7SL309P,0.0
RPS26P49,0.0
RN7SL477P,0.0
ENSG00000239374,0.0
VPS51P4,0.0
RN7SL87P,0.0
ENSG00000239392,0.0
ENSG00000239393,0.0
RN7SL414P,0.0
RPL13AP21,0.0
RN7SL342P,0.0
CYP4F62P,0.0
TMED10P2,0.0
ENSG00000239408,0.0
RPL21P71,0.0
RPS27P23,0.0
RN7SL535P,0.0
OR8F1P,0.0
GM2AP2,0.0
VPS51P6,0.0
KCNMB3P1,0.0
RN7SL752P,0.0
RPS26P48,0.0
RFKP2,0.0
PABPC1P10,0.0
PTPN11P1,0.0
RN7SL691P,0.0
RPL21P15,0.0
RN7SL552P,0.0
RN7SL569P,0.0
RPL21P97,0.0
RN7SL584P,0.0
RN7SL221P,0.0
RPL7P38,0.0
RPS3AP41,0.0
RPS15AP16,0.0
ENSG00000239486,0.0
RPS4XP18,0.0
RN7SL333P,0.0
MARK2P8,0.0
RN7SL583P,0.0
RPL9P5,0.0
FLYWCH1P1,0.0
ENSG00000239517,0.0
RPL32P34,0.0
RPL30P5,0.0
RPS23P7,0.0
RPS14P8,0.0
RPL21P45,0.0
GOLGA2P2Y,0.0
HMGN1P20,0.0
RN7SL399P,0.0
ENSG00000239544,0.0
RN7SL822P,0.0
RN7SL843P,0.0
RN7SL12P,0.0
RN7SL841P,0.0
UPK3BL3P,0.0
PPP2R5CP,0.0
RPL37P2,0.0
RN7SL479P,0.0
MTCO3P47,0.0
SETP11,0.0
COX6CP14,0.0
RN7SL388P,0.0
RN7SL325P,0.0
RN7SL675P,0.0
MTND1P16,0.0
RN7SL79P,0.0
ENSG00000239600,0.0
RPL35AP16,0.0
RN7SL573P,0.0
HMGN1P7,0.0
ENSG00000239615,0.0
RPL32P27,0.0
ENSG00000239622,0.0
RN7SL241P,0.0
RPSAP41,0.0
RPL12P20,0.0
MTND4LP3,0.0
RN7SL62P,0.0
MTND1P3,0.0
MYADML,0.0
GUSBP4,0.0
RPL9P31,0.0
ENSG00000239670,0.0
ENSG00000239671,0.0
RN7SL193P,0.0
RPL7AP67,0.0
PTGER4P3,0.0
ENSG00000239686,0.0
RPL17P46,0.0
RN7SL668P,0.0
RPSAP38,0.0
ENSG00000239696,0.0
HNRNPA3P8,0.0
ENSG00000239701,0.0
RN7SL507P,0.0
RN7SL568P,0.0
CRADDP1,0.0
RN7SL782P,0.0
RN7SL692P,0.0
ENSG00000239719,0.0
IMP3P2,0.0
RN7SL688P,0.0
RN7SL825P,0.0
CEACAMP3,0.0
RN7SL672P,0.0
RN7SL63P,0.0
RN7SL790P,0.0
RN7SL795P,0.0
RPL21P118,0.0
RPLP0P11,0.0
RPL27AP9,0.0
CDRT15P5,0.0
ENSG00000239793,0.0
RN7SL653P,0.0
RPL21P39,0.0
RPS24P9,0.0
PSMG3P2,0.0
RN7SL255P,0.0
ENSG00000239809,0.0
RN7SL213P,0.0
RN7SL513P,0.0
RN7SL754P,0.0
Y_RNA,0.0
RN7SL549P,0.0
SUGT1P3,0.0
KRT8P25,0.0
RPS4XP22,0.0
RNF7P1,0.0
PARLP1,0.0
RPL23AP72,0.0
RN7SL225P,0.0
RPL21P96,0.0
RN7SL34P,0.0
RPL21P55,0.0
RPL35AP19,0.0
GAPDHP27,0.0
RALBP1P1,0.0
RPS27P25,0.0
PARGP1,0.0
RN7SL608P,0.0
RN7SL792P,0.0
ZNF736P9Y,0.0
RN7SL674P,0.0
RN7SL75P,0.0
RN7SL530P,0.0
RPL39P36,0.0
RPS10P16,0.0
SNRPGP3,0.0
RN7SL864P,0.0
RPL29P22,0.0
PRDX3P4,0.0
RN7SL606P,0.0
RPSAP34,0.0
RN7SL394P,0.0
RN7SL368P,0.0
RN7SL273P,0.0
RN7SL51P,0.0
ENPP7P2,0.0
RN7SL748P,0.0
OR2A41P,0.0
ENSG00000239969,0.0
OR7E53P,0.0
OR2A15P,0.0
RPL31P31,0.0
RN7SL420P,0.0
ENSG00000239985,0.0
ENSG00000239986,0.0
RPL31P60,0.0
ENSG00000239989,0.0
TPT1P11,0.0
FCF1P3,0.0
YBX1P3,0.0
RPL7P24,0.0
RN7SL254P,0.0
RPLP0P3,0.0
SNHG33,0.0
RPS27P24,0.0
OR9A3P,0.0
MTND6P6,0.0
ENSG00000240036,0.0
RPS27P26,0.0
RPS3AP32,0.0
DDX50P2,0.0
RPL23AP10,0.0
ENSG00000240052,0.0
ARGFXP1,0.0
RPL21P42,0.0
GPAA1P1,0.0
RPL9P30,0.0
RPS3AP22,0.0
MTND4LP10,0.0
RPSAP12,0.0
BMS1P3,0.0
ENSG00000240096,0.0
MTERF1P1,0.0
RN7SL351P,0.0
RPL36P15,0.0
ENSG00000240103,0.0
RN7SL146P,0.0
SSX2IPP1,0.0
NCOR1P1,0.0
RN7SL303P,0.0
RPS27P20,0.0
FABP5P11,0.0
RPL23AP75,0.0
KRT18P43,0.0
ENSG00000240131,0.0
ETF1P2,0.0
PSMD12P1,0.0
EEF1GP4,0.0
RN7SL826P,0.0
COX6CP6,0.0
RPL6P16,0.0
RN7SL263P,0.0
RPL36AP44,0.0
RPS7P7,0.0
RN7SL771P,0.0
ENSG00000240174,0.0
RPL26P3,0.0
RPL12P28,0.0
RN7SL297P,0.0
RN7SL633P,0.0
RN7SL621P,0.0
CYMP,0.0
ENSG00000240197,0.0
RN7SL520P,0.0
ENSG00000240201,0.0
RN7SL223P,0.0
RN7SL567P,0.0
RN7SL865P,0.0
RPL7AP5,0.0
CPHL1P,0.0
ZNF542P,0.0
RPS27P29,0.0
RN7SL587P,0.0
RN7SL794P,0.0
HNRNPA1P23,0.0
RPL21P78,0.0
RPL21P117,0.0
GAPDHP33,0.0
RPL32P8,0.0
RN7SL541P,0.0
FAR2P3,0.0
PSMC1P6,0.0
H1-8P1,0.0
MOXD2P,0.0
RPL12P37,0.0
RPL29P18,0.0
TCAM1P,0.0
ENSG00000240281,0.0
MEAF6P1,0.0
RN7SKP241,0.0
ENSG00000240296,0.0
RPL36AP40,0.0
RN7SL187P,0.0
RN7SL717P,0.0
RPL6P26,0.0
RN7SL100P,0.0
MTCO1P6,0.0
ENSG00000240311,0.0
RN7SL764P,0.0
RPS29P27,0.0
RN7SL481P,0.0
RN7SL93P,0.0
ENSG00000240328,0.0
ENSG00000240338,0.0
RPS2P5,0.0
RN7SL35P,0.0
RPL23AP7,0.0
UBL5P3,0.0
OR4G11P,0.0
RPL31P59,0.0
RPL36AP45,0.0
RPL13P5,0.0
RPS4XP13,0.0
RN7SL503P,0.0
VPS26AP1,0.0
ENSG00000240376,0.0
RPS29P20,0.0
ENSG00000240388,0.0
RPL9P3,0.0
DRG1P2,0.0
RPL5P23,0.0
ENSG00000240399,0.0
ENSG00000240404,0.0
MTATP8P1,0.0
RPL5P16,0.0
RPL5P15,0.0
CYCSP20,0.0
ENSG00000240418,0.0
ENSG00000240419,0.0
ENSG00000240424,0.0
RPL36AP18,0.0
RPS26P34,0.0
LRRFIP1P1,0.0
RPS12P27,0.0
RPL35AP14,0.0
OFD1P5Y,0.0
RN7SL91P,0.0
RPL17P38,0.0
RPS10P20,0.0
MTCO1P29,0.0
RPL39P26,0.0
RN7SL472P,0.0
ENSG00000240458,0.0
ENSG00000240459,0.0
RPS19P3,0.0
RN7SL346P,0.0
PHB1P8,0.0
RN7SL116P,0.0
EIF3JP2,0.0
RPL29P2,0.0
RN7SL38P,0.0
RPL31P6,0.0
RPL23AP54,0.0
ATOSBP1,0.0
SETP14,0.0
RN7SL277P,0.0
RPS12P28,0.0
RN7SL837P,0.0
RPL34P18,0.0
MED28P2,0.0
ENSG00000240513,0.0
RPL36P11,0.0
ENSG00000240519,0.0
UOX,0.0
RPL7AP10,0.0
RPL21P123,0.0
RN7SL69P,0.0
RPL34P17,0.0
RPL3P9,0.0
RN7SL492P,0.0
RPL7AP58,0.0
ENSG00000240566,0.0
LCORLP1,0.0
ARHGEF28P1,0.0
RN7SL445P,0.0
ENSG00000240579,0.0
RN7SL547P,0.0
RN7SL258P,0.0
RPSAP48,0.0
RPL9P15,0.0
AADACP1,0.0
RN7SL564P,0.0
RPL6P15,0.0
RN7SL98P,0.0
RPS6P25,0.0
OR2AO1P,0.0
RPL7P15,0.0
RPL17P4,0.0
RN7SL403P,0.0
RN7SL150P,0.0
ENSG00000240627,0.0
RPL30P12,0.0
SPATA31D5P,0.0
ENSG00000240634,0.0
RN7SL808P,0.0
RN7SL666P,0.0
RN7SL580P,0.0
RN7SL305P,0.0
SEPTIN7P4,0.0
ENSG00000240652,0.0
BTNL12P,0.0
RN7SL310P,0.0
LSP1P2,0.0
NBPF18P,0.0
KRT8P36,0.0
ENSG00000240669,0.0
RPS8P11,0.0
RPL21P51,0.0
MYL6P4,0.0
H4P1,0.0
RN7SL538P,0.0
DNAJC8P2,0.0
RPS2P39,0.0
KLF7P1,0.0
RN7SL860P,0.0
RN7SL851P,0.0
RPS4XP15,0.0
RN7SL382P,0.0
RPS12P15,0.0
RPL21P60,0.0
RN7SL502P,0.0
RPL6P22,0.0
ENSG00000240739,0.0
RN7SL559P,0.0
RABGGTBP1,0.0
RPS12P6,0.0
ERLEC1P1,0.0
HILPDA-AS1,0.0
RPS27P21,0.0
RPL31P56,0.0
ENSG00000240761,0.0
RN7SL288P,0.0
RN7SL776P,0.0
CDK2AP1P1,0.0
ENSG00000240775,0.0
RPS10P4,0.0
RPL36AP21,0.0
NECTIN2P1,0.0
MTND4LP7,0.0
UBA52P8,0.0
MTND2P14,0.0
RN7SL231P,0.0
NPM1P28,0.0
RPL34P24,0.0
CAP1P1,0.0
ENSG00000240813,0.0
RPL9P25,0.0
RN7SL23P,0.0
MTND3P7,0.0
RPL19P7,0.0
RPL21P4,0.0
RN7SL77P,0.0
RPS15P9,0.0
RN7SL497P,0.0
RN7SL328P,0.0
PSMC2P1,0.0
ENSG00000240861,0.0
RN7SL645P,0.0
RN7SL128P,0.0
RPL19P14,0.0
RPS29P22,0.0
ENSG00000240874,0.0
RN7SL521P,0.0
ENSG00000240881,0.0
PTOV1P1,0.0
G2E3P1,0.0
RPL21P125,0.0
APOOP2,0.0
RN7SL798P,0.0
H2BP3,0.0
RPL15P2,0.0
RPL21P79,0.0
RPS20P31,0.0
RN7SL209P,0.0
ENSG00000240934,0.0
PLGLA,0.0
RN7SL554P,0.0
RN7SL591P,0.0
RPL8P3,0.0
MTCO2P6,0.0
RPL4P1,0.0
ST13P14,0.0
ENSG00000240960,0.0
RN7SL415P,0.0
RN7SL751P,0.0
RN7SL681P,0.0
RPL23AP64,0.0
RPS27AP10,0.0
ENSG00000240975,0.0
RN7SL283P,0.0
ENSG00000240983,0.0
RPL23AP67,0.0
RPS23P4,0.0
RN7SL459P,0.0
ENSG00000240995,0.0
RN7SL183P,0.0
RPL32P13,0.0
ENSG00000241003,0.0
SEPTIN7P6,0.0
RPL7AP55,0.0
ENSG00000241011,0.0
GPR199P,0.0
TPM3P9,0.0
RCC2P5,0.0
RPL32P24,0.0
NIPA2P2,0.0
RPL21P77,0.0
RPL29P24,0.0
RN7SL709P,0.0
ENSG00000241035,0.0
RN7SL335P,0.0
RPL7P43,0.0
RPL23AP70,0.0
RASA4EP,0.0
RPL5P1,0.0
RN7SL110P,0.0
RPL17P40,0.0
ENSG00000241069,0.0
RN7SL813P,0.0
RPL22P2,0.0
RN7SL259P,0.0
RPL17P44,0.0
CYP51A1P1,0.0
RPL36AP38,0.0
ENSG00000241102,0.0
RPL35AP11,0.0
CEACAMP10,0.0
ENSG00000241105,0.0
RPL29P14,0.0
ENSG00000241114,0.0
HMGN1P8,0.0
RPL22P19,0.0
RPL32P30,0.0
BET1P1,0.0
PAICSP6,0.0
RPL32P9,0.0
RN7SL728P,0.0
RPL7P41,0.0
RN7SL720P,0.0
RN7SL582P,0.0
RPL32P32,0.0
RN7SL160P,0.0
RN7SL617P,0.0
RPL31P46,0.0
RN7SL70P,0.0
RN7SL570P,0.0
RN7SL494P,0.0
ENSG00000241179,0.0
ENSG00000241183,0.0
RPL21P122,0.0
RPL21P57,0.0
RN7SL165P,0.0
RN7SL191P,0.0
ZNF736P7Y,0.0
HMGN2P26,0.0
ENSG00000241204,0.0
SSX18P,0.0
SNAPC5P1,0.0
RN7SL809P,0.0
CSP2,0.0
MTND4LP17,0.0
RN7SL39P,0.0
NMTRS-TGA3-1,0.0
RN7SL836P,0.0
RN7SL553P,0.0
RPL12P31,0.0
RN7SL443P,0.0
RN7SL801P,0.0
RN7SL629P,0.0
RN7SL302P,0.0
RN7SL727P,0.0
RPL17P20,0.0
ENSG00000241251,0.0
ENSG00000241255,0.0
ENSG00000241257,0.0
RPL17P19,0.0
ENPP7P4,0.0
RPL31P26,0.0
RPL34P33,0.0
RPL29P25,0.0
RN7SL791P,0.0
PPATP1,0.0
ACTG1P13,0.0
RPL7AP24,0.0
WDR82P2,0.0
SETP6,0.0
RN7SL385P,0.0
RPL35AP33,0.0
RPL21P47,0.0
SNRPCP11,0.0
RN7SL466P,0.0
PMS2P11,0.0
ENSG00000241352,0.0
PPP1R2P4,0.0
ENSG00000241354,0.0
OR5G3,0.0
ENSG00000241358,0.0
SLC25A24P1,0.0
RPL36AP43,0.0
RPL7AP23,0.0
ENSG00000241385,0.0
RN7SL234P,0.0
RN7SL205P,0.0
RN7SL344P,0.0
RPL31P21,0.0
RN7SL515P,0.0
ENSG00000241411,0.0
RN7SL441P,0.0
KRT8P13,0.0
MCRIP2P1,0.0
RN7SL505P,0.0
RPL21P103,0.0
EEF1A1P25,0.0
RPL37P6,0.0
ENSG00000241434,0.0
CRIPTOP6,0.0
FBRSL1P1,0.0
RPS27P22,0.0
RPL7P19,0.0
RN7SL182P,0.0
ENSG00000241462,0.0
RPL39P38,0.0
ACTBP16,0.0
HSPA8P9,0.0
RN7SL586P,0.0
ENSG00000241493,0.0
ENSG00000241494,0.0
RPL36AP4,0.0
PSMC1P1,0.0
RPS15AP24,0.0
RN7SL632P,0.0
ENSG00000241526,0.0
CA15P1,0.0
RN7SL767P,0.0
AGGF1P3,0.0
CBX5P1,0.0
U2SURPP1,0.0
ENSG00000241539,0.0
RN7SL369P,0.0
RFKP3,0.0
ACTG1P20,0.0
GUSBP2,0.0
RN7SL41P,0.0
RN7SL58P,0.0
RPL29P26,0.0
RPL7P5,0.0
RN7SL338P,0.0
ATP5F1AP7,0.0
ENSG00000241573,0.0
RPL23AP8,0.0
RN7SL482P,0.0
RN7SL484P,0.0
RPL17P37,0.0
ENSG00000241592,0.0
ENSG00000241597,0.0
RN7SL340P,0.0
FTH1P28,0.0
RPL21P46,0.0
RN7SL618P,0.0
GOLGA2P6,0.0
RARRES2P1,0.0
RN7SL18P,0.0
UBQLN4P1,0.0
RN7SL316P,0.0
RPL13P8,0.0
RPL21P113,0.0
RPS23P6,0.0
RPL15P8,0.0
RN7SL253P,0.0
RPL19P18,0.0
UBA52P7,0.0
PPP1R2P6,0.0
RN7SL418P,0.0
RPL19P11,0.0
KIAA1328P1,0.0
RPS27P12,0.0
RPL21P94,0.0
RPL31P49,0.0
RN7SL704P,0.0
GM2AP1,0.0
RN7SL265P,0.0
VWFP1,0.0
SUMO1P1,0.0
RPL36AP23,0.0
RPL15P6,0.0
FABP5P3,0.0
ZNF90P1,0.0
RPL21P56,0.0
RPL7AP30,0.0
ENSG00000241744,0.0
RN7SL788P,0.0
RPL13AP18,0.0
RPSAP52,0.0
RN7SL83P,0.0
RN7SL714P,0.0
RPS26P45,0.0
TMEM183AP5,0.0
ENSG00000241777,0.0
RPL21P95,0.0
RN7SL390P,0.0
MTND4P16,0.0
COX6B1P2,0.0
RN7SL504P,0.0
ENO1P4,0.0
RN7SL817P,0.0
SNRPB2P1,0.0
RN7SL319P,0.0
RPS15AP34,0.0
RPL17P21,0.0
HMGN2P13,0.0
RBBP4P7,0.0
RN7SL170P,0.0
RPL7P42,0.0
ENSG00000241828,0.0
RPL21P54,0.0
RN7SL149P,0.0
ENSG00000241838,0.0
ENSG00000241846,0.0
RPL31P24,0.0
ANOS2P,0.0
GAPDHP50,0.0
RN7SL401P,0.0
RN7SL434P,0.0
RN7SL363P,0.0
ENSG00000241870,0.0
TOMM22P6,0.0
ENSG00000241877,0.0
KLF3P2,0.0
RPSAP37,0.0
CTDNEP1P1,0.0
RPL13P4,0.0
RPL9P6,0.0
TPT1P3,0.0
NDUFS6P1,0.0
RPS20P4,0.0
RPS29P21,0.0
ENSG00000241917,0.0
RPL14P3,0.0
MTCO1P55,0.0
WDR70P1,0.0
RPL35AP34,0.0
RN7SL517P,0.0
RPL32P26,0.0
RPS20P20,0.0
RN7SL188P,0.0
PSMG3P1,0.0
HNRNPA1P24,0.0
RPL29P23,0.0
RN7SL76P,0.0
RPL17P31,0.0
RN7SL655P,0.0
RN7SL135P,0.0
RPS2P25,0.0
ELOCP19,0.0
RPL21P49,0.0
RN7SL566P,0.0
RPL7AP2,0.0
ENSG00000241991,0.0
RN7SL831P,0.0
RPL38P1,0.0
RN7SL323P,0.0
MYLKP2,0.0
RN7SL26P,0.0
ALG1L15P,0.0
RN7SL68P,0.0
ENSG00000242034,0.0
CYCSP56,0.0
RPL35AP28,0.0
RPL10P7,0.0
RPS4XP19,0.0
RPS3AP49,0.0
ENSG00000242061,0.0
MARK2P6,0.0
RN7SL291P,0.0
RN7SL214P,0.0
RPL9P28,0.0
RNF13P1,0.0
NPM1P17,0.0
RPL7AP6,0.0
ENSG00000242073,0.0
RN7SL318P,0.0
RPL36AP20,0.0
RPL7AP31,0.0
RPS20P33,0.0
RPL36AP41,0.0
RPS27P2,0.0
ENSG00000242097,0.0
RPL9P32,0.0
RN7SL416P,0.0
RN7SL152P,0.0
ARPC1AP1,0.0
NPM1P23,0.0
TOPORSLP,0.0
RN7SL124P,0.0
RN7SL201P,0.0
ENSG00000242119,0.0
RN7SL267P,0.0
RPL36AP47,0.0
RPL5P13,0.0
RPL17P2,0.0
RPL11P5,0.0
MATR3P2,0.0
SERBP1P3,0.0
DYNLL1P5,0.0
ENSG00000242152,0.0
OFD1P6Y,0.0
ENSG00000242156,0.0
RN7SL361P,0.0
ABCF2P1,0.0
ENSG00000242162,0.0
ENSG00000242163,0.0
RN7SL222P,0.0
RPL7AP27,0.0
RN7SL329P,0.0
RN7SL127P,0.0
RPL39P31,0.0
MTND4P17,0.0
RN7SL745P,0.0
CRYZL2P,0.0
SRRM1P2,0.0
ENSG00000242197,0.0
ENSG00000242198,0.0
RPS26P22,0.0
RN7SL215P,0.0
RPS26P35,0.0
RPL5P29,0.0
RPL32P12,0.0
MTND3P6,0.0
RN7SL97P,0.0
SDHBP1,0.0
RPS3AP14,0.0
RN7SL594P,0.0
RN7SL306P,0.0
ATP5MC1P3,0.0
ENSG00000242246,0.0
RPL7AP57,0.0
RN7SL20P,0.0
RPL39P34,0.0
RN7SL57P,0.0
ENSG00000242261,0.0
RPL15P7,0.0
RN7SL456P,0.0
SKINT1L,0.0
AK2P2,0.0
RPL5P3,0.0
RPS3AP48,0.0
RPL7AP54,0.0
SLC16A1P1,0.0
RN7SL159P,0.0
RPL6P8,0.0
BMS1P4-AGAP5,0.0
RPL36AP51,0.0
ENSG00000242292,0.0
RPS29P1,0.0
STAG3L5P,0.0
ENSG00000242295,0.0
DEFB109A,0.0
RPS18P5,0.0
RPS26P52,0.0
MAT2AP1,0.0
RPL12P32,0.0
RN7SL685P,0.0
RPL21P48,0.0
RPL21P126,0.0
RPL23AP40,0.0
ENSG00000242324,0.0
RPS12P31,0.0
MCUR1P2,0.0
ENSG00000242327,0.0
ENSG00000242329,0.0
RN7SL683P,0.0
INHCAP,0.0
BMS1P4,0.0
RN7SL646P,0.0
RN7SL561P,0.0
FAM91A3P,0.0
RPL12P30,0.0
RPS21P4,0.0
RN7SL272P,0.0
PRDX5P1,0.0
NDUFA5P5,0.0
RN7SL741P,0.0
H2AC3P,0.0
RPL6P9,0.0
ENSG00000242393,0.0
RN7SL800P,0.0
RPS20P23,0.0
RPL21P100,0.0
ENSG00000242411,0.0
DBIL5P2,0.0
RPL18P1,0.0
RPL12P36,0.0
RN7SL274P,0.0
RPL21P52,0.0
UPK3BP1,0.0
RN7SL789P,0.0
ENSG00000242439,0.0
ENSG00000242444,0.0
RPL7AP11,0.0
MTCO3P38,0.0
RBBP4P2,0.0
RPS15AP32,0.0
KIR2DP1,0.0
ENSG00000242477,0.0
EIF2AK1P1,0.0
RN7SL392P,0.0
RN7SL293P,0.0
ENSG00000242488,0.0
RN7SL37P,0.0
ENSG00000242507,0.0
RN7SL156P,0.0
NDUFB4P1,0.0
MAGEA5P,0.0
OR2U2P,0.0
OR7E100P,0.0
ENSG00000242527,0.0
AHCYP8,0.0
ENSG00000242531,0.0
MRE11P1,0.0
RN7SL169P,0.0
POU5F1P6,0.0
MRPL42P4,0.0
RN7SL144P,0.0
RN7SL797P,0.0
ATP5MGP5,0.0
DCAF13P1,0.0
RN7SL372P,0.0
RPL21P11,0.0
ACTR3P3,0.0
TUBAP13,0.0
KMT5AP3,0.0
HYDINP1,0.0
ENSG00000242588,0.0
RPL26P26,0.0
MED28P8,0.0
CSAG4,0.0
MBL1P,0.0
RPL35AP13,0.0
RPS3AP34,0.0
RPS23P5,0.0
CCDC137P1,0.0
OR5BH1P,0.0
PPDPFP1,0.0
RN7SL164P,0.0
RPL17P47,0.0
RPS24P16,0.0
RPS14P7,0.0
RPL21P129,0.0
RN7SL294P,0.0
RPS29P11,0.0
RN7SL292P,0.0
RN7SL862P,0.0
RN7SL132P,0.0
RPL32P14,0.0
RN7SL581P,0.0
ENSG00000242660,0.0
RPS3AP43,0.0
ENSG00000242667,0.0
RN7SL317P,0.0
RPL22P13,0.0
RN7SL167P,0.0
RPS16P9,0.0
RPL12P21,0.0
RN7SL304P,0.0
RPS27AP1,0.0
RN7SL40P,0.0
RPL5P12,0.0
RN7SL516P,0.0
CCT4P1,0.0
ICE2P2,0.0
RPS27AP9,0.0
RN7SL362P,0.0
RPL30P9,0.0
RN7SL806P,0.0
ENSG00000242727,0.0
UQCRHP4,0.0
ENSG00000242729,0.0
FAM86LP,0.0
RPSAP26,0.0
ENSG00000242737,0.0
RPL21P14,0.0
RPL23AP81,0.0
NMTRQ-TTG12-1,0.0
RHOT1P3,0.0
ENSG00000242757,0.0
RN7SL824P,0.0
RPL31P25,0.0
RN7SL432P,0.0
ZNF702P,0.0
ENSG00000242793,0.0
RN7SL299P,0.0
RPL26P31,0.0
MRPL42P6,0.0
RN7SL229P,0.0
ENSG00000242814,0.0
RN7SL846P,0.0
RPS26P21,0.0
RPL7AP56,0.0
MTCO3P35,0.0
RPL21P13,0.0
KRT8P35,0.0
ALDOAP1,0.0
RPL23AP68,0.0
RN7SL749P,0.0
DNM1P24,0.0
RN7SL496P,0.0
VN1R105P,0.0
RPL13AP14,0.0
RN7SL180P,0.0
RN7SL677P,0.0
RN7SL244P,0.0
RN7SL812P,0.0
RPL5P11,0.0
ENSG00000242888,0.0
RN7SL449P,0.0
RN7SL413P,0.0
RN7SL634P,0.0
RPL7P16,0.0
ENSG00000242911,0.0
RN7SL384P,0.0
SNRPGP7,0.0
RPL21P104,0.0
RN7SL868P,0.0
RPL7P49,0.0
RPL30P6,0.0
RPL12P7,0.0
NKAIN1P1,0.0
RPL29P32,0.0
EPS15P1,0.0
ENSG00000242951,0.0
RPSAP3,0.0
ENSG00000242953,0.0
RPL36AP32,0.0
FTH1P23,0.0
ENSG00000242963,0.0
SULT1D1P2,0.0
ENSG00000242970,0.0
RN7SL233P,0.0
RN7SL177P,0.0
PPIAP83,0.0
RPS15AP18,0.0
CABYRP1,0.0
RN7SL50P,0.0
RPL21P99,0.0
RN7SL332P,0.0
RPL13AP23,0.0
RPL7P40,0.0
FTH1P4,0.0
RPL32P25,0.0
RPL36AP1,0.0
RN7SL379P,0.0
RN7SL239P,0.0
RN7SL16P,0.0
RPL12P35,0.0
ENSG00000243008,0.0
RN7SL266P,0.0
PTMAP8,0.0
RN7SL737P,0.0
PRR23E2P,0.0
RPL7P39,0.0
MARK3P3,0.0
UBA52P3,0.0
ENSG00000243024,0.0
MTAPP1,0.0
RN7SL354P,0.0
RN7SL635P,0.0
GAPDHP47,0.0
RN7SL810P,0.0
ENSG00000243038,0.0
RBMY2FP,0.0
ENSG00000243044,0.0
FTHL18P,0.0
RN7SL33P,0.0
RPL30P10,0.0
RN7SL269P,0.0
RPL31P58,0.0
RPL39P33,0.0
RN7SL400P,0.0
ABCC13,0.0
RN7SL842P,0.0
RPL21P98,0.0
YTHDF3P1,0.0
RN7SL519P,0.0
ENSG00000243085,0.0
RPL32P2,0.0
RPL3P10,0.0
RPL17P27,0.0
RPS3P7,0.0
RN7SL452P,0.0
MTND4LP14,0.0
RN7SL849P,0.0
C9orf78P1,0.0
ENSG00000243122,0.0
RN7SL643P,0.0
RN7SL807P,0.0
ENSG00000243129,0.0
RN7SL22P,0.0
RPL23AP66,0.0
SYPL1P1,0.0
RPL7AP32,0.0
RPL31P48,0.0
RFKP6,0.0
RPS10P28,0.0
ENSG00000243171,0.0
RN7SL861P,0.0
RPSAP36,0.0
RPL21P80,0.0
HNRNPA1P17,0.0
TUBBP11,0.0
RPL6P10,0.0
ENSG00000243225,0.0
RN7SL55P,0.0
ENSG00000243234,0.0
GSTA9P,0.0
RPS6P16,0.0
RN7SL350P,0.0
RPL30P14,0.0
MTCO2P29,0.0
RN7SL558P,0.0
RPL23AP55,0.0
RN7SL614P,0.0
RN7SL571P,0.0
RPL36AP19,0.0
RPS17P14,0.0
AGAP13P,0.0
RPL31P61,0.0
ENSG00000243302,0.0
ENSG00000243303,0.0
ENSG00000243304,0.0
POM121L6P,0.0
RPL6P13,0.0
RN7SL285P,0.0
RPS12P7,0.0
GUCY2GP,0.0
PTPRVP,0.0
ENSG00000243328,0.0
RN7SL174P,0.0
RN7SL307P,0.0
RN7SL738P,0.0
RN7SL601P,0.0
ENSG00000243349,0.0
RN7SL8P,0.0
RPS29P19,0.0
RPS27P28,0.0
RN7SL815P,0.0
RN7SL278P,0.0
RN7SL60P,0.0
RN7SL775P,0.0
RN7SL173P,0.0
RN7SL72P,0.0
PLA2G10P1,0.0
RN7SL89P,0.0
ENSG00000243385,0.0
RPL3P3,0.0
RPL32P7,0.0
RN7SL141P,0.0
RPL15P12,0.0
ENSG00000243403,0.0
RPL35AP32,0.0
MRPS31P5,0.0
RPS3AP18,0.0
RN7SL734P,0.0
RPL23AP49,0.0
ENSG00000243423,0.0
RN7SL107P,0.0
RN7SL454P,0.0
OR7E29P,0.0
RPL5P30,0.0
RN7SL370P,0.0
LARP1BP2,0.0
RN7SL352P,0.0
ENSG00000243445,0.0
RN7SL284P,0.0
RPS18P13,0.0
INGX,0.0
RPL7P51,0.0
AOX2P,0.0
DNAJB1P2,0.0
RN7SL337P,0.0
RPL36AP50,0.0
GMFBP1,0.0
UBA52P5,0.0
RPS6P21,0.0
ENSG00000243503,0.0
RPS23P1,0.0
RN7SL240P,0.0
ENSG00000243507,0.0
DNAJB6P7,0.0
RN7SL111P,0.0
RPL32P33,0.0
RPL12P40,0.0
RPL13AP22,0.0
DTWD1P2,0.0
RPL5P33,0.0
EVA1CP3,0.0
RN7SL19P,0.0
RPL32P20,0.0
RPS26P28,0.0
RN7SL649P,0.0
RN7SL104P,0.0
RN7SL172P,0.0
RN7SL108P,0.0
HNRNPKP4,0.0
RN7SL101P,0.0
RN7SL705P,0.0
CCZ1P1,0.0
RN7SL364P,0.0
RN7SL838P,0.0
RPL21P115,0.0
RPS29P25,0.0
PRICKLE1P1,0.0
RN7SL282P,0.0
RPL17P22,0.0
PLSCR4P1,0.0
RPL12P24,0.0
RPL35AP26,0.0
RPS2P44,0.0
ENSG00000243621,0.0
RN7SL542P,0.0
EZRP1,0.0
OR13C7,0.0
RN7SL526P,0.0
TSPY20P,0.0
ENSG00000243648,0.0
RN7SL834P,0.0
MTND5P16,0.0
ENSG00000243659,0.0
WBP1LP1,0.0
RPS4XP14,0.0
RPS29P12,0.0
RPL34P23,0.0
RN7SL761P,0.0
RPS3AP40,0.0
OR7E66P,0.0
RPL35AP9,0.0
ENSG00000243679,0.0
RPL37P23,0.0
RPLP1P11,0.0
RPL35AP10,0.0
ENSG00000243695,0.0
RPL7AP63,0.0
RN7SL598P,0.0
RN7SL638P,0.0
RN7SL105P,0.0
ENSG00000243705,0.0
RPL21P116,0.0
RPL21P127,0.0
RPL23AP63,0.0
RN7SL393P,0.0
RPL29P3,0.0
RN7SL181P,0.0
RPLP0P2,0.0
RPL29P13,0.0
EEF1A1P10,0.0
HLA-L,0.0
RPL35AP15,0.0
ST13P15,0.0
RPL32P4,0.0
RN7SL65P,0.0
RPL21P130,0.0
OSTCP1,0.0
ENSG00000243777,0.0
RPL36AP49,0.0
RPL21P114,0.0
ENSG00000243781,0.0
RN7SL78P,0.0
OR7E89P,0.0
SNRPCP10,0.0
RN7SL461P,0.0
ENSG00000243802,0.0
RPL7P18,0.0
ENSG00000243813,0.0
RN7SL189P,0.0
RPS25P5,0.0
RPL12P6,0.0
ENSG00000243828,0.0
ENSG00000243829,0.0
RPL15P17,0.0
ENSG00000243831,0.0
PSMC1P7,0.0
RPL17P33,0.0
RN7SL30P,0.0
RN7SL610P,0.0
ALDH7A1P3,0.0
RN7SL67P,0.0
RPL12P5,0.0
RN7SL551P,0.0
RPL5P17,0.0
RPS3AP50,0.0
RN7SL236P,0.0
RN7SL487P,0.0
RN7SL464P,0.0
HMGB1P36,0.0
HMGB1P38,0.0
RN7SL419P,0.0
MTCH2P1,0.0
RPS3AP16,0.0
RN7SL320P,0.0
RPSAP5,0.0
RN7SL679P,0.0
RN7SL430P,0.0
RPL5P14,0.0
THAP12P2,0.0
ENSG00000243916,0.0
EIF4BP8,0.0
RPS26P24,0.0
RPS24P18,0.0
ENSG00000243929,0.0
RPS12P21,0.0
ENSG00000243939,0.0
ZFAND2AP1,0.0
RN7SL308P,0.0
RN7SL743P,0.0
RN7SL647P,0.0
RN7SL684P,0.0
RPL23AP65,0.0
NBPF5P,0.0
RN7SL402P,0.0
PPIEL,0.0
VTI1BP1,0.0
RN7SL523P,0.0
H3P13,0.0
ENSG00000243979,0.0
RN7SL702P,0.0
ENSG00000243981,0.0
ENO1P3,0.0
RPS24P17,0.0
RN7SL447P,0.0
ENSG00000243995,0.0
ENSG00000244000,0.0
RPSAP39,0.0
RN7SL143P,0.0
RPS3AP19,0.0
RN7SL799P,0.0
B3GAT3P1,0.0
RPL35P6,0.0
RPS2P24,0.0
RPL21P53,0.0
LARP7P4,0.0
FAM86DP,0.0
RPS3AP17,0.0
RN7SL228P,0.0
RN7SL424P,0.0
FAM20BP1,0.0
RPS27P27,0.0
RN7SL735P,0.0
RPS18P6,0.0
DEFB109F,0.0
RPL5P24,0.0
RPL13AP2,0.0
RN7SL417P,0.0
RPS2P41,0.0
ENSG00000244061,0.0
ACSL3P1,0.0
MARK2P17,0.0
RN7SL148P,0.0
RPL9P33,0.0
RPS4XP6,0.0
ENSG00000244076,0.0
RN7SL833P,0.0
ENSG00000244081,0.0
ENSG00000244083,0.0
ENSG00000244086,0.0
RPL23AP44,0.0
HMGB1P30,0.0
RN7SL483P,0.0
RPS4XP17,0.0
RPS23P3,0.0
HMGN1P10,0.0
RN7SL659P,0.0
RN7SL250P,0.0
RN7SL508P,0.0
ENSG00000244113,0.0
PDCL3P4,0.0
UBE2Q2P9,0.0
RPSAP51,0.0
RPS12P20,0.0
RN7SL397P,0.0
ATP6V0CP2,0.0
INAVAP1,0.0
ENSG00000244146,0.0
WWP1P1,0.0
CYP4F34P,0.0
EIF4E2P2,0.0
RPS27AP13,0.0
ENSG00000244167,0.0
RN7SL120P,0.0
PBX2P1,0.0
ENSG00000244176,0.0
PPIAP71,0.0
ENSG00000244192,0.0
ENSG00000244193,0.0
RN7SL218P,0.0
PPIAP15,0.0
RN7SL766P,0.0
EIF4EP3,0.0
ZFAND6P1,0.0
RPS4XP10,0.0
RN7SL81P,0.0
OR7E121P,0.0
ILF2P1,0.0
RPL26P35,0.0
RN7SL151P,0.0
CSPG4P2Y,0.0
RN7SL698P,0.0
RPL17P30,0.0
RN7SL604P,0.0
ENSG00000244237,0.0
RPS3AP42,0.0
ENSG00000244245,0.0
ZNF736P8Y,0.0
RPS2P19,0.0
ENSG00000244251,0.0
RPS29P24,0.0
RN7SL130P,0.0
PKD1P1,0.0
RPL15P15,0.0
RN7SL597P,0.0
ENSG00000244266,0.0
RPL34P22,0.0
RPL32P29,0.0
PGBD4P1,0.0
ECEL1P2,0.0
ENSG00000244281,0.0
RPL23AP73,0.0
RPS3AP35,0.0
OR9N1P,0.0
RN7SL740P,0.0
RPS20P21,0.0
RN7SL168P,0.0
RN7SL465P,0.0
AOX3P,0.0
DUXAP10,0.0
RN7SL395P,0.0
RN7SL762P,0.0
ENSG00000244313,0.0
RN7SL36P,0.0
RN7SL252P,0.0
RN7SL814P,0.0
RN7SL845P,0.0
UBA52P9,0.0
ENSG00000244331,0.0
RN7SL687P,0.0
C9orf85P2,0.0
RN7SL398P,0.0
RN7SL145P,0.0
RPL30P7,0.0
RPL7P23,0.0
PFN1P8,0.0
RN7SL423P,0.0
RN7SL636P,0.0
RPS2P45,0.0
SDHDP3,0.0
RN7SL359P,0.0
RN7SL242P,0.0
RPS6P22,0.0
RN7SL330P,0.0
RN7SL869P,0.0
RPL36AP37,0.0
RN7SL251P,0.0
RPS4XP12,0.0
RN7SL314P,0.0
RN7SL216P,0.0
RPL23AP56,0.0
RPL38P3,0.0
RN7SL268P,0.0
RPS3AP31,0.0
SSBL6P,0.0
RPL39P28,0.0
ENSG00000244436,0.0
RPL34P9,0.0
RPL34P21,0.0
SPECC1P2,0.0
ENO1P1,0.0
RPL6P14,0.0
ENSG00000244480,0.0
RPL18P13,0.0
RWDD4P1,0.0
RN7SL623P,0.0
EEF1A1P45,0.0
ENSG00000244510,0.0
RN7SL28P,0.0
RN7SL125P,0.0
KRT18P34,0.0
RN7SL700P,0.0
RPL21P128,0.0
SEPTIN14P2,0.0
RN7SL380P,0.0
RN7SL211P,0.0
ENSG00000244535,0.0
RPS27P13,0.0
RPL35AP29,0.0
RN7SL446P,0.0
ENSG00000244550,0.0
RPL34P29,0.0
ODCP,0.0
ENSG00000244559,0.0
ENSG00000244560,0.0
RLIG1P2,0.0
RPS26P19,0.0
POLR2DP2,0.0
RN7SL654P,0.0
RPS6P4,0.0
RPL30P11,0.0
RPL21P120,0.0
RPL12P33,0.0
ENSG00000244593,0.0
ENSG00000244604,0.0
RN7SL756P,0.0
PSPC1P2,0.0
RN7SL334P,0.0
RPS17P11,0.0
TPTEP2,0.0
ENSG00000244630,0.0
RN7SL863P,0.0
RPLP0P8,0.0
RPS26P43,0.0
RN7SL396P,0.0
XKRYP7,0.0
ENSG00000244652,0.0
UBFD1P1,0.0
ENSG00000244657,0.0
ENSG00000244662,0.0
SNRPCP3,0.0
ENSG00000244669,0.0
RN7SL280P,0.0
RPS3AP15,0.0
RN7SL706P,0.0
MTHFD2P1,0.0
FCGR2C,0.0
RPL10AP1,0.0
RN7SL724P,0.0
EVA1CP5,0.0
CD46P1,0.0
RPLP0P10,0.0
RPL23P10,0.0
RN7SL47P,0.0
RPL29P27,0.0
RPL17P7,0.0
RPS27P14,0.0
NT5C3AP2,0.0
RPSAP29,0.0
ASLP1,0.0
PHF5AP3,0.0
RN7SL870P,0.0
RPL31P23,0.0
RPL35AP27,0.0
RN7SL153P,0.0
RPL15P21,0.0
ENSG00000244756,0.0
MTCYBP18,0.0
IFT122P2,0.0
EEF1A1P4,0.0
SEPTIN7P14,0.0
NUDT16L2P,0.0
SUPT4H1P2,0.0
ENSG00000246575,0.0
SIMC1P1,0.0
SDCBPP2,0.0
MTND4P12,0.0
TUBAP14,0.0
SPCS2P3,0.0
HMGN1P12,0.0
ENSG00000248101,0.0
TARS2P1,0.0
ENSG00000248105,0.0
ENSG00000248106,0.0
PTPN11P5,0.0
ENSG00000248114,0.0
MICOS10P4,0.0
ENSG00000248120,0.0
SMURF2P1,0.0
APOOP4,0.0
RRN3P1,0.0
ENSG00000248126,0.0
ENSG00000248128,0.0
MTND4LP22,0.0
ENSG00000248134,0.0
MTND6P8,0.0
CUL4AP1,0.0
ENSG00000248155,0.0
BTG4P1,0.0
HSPA8P11,0.0
ENSG00000248160,0.0
CHORDC1P3,0.0
ENSG00000248170,0.0
GAPDHP60,0.0
ENSG00000248185,0.0
PFDN1P2,0.0
PES1P1,0.0
ENSG00000248196,0.0
ENSG00000248200,0.0
H3P17,0.0
WDR45P1,0.0
ENSG00000248209,0.0
CICP16,0.0
KCTD9P5,0.0
ENSG00000248229,0.0
KRT8P4,0.0
ENSG00000248234,0.0
ENSG00000248236,0.0
ENSG00000248237,0.0
ENSG00000248249,0.0
PSG10P,0.0
MTND4LP31,0.0
PGAM1P1,0.0
SUMO2P17,0.0
ENSG00000248281,0.0
MTCYBP44,0.0
CCNL2P1,0.0
ENSG00000248286,0.0
SCGB1D5P,0.0
ENSG00000248288,0.0
TNXA,0.0
ENSG00000248293,0.0
DDX43P1,0.0
BNIP3P41,0.0
ENSG00000248305,0.0
ENSG00000248308,0.0
CYP4F27P,0.0
MTND4LP2,0.0
THAP12P9,0.0
NOL8P1,0.0
MTCO3P28,0.0
WHAMMP2,0.0
HMGN1P11,0.0
ENSG00000248337,0.0
PIMREGP4,0.0
ENSG00000248347,0.0
ENSG00000248349,0.0
ENSG00000248350,0.0
HSPD1P18,0.0
ARL2BPP6,0.0
OR7E86P,0.0
POU5F1P7,0.0
UBTD2P1,0.0
ENSG00000248375,0.0
FBLP1,0.0
HMGN1P9,0.0
ENSG00000248387,0.0
FOSL1P1,0.0
TOMM22P4,0.0
ST13P12,0.0
ENSG00000248401,0.0
NACAP6,0.0
ENSG00000248406,0.0
CCDC188BP,0.0
GAPDHP61,0.0
UBL5P1,0.0
ENSG00000248419,0.0
MTATP6P9,0.0
ENSG00000248422,0.0
ENSG00000248423,0.0
OR51K1P,0.0
ENSG00000248426,0.0
HMGB3P16,0.0
RPL23AP94,0.0
OR10J7P,0.0
HNRNPA1P65,0.0
ENSG00000248447,0.0
COX5BP1,0.0
PCDHGB8P,0.0
ENSG00000248452,0.0
RPS17P9,0.0
NENFP3,0.0
ENSG00000248466,0.0
ENSG00000248471,0.0
DDX11L9,0.0
NAIPP3,0.0
ENSG00000248480,0.0
PGAM4P2,0.0
ENSG00000248493,0.0
ASNSP1,0.0
C4orf46P2,0.0
TUBAP10,0.0
OR5H4P,0.0
ENSG00000248521,0.0
SBF1P1,0.0
MTATP6P1,0.0
BCL2L12P1,0.0
NDUFA5P12,0.0
ENSG00000248532,0.0
ENSG00000248542,0.0
NPM1P41,0.0
ANP32CP,0.0
SPOPLP3,0.0
MTND4P8,0.0
ENSG00000248552,0.0
OR52H2P,0.0
METTL5P2,0.0
ENSG00000248560,0.0
ENSG00000248564,0.0
TECRP2,0.0
KRT8P48,0.0
ENSG00000248569,0.0
ADAM20P2,0.0
ENSG00000248577,0.0
NPM1P21,0.0
ENSG00000248583,0.0
ENSG00000248585,0.0
ENSG00000248586,0.0
GLDCP1,0.0
ENSG00000248591,0.0
DSTNP2,0.0
ENSG00000248608,0.0
HSPA8P4,0.0
ENSG00000248611,0.0
ENSG00000248613,0.0
ANKRD49P3,0.0
ENPP7P3,0.0
ENSG00000248621,0.0
ENSG00000248625,0.0
GAPDHP40,0.0
GET1P1,0.0
ENSG00000248635,0.0
ENSG00000248637,0.0
ENSG00000248639,0.0
HNRNPA1P56,0.0
HMGA1P2,0.0
OR10J2P,0.0
ENSG00000248645,0.0
ENSG00000248648,0.0
GCSHP1,0.0
ENSG00000248652,0.0
MTCO3P44,0.0
CARMIL2P1,0.0
SRIP1,0.0
VPS51P13,0.0
RBBP4P6,0.0
BIN2P2,0.0
ENSG00000248687,0.0
ENSG00000248696,0.0
TOX4P1,0.0
ENSG00000248699,0.0
ENSG00000248702,0.0
MTND4P2,0.0
ENSG00000248705,0.0
THUMPD3P1,0.0
ENSG00000248715,0.0
ENSG00000248716,0.0
RFPL4AP5,0.0
AK3P4,0.0
ENSG00000248725,0.0
MTCO1P30,0.0
R3HDM2P1,0.0
ENSG00000248739,0.0
NMNAT1P4,0.0
MTND5P9,0.0
ENSG00000248750,0.0
ENSG00000248755,0.0
TMEM69P2,0.0
ENSG00000248763,0.0
MTCYBP37,0.0
ENSG00000248766,0.0
ENSG00000248769,0.0
ENSG00000248770,0.0
ENSG00000248772,0.0
ENSG00000248775,0.0
ENSG00000248777,0.0
ENSG00000248778,0.0
ARL4AP2,0.0
PSMC1P4,0.0
HIGD1AP14,0.0
ENSG00000248791,0.0
SEPTIN14P22,0.0
ENSG00000248794,0.0
ENSG00000248795,0.0
MED15P8,0.0
ENSG00000248803,0.0
KRTAP9-12P,0.0
PMPCAP1,0.0
DYNLL1P6,0.0
ENSG00000248821,0.0
APOBEC3AP1,0.0
ENSG00000248824,0.0
PCBP2P3,0.0
ENSG00000248827,0.0
ZNF807P,0.0
ENSG00000248831,0.0
MARK2P5,0.0
PGAM1P13,0.0
ENSG00000248840,0.0
RPL7AP29,0.0
ENSG00000248847,0.0
PPBPP2,0.0
SF3A2P1,0.0
ENSG00000248851,0.0
ENSG00000248853,0.0
HNRNPH1P3,0.0
ENSG00000248863,0.0
ENSG00000248867,0.0
SERBP1P6,0.0
PGBD4P4,0.0
ENSG00000248878,0.0
ICE2P1,0.0
B4GALNT2P1,0.0
SEPTIN7P10,0.0
UGT2A3P7,0.0
ENSG00000248891,0.0
ENSG00000248895,0.0
KRTAP5-13P,0.0
MTND2P33,0.0
HMGB1P21,0.0
ENSG00000248911,0.0
PHB1P14,0.0
ACTR6P1,0.0
NUP210P3,0.0
ENSG00000248921,0.0
MTND5P11,0.0
ENSG00000248924,0.0
ENSG00000248926,0.0
ENSG00000248928,0.0
HIGD1AP3,0.0
CHP1P1,0.0
MTCYBP40,0.0
FAM90A6P,0.0
MTND3P22,0.0
LDHBP3,0.0
MTCO2P32,0.0
ENSG00000248955,0.0
HMGB1P44,0.0
ZSWIM5P3,0.0
BCLAF1P1,0.0
ENSG00000248967,0.0
KRT8P46,0.0
ENSG00000248977,0.0
ENSG00000248978,0.0
LAMTOR3P2,0.0
PRDX4P1,0.0
PSME2P3,0.0
EFL1P2,0.0
ENSG00000249002,0.0
CLUHP4,0.0
PRMT5P1,0.0
FAM90A4P,0.0
ENSG00000249006,0.0
ENSG00000249012,0.0
FTH1P21,0.0
HMGN2P4,0.0
GAPDHP56,0.0
ENSG00000249019,0.0
SNORA58,0.0
ZNF519P4,0.0
CTNNA1P1,0.0
SUMO2P6,0.0
AARS1P1,0.0
MTND3P24,0.0
COX6B1P5,0.0
ENSG00000249050,0.0
ENSG00000249051,0.0
ENSG00000249053,0.0
TBCAP3,0.0
ENSG00000249056,0.0
KRT18P25,0.0
PCNAP1,0.0
ENSG00000249068,0.0
ENSG00000249072,0.0
NDUFB2P1,0.0
SPICP5,0.0
ENSG00000249079,0.0
OR5M14P,0.0
AIG1P1,0.0
PPIAP77,0.0
CSRP2P2,0.0
ENSG00000249101,0.0
ENSG00000249105,0.0
MTND6P4,0.0
MTND3P3,0.0
SUDS3P1,0.0
ENSG00000249135,0.0
ENSG00000249138,0.0
PRDX2P3,0.0
TMEM183AP2,0.0
ENSG00000249148,0.0
ENSG00000249149,0.0
ENSG00000249157,0.0
ADAM20P3,0.0
ENSG00000249170,0.0
ENSG00000249176,0.0
MTND4P29,0.0
SUMO2P4,0.0
ENPP7P1,0.0
ENSG00000249189,0.0
UBE2V1P12,0.0
MTND3P25,0.0
HSPD1P5,0.0
OR10J9P,0.0
ENSG00000249200,0.0
GCNT1P2,0.0
GAPDHP38,0.0
ATP1B1P1,0.0
ENSG00000249213,0.0
NCOA4P4,0.0
SUCLG2P4,0.0
NAMPTP2,0.0
CDH12P2,0.0
ENSG00000249235,0.0
ENSG00000249237,0.0
BCL9P1,0.0
RACK1P3,0.0
ENSG00000249244,0.0
NCOA4P3,0.0
MTCYBP17,0.0
ATP5MC2P5,0.0
PGAM1P9,0.0
ATP5MGP3,0.0
ENSG00000249257,0.0
ENSG00000249259,0.0
ENSG00000249262,0.0
PARP4P3,0.0
EEF1A1P9,0.0
MTHFD2P6,0.0
KATNBL1P4,0.0
HNRNPA1P44,0.0
UNC93B8,0.0
PDLIM1P4,0.0
SLIRPP2,0.0
ENSG00000249278,0.0
ENSG00000249282,0.0
ACTR3BP4,0.0
ENSG00000249284,0.0
ENSG00000249285,0.0
AMD1P3,0.0
ENSG00000249287,0.0
SLC25A15P5,0.0
ENSG00000249289,0.0
ENSG00000249301,0.0
FTH1P24,0.0
ENSG00000249305,0.0
TERF1P3,0.0
ARL2BPP4,0.0
ENSG00000249316,0.0
ENSG00000249320,0.0
OR5H5P,0.0
ENSG00000249333,0.0
SNX18P25,0.0
HMGB1P47,0.0
VPS51P7,0.0
ENSG00000249351,0.0
NPM1P27,0.0
TOMM40P3,0.0
TRPC6P2,0.0
FABP5P12,0.0
ENSG00000249368,0.0
ATP6V1G1P6,0.0
ENSG00000249380,0.0
MTCO2P9,0.0
KRTAP5-14P,0.0
HMGB3P17,0.0
AK4P2,0.0
ENSG00000249411,0.0
ENSG00000249416,0.0
ENSG00000249418,0.0
ENSG00000249433,0.0
ENSG00000249435,0.0
KRT18P45,0.0
HMGN1P14,0.0
VPS51P18,0.0
ENSG00000249444,0.0
MTCO1P24,0.0
MRPL57P6,0.0
ENSG00000249452,0.0
GZMAP1,0.0
MLLT10P2,0.0
RBMXP4,0.0
H2AL1Q,0.0
ENSG00000249472,0.0
USP17L14P,0.0
RBBP4P1,0.0
ENSG00000249486,0.0
NACAP5,0.0
GAPDHP70,0.0
ANKRD20A18P,0.0
ENSG00000249495,0.0
USP9YP2,0.0
HMGN1P16,0.0
PCDHA14,0.0
JMJD4P1,0.0
ZEB2P1,0.0
RPL6P23,0.0
LYSETP1,0.0
PRELID3BP6,0.0
ENSG00000249518,0.0
ENSG00000249520,0.0
ENSG00000249522,0.0
ENSG00000249525,0.0
ENSG00000249531,0.0
MRPS36P2,0.0
PHF5AP7,0.0
ENSG00000249541,0.0
EEF1A1P21,0.0
TMEM248P1,0.0
HSPD1P15,0.0
RCC2P4,0.0
ENSG00000249562,0.0
EVA1CP1,0.0
ENSG00000249564,0.0
SERBP1P5,0.0
ENSG00000249577,0.0
ENSG00000249579,0.0
MTATP6P22,0.0
RPL7L1P4,0.0
ENSG00000249600,0.0
TRAPPC2P7,0.0
TRPC6P9,0.0
CCNB3P1,0.0
ENSG00000249617,0.0
HMGN1P13,0.0
H3P18,0.0
PPP4R2P4,0.0
ENSG00000249627,0.0
OR52V1P,0.0
USP9YP5,0.0
OR7E94P,0.0
MRPS33P2,0.0
VN1R104P,0.0
TNRC18P1,0.0
KRT18P56,0.0
TUBA3GP,0.0
KRT19P3,0.0
ENSG00000249686,0.0
ENSG00000249689,0.0
DPPA4P2,0.0
ENSG00000249692,0.0
MTCO3P9,0.0
ENSG00000249721,0.0
TUBB1P1,0.0
ENSG00000249729,0.0
OR10J4,0.0
ENSG00000249735,0.0
ENSG00000249741,0.0
ZCCHC10P2,0.0
HMGB1P28,0.0
NDUFB4P9,0.0
ENSG00000249755,0.0
ENSG00000249761,0.0
ENSG00000249763,0.0
ENSG00000249764,0.0
ENSG00000249766,0.0
ENPP7P10,0.0
HSPE1P10,0.0
MTND6P17,0.0
ENSG00000249774,0.0
SAP18P1,0.0
TRMT112P2,0.0
ENSG00000249779,0.0
ENSG00000249780,0.0
SCARNA22,0.0
ENSG00000249795,0.0
HSD3BP3,0.0
SNRPCP13,0.0
ENSG00000249819,0.0
AFF4P1,0.0
ENSG00000249828,0.0
ENSG00000249829,0.0
PGBD4P3,0.0
SUMO2P7,0.0
PPIP5K1P1,0.0
GAPDHP76,0.0
ENSG00000249843,0.0
OR7E43P,0.0
ENSG00000249848,0.0
KRT18P31,0.0
RPS27AP18,0.0
ENSG00000249852,0.0
EEF1A1P19,0.0
SNX5P1,0.0
ENSG00000249863,0.0
OR7E83P,0.0
VPS51P10,0.0
ENSG00000249876,0.0
ENSG00000249878,0.0
ENSG00000249887,0.0
ENSG00000249888,0.0
ALG1L11P,0.0
ENSG00000249890,0.0
KRT19P6,0.0
MTND6P16,0.0
ENSG00000249904,0.0
BRD9P2,0.0
CYCTP,0.0
TRIM51CP,0.0
FABP5P6,0.0
HNRNPA1P55,0.0
RACK1P1,0.0
ENSG00000249927,0.0
UQCRBP3,0.0
ENSG00000249930,0.0
NCOA4P2,0.0
RAC1P2,0.0
ENSG00000249943,0.0
ENSG00000249944,0.0
XBP1P1,0.0
GBA3,0.0
ENSG00000249950,0.0
UGT2B24P,0.0
CCT7P2,0.0
ENSG00000249960,0.0
EEF1A1P20,0.0
CDC42P4,0.0
ENSG00000249970,0.0
CHCHD2P7,0.0
OR5H3P,0.0
ENSG00000249976,0.0
ENSG00000249977,0.0
ENSG00000249985,0.0
YWHAQP6,0.0
RPS4XP20,0.0
MTCO2P24,0.0
ECM1P2,0.0
MTCO3P7,0.0
ENSG00000250006,0.0
HMGB1P3,0.0
ZP3P1,0.0
SNX18P23,0.0
ENSG00000250017,0.0
SPICP4,0.0
TMPRSS11BNL,0.0
ENSG00000250030,0.0
PTPN11P2,0.0
ENSG00000250037,0.0
RAF1P1,0.0
CBX3P3,0.0
MTND4P9,0.0
RARRES2P4,0.0
ENSG00000250068,0.0
ARPC1AP3,0.0
ENSG00000250074,0.0
MAPRE1P2,0.0
ENSG00000250079,0.0
ENSG00000250080,0.0
ENSG00000250082,0.0
ENSG00000250084,0.0
ENSG00000250088,0.0
ENSG00000250090,0.0
TRPC6P6,0.0
ENSG00000250100,0.0
ENSG00000250111,0.0
ENSG00000250114,0.0
AK3P2,0.0
ENSG00000250118,0.0
GAPDHP43,0.0
ENSG00000250138,0.0
ENSG00000250140,0.0
EEF1A1P35,0.0
ENSG00000250145,0.0
MORF4L2P1,0.0
KRT8P31,0.0
TRMT112P5,0.0
CSNK1A1P3,0.0
MTND5P13,0.0
EEF1A1P13,0.0
ENSG00000250183,0.0
RCC2P8,0.0
ENSG00000250189,0.0
ENSG00000250191,0.0
ENSG00000250194,0.0
HMGN1P15,0.0
ENSG00000250200,0.0
ENSG00000250202,0.0
TTTY23B,0.0
YWHAEP4,0.0
ENSG00000250207,0.0
ENSG00000250210,0.0
ENSG00000250213,0.0
ENSG00000250214,0.0
CIR1P2,0.0
LTV1P1,0.0
KRT8P32,0.0
TRIM60P14,0.0
ENSG00000250229,0.0
USP17L16P,0.0
WEE1P1,0.0
SEPHS2P1,0.0
ENSG00000250249,0.0
PKD1P6,0.0
ENSG00000250253,0.0
LDHAL6DP,0.0
CCDC74BP1,0.0
ALG1L14P,0.0
TRMT112P1,0.0
PSMC1P5,0.0
SPOPLP2,0.0
VWA8P1,0.0
NCAPGP1,0.0
ENSG00000250292,0.0
CRYZP2,0.0
MRPS31P4,0.0
ENSG00000250300,0.0
ZBED1P1,0.0
ENSG00000250306,0.0
TUBB8P3,0.0
SALL4P1,0.0
ENSG00000250315,0.0
ENSG00000250316,0.0
RPL13AP26,0.0
ENSG00000250319,0.0
ENSG00000250321,0.0
ENSG00000250322,0.0
MRPL22P1,0.0
IGBP1P4,0.0
RPSAP70,0.0
POGLUT2P1,0.0
ENSG00000250330,0.0
PTPN11P4,0.0
CXCL1P1,0.0
SNRPCP16,0.0
ENSG00000250345,0.0
EEF1GP2,0.0
ENSG00000250347,0.0
ENSG00000250350,0.0
H3P20,0.0
HSPE1P23,0.0
PTP4A1P4,0.0
KRT18P21,0.0
MARK2P4,0.0
ENSG00000250376,0.0
UNC93B4,0.0
UBE2CP3,0.0
H3P21,0.0
MTND6P2,0.0
CRLF3P2,0.0
ENSG00000250393,0.0
ENSG00000250398,0.0
RPL7L1P14,0.0
ENSG00000250405,0.0
KLHL2P1,0.0
SEC63P2,0.0
AACSP1,0.0
ENSG00000250422,0.0
OR7E35P,0.0
FTLP10,0.0
MRS2P1,0.0
ENSG00000250430,0.0
LSM2P2,0.0
EIF3KP3,0.0
CCT5P1,0.0
ENSG00000250455,0.0
ENSG00000250458,0.0
ENSG00000250461,0.0
LRRC37BP1,0.0
LRRC34P2,0.0
ENSG00000250470,0.0
GMPSP1,0.0
DUTP7,0.0
WBP1LP2,0.0
RPL6P11,0.0
ENPP7P9,0.0
RLIG1P1,0.0
DUX4L51,0.0
PPM1AP1,0.0
PPIAP76,0.0
EXOC7P1,0.0
INTS6P1,0.0
ENSG00000250494,0.0
ABT1P1,0.0
ENSG00000250500,0.0
KRT18P51,0.0
ENSG00000250505,0.0
ENSG00000250507,0.0
ENSG00000250515,0.0
ENSG00000250516,0.0
LDHAL6CP,0.0
ENSG00000250523,0.0
CCT6P2,0.0
STK19B,0.0
ABHD17AP3,0.0
KRT8P33,0.0
ENSG00000250540,0.0
ENSG00000250547,0.0
PPBPP1,0.0
CCDC34P1,0.0
ENSG00000250560,0.0
OR7E59P,0.0
RPL38P4,0.0
KNOP1P5,0.0
UGT2B29P,0.0
ENSG00000250568,0.0
NTAN1P2,0.0
ENSG00000250573,0.0
ENSG00000250574,0.0
ENSG00000250575,0.0
SNRPCP8,0.0
HPRT1P2,0.0
PRSS3P1,0.0
RNF14P2,0.0
WDR77P1,0.0
ENSG00000250611,0.0
ENSG00000250612,0.0
ENSG00000250613,0.0
ENSG00000250618,0.0
ENSG00000250622,0.0
MTCYBP43,0.0
ENSG00000250625,0.0
TTC39CP1,0.0
MTCO1P35,0.0
ENSG00000250636,0.0
ENSG00000250637,0.0
OR7E41P,0.0
ENSG00000250642,0.0
ENSG00000250645,0.0
ENSG00000250650,0.0
PABPC1P7,0.0
ENSG00000250654,0.0
ENSG00000250655,0.0
ST3GAL1P1,0.0
HNRNPKP5,0.0
ENSG00000250667,0.0
ENSG00000250669,0.0
ENSG00000250672,0.0
ENSG00000250677,0.0
ENSG00000250678,0.0
ADI1P2,0.0
NAIPP1,0.0
RPF2P2,0.0
ENSG00000250703,0.0
H3P23,0.0
OR7E99P,0.0
PRELID3BP7,0.0
ENSG00000250712,0.0
H3P22,0.0
HMGB1P22,0.0
ENSG00000250725,0.0
ENSG00000250726,0.0
ENSG00000250727,0.0
ENSG00000250728,0.0
HMGB3P3,0.0
TPM3P6,0.0
RPEP1,0.0
C8orf17,0.0
ENSG00000250746,0.0
ENSG00000250747,0.0
ENSG00000250749,0.0
OR5BM1P,0.0
RPL23AP96,0.0
ENSG00000250753,0.0
ENSG00000250756,0.0
ENSG00000250762,0.0
FHP2,0.0
DPP3P1,0.0
ENSG00000250769,0.0
ENSG00000250771,0.0
ENSG00000250778,0.0
HMGN1P17,0.0
TUBB8P4,0.0
ALG1L12P,0.0
CIDECP2,0.0
OR7E111FP,0.0
MTCO2P30,0.0
METTL5P3,0.0
SERF1AP1,0.0
ENSG00000250815,0.0
DCAF13P2,0.0
PGAM1P12,0.0
HNRNPA3P13,0.0
MFSD4BP1,0.0
ENSG00000250828,0.0
MRPS35P2,0.0
DNM1P17,0.0
KRT18P54,0.0
LSM3P4,0.0
ENSG00000250839,0.0
ENSG00000250847,0.0
PPP4R2P1,0.0
RNF138P1,0.0
TRIM60P15,0.0
IGBP1P5,0.0
HNRNPKP1,0.0
ENSG00000250860,0.0
HMGB1P29,0.0
XKRY,0.0
ENSG00000250869,0.0
METTL21EP,0.0
OR7E85P,0.0
ENSG00000250886,0.0
ENSG00000250890,0.0
ENSG00000250892,0.0
PRAMEF31P,0.0
TUBAP15,0.0
RNPS1P1,0.0
HMGB3P15,0.0
ENSG00000250914,0.0
UGT2B26P,0.0
ATP5F1EP1,0.0
ENSG00000250923,0.0
MESTP3,0.0
CATSPER2P2,0.0
GAPDHP66,0.0
IFT122P1,0.0
ENSG00000250940,0.0
ENPP7P11,0.0
ENSG00000250946,0.0
USP9YP1,0.0
ENSG00000250956,0.0
GLUD1P3,0.0
RLIG1P3,0.0
H3P14,0.0
CKS1BP5,0.0
KRTAP13-6P,0.0
TRPA2P,0.0
NSA2P6,0.0
GAPDHP35,0.0
FAM76AP1,0.0
ENSG00000250984,0.0
TMEM30BP1,0.0
ENSG00000250997,0.0
GGCTP1,0.0
ENSG00000251001,0.0
H3P15,0.0
LTO1P1,0.0
GAPDHP62,0.0
TMEM183AP6,0.0
ENSG00000251017,0.0
HIGD1AP13,0.0
NDUFB5P1,0.0
CUL1P1,0.0
WBP1LP4,0.0
ENSG00000251038,0.0
ZNF969P,0.0
RBX1P2,0.0
ELL2P2,0.0
ANKRD20A17P,0.0
ENSG00000251062,0.0
ENSG00000251066,0.0
NUDT19P5,0.0
ENSG00000251074,0.0
SLC25A5P9,0.0
BMS1P2,0.0
ALG1L3P,0.0
OR5AC4P,0.0
ENSG00000251099,0.0
ENSG00000251101,0.0
CTBP2P4,0.0
ENSG00000251105,0.0
ABITRAMP1,0.0
PDCD5P2,0.0
YBX1P5,0.0
FCF1P8,0.0
ENSG00000251112,0.0
ENSG00000251113,0.0
H3P24,0.0
NIFKP2,0.0
ENSG00000251123,0.0
ENSG00000251135,0.0
RPL7L1P7,0.0
ENSG00000251142,0.0
TRPC6P7,0.0
MTND5P5,0.0
PTTG1IP2,0.0
SEPTIN14P4,0.0
ENSG00000251158,0.0
ENSG00000251159,0.0
ENSG00000251162,0.0
PRELID3BP4,0.0
OR7E163P,0.0
TPTE2P7,0.0
TSEN2P1,0.0
ENSG00000251177,0.0
OR7E21P,0.0
ENSG00000251188,0.0
ENSG00000251193,0.0
ENSG00000251195,0.0
ENSG00000251196,0.0
DNAJB6P2,0.0
ENSG00000251204,0.0
ENSG00000251211,0.0
MTND5P4,0.0
GOLGA5P1,0.0
RFPL4AP3,0.0
MTCO1P9,0.0
ENSG00000251228,0.0
ENSG00000251229,0.0
PSMA2P2,0.0
SNRPCP2,0.0
ENSG00000251236,0.0
B3GNTL1P1,0.0
ENSG00000251243,0.0
MTND2P31,0.0
MTHFD2P4,0.0
GTF2F2P1,0.0
OR7H2P,0.0
ALG1L7P,0.0
ENSG00000251278,0.0
SPOPLP1,0.0
ENSG00000251285,0.0
ENSG00000251286,0.0
ENSG00000251288,0.0
ENSG00000251296,0.0
TUBB7P,0.0
SLC25A15P3,0.0
ENSG00000251300,0.0
CAB39P1,0.0
NDUFB4P2,0.0
MRPS33P3,0.0
ENSG00000251312,0.0
ENSG00000251313,0.0
PSME2P4,0.0
RTN3P1,0.0
ENSG00000251334,0.0
ENSG00000251338,0.0
MTCYBP35,0.0
ENSG00000251342,0.0
CDRT15P11,0.0
IRF5P1,0.0
HSPD1P11,0.0
ENSG00000251352,0.0
MTND3P5,0.0
ENSG00000251354,0.0
RAB5CP2,0.0
KHDC1P1,0.0
DBIP2,0.0
ENSG00000251368,0.0
ENSG00000251373,0.0
ENSG00000251374,0.0
ENSG00000251378,0.0
MTCYBP16,0.0
YTHDF1P1,0.0
FTH1P9,0.0
ALDH7A1P1,0.0
ENSG00000251401,0.0
FAM90A25P,0.0
MTND1P22,0.0
ARPC1AP4,0.0
ASS1P8,0.0
ENSG00000251419,0.0
ENSG00000251424,0.0
ENSG00000251427,0.0
AIDAP2,0.0
MTCO3P27,0.0
ENSG00000251431,0.0
CCNHP1,0.0
C1GALT1P2,0.0
NUP58P1,0.0
NDUFS5P4,0.0
KRTAP4-17P,0.0
STMN1P2,0.0
RTEL1P1,0.0
ENSG00000251447,0.0
MTND1P19,0.0
GTF2IP9,0.0
ENSG00000251452,0.0
HAUS1P1,0.0
FKBP4P1,0.0
RPL7L1P13,0.0
CTDNEP1P2,0.0
ENSG00000251468,0.0
ASNSP4,0.0
ENSG00000251473,0.0
RPL32P3,0.0
MTCO1P31,0.0
ENSG00000251477,0.0
ENSG00000251478,0.0
AKIRIN2P1,0.0
LYPLA1P2,0.0
ENSG00000251484,0.0
NRBF2P6,0.0
ENSG00000251489,0.0
OR7E28P,0.0
ENSG00000251492,0.0
PPIAP11,0.0
ENSG00000251498,0.0
ENSG00000251501,0.0
ENSG00000251508,0.0
CFAP53P1,0.0
ENSG00000251516,0.0
ENSG00000251520,0.0
IMPA1P1,0.0
TCP11X3P,0.0
ENSG00000251529,0.0
ENSG00000251535,0.0
SNX18P24,0.0
MTND5P12,0.0
ENSG00000251545,0.0
ENSG00000251548,0.0
ENSG00000251549,0.0
ENSG00000251550,0.0
COQ10BP2,0.0
DDX18P4,0.0
ENSG00000251557,0.0
IARS2P1,0.0
HMGB1P35,0.0
ALG3P1,0.0
DDX3P3,0.0
ENSG00000251572,0.0
ENSG00000251579,0.0
MFFP2,0.0
ENSG00000251585,0.0
LDHAP1,0.0
ENSG00000251588,0.0
NIFKP7,0.0
ENSG00000251591,0.0
MSNP1,0.0
ABCA11P,0.0
HADHAP1,0.0
RPL37P25,0.0
ENSG00000251605,0.0
OR12D1,0.0
SETP12,0.0
EVA1CP6,0.0
HSPA8P19,0.0
ENSG00000251618,0.0
UNC93B7,0.0
ENSG00000251627,0.0
ENSG00000251630,0.0
GYG1P1,0.0
NAIPP4,0.0
ENSG00000251638,0.0
ENSG00000251639,0.0
COPS3P1,0.0
HPRT1P1,0.0
C18orf21P1,0.0
ENSG00000251648,0.0
PRELID3BP5,0.0
SUMO2P5,0.0
BRCC3P1,0.0
ENSG00000251668,0.0
FAM86EP,0.0
ENSG00000251682,0.0
UGT2B27P,0.0
OR10J8P,0.0
ENSG00000251689,0.0
ENSG00000251691,0.0
USP17L9P,0.0
RN7SKP24,0.0
RNA5SP445,0.0
RNU6-857P,0.0
RNU6-998P,0.0
ENSG00000251704,0.0
RNA5-8SP6,0.0
RNU7-61P,0.0
RNU7-37P,0.0
RNU6-632P,0.0
RNU7-20P,0.0
RN7SKP67,0.0
ENSG00000251715,0.0
RNA5SP419,0.0
RNU2-13P,0.0
RNU6-408P,0.0
RNU7-123P,0.0
RNU5E-3P,0.0
RNU7-175P,0.0
RNU7-41P,0.0
RNU6-488P,0.0
Y_RNA,0.0
RNA5SP401,0.0
ENSG00000251730,0.0
RN7SKP122,0.0
SCARNA8,0.0
ENSG00000251735,0.0
RNU6-1053P,0.0
RNU4ATAC13P,0.0
RN7SKP13,0.0
ENSG00000251744,0.0
RNU7-124P,0.0
RNA5SP112,0.0
RNU7-60P,0.0
RNU4ATAC11P,0.0
RNU5F-8P,0.0
RN7SKP46,0.0
RNU4-29P,0.0
RNU6-75P,0.0
RNU6-999P,0.0
RNA5SP385,0.0
RNU6-848P,0.0
RN7SKP298,0.0
RNA5SP418,0.0
RNU6-138P,0.0
RNU6-470P,0.0
RNA5SP446,0.0
RNA5SP518,0.0
RNU7-8P,0.0
RNA5SP217,0.0
RNA5SP486,0.0
RNU6-1129P,0.0
RNU6-377P,0.0
ENSG00000251775,0.0
RN7SKP242,0.0
ENSG00000251778,0.0
Y_RNA,0.0
RNA5SP356,0.0
RNU6-1170P,0.0
RNA5SP20,0.0
RNU7-47P,0.0
RNU5A-7P,0.0
RNU4-57P,0.0
SCARNA6,0.0
Y_RNA,0.0
RNU6-237P,0.0
SNORA70,0.0
RNU6-863P,0.0
Y_RNA,0.0
ENSG00000251802,0.0
Y_RNA,0.0
RNU6-1294P,0.0
ENSG00000251805,0.0
RNU6-202P,0.0
RN7SKP14,0.0
RN7SKP132,0.0
Y_RNA,0.0
Y_RNA,0.0
RNU6-983P,0.0
RN7SKP18,0.0
SNORD116-26,0.0
RNA5SP157,0.0
ENSG00000251818,0.0
RNU6-322P,0.0
RNU6-583P,0.0
ENSG00000251822,0.0
RNA5SP162,0.0
RN7SKP19,0.0
ENSG00000251828,0.0
RNA5SP436,0.0
ENSG00000251830,0.0
RNU6-1114P,0.0
RNU6-319P,0.0
RNU6ATAC32P,0.0
Y_RNA,0.0
ENSG00000251838,0.0
RNU7-12P,0.0
RN7SKP155,0.0
RNU6-1334P,0.0
RNU6-732P,0.0
RNU6-803P,0.0
ENSG00000251844,0.0
RNA5SP96,0.0
RNU6-772P,0.0
Y_RNA,0.0
RNU6-507P,0.0
MIR449C,0.0
RNA5SP362,0.0
ENSG00000251858,0.0
RNU6-1288P,0.0
ENSG00000251861,0.0
MIR1343,0.0
Y_RNA,0.0
RNU6-518P,0.0
SCARNA21B,0.0
RNU7-71P,0.0
SCARNA23,0.0
RNU2-69P,0.0
RNA5SP182,0.0
RNU6-615P,0.0
RNU5F-2P,0.0
RNU2-45P,0.0
SNORD79,0.0
RNU7-75P,0.0
RNU6-475P,0.0
RNU6ATAC17P,0.0
RNA5SP288,0.0
RNU6-120P,0.0
RNU6-760P,0.0
RN7SKP190,0.0
RNU4-49P,0.0
RNA5SP497,0.0
RNU7-79P,0.0
RNU7-84P,0.0
SNORA70,0.0
RNU6-976P,0.0
SNORD116-27,0.0
RNU6-916P,0.0
SCARNA11,0.0
VTRNA2-2P,0.0
RNA5SP272,0.0
RNU7-2P,0.0
RNU6-351P,0.0
RNU6-240P,0.0
RNU6-491P,0.0
RNU6-513P,0.0
RNU7-200P,0.0
RNA5SP406,0.0
RNU1-61P,0.0
RNU1-86P,0.0
RNU7-105P,0.0
RNA5SP216,0.0
ENSG00000251922,0.0
RNU6-276P,0.0
RNA5SP408,0.0
SNORA70,0.0
RNU6-189P,0.0
RNU6-871P,0.0
RNU6-1143P,0.0
RN7SKP179,0.0
RNA5SP249,0.0
RNU7-129P,0.0
RNU6-1278P,0.0
ENSG00000251940,0.0
RNA5SP116,0.0
ENSG00000251942,0.0
RNU6-693P,0.0
RNU6-1023P,0.0
RN7SKP164,0.0
RN7SKP34,0.0
RNU6-1219P,0.0
RNA5SP522,0.0
RNU6-496P,0.0
RNU6-27P,0.0
RNU6-617P,0.0
RNU6-1095P,0.0
RNU6-1102P,0.0
RNU6-559P,0.0
RNU6ATAC13P,0.0
RNA5SP208,0.0
ENSG00000251967,0.0
RNU1-41P,0.0
RNU6-1333P,0.0
RNU6-123P,0.0
RNU6-473P,0.0
ENSG00000251974,0.0
RNU6-718P,0.0
RN7SKP141,0.0
RNU6-991P,0.0
RNA5SP236,0.0
RNU6-436P,0.0
RNU7-52P,0.0
RN7SKP43,0.0
RN7SKP157,0.0
RNU6-1161P,0.0
Y_RNA,0.0
SNORD63,0.0
RNU4ATAC18P,0.0
RNA5SP180,0.0
RNU7-49P,0.0
SCARNA17,0.0
RNA5SP227,0.0
RNU2-27P,0.0
Y_RNA,0.0
RNA5SP458,0.0
RNU6-168P,0.0
ENSG00000251999,0.0
RNA5SP303,0.0
RNA5SP154,0.0
RNU7-154P,0.0
RNU4ATAC8P,0.0
RNU6-927P,0.0
SCARNA5,0.0
ENSG00000252011,0.0
RNA5SP521,0.0
RNU4ATAC14P,0.0
SNORA70,0.0
RNU6-904P,0.0
ENSG00000252016,0.0
RNU6-1194P,0.0
RNU2-30P,0.0
RNU6ATAC9P,0.0
ENSG00000252020,0.0
Y_RNA,0.0
SNORD33,0.0
RNU6-581P,0.0
RNU6-982P,0.0
RNU6-1262P,0.0
RNU6ATAC14P,0.0
RN7SKP52,0.0
RNA5SP253,0.0
RNU6-1196P,0.0
RNU6-561P,0.0
RNU6-1281P,0.0
RNU6-311P,0.0
RNY4P37,0.0
RNU6-397P,0.0
RN7SKP288,0.0
RNU6-162P,0.0
RNU6-287P,0.0
ENSG00000252040,0.0
RNA5SP228,0.0
Y_RNA,0.0
ENSG00000252045,0.0
RNU6-150P,0.0
Y_RNA,0.0
ENSG00000252049,0.0
ENSG00000252050,0.0
RN7SKP276,0.0
RNU6-1101P,0.0
RNU7-174P,0.0
RNA5SP464,0.0
RNU6-415P,0.0
RNU6-469P,0.0
RNU6-1041P,0.0
Y_RNA,0.0
RNU6-864P,0.0
RNU2-53P,0.0
RNU4-71P,0.0
RNU6-390P,0.0
Y_RNA,0.0
RNA5SP341,0.0
RNA5SP320,0.0
RNU6-947P,0.0
RNU6-416P,0.0
RN7SKP196,0.0
RNU6-327P,0.0
RNU7-99P,0.0
RNU6-277P,0.0
RNU6-547P,0.0
ENSG00000252083,0.0
RN7SKP12,0.0
RNA5SP76,0.0
RN7SKP248,0.0
RNU4ATAC7P,0.0
RNU6-1146P,0.0
RNA5SP410,0.0
ENSG00000252096,0.0
RNU6-346P,0.0
Y_RNA,0.0
RNU6-758P,0.0
RNU6-917P,0.0
RNU6-191P,0.0
RNU1-143P,0.0
RNY3P15,0.0
RNA5SP220,0.0
RNU6-1232P,0.0
SNORD63,0.0
RNU6-523P,0.0
Y_RNA,0.0
RNU4ATAC4P,0.0
RNU6-1108P,0.0
RNU6ATAC39P,0.0
ENSG00000252119,0.0
RNU6-970P,0.0
ENSG00000252122,0.0
RNU6-1299P,0.0
RNU6-313P,0.0
SNORD27,0.0
SNORA74,0.0
RNU6-1045P,0.0
RNU6-795P,0.0
SNORA70,0.0
RNU1-155P,0.0
ENSG00000252136,0.0
RNU6-1338P,0.0
ENSG00000252138,0.0
ENSG00000252139,0.0
RNU6-65P,0.0
ENSG00000252143,0.0
RNU6-1225P,0.0
RNY3P16,0.0
RNU6-1206P,0.0
RNA5SP315,0.0
RNU6-1265P,0.0
MIR2278,0.0
RNU6-941P,0.0
RNU6-155P,0.0
RNU6-479P,0.0
SNORA72,0.0
RNA5SP318,0.0
RNU6-830P,0.0
RN7SKP31,0.0
RNA5SP282,0.0
RNU1-95P,0.0
RNA5SP287,0.0
RNA5SP200,0.0
ENSG00000252170,0.0
Y_RNA,0.0
RNU6-720P,0.0
RNU6-109P,0.0
RNU7-18P,0.0
RNU7-69P,0.0
RNA5SP255,0.0
RNA5SP413,0.0
RNU6-948P,0.0
RNU2-10P,0.0
RNU6-752P,0.0
RNU6-781P,0.0
ENSG00000252188,0.0
ENSG00000252190,0.0
RNU6-751P,0.0
ENSG00000252192,0.0
ENSG00000252193,0.0
Y_RNA,0.0
SNORA70,0.0
ENSG00000252200,0.0
Y_RNA,0.0
ENSG00000252204,0.0
RNU6-764P,0.0
RNU7-40P,0.0
RNA5SP365,0.0
RNU1-48P,0.0
Y_RNA,0.0
RNA5SP473,0.0
RNU2-58P,0.0
SNORA74D,0.0
RNU6-542P,0.0
Y_RNA,0.0
ENSG00000252218,0.0
MIR892C,0.0
RNU6-977P,0.0
RNU7-13P,0.0
RNU6-1049P,0.0
RNU4ATAC15P,0.0
Y_RNA,0.0
ENSG00000252228,0.0
ENSG00000252230,0.0
RNA5SP67,0.0
RN7SKP253,0.0
ENSG00000252236,0.0
RNU4-54P,0.0
ENSG00000252238,0.0
RNU7-115P,0.0
RNU6-412P,0.0
RNU7-3P,0.0
RNA5SP92,0.0
RNU6-70P,0.0
ENSG00000252249,0.0
Y_RNA,0.0
RNU6-687P,0.0
Y_RNA,0.0
RNU2-35P,0.0
RN7SKP265,0.0
SNORA70,0.0
RNA5SP49,0.0
RNA5SP461,0.0
RNA5SP262,0.0
RNA5SP61,0.0
RNU6-659P,0.0
RNU7-153P,0.0
Y_RNA,0.0
RNA5SP495,0.0
RNA5SP417,0.0
RNU4ATAC12P,0.0
RNU6-1110P,0.0
RNA5SP470,0.0
RNU6-426P,0.0
ENSG00000252274,0.0
RNU7-192P,0.0
SNORD116-30,0.0
RNU6-406P,0.0
RNU6-1089P,0.0
Vault,0.0
SNORA108,0.0
RNA5SP24,0.0
RNU6-966P,0.0
RNA5SP519,0.0
ENSG00000252290,0.0
ENSG00000252291,0.0
RN7SKP238,0.0
RNU6-589P,0.0
ENSG00000252296,0.0
RNU6-875P,0.0
RNA5SP134,0.0
RNA5SP147,0.0
SNORA74,0.0
RNA5SP153,0.0
RNU1-103P,0.0
RN7SKP21,0.0
RNA5SP281,0.0
RNA5SP520,0.0
RNY4,0.0
Y_RNA,0.0
Y_RNA,0.0
RNU6-320P,0.0
RN7SKP83,0.0
RN7SKP244,0.0
RNU6-184P,0.0
RNU6-1038P,0.0
SNORD116-25,0.0
Vault,0.0
ENSG00000252329,0.0
RNU6-911P,0.0
RNU6-964P,0.0
RNU6-1337P,0.0
RNU6-62P,0.0
RNA5SP148,0.0
ENSG00000252337,0.0
RNU6-503P,0.0
RNU6-1061P,0.0
Y_RNA,0.0
RNA5SP164,0.0
RNU2-34P,0.0
RNA5SP121,0.0
RNU6-1046P,0.0
RNU6-1256P,0.0
ENSG00000252349,0.0
RPPH1-3P,0.0
RNU6ATAC12P,0.0
ENSG00000252352,0.0
RNU7-25P,0.0
RN7SKP287,0.0
Y_RNA,0.0
RN7SKP135,0.0
RNU6-118P,0.0
RNU6-506P,0.0
RNU7-43P,0.0
RNA5SP360,0.0
RNA5SP367,0.0
Y_RNA,0.0
RNA5SP43,0.0
RNU7-51P,0.0
RNA5SP438,0.0
RNU6-725P,0.0
RNU6-358P,0.0
Y_RNA,0.0
RNA5SP395,0.0
RNU6-504P,0.0
RNU6-314P,0.0
RNU6-68P,0.0
RNU6-1018P,0.0
RNU5F-4P,0.0
RNU6-638P,0.0
RNU6-1004P,0.0
RNU6-1007P,0.0
RN7SKP195,0.0
RNU5A-4P,0.0
Y_RNA,0.0
RNU6-1291P,0.0
RNU4ATAC6P,0.0
ENSG00000252404,0.0
RNU7-183P,0.0
ENSG00000252408,0.0
ENSG00000252409,0.0
RNU5B-3P,0.0
RNU6-1087P,0.0
Y_RNA,0.0
RNU7-121P,0.0
RNU6-100P,0.0
RNU6-1012P,0.0
RNU6-885P,0.0
RNU7-179P,0.0
Y_RNA,0.0
RNU6-1069P,0.0
RNA5SP476,0.0
RNU6-229P,0.0
RNA5SP384,0.0
ENSG00000252425,0.0
RNU1-107P,0.0
ENSG00000252427,0.0
RNA5SP285,0.0
RNU7-29P,0.0
RNU6-1247P,0.0
ENSG00000252433,0.0
Y_RNA,0.0
RNA5SP459,0.0
ENSG00000252438,0.0
ENSG00000252441,0.0
SNORA62,0.0
RNU6-344P,0.0
RNU6-405P,0.0
SNORA63,0.0
RNU6-139P,0.0
Y_RNA,0.0
RNA5SP168,0.0
RNU6-107P,0.0
MIR2114,0.0
RNA5SP434,0.0
RNU7-65P,0.0
ENSG00000252458,0.0
ENSG00000252459,0.0
RNU6-635P,0.0
ENSG00000252461,0.0
RNU6-113P,0.0
RN7SKP70,0.0
MIR2115,0.0
RNU6-347P,0.0
RNU2-57P,0.0
RNU7-160P,0.0
RNU6-551P,0.0
RNU6-521P,0.0
ENSG00000252473,0.0
RNU6-539P,0.0
RNU6-1332P,0.0
RNA5SP309,0.0
RNU6-719P,0.0
SCARNA13,0.0
RNU7-22P,0.0
RNU6-1178P,0.0
RN7SKP49,0.0
Vault,0.0
Y_RNA,0.0
RNY4P20,0.0
RNU6-197P,0.0
RN7SKP66,0.0
RNU1-142P,0.0
RNU6-126P,0.0
RNA5SP33,0.0
RPPH1-2P,0.0
RNU6-1016P,0.0
RNU6-63P,0.0
RNU4-77P,0.0
RNU6-531P,0.0
SNORA70,0.0
RNU6-180P,0.0
RNU7-81P,0.0
RNU4ATAC3P,0.0
RNA5SP271,0.0
RNA5SP55,0.0
RNA5SP206,0.0
RNU1-128P,0.0
RNU7-53P,0.0
RNU6-1171P,0.0
RNA5SP82,0.0
ENSG00000252517,0.0
RNU6-783P,0.0
RNU5D-2P,0.0
RNU6-267P,0.0
Y_RNA,0.0
SNORA70,0.0
RNU6-965P,0.0
RNU7-193P,0.0
RNU6-572P,0.0
Y_RNA,0.0
RNA5SP254,0.0
ENSG00000252537,0.0
RNA5SP462,0.0
RNU6-919P,0.0
SNORD36C,0.0
RNU6-1282P,0.0
RNU6-362P,0.0
RNA5SP466,0.0
RNU7-149P,0.0
RNU6-759P,0.0
ENSG00000252550,0.0
RNU6-307P,0.0
RNA5SP73,0.0
RNU6-861P,0.0
RNU6-567P,0.0
RNU6-256P,0.0
RNU6-914P,0.0
RNU4-18P,0.0
RNU1-125P,0.0
RNU6-922P,0.0
RNA5SP45,0.0
RNU7-28P,0.0
RNU6-1153P,0.0
RNU5B-6P,0.0
SCARNA20,0.0
RNU6-135P,0.0
ENSG00000252580,0.0
RNU6-1098P,0.0
ENSG00000252582,0.0
MIR514B,0.0
Y_RNA,0.0
RNA5SP422,0.0
RNU7-143P,0.0
RNA5SP468,0.0
RNU6-1224P,0.0
RNU6-656P,0.0
RN7SKP82,0.0
RNU7-137P,0.0
RNA5SP460,0.0
RNU6-566P,0.0
ENSG00000252601,0.0
RNU6ATAC22P,0.0
RNU2-44P,0.0
RNU6-1150P,0.0
Y_RNA,0.0
RNU6-1191P,0.0
RNU6-1121P,0.0
Y_RNA,0.0
RNU6-807P,0.0
Y_RNA,0.0
RNA5SP441,0.0
RNU6-1149P,0.0
RNU6ATAC24P,0.0
Y_RNA,0.0
RNU6-881P,0.0
RNA5SP481,0.0
RNA5SP409,0.0
RNU1-40P,0.0
RNU6-1308P,0.0
RNU6-122P,0.0
RNU6-453P,0.0
RN7SKP282,0.0
RN7SKP219,0.0
RNU2-56P,0.0
RNU6-826P,0.0
RNA5SP268,0.0
RNU2-24P,0.0
ENSG00000252640,0.0
RNU6-678P,0.0
RNA5SP137,0.0
RNU6-1136P,0.0
RNU7-30P,0.0
RNU7-111P,0.0
RNA5SP416,0.0
RNA5SP480,0.0
RNA5SP75,0.0
RNU6-557P,0.0
Y_RNA,0.0
RNA5SP444,0.0
RNU7-6P,0.0
Y_RNA,0.0
RN7SKP88,0.0
SNORA70,0.0
RNU6-786P,0.0
RNU6-1088P,0.0
Y_RNA,0.0
RNU6-782P,0.0
RNA5SP523,0.0
Y_RNA,0.0
RNA5SP421,0.0
RNA5SP102,0.0
ENSG00000252677,0.0
RNA5SP449,0.0
RNU1-97P,0.0
ENSG00000252682,0.0
RNU6ATAC36P,0.0
RNU6-928P,0.0
RNU6-1234P,0.0
RNU6-579P,0.0
ENSG00000252689,0.0
ENSG00000252691,0.0
ENSG00000252692,0.0
ENSG00000252693,0.0
MIR2276,0.0
RNA5SP34,0.0
RN7SKP209,0.0
SNORA21B,0.0
RNU7-110P,0.0
RN7SKP277,0.0
RNU6-175P,0.0
RNU11-2P,0.0
RNU6-295P,0.0
RN7SKP116,0.0
SCARNA14,0.0
RNU6-1198P,0.0
RNA5SP392,0.0
RN7SKP260,0.0
RNU6-352P,0.0
RNU6-612P,0.0
ENSG00000252719,0.0
RNU6-1258P,0.0
RNU6-798P,0.0
ENSG00000252722,0.0
RNU6-677P,0.0
SNORA70,0.0
RNU6-765P,0.0
RNA5SP94,0.0
ENSG00000252727,0.0
RNU6-971P,0.0
RNU6-980P,0.0
RNU6-528P,0.0
RNU7-151P,0.0
Y_RNA,0.0
RNU6-850P,0.0
Y_RNA,0.0
RNA5SP143,0.0
RNU6-273P,0.0
RNA5SP364,0.0
RNU7-116P,0.0
RNU7-70P,0.0
RNU6-143P,0.0
RNU6-210P,0.0
RNU6-703P,0.0
RNU6-577P,0.0
RN7SKP96,0.0
RNU6-445P,0.0
Y_RNA,0.0
RNA5SP54,0.0
Y_RNA,0.0
ENSG00000252762,0.0
RNU2-31P,0.0
RNU6-1092P,0.0
ENSG00000252765,0.0
RNU6-255P,0.0
RNU6-250P,0.0
RNU6-856P,0.0
RNU6-943P,0.0
RNU7-4P,0.0
RNU6-714P,0.0
ENSG00000252774,0.0
RNU4ATAC10P,0.0
ENSG00000252777,0.0
ENSG00000252778,0.0
RNU6-182P,0.0
RNA5SP471,0.0
RNU6-341P,0.0
RNU6-835P,0.0
Y_RNA,0.0
ENSG00000252787,0.0
RN7SKP60,0.0
RNU6-56P,0.0
RNU7-11P,0.0
RN7SKP272,0.0
ENSG00000252798,0.0
ENSG00000252800,0.0
Y_RNA,0.0
RNU6-958P,0.0
RNA5SP420,0.0
RNU6-1006P,0.0
RNU6-345P,0.0
RN7SKP2,0.0
RN7SKP233,0.0
RNU6-410P,0.0
RNA5SP337,0.0
Y_RNA,0.0
RNU6-388P,0.0
Y_RNA,0.0
RNU6-148P,0.0
ENSG00000252824,0.0
RNVU1-23,0.0
RN7SKP11,0.0
RNA5SP135,0.0
RNA5SP533,0.0
RNU6-1212P,0.0
RNA5SP186,0.0
SCARNA21,0.0
RN7SKP99,0.0
RNU6-419P,0.0
ENSG00000252840,0.0
RNA5SP101,0.0
RNU2-46P,0.0
RNA5SP230,0.0
RNU1-117P,0.0
ENSG00000252852,0.0
RN7SKP5,0.0
RNA5SP503,0.0
RNU6-389P,0.0
RNU6-1271P,0.0
RNU6-375P,0.0
RNU6-570P,0.0
RNU6-448P,0.0
RNU6-1183P,0.0
RNA5SP278,0.0
RNA5SP243,0.0
RNU6-909P,0.0
ENSG00000252868,0.0
ENSG00000252870,0.0
RNU7-188P,0.0
Y_RNA,0.0
RNA5SP312,0.0
RN7SKP98,0.0
RNU6-334P,0.0
RNU6-1137P,0.0
RNU6-1213P,0.0
RN7SKP197,0.0
RNU6-430P,0.0
ENSG00000252888,0.0
RNU6-1236P,0.0
RNU6-699P,0.0
Y_RNA,0.0
RNU6-548P,0.0
Y_RNA,0.0
RNU6-685P,0.0
RNU6-1096P,0.0
RNU6-303P,0.0
RNA5SP342,0.0
RNU6-894P,0.0
ENSG00000252904,0.0
RNA5SP330,0.0
SCARNA3,0.0
RNU6-1003P,0.0
RNU6-201P,0.0
RNU6-158P,0.0
RNU6-789P,0.0
Y_RNA,0.0
RNU6-762P,0.0
SNORA74,0.0
Y_RNA,0.0
ENSG00000252920,0.0
RNU6-365P,0.0
ENSG00000252923,0.0
RNA5SP404,0.0
RNU6-64P,0.0
RNU6-218P,0.0
RNU6-1015P,0.0
RNU6-231P,0.0
RNU6-1223P,0.0
RNU7-172P,0.0
RNU6-1220P,0.0
RNA5SP423,0.0
RNU6-1270P,0.0
RNA5SP340,0.0
RNA5SP290,0.0
RNU6-264P,0.0
RNU6-897P,0.0
ENSG00000252945,0.0
SCARNA1,0.0
RNU6-1314P,0.0
RNA5SP490,0.0
RNA5SP165,0.0
RNU6-58P,0.0
RNU6-232P,0.0
RNU4ATAC9P,0.0
RNA5SP40,0.0
RNA5SP402,0.0
RNA5SP170,0.0
RN7SKP258,0.0
RNU6-993P,0.0
RN7SKP147,0.0
RNA5SP400,0.0
Y_RNA,0.0
SNORA70,0.0
RNA5SP159,0.0
RNU6-1057P,0.0
RNU6-1028P,0.0
Y_RNA,0.0
RNA5SP70,0.0
RN7SKP183,0.0
RNU6-165P,0.0
RNU6-367P,0.0
RN7SKP234,0.0
RNU7-35P,0.0
RNU6-844P,0.0
SNORD116,0.0
RNA5SP66,0.0
RNU6-111P,0.0
ENSG00000252989,0.0
RNU1-54P,0.0
RNU6-1073P,0.0
ENSG00000252992,0.0
ENSG00000252993,0.0
RNU6-1231P,0.0
RNU6-667P,0.0
RNU6-1315P,0.0
RNU6-889P,0.0
RNA5SP380,0.0
RNU1-45P,0.0
RN7SKP105,0.0
RNU6-1261P,0.0
RNU6-176P,0.0
RN7SKP283,0.0
SNORA50B,0.0
MIR2355,0.0
RN7SKP256,0.0
ENSG00000253013,0.0
RN7SKP64,0.0
Y_RNA,0.0
RN7SKP35,0.0
RN7SKP40,0.0
RNU6-902P,0.0
RNU6-731P,0.0
RNU7-156P,0.0
RNU6-1238P,0.0
RNU2-12P,0.0
RNU6-464P,0.0
SNORA70,0.0
ENSG00000253028,0.0
MIR2116,0.0
RNA5SP291,0.0
RNU6-299P,0.0
RNU4ATAC5P,0.0
RNU6-706P,0.0
RNA5SP47,0.0
RNA5SP454,0.0
ENSG00000253041,0.0
SNORA70,0.0
RNU7-181P,0.0
ENSG00000253047,0.0
RNU4-60P,0.0
ENSG00000253049,0.0
SNORA31B,0.0
RN7SKP289,0.0
RNU7-77P,0.0
RNA5SP415,0.0
RNU7-128P,0.0
RN7SKP57,0.0
RNA5SP437,0.0
ENSG00000253059,0.0
ENSG00000253060,0.0
RNU6-494P,0.0
RNU6-711P,0.0
ENSG00000253065,0.0
RNU6-709P,0.0
ENSG00000253067,0.0
RNU6-794P,0.0
ENSG00000253072,0.0
RN7SKP295,0.0
RNU6-586P,0.0
RN7SKP92,0.0
RNA5SP169,0.0
RNU6-1116P,0.0
NRON,0.0
RNA5SP373,0.0
RNU4ATAC17P,0.0
RNA5SP106,0.0
RNU6-840P,0.0
ENSG00000253085,0.0
RNU6-537P,0.0
RNU6-1174P,0.0
Y_RNA,0.0
RNU1-104P,0.0
SNORA73,0.0
ENSG00000253092,0.0
RNA5SP179,0.0
SNORD36,0.0
Y_RNA,0.0
RNU2-19P,0.0
RNU7-161P,0.0
RNU2-60P,0.0
ENSG00000253107,0.0
RPL12P22,0.0
RPL7L1P18,0.0
ENSG00000253118,0.0
HNRNPA3P7,0.0
TRAPPC2P2,0.0
ENSG00000253135,0.0
PSMC2P2,0.0
ENSG00000253144,0.0
CIR1P1,0.0
ENSG00000253153,0.0
ENSG00000253155,0.0
H2AZP7,0.0
ENSG00000253160,0.0
ENSG00000253166,0.0
H2AZP2,0.0
ENSG00000253175,0.0
ENSG00000253176,0.0
ENSG00000253178,0.0
CALCP,0.0
ENSG00000253180,0.0
ENSG00000253183,0.0
ENSG00000253186,0.0
ENSG00000253195,0.0
ENSG00000253198,0.0
GUSBP3,0.0
ENSG00000253204,0.0
PSME2P5,0.0
USP12P1,0.0
ENSG00000253216,0.0
KLF3P1,0.0
KRT18P41,0.0
ENSG00000253223,0.0
PGAM5P1,0.0
ENSG00000253225,0.0
HAUS1P3,0.0
NRBF2P4,0.0
HIGD1AP6,0.0
COX6CP8,0.0
ENSG00000253232,0.0
ENSG00000253233,0.0
ENSG00000253237,0.0
MTND1P36,0.0
MTND4P7,0.0
ENSG00000253261,0.0
ENSG00000253262,0.0
ENSG00000253271,0.0
ENSG00000253273,0.0
ENSG00000253283,0.0
ENSG00000253290,0.0
MIOXP1,0.0
UFM1P3,0.0
ENSG00000253312,0.0
TMCC1P1,0.0
ENSG00000253319,0.0
ENSG00000253326,0.0
SUMO2P19,0.0
ENSG00000253330,0.0
RPL7AP80,0.0
ENSG00000253333,0.0
ENSG00000253336,0.0
ENSG00000253340,0.0
PCBP2P2,0.0
ENSG00000253346,0.0
COX6B1P6,0.0
ENSG00000253362,0.0
GUSBP16,0.0
ENSG00000253370,0.0
POU5F1P2,0.0
ENSG00000253383,0.0
ABRAXAS1P2,0.0
ENSG00000253391,0.0
RANP9,0.0
VTA1P2,0.0
ENSG00000253410,0.0
ENSG00000253413,0.0
ENSG00000253415,0.0
SNX18P27,0.0
ZNHIT1P1,0.0
ENSG00000253422,0.0
ENSG00000253423,0.0
HSPA8P13,0.0
ENSG00000253429,0.0
SRPK2P,0.0
RNU6-988P,0.0
CDC42P5,0.0
NDUFA5P2,0.0
HMGB1P19,0.0
ENSG00000253468,0.0
ENSG00000253472,0.0
ENSG00000253480,0.0
ENSG00000253483,0.0
SINHCAFP3,0.0
CDH12P3,0.0
ENSG00000253493,0.0
CYCSP23,0.0
ENSG00000253499,0.0
ATP6V1G1P2,0.0
MTCYBP19,0.0
ENSG00000253512,0.0
HMGB1P41,0.0
XRCC6P4,0.0
ENSG00000253520,0.0
CPP,0.0
ENSG00000253528,0.0
ENSG00000253536,0.0
FAM86HP,0.0
SEPTIN10P1,0.0
SDR16C6P,0.0
ENSG00000253543,0.0
C1GALT1P3,0.0
TUBAP7,0.0
ENSG00000253550,0.0
TARDBPP4,0.0
MTCO1P4,0.0
ENSG00000253558,0.0
ENSG00000253560,0.0
ENSG00000253564,0.0
ENSG00000253568,0.0
VENTXP5,0.0
RNF5P1,0.0
ENSG00000253571,0.0
SUMO2P16,0.0
TRMT10BP1,0.0
DPPA3P9,0.0
ENSG00000253600,0.0
RN7SL260P,0.0
HNRNPA1P38,0.0
AFG3L2P1,0.0
ENSG00000253610,0.0
VN1R46P,0.0
WBP1LP3,0.0
ENSG00000253615,0.0
ENSG00000253617,0.0
ENSG00000253620,0.0
RPSAP74,0.0
ENSG00000253623,0.0
ENSG00000253630,0.0
DPPA3P7,0.0
SUMO2P18,0.0
RPL6P32,0.0
SMARCE1P4,0.0
SOD1P3,0.0
IDI1P2,0.0
JCHAINP1,0.0
ENSG00000253657,0.0
NPM1P52,0.0
ENSG00000253667,0.0
ENSG00000253668,0.0
ENSG00000253670,0.0
TAGLN2P1,0.0
UBE2HP1,0.0
ENSG00000253680,0.0
ENSG00000253683,0.0
BUD31P1,0.0
MTND5P41,0.0
ENSG00000253697,0.0
ENSG00000253707,0.0
SUMO2P20,0.0
ENSG00000253723,0.0
ENSG00000253725,0.0
RNU6-323P,0.0
MARK2P11,0.0
CYP4F44P,0.0
ENSG00000253750,0.0
CARS1P2,0.0
ENSG00000253760,0.0
HMGB1P23,0.0
TPTE2P1,0.0
ENSG00000253772,0.0
ENSG00000253777,0.0
ZNF317P1,0.0
ENSG00000253785,0.0
NARS1P2,0.0
ENSG00000253790,0.0
ENSG00000253793,0.0
MTND1P5,0.0
ENSG00000253800,0.0
ENSG00000253801,0.0
ENSG00000253803,0.0
PSAT1P1,0.0
COX6B1P4,0.0
MRPS36P3,0.0
GUSBP14,0.0
ENSG00000253817,0.0
WBP1LP10,0.0
MTND2P38,0.0
DSTNP3,0.0
ENSG00000253840,0.0
ENSG00000253841,0.0
ENSG00000253843,0.0
ENSG00000253845,0.0
SLC2A3P1,0.0
TMEM97P2,0.0
PIGFP1,0.0
VPS51P16,0.0
ENSG00000253882,0.0
ENSG00000253884,0.0
ARF1P3,0.0
ENSG00000253886,0.0
ENSG00000253897,0.0
ENSG00000253899,0.0
CDH12P4,0.0
ENSG00000253907,0.0
ENSG00000253908,0.0
ENSG00000253912,0.0
MAPRE1P1,0.0
MTCO1P49,0.0
ENSG00000253917,0.0
THAP12P7,0.0
ENSG00000253923,0.0
MRPL49P2,0.0
NATP,0.0
ENSG00000253940,0.0
ENSG00000253942,0.0
KRT18P37,0.0
ENSG00000253945,0.0
RPL21P59,0.0
CCT3P1,0.0
HIGD1AP18,0.0
HMGN1P38,0.0
RPL31P40,0.0
ENSG00000253966,0.0
MTND2P7,0.0
CDC42P3,0.0
ENSG00000253975,0.0
MTCO2P4,0.0
ALG1L13P,0.0
ENSG00000253991,0.0
ENSG00000253993,0.0
NDUFB9P3,0.0
RPL10P18,0.0
ENSG00000253997,0.0
RPL10P8,0.0
MAP2K1P1,0.0
ENSG00000254014,0.0
MTND4LP26,0.0
ALG1L10P,0.0
PKMP4,0.0
BRIX1P1,0.0
ENSG00000254037,0.0
ENSG00000254047,0.0
ENSG00000254051,0.0
ENSG00000254061,0.0
DUXAP2,0.0
ENSG00000254065,0.0
ENSG00000254069,0.0
ENSG00000254070,0.0
ENSG00000254076,0.0
SRSF3P2,0.0
SLC2A3P4,0.0
MTND2P32,0.0
ENSG00000254091,0.0
PPIAP85,0.0
ENSG00000254104,0.0
VENTXP6,0.0
ATP5PFP3,0.0
HMGN1P28,0.0
MTCYBP20,0.0
EEF1A1P37,0.0
ENSG00000254131,0.0
MTND6P3,0.0
ENSG00000254145,0.0
HMGB1P46,0.0
ENSG00000254150,0.0
NIPA2P4,0.0
PPIAP84,0.0
CRYZL2P-SEC16B,0.0
MTND6P20,0.0
ENSG00000254158,0.0
ENSG00000254170,0.0
RNU5A-3P,0.0
SLC25A51P3,0.0
ENSG00000254182,0.0
DNAJC8P3,0.0
MAPK6P5,0.0
ENSG00000254189,0.0
ENSG00000254190,0.0
ENSG00000254193,0.0
TPM3P3,0.0
ENSG00000254198,0.0
RPL7AP33,0.0
ENSG00000254212,0.0
PRXL2AP2,0.0
ENSG00000254216,0.0
BTF3P1,0.0
FAM90A12,0.0
MTCO1P47,0.0
PAICSP4,0.0
ENSG00000254247,0.0
RPL7P20,0.0
NACAP10,0.0
ENSG00000254255,0.0
RPSAP71,0.0
ENSG00000254265,0.0
RFPL4AP7,0.0
ERHP1,0.0
BTF3P3,0.0
ENSG00000254273,0.0
CRIPTOP5,0.0
ENSG00000254283,0.0
KRT8P3,0.0
IMPDH1P6,0.0
MRPL9P1,0.0
ENSG00000254309,0.0
ENSG00000254310,0.0
SNRPCP17,0.0
MRPL57P7,0.0
ENSG00000254313,0.0
ENSG00000254316,0.0
ENSG00000254320,0.0
MIR151A,0.0
ENSG00000254328,0.0
CKS1BP7,0.0
TPM4P3,0.0
CDH12P1,0.0
ENSG00000254336,0.0
SNORD87,0.0
ENSG00000254342,0.0
MTND1P6,0.0
ENSG00000254348,0.0
ARL2BPP5,0.0
C4orf46P3,0.0
CYCSP22,0.0
ENSG00000254373,0.0
SOX5P1,0.0
TUBB8P5,0.0
MTND6P19,0.0
MYL12AP1,0.0
DUTP2,0.0
ENSG00000254392,0.0
ENSG00000254398,0.0
GLYATL1P4,0.0
OR10Y1P,0.0
ENSG00000254406,0.0
PHB1P17,0.0
OR4A1P,0.0
ENSG00000254411,0.0
ENSG00000254412,0.0
ENSG00000254423,0.0
ENSG00000254424,0.0
ENSG00000254425,0.0
OR6M3P,0.0
ENSG00000254436,0.0
COX6A1P4,0.0
EIF2S2P6,0.0
ENSG00000254442,0.0
ENSG00000254447,0.0
SF3A3P2,0.0
RCC2P6,0.0
HIGD1AP10,0.0
OR5D2P,0.0
PPIAP41,0.0
OR4A3P,0.0
THAP12P4,0.0
ENSG00000254471,0.0
OR4A49P,0.0
OR2AT1P,0.0
COX7CP3,0.0
SLC25A1P1,0.0
PTP4A2P2,0.0
ENSG00000254482,0.0
SUGT1P4,0.0
ENSG00000254487,0.0
OR5M7P,0.0
ENSG00000254491,0.0
ENSG00000254492,0.0
CBX3P8,0.0
ENSG00000254498,0.0
RANP3,0.0
FNTAP1,0.0
ENSG00000254503,0.0
KIAA1191P2,0.0
DEFB131E,0.0
ENSG00000254509,0.0
PHB1P2,0.0
TRPC6P5,0.0
ENSG00000254517,0.0
ENSG00000254522,0.0
OR8I4P,0.0
ENPP7P12,0.0
MRGPRX7P,0.0
PLS1P1,0.0
ENSG00000254537,0.0
MRGPRX6P,0.0
HSPD1P2,0.0
PCNAP4,0.0
MRGPRX13P,0.0
ANKRD33BP6,0.0
ENSG00000254555,0.0
ANKRD33BP8,0.0
ENSG00000254564,0.0
MTND2P26,0.0
UBTFL9,0.0
ENSG00000254569,0.0
GLULP3,0.0
OR4C1P,0.0
ENSG00000254579,0.0
VPS51P19,0.0
PSMA2P1,0.0
ENSG00000254583,0.0
EIF4A2P3,0.0
ENSG00000254590,0.0
ENSG00000254591,0.0
OR7E126P,0.0
ENSG00000254595,0.0
ENSG00000254596,0.0
CYCSP26,0.0
OR5M6P,0.0
PLA2G10BP,0.0
DNAJB6P1,0.0
OR6M2P,0.0
ENSG00000254616,0.0
ENSG00000254617,0.0
TMED10P1,0.0
SETP16,0.0
DEFB108E,0.0
OR4R3P,0.0
ENSG00000254629,0.0
STRA6LP,0.0
SMG1P6,0.0
OR4A18P,0.0
COX6CP5,0.0
ENSG00000254644,0.0
OR8B10P,0.0
MTCYBP41,0.0
ENSG00000254655,0.0
OR8J2,0.0
ENSG00000254660,0.0
OR4A11P,0.0
ENSG00000254668,0.0
WEE2P1,0.0
OR4A42P,0.0
OSBPL9P2,0.0
ENSG00000254678,0.0
PKD1P5,0.0
SNRPCP6,0.0
ENSG00000254684,0.0
COPS8P3,0.0
DEFB131C,0.0
ENSG00000254701,0.0
ENSG00000254702,0.0
ENSG00000254704,0.0
MMADHCP2,0.0
ENSG00000254712,0.0
HNRNPA1P72,0.0
OR7E154P,0.0
GLYATL1P2,0.0
ENSG00000254719,0.0
MRGPRX10P,0.0
FAM8A2P,0.0
OR4A12P,0.0
OR7E10P,0.0
ENSG00000254725,0.0
PTP4A1P6,0.0
ANKRD33BP2,0.0
ENSG00000254730,0.0
HMGB1P42,0.0
BRD9P1,0.0
MRGPRX11P,0.0
OR10V3P,0.0
MTND4LP18,0.0
HNRNPCP8,0.0
OR5BD1P,0.0
CASP1P2,0.0
TRIM64DP,0.0
OR5M2P,0.0
ENSG00000254755,0.0
ENSG00000254758,0.0
NAP1L1P1,0.0
TRIM53CP,0.0
ENSG00000254765,0.0
OR2AL1P,0.0
OR4A4P,0.0
OR4D7P,0.0
ENSG00000254771,0.0
PRR23D3P,0.0
EGLN1P1,0.0
ENSG00000254780,0.0
GVINP2,0.0
ENSG00000254783,0.0
DNAAF11P1,0.0
ENSG00000254785,0.0
ENSG00000254786,0.0
ENSG00000254792,0.0
FDPSP4,0.0
ENSG00000254794,0.0
OR5AP1P,0.0
VPS51P15,0.0
TFAMP2,0.0
SLC25A47P1,0.0
ENSG00000254800,0.0
ENSG00000254801,0.0
ENSG00000254803,0.0
SNRPCP14,0.0
OR10AK1P,0.0
ENSG00000254811,0.0
ENSG00000254816,0.0
ENSG00000254817,0.0
ENSG00000254818,0.0
ENSG00000254824,0.0
OR9G2P,0.0
ENSG00000254828,0.0
KRT18P58,0.0
OR4A40P,0.0
GVINP1,0.0
ENSG00000254840,0.0
OR4V1P,0.0
XIAPP2,0.0
OR5BN1P,0.0
ENSG00000254850,0.0
ENSG00000254851,0.0
ENSG00000254853,0.0
NDUFA3P2,0.0
MRGPRX12P,0.0
DEFB109D,0.0
ENSG00000254867,0.0
FBLIM1P2,0.0
SUGT1P4-STRA6LP,0.0
ENSG00000254877,0.0
ENSG00000254883,0.0
PRR13P2,0.0
ENSG00000254888,0.0
VPS51P9,0.0
ENSG00000254890,0.0
OR4A9P,0.0
ENSG00000254892,0.0
MTCO3P15,0.0
ENSG00000254897,0.0
OR8L1P,0.0
ENSG00000254909,0.0
MPHOSPH10P2,0.0
ENSG00000254914,0.0
ENSG00000254915,0.0
ANKRD33BP10,0.0
OR7E15P,0.0
ENSG00000254920,0.0
ENSG00000254923,0.0
ENSG00000254924,0.0
OR4C9P,0.0
ENSG00000254926,0.0
ENSG00000254929,0.0
MTATP6P15,0.0
ENSG00000254935,0.0
ENSG00000254937,0.0
ENSG00000254939,0.0
OR4A19P,0.0
ENSG00000254941,0.0
ATP5PBP5,0.0
OR8K4P,0.0
OR7E158P,0.0
GNG5P3,0.0
ENSG00000254953,0.0
SLC2A13P1,0.0
ENSG00000254957,0.0
TUBB4BP4,0.0
C1DP5,0.0
ENSG00000254974,0.0
OR8B7P,0.0
ALG1L9P,0.0
FTLP6,0.0
ENSG00000254992,0.0
TRIM77BP,0.0
ENSG00000255000,0.0
ENSG00000255001,0.0
CYCSP28,0.0
ELOCP22,0.0
COX5BP4,0.0
ENSG00000255011,0.0
ARL6IP1P3,0.0
VPS51P12,0.0
ENSG00000255018,0.0
OR5D15P,0.0
ENSG00000255022,0.0
VPS51P8,0.0
OR8B5P,0.0
SERPINA15P,0.0
SDHCP4,0.0
SUGT1P4-STRA6LP-CCDC180,0.0
PLA2G10EP,0.0
MORF4L1P3,0.0
SEPTIN7P11,0.0
HNRNPRP2,0.0
OR8X1P,0.0
BCAS2P1,0.0
OR4A44P,0.0
MTND1P35,0.0
ENSG00000255057,0.0
PDCL2P2,0.0
PPIAP43,0.0
RBMXP3,0.0
ENSG00000255065,0.0
OSBPL9P3,0.0
ENSG00000255074,0.0
CENPUP1,0.0
OR4X7P,0.0
OR4A6P,0.0
OR5AK1P,0.0
ENSG00000255085,0.0
ENSG00000255086,0.0
ENSG00000255088,0.0
OR1D4,0.0
OR5B10P,0.0
ENSG00000255099,0.0
PTMAP15,0.0
RPL7AP79,0.0
ENSG00000255107,0.0
ENSG00000255110,0.0
ANKRD33BP5,0.0
OR4A48P,0.0
ENSG00000255115,0.0
SLC5A4P1,0.0
ENSG00000255122,0.0
MTND5P21,0.0
EEF1A1P49,0.0
HSPD1P3,0.0
OR9L1P,0.0
OR8K2P,0.0
GLTPP1,0.0
OR5BN2P,0.0
HNRNPA1P76,0.0
ENSG00000255144,0.0
EVA1CP4,0.0
ENSG00000255149,0.0
ENSG00000255155,0.0
RNY1P9,0.0
DEFB130C,0.0
SPICP1,0.0
ANKRD33BP7,0.0
HSPE1P18,0.0
ENSG00000255166,0.0
ENSG00000255170,0.0
OR5AM1P,0.0
ENSG00000255174,0.0
ENSG00000255184,0.0
PDXDC2P,0.0
ENSG00000255188,0.0
GLYATL1P1,0.0
TRIM51DP,0.0
OR4A17P,0.0
GTF2IP11,0.0
PGAM1P8,0.0
OR7E2P,0.0
ENSG00000255204,0.0
MED28P5,0.0
ENSG00000255207,0.0
ENSG00000255210,0.0
ENSG00000255211,0.0
NPM1P35,0.0
ENSG00000255214,0.0
OR4R1P,0.0
OR5J7P,0.0
OR5BC1P,0.0
DDX18P5,0.0
SETP17,0.0
OR8B6P,0.0
VPS51P17,0.0
MRPS36P4,0.0
ENSG00000255232,0.0
ENSG00000255235,0.0
RFPL4AP1,0.0
TREHP1,0.0
ENSG00000255253,0.0
HIGD1AP5,0.0
PPP1R1AP1,0.0
ZNF123P,0.0
OR7E4P,0.0
ELOBP2,0.0
TMA16P1,0.0
ENSG00000255266,0.0
ENSG00000255268,0.0
VPS51P14,0.0
ABCC6P2,0.0
ENSG00000255280,0.0
ENSG00000255281,0.0
WTAPP1,0.0
ENSG00000255283,0.0
ENSG00000255285,0.0
ENSG00000255286,0.0
SNRPGP16,0.0
ENSG00000255288,0.0
HMGB1P40,0.0
WIZP1,0.0
OR4A50P,0.0
H3P34,0.0
ENSG00000255296,0.0
OR4A41P,0.0
OR5BA1P,0.0
OR4A46P,0.0
ANKRD33BP9,0.0
ENSG00000255309,0.0
OR4C7P,0.0
OR8A3P,0.0
MTND6P25,0.0
ENPP7P8,0.0
H2AZP4,0.0
ENSG00000255331,0.0
ENSG00000255333,0.0
ENSG00000255336,0.0
ENSG00000255338,0.0
OR8Q1P,0.0
ENSG00000255342,0.0
ENSG00000255347,0.0
OR4A7P,0.0
MTCO1P15,0.0
PPP1R10P1,0.0
ASS1P13,0.0
ENSG00000255356,0.0
NDUFAF2P2,0.0
ENSG00000255360,0.0
RPL7L1P17,0.0
ENSG00000255365,0.0
ENSG00000255368,0.0
ENSG00000255369,0.0
CYCSP25,0.0
AKTIPP3,0.0
DUXAP5,0.0
CYCSP29,0.0
ENSG00000255380,0.0
ENSG00000255381,0.0
UBTFL10,0.0
OR5BR1P,0.0
RDXP1,0.0
ENSG00000255391,0.0
ENSG00000255396,0.0
NASPP1,0.0
ENSG00000255401,0.0
HSPD1P13,0.0
ENSG00000255413,0.0
VPS51P11,0.0
OR10AF1P,0.0
MTCO2P15,0.0
MRGPRX9P,0.0
OR8G3P,0.0
CASP1P1,0.0
OR5B19P,0.0
ENSG00000255437,0.0
ENSG00000255442,0.0
CYCSP27,0.0
ENSG00000255445,0.0
ENSG00000255448,0.0
EEF1A1P47,0.0
ENSG00000255452,0.0
ENSG00000255454,0.0
ENSG00000255457,0.0
ENSG00000255459,0.0
ZDHHC20P3,0.0
OR8I1P,0.0
ENSG00000255463,0.0
SEPTIN14P8,0.0
OR5AL2P,0.0
BOLA3P1,0.0
OR56A7P,0.0
METTL5P4,0.0
OR5G4P,0.0
ENSG00000255486,0.0
ENSG00000255489,0.0
EIF4A2P5,0.0
H3P33,0.0
OR4A10P,0.0
ENSG00000255497,0.0
ENSG00000255499,0.0
ENSG00000255500,0.0
MTMR12P1,0.0
ENSG00000255505,0.0
OR8A2P,0.0
ENSG00000255511,0.0
ENSG00000255513,0.0
OR4B2P,0.0
ENSG00000255515,0.0
ENSG00000255519,0.0
SNRPCP5,0.0
ENSG00000255527,0.0
ENSG00000255530,0.0
NDUFS5P6,0.0
NOX4P1,0.0
ENSG00000255533,0.0
OR4A43P,0.0
ENSG00000255535,0.0
MRGPRX5P,0.0
OR10V2P,0.0
ENSG00000255540,0.0
CKS1BP4,0.0
ENSG00000255543,0.0
DEFB108D,0.0
RPA2P3,0.0
ENPP7P6,0.0
ENSG00000255550,0.0
ENSG00000255551,0.0
OR7E1P,0.0
ENSG00000255556,0.0
OR4R2P,0.0
UNC93B6,0.0
ENSG00000255563,0.0
ENSG00000255566,0.0
ENSG00000255575,0.0
ENSG00000255581,0.0
ENSG00000255583,0.0
ENSG00000255585,0.0
PCDHB17P,0.0
C10orf88B,0.0
ENSG00000255627,0.0
PABPC1P4,0.0
ENSG00000255653,0.0
ARL6IP1P1,0.0
APOOP3,0.0
ENSG00000255703,0.0
ENSG00000255704,0.0
ISG20L2P2,0.0
ENSG00000255723,0.0
TDGP1,0.0
ENSG00000255726,0.0
HNRNPABP1,0.0
GNAI2P1,0.0
ENSG00000255753,0.0
ENSG00000255757,0.0
MRPS18CP4,0.0
GOLGA2P10,0.0
VDAC2P2,0.0
ENSG00000255780,0.0
ENSG00000255786,0.0
PTP4A1P2,0.0
KRT8P11,0.0
ENSG00000255830,0.0
ENSG00000255836,0.0
AK3P6,0.0
Metazoa_SRP,0.0
ENSG00000255853,0.0
ENSG00000255860,0.0
ENSG00000255870,0.0
PABPN1P2,0.0
FUNDC2P1,0.0
ENSG00000255885,0.0
NDFIP1P1,0.0
ENSG00000255899,0.0
ENSG00000255900,0.0
RPL12P46,0.0
PDCD5P1,0.0
ENSG00000255919,0.0
ENSG00000255923,0.0
IFT57P1,0.0
ENSG00000255960,0.0
HSPD1P12,0.0
ENSG00000255965,0.0
HADHAP2,0.0
ENSG00000255972,0.0
ENSG00000255973,0.0
RAB11AP2,0.0
ENSG00000255977,0.0
NXPE2P1,0.0
MT1JP,0.0
TOMM20P2,0.0
TUBB4BP1,0.0
RPL7AP74,0.0
PSMC1P9,0.0
ENSG00000255995,0.0
ENSG00000255996,0.0
ENSG00000256004,0.0
TAS2R63P,0.0
ELOCP31,0.0
ENSG00000256028,0.0
CBX3P4,0.0
ENSG00000256035,0.0
MRPL40P1,0.0
PTTG1P2,0.0
ENSG00000256044,0.0
C12orf71BP,0.0
A2MP1,0.0
ENSG00000256070,0.0
ENSG00000256075,0.0
FAM133GP,0.0
ENSG00000256081,0.0
MTRF1LP1,0.0
ENSG00000256093,0.0
ENSG00000256098,0.0
ATP5MFP5,0.0
ENSG00000256108,0.0
FAM32EP,0.0
EGLN3P1,0.0
VPS51P3,0.0
ZKSCAN7P1,0.0
ENSG00000256148,0.0
ENSG00000256157,0.0
ENSG00000256159,0.0
ATF4P4,0.0
GCSHP4,0.0
ENSG00000256176,0.0
ENSG00000256181,0.0
DPPA4P3,0.0
OOEPP2,0.0
TMEM167AP2,0.0
SKP1P2,0.0
ENSG00000256220,0.0
ENSG00000256221,0.0
SUPT16HP1,0.0
RPL7AP3,0.0
ENSG00000256254,0.0
DDX11L8,0.0
TAS2R64P,0.0
ATP5MGP1,0.0
MTCH1P2,0.0
METTL8P1,0.0
OSBPL9P5,0.0
ATP6V1E1P3,0.0
NDUFA5P6,0.0
NIFKP3,0.0
RPL41P2,0.0
ABCC6P1,0.0
ENSG00000256346,0.0
OR8R1P,0.0
ENSG00000256350,0.0
RBISP3,0.0
ENSG00000256353,0.0
NTAN1P3,0.0
HSPA8P5,0.0
RPL31P57,0.0
ENSG00000256361,0.0
LRRC34P1,0.0
ENSG00000256372,0.0
ENSG00000256378,0.0
UBE2NP1,0.0
RPL41P5,0.0
ENSG00000256399,0.0
ENSG00000256400,0.0
OSBPL9P4,0.0
DNAJB6P5,0.0
ENSG00000256450,0.0
YWHABP2,0.0
ENSG00000256465,0.0
ENSG00000256480,0.0
ENSG00000256496,0.0
ENSG00000256502,0.0
FOLR1P1,0.0
ENSG00000256533,0.0
ENSG00000256552,0.0
ENSG00000256557,0.0
NANOGNBP2,0.0
NLRP9P1,0.0
ENPP7P5,0.0
ENSG00000256594,0.0
CYP2B7P,0.0
AK6P1,0.0
ADGRA3P1,0.0
ENSG00000256625,0.0
ENSG00000256626,0.0
ENSG00000256627,0.0
ENSG00000256630,0.0
ENSG00000256640,0.0
ENSG00000256651,0.0
ENSG00000256657,0.0
ENSG00000256663,0.0
ENSG00000256664,0.0
KLRA1P,0.0
ENSG00000256673,0.0
ENSG00000256674,0.0
SZRD1P1,0.0
MIX23P5,0.0
TAS2R12P,0.0
ENTR1P1,0.0
ENSG00000256708,0.0
CSGALNACT2P2,0.0
BTG1P1,0.0
ENSG00000256723,0.0
ENSG00000256734,0.0
RBBP4P5,0.0
ARPC3P3,0.0
ENSG00000256748,0.0
HPRT1P3,0.0
TIMM17BP1,0.0
ENSG00000256774,0.0
PDCL3P7,0.0
SRSF8BP,0.0
ENSG00000256799,0.0
ENSG00000256804,0.0
TPT1P12,0.0
ATP5MFP4,0.0
ENSG00000256827,0.0
ENSG00000256835,0.0
ENSG00000256843,0.0
BORCS8P1,0.0
CCND2P1,0.0
TCP1P3,0.0
ENSG00000256851,0.0
KNOP1P1,0.0
PSMC1P8,0.0
ARPC3P4,0.0
IQSEC3P1,0.0
GCNAP1,0.0
ENSG00000256913,0.0
ENSG00000256917,0.0
KRT17P8,0.0
ENSG00000256951,0.0
PPDPFP2,0.0
SNRPEP2,0.0
ENSG00000256975,0.0
TAS2R18P,0.0
ENSG00000256986,0.0
ENSG00000256987,0.0
ENSG00000257005,0.0
ENSG00000257012,0.0
SLC25A39P2,0.0
HSPE1P20,0.0
ENSG00000257035,0.0
RARS1P1,0.0
SRSF3P1,0.0
KCNK4-CATSPERZ,0.0
ENSG00000257070,0.0
RPL29P33,0.0
RPEP6,0.0
ENSG00000257078,0.0
ENSG00000257087,0.0
ENSG00000257094,0.0
LRRC37A13P,0.0
OR4F28P,0.0
ENSG00000257113,0.0
EEF1B2P4,0.0
ENSG00000257121,0.0
RRN3P3,0.0
KRT127P,0.0
ENSG00000257128,0.0
ENSG00000257129,0.0
ENSG00000257142,0.0
ENSG00000257146,0.0
PGAM1P5,0.0
ENSG00000257157,0.0
ENSG00000257159,0.0
MED15P6,0.0
ENSG00000257169,0.0
ENSG00000257171,0.0
AK6P2,0.0
ENSG00000257175,0.0
HMGN2P6,0.0
HNRNPA1P50,0.0
SPATA31F2P,0.0
ENSG00000257199,0.0
NACAP8,0.0
PRXL2AP1,0.0
ENSG00000257224,0.0
DYNLL1P4,0.0
ENSG00000257237,0.0
PARK7P1,0.0
PHB1P19,0.0
ENSG00000257254,0.0
ZNF271P,0.0
ENSG00000257281,0.0
H3P35,0.0
ENSG00000257288,0.0
ENSG00000257289,0.0
ENSG00000257292,0.0
ENSG00000257296,0.0
HAUS8P1,0.0
FAHD2P1,0.0
ENSG00000257307,0.0
ENSG00000257308,0.0
ASS1P14,0.0
ENSG00000257323,0.0
RACGAP1P1,0.0
HNRNPA1P69,0.0
PRELID2P1,0.0
ENSG00000257343,0.0
ENSG00000257350,0.0
BNIP3P6,0.0
ENSG00000257360,0.0
VENTXP3,0.0
MESDP1,0.0
ENSG00000257376,0.0
ENSG00000257379,0.0
MIR3179-2,0.0
ENSG00000257384,0.0
ENSG00000257389,0.0
ENSG00000257392,0.0
KRT126P,0.0
ENSG00000257403,0.0
ENSG00000257404,0.0
ENSG00000257405,0.0
ABCA3P1,0.0
OR6C73P,0.0
ENSG00000257415,0.0
ENSG00000257426,0.0
ENSG00000257432,0.0
SETP7,0.0
ENSG00000257464,0.0
ELOCP32,0.0
MRPL2P1,0.0
ENSG00000257489,0.0
ENSG00000257493,0.0
PAFAH1B2P2,0.0
CYB5AP5,0.0
PLA2G10HP,0.0
ENSG00000257511,0.0
ENSG00000257512,0.0
NPIPB1P,0.0
SFTA3,0.0
KRT8P19,0.0
ENSG00000257531,0.0
HSPA8P14,0.0
OR7E47P,0.0
ENSG00000257558,0.0
ENSG00000257564,0.0
GSTP1P1,0.0
ENSG00000257570,0.0
SSBL3P,0.0
HSPD1P4,0.0
ENSG00000257580,0.0
ENSG00000257586,0.0
ENSG00000257604,0.0
ENSG00000257609,0.0
ENSG00000257611,0.0
ENSG00000257616,0.0
ENSG00000257622,0.0
ENSG00000257624,0.0
ENSG00000257629,0.0
ENSG00000257635,0.0
ENSG00000257639,0.0
ENSG00000257643,0.0
ENSG00000257644,0.0
ENSG00000257645,0.0
CYCSP30,0.0
TMT1AP1,0.0
ENSG00000257658,0.0
EIF4A1P12,0.0
RSL24D1P5,0.0
CBX3P5,0.0
ENSG00000257668,0.0
ENSG00000257672,0.0
ENSG00000257674,0.0
BTBD10P1,0.0
ENSG00000257680,0.0
ENSG00000257687,0.0
ENSG00000257691,0.0
ILF2P2,0.0
ENSG00000257721,0.0
CHCHD3P2,0.0
LSM6P2,0.0
SSBP3P4,0.0
ENSG00000257738,0.0
ENSG00000257751,0.0
ENSG00000257752,0.0
OR6C7P,0.0
KRT18P20,0.0
OR5BK1P,0.0
ST13P3,0.0
ENSG00000257777,0.0
ENSG00000257779,0.0
GLYCAM1,0.0
AKIRIN1P1,0.0
EIF4A1P4,0.0
OR5BJ1P,0.0
FNBP1P1,0.0
MRS2P2,0.0
PIGAP1,0.0
STBD1P1,0.0
ENSG00000257813,0.0
C1GALT1P1,0.0
MRPS6P4,0.0
ENSG00000257823,0.0
ENSG00000257825,0.0
OTOAP1,0.0
KRT90P,0.0
SSBP3P5,0.0
LSM3P2,0.0
ENSG00000257848,0.0
HNRNPA3P10,0.0
ENSG00000257852,0.0
MED15P1,0.0
ENSG00000257855,0.0
MTND1P24,0.0
ENSG00000257864,0.0
ENSG00000257865,0.0
ENSG00000257872,0.0
ENSG00000257875,0.0
ENSG00000257884,0.0
PHB1P18,0.0
ENSG00000257896,0.0
ENSG00000257897,0.0
ENSG00000257905,0.0
EEF1A1P17,0.0
GLULP5,0.0
MRPS36P5,0.0
DENRP2,0.0
ENSG00000257943,0.0
ENSG00000257951,0.0
ENSG00000257954,0.0
NOP56P3,0.0
QRSL1P3,0.0
OLA1P3,0.0
ENSG00000257976,0.0
SNRPGP18,0.0
ENSG00000257991,0.0
ENSG00000257994,0.0
ENSG00000257998,0.0
HMGA1P3,0.0
ENSG00000258012,0.0
RPL3P13,0.0
HIGD1AP1,0.0
ENSG00000258021,0.0
OR5BT1P,0.0
NF1P4,0.0
SNX5P2,0.0
KRT125P,0.0
Metazoa_SRP,0.0
ENSG00000258051,0.0
ENSG00000258065,0.0
ARL2BPP2,0.0
ENSG00000258072,0.0
ENSG00000258073,0.0
VTI1BP3,0.0
ENSG00000258076,0.0
ARHGAP42P4,0.0
ENSG00000258090,0.0
ENSG00000258091,0.0
HIGD1AP9,0.0
ENSG00000258111,0.0
CCNG2P1,0.0
PPIAP45,0.0
PPIAP44,0.0
KRT128P,0.0
MKRN9P,0.0
ENSG00000258133,0.0
ENSG00000258134,0.0
ENSG00000258142,0.0
ENSG00000258148,0.0
HSPE1P4,0.0
ENSG00000258154,0.0
IMMP1LP2,0.0
ENSG00000258173,0.0
ENSG00000258179,0.0
ENSG00000258184,0.0
SLC7A5P2,0.0
ENSG00000258193,0.0
ENSG00000258202,0.0
ENSG00000258204,0.0
ENSG00000258205,0.0
ENSG00000258206,0.0
ENSG00000258210,0.0
ZNF75BP,0.0
ENSG00000258215,0.0
ENSG00000258224,0.0
ENSG00000258230,0.0
ARHGAP42P5,0.0
MTND2P17,0.0
OSTF1P1,0.0
RPL10P13,0.0
YPEL5P3,0.0
MTCH2P2,0.0
ENSG00000258271,0.0
ENSG00000258273,0.0
OR7K1P,0.0
CLUHP8,0.0
BTF3P2,0.0
POLR2KP1,0.0
NENFP2,0.0
BRWD1P2,0.0
NUTF2P2,0.0
ENSG00000258304,0.0
KLF17P1,0.0
ENSG00000258320,0.0
ENSG00000258324,0.0
DUX4L52,0.0
SYF2P1,0.0
IFITM3P6,0.0
NSA2P2,0.0
ENSG00000258358,0.0
PCNPP1,0.0
NF1P12,0.0
ENSG00000258367,0.0
ZNF970P,0.0
ADI1P3,0.0
SLC25A3P2,0.0
ENSG00000258375,0.0
ENSG00000258381,0.0
ENSG00000258385,0.0
ENSG00000258387,0.0
RPA2P1,0.0
BCAR1P1,0.0
ATP5MC2P2,0.0
TUBBP3,0.0
NT5CP2,0.0
ENSG00000258411,0.0
LONRF2P4,0.0
LONRF2P3,0.0
FXNP1,0.0
OR7E105P,0.0
RMB8AP1,0.0
TMEM183AP4,0.0
OR11K2P,0.0
ENSG00000258439,0.0
ENSG00000258440,0.0
MAD2L1P1,0.0
ENSG00000258446,0.0
ENSG00000258448,0.0
HMGN2P2,0.0
PTCD2P1,0.0
ENSG00000258462,0.0
ENSG00000258463,0.0
PHKBP2,0.0
OR11G1P,0.0
CHMP4BP1,0.0
PPIAP6,0.0
SRMP2,0.0
ENSG00000258488,0.0
ZFP64P1,0.0
ENSG00000258493,0.0
OR11J5P,0.0
ENSG00000258500,0.0
EIF3LP1,0.0
ENSG00000258503,0.0
ENSG00000258505,0.0
ENSG00000258506,0.0
ENSG00000258509,0.0
ENSG00000258510,0.0
ENSG00000258513,0.0
ENSG00000258519,0.0
NT5CP1,0.0
ASB9P1,0.0
BANF1P1,0.0
FKBP1BP1,0.0
ENSG00000258540,0.0
OR4K4P,0.0
ENSG00000258542,0.0
GLRXP2,0.0
CENPUP2,0.0
ENSG00000258549,0.0
OR7E106P,0.0
FAM204DP,0.0
ENSG00000258557,0.0
FTLP20,0.0
PSMA3P1,0.0
OR4N1P,0.0
BLZF2P,0.0
H1-8P2,0.0
DUX4L16,0.0
RHOQP1,0.0
H3P40,0.0
PTTG1P1,0.0
SNRPGP1,0.0
ENSG00000258578,0.0
ENSG00000258581,0.0
ZNF519P3,0.0
METTL5P1,0.0
NBEAP1,0.0
PPIAP4,0.0
CYB5AP3,0.0
SERPINA2,0.0
ENSG00000258599,0.0
DYNLL1P2,0.0
DNAJC19P9,0.0
YBX2P2,0.0
RPL21P7,0.0
ENSG00000258615,0.0
RPL21P9,0.0
ENSG00000258619,0.0
ENSG00000258622,0.0
SERPINE4P,0.0
OR11H5P,0.0
COX7A2P1,0.0
ENSG00000258627,0.0
RHPN2P1,0.0
NCOA4P1,0.0
ENSG00000258632,0.0
ENSG00000258638,0.0
ENSG00000258639,0.0
RPL21P5,0.0
OR4T1P,0.0
HSPE1P2,0.0
UBE2CP1,0.0
HSBP1P1,0.0
ENSG00000258656,0.0
ENSG00000258665,0.0
COX6CP11,0.0
ENSG00000258671,0.0
ENSG00000258679,0.0
ENSG00000258680,0.0
ENSG00000258681,0.0
BMS1P16,0.0
AKR1B1P5,0.0
SALL4P7,0.0
SRP54-AS1,0.0
ENSG00000258705,0.0
SLC20A1P3,0.0
ENSG00000258707,0.0
CXADRP2,0.0
OR11H3P,0.0
CKAP2P1,0.0
DUXAP6,0.0
ENSG00000258732,0.0
ENSG00000258734,0.0
SUB1P2,0.0
ENO1P2,0.0
H2AZ2P1,0.0
ENSG00000258746,0.0
ENSG00000258750,0.0
ENSG00000258758,0.0
ENSG00000258759,0.0
MTND4P33,0.0
ENSG00000258764,0.0
ENSG00000258767,0.0
RAP1AP,0.0
BCAR1P2,0.0
NANOGP7,0.0
EIF2S2P1,0.0
BMS1P15,0.0
CDRT15P13,0.0
ENSG00000258782,0.0
KRT18P6,0.0
SEPHS1P2,0.0
CKS1BP1,0.0
DUX4L27,0.0
ENSG00000258796,0.0
MPHOSPH10P4,0.0
ZNF519P2,0.0
ENSG00000258802,0.0
ADIPOR1P2,0.0
OR11H7,0.0
ENSG00000258816,0.0
OR4K16P,0.0
ENSG00000258823,0.0
KRT8P2,0.0
DUX4L4,0.0
ENSG00000258836,0.0
EEF1A1P2,0.0
EEF1A1P33,0.0
GRAMD4P6,0.0
OR7E159P,0.0
OR11J2P,0.0
ENSG00000258856,0.0
SETP1,0.0
EIF4EBP1P1,0.0
FDPSP3,0.0
ATP5F1AP4,0.0
ENSG00000258878,0.0
NBEAP4,0.0
HIGD1AP17,0.0
ENSG00000258887,0.0
ENSG00000258892,0.0
SETP2,0.0
ARHGAP16P,0.0
ENSG00000258895,0.0
SCOCP1,0.0
OR4U1P,0.0
HNRNPCP1,0.0
ENSG00000258901,0.0
ENSG00000258906,0.0
PSMB3P1,0.0
GPRASP3P1,0.0
SPATA31E2P,0.0
ZMYND19P1,0.0
MTND5P35,0.0
ENSG00000258924,0.0
NPM1P5,0.0
ENSG00000258930,0.0
MIR3171HG,0.0
YWHAQP1,0.0
KRT8P1,0.0
KRT18P7,0.0
COX4I1P1,0.0
FTH1P13,0.0
ENSG00000258962,0.0
EDDM3DP,0.0
ENSG00000258964,0.0
ENSG00000258965,0.0
GTF3AP2,0.0
HMGN1P3,0.0
ENSG00000258968,0.0
ENSG00000258971,0.0
NDUFB8P1,0.0
HIF1AP1,0.0
EIF1AXP2,0.0
COX5AP2,0.0
SF3B4P1,0.0
MPPE1P1,0.0
DUX4L19,0.0
ENSG00000258993,0.0
PARP1P2,0.0
PPIAP5,0.0
NF1P2,0.0
DOCK11P1,0.0
TPRX2,0.0
NUP50P1,0.0
MTCYBP27,0.0
ENSG00000259013,0.0
ENSG00000259015,0.0
ENSG00000259016,0.0
EIF4BP1,0.0
ENSG00000259020,0.0
TPRX1P1,0.0
DNAJC8P1,0.0
ENSG00000259025,0.0
DUX4L18,0.0
ENSAP2,0.0
BRD7P1,0.0
MTCO1P2,0.0
RRAGAP1,0.0
ENSG00000259047,0.0
CHORDC2P,0.0
HNRNPUP1,0.0
ENSG00000259053,0.0
DUXAP1,0.0
THRAP3P2,0.0
PEBP1P1,0.0
ENSG00000259064,0.0
PSMB7P1,0.0
PTBP1P,0.0
ENSG00000259079,0.0
ENSG00000259080,0.0
ENSG00000259084,0.0
KIAA1143P1,0.0
GRAMD4P5,0.0
SEPTIN7P1,0.0
GTF2IP22,0.0
SHLD2P2,0.0
ENSG00000259098,0.0
ENSG00000259099,0.0
COILP1,0.0
SMARCE1P3,0.0
RPS3AP4,0.0
ENSG00000259109,0.0
ENSG00000259117,0.0
ENSG00000259121,0.0
TVP23BP1,0.0
ENSG00000259136,0.0
ENSG00000259137,0.0
ENSG00000259140,0.0
RANBP20P,0.0
YWHAZP1,0.0
CAP2P1,0.0
DUX4L17,0.0
STK16P1,0.0
CHEK2P2,0.0
ENSG00000259157,0.0
ENSG00000259160,0.0
NPM1P20,0.0
ENSG00000259162,0.0
DDX18P1,0.0
NMNAT1P1,0.0
GNRHR2P1,0.0
ENSG00000259173,0.0
UBE2CP4,0.0
MED28P6,0.0
MRPS15P1,0.0
ENSG00000259191,0.0
ENSG00000259192,0.0
ENSG00000259195,0.0
PRKXP1,0.0
RPL7L1P15,0.0
ENSG00000259214,0.0
ENSG00000259216,0.0
ENSG00000259217,0.0
ENSG00000259227,0.0
HNRNPA1P62,0.0
ENSG00000259229,0.0
ENSG00000259231,0.0
ENSG00000259232,0.0
GOLGA8VP,0.0
ENSG00000259239,0.0
HMGN2P47,0.0
TTTY25P,0.0
ENSG00000259257,0.0
ENSG00000259258,0.0
NPM1P42,0.0
NDUFA3P4,0.0
ENSG00000259266,0.0
ENSG00000259270,0.0
ANKRD62P1,0.0
ENSG00000259273,0.0
ENSG00000259286,0.0
CSPG4P12,0.0
ENSG00000259299,0.0
TUBBP8,0.0
ENSG00000259301,0.0
ENSG00000259302,0.0
ENSG00000259304,0.0
FABP5P8,0.0
ACTG1P17,0.0
ENSG00000259317,0.0
HMGN1P1,0.0
OR11K1BP,0.0
ENSG00000259333,0.0
HNRNPMP1,0.0
H3P39,0.0
TGIF1P1,0.0
ENSG00000259340,0.0
ENSG00000259346,0.0
ENSG00000259350,0.0
DEPDC1P1,0.0
ENSG00000259369,0.0
NDUFB4P11,0.0
DCAF13P3,0.0
MTND5P32,0.0
ENSG00000259381,0.0
ENSG00000259388,0.0
H3P38,0.0
ENSG00000259392,0.0
ENSG00000259393,0.0
ENSG00000259394,0.0
ENSG00000259397,0.0
EFL1P1,0.0
ISCA1P4,0.0
HNRNPA1P45,0.0
ENSG00000259413,0.0
ENSG00000259414,0.0
HNRNPCP3,0.0
ENSG00000259421,0.0
ENSG00000259425,0.0
DPPA5P2,0.0
HMGB3P26,0.0
UBE2Q2P2,0.0
ENSG00000259433,0.0
OR4N3P,0.0
NPM1P43,0.0
MRPL15P1,0.0
NIFKP8,0.0
ENSG00000259452,0.0
WBP1LP5,0.0
ANP32BP3,0.0
SNRPCP18,0.0
AHCYP7,0.0
NPM1P47,0.0
NDUFAF4P1,0.0
KRT8P9,0.0
ENSG00000259477,0.0
SORD2P,0.0
KRT18P47,0.0
TFDP1P3,0.0
GEMIN8P1,0.0
KRT8P24,0.0
ENSG00000259502,0.0
ENSG00000259505,0.0
ENSG00000259507,0.0
ENSG00000259509,0.0
HNRNPA1P5,0.0
CYCSP38,0.0
ANP32AP1,0.0
GCSHP2,0.0
ENSG00000259531,0.0
ENSG00000259533,0.0
RPL21P12,0.0
UBE2Q2P11,0.0
RPL15P19,0.0
CYCSP2,0.0
HNRNPA1P74,0.0
ENSG00000259556,0.0
HMGN1P26,0.0
MESTP2,0.0
ENSG00000259562,0.0
KRT8P23,0.0
ENSG00000259569,0.0
ENSG00000259570,0.0
NMNAT1P5,0.0
ENSG00000259580,0.0
TYRO3P,0.0
RBM17P4,0.0
ENSG00000259586,0.0
PRELID1P4,0.0
MTND5P40,0.0
ENSG00000259600,0.0
ENSG00000259601,0.0
ENSG00000259608,0.0
ENSG00000259609,0.0
EEF1A1P22,0.0
TUBAP12,0.0
ENSG00000259619,0.0
ENSG00000259622,0.0
MTND3P12,0.0
FABP5P9,0.0
ENSG00000259632,0.0
UBE2Q2P8,0.0
DNM1P38,0.0
ENSG00000259646,0.0
ENSG00000259648,0.0
MTCO3P23,0.0
ENSG00000259655,0.0
PIGHP1,0.0
DNM1P47,0.0
ENSG00000259665,0.0
MTCYBP23,0.0
RPL7AP75,0.0
ENSG00000259677,0.0
ENSG00000259683,0.0
HNRNPA1P71,0.0
ENSG00000259688,0.0
FKBP1AP2,0.0
ENSG00000259695,0.0
ENSG00000259696,0.0
FAM30C,0.0
HMGB1P8,0.0
HSP90B2P,0.0
ENSG00000259707,0.0
NUTF2P6,0.0
ENSG00000259722,0.0
CSPG4P11,0.0
LINC00933,0.0
ZNF444P1,0.0
ENSG00000259742,0.0
ENSG00000259743,0.0
HSPE1P3,0.0
NCAPGP2,0.0
NSA2P4,0.0
TUBAP11,0.0
ENSG00000259769,0.0
ENSG00000259770,0.0
HMGB1P6,0.0
ANP32BP1,0.0
ENSG00000259800,0.0
ENSG00000259822,0.0
ENSG00000259827,0.0
CYP4A26P,0.0
AGGF1P6,0.0
ELOCP2,0.0
IGHV3OR16-16,0.0
GNPATP,0.0
HERC2P10,0.0
ENSG00000259848,0.0
RAB43P1,0.0
ENSG00000259864,0.0
ENSG00000259866,0.0
ENSG00000259873,0.0
ENSG00000259874,0.0
ENSG00000259882,0.0
DNM1P50,0.0
ENSG00000259892,0.0
FRG2JP,0.0
ACTG1P15,0.0
ENSG00000259909,0.0
HNRNPLP2,0.0
NDUFA5P11,0.0
CFAP69P1,0.0
ENSG00000259923,0.0
ENSG00000259924,0.0
ENSG00000259931,0.0
ENSG00000259934,0.0
ENSG00000259948,0.0
ENSG00000259950,0.0
ENSG00000259962,0.0
ENSG00000259963,0.0
FAM153DP,0.0
ENSG00000259970,0.0
MRPS21P8,0.0
VN1R68P,0.0
CDC37P1,0.0
ENSG00000259983,0.0
ENSG00000259984,0.0
DUX4L46,0.0
ENSG00000259990,0.0
ENSG00000259992,0.0
ENSG00000259993,0.0
RARRES2P8,0.0
KRBOX5P1,0.0
ENSG00000260012,0.0
LSM3P5,0.0
MRPS21P7,0.0
RPL10P14,0.0
ENSG00000260033,0.0
ENSG00000260036,0.0
BCAP31P2,0.0
ABCB10P4,0.0
GOLGA2P11,0.0
MTND4LP25,0.0
ENSG00000260068,0.0
NSFP1,0.0
MPHOSPH10P1,0.0
ENSG00000260082,0.0
PCMTD1P2,0.0
ADAM3B,0.0
DNM1P33,0.0
ENSG00000260103,0.0
ENSG00000260104,0.0
AOC4P,0.0
ENSG00000260109,0.0
ENSG00000260112,0.0
ENSG00000260113,0.0
ULK4P2,0.0
CA5AP1,0.0
C1QL1P1,0.0
CSPG4P13,0.0
ENSG00000260144,0.0
ENSG00000260146,0.0
MTND5P34,0.0
ENSG00000260152,0.0
RARRES2P10,0.0
ENSG00000260157,0.0
ENSG00000260159,0.0
MTCYBP28,0.0
ENSG00000260165,0.0
SYNGR2P1,0.0
ENSG00000260184,0.0
PPIAP48,0.0
DUX4L47,0.0
ENSG00000260211,0.0
ENSG00000260212,0.0
ENSG00000260218,0.0
UBL5P4,0.0
PPIAP51,0.0
APOOP5,0.0
SUB1P4,0.0
ENSG00000260251,0.0
ENSG00000260255,0.0
ENSG00000260258,0.0
PPIAP46,0.0
ENSG00000260269,0.0
ENSG00000260275,0.0
SLX1B-SULT1A4,0.0
EIF4EBP2P2,0.0
TPSP2,0.0
ENSG00000260290,0.0
FRG2GP,0.0
ACTG1P16,0.0
PABPC1P13,0.0
ENSG00000260308,0.0
COX6CP1,0.0
PHB1P21,0.0
ACTR3BP3,0.0
DPPA3P11,0.0
ENSG00000260335,0.0
C2orf69P2,0.0
ENSG00000260344,0.0
ENSG00000260345,0.0
MOCS1P1,0.0
DNM1P34,0.0
ENSG00000260375,0.0
ENSG00000260379,0.0
TMEM183AP3,0.0
LDC1P,0.0
WBP11P1,0.0
ENSG00000260395,0.0
MPHOSPH10P6,0.0
ENSG00000260404,0.0
ENSG00000260405,0.0
ENSG00000260410,0.0
ENSG00000260413,0.0
ENSG00000260414,0.0
AGGF1P9,0.0
VPS51P1,0.0
MTCH2P3,0.0
ENSG00000260443,0.0
ENSG00000260444,0.0
ENSG00000260445,0.0
GEMIN8P2,0.0
TPRKBP2,0.0
FTLP14,0.0
PPIAP49,0.0
ENSG00000260472,0.0
C2orf69P4,0.0
ENSG00000260483,0.0
MYL12BP1,0.0
RPL7L1P16,0.0
ENSG00000260497,0.0
ENSG00000260514,0.0
CHEK2P7,0.0
BMS1P8,0.0
ENSG00000260522,0.0
CYP3A52P,0.0
ENSG00000260525,0.0
ABHD17AP8,0.0
MT1L,0.0
BNIP3P5,0.0
EIF5A2P1,0.0
TPST2P1,0.0
ENSG00000260584,0.0
ENSG00000260590,0.0
OR4C49P,0.0
FRG2IP,0.0
HMGN2P40,0.0
ENSG00000260610,0.0
RPL23AP97,0.0
ENSG00000260622,0.0
ENSG00000260628,0.0
RBM22P12,0.0
ENSG00000260639,0.0
HERC2P5,0.0
ENSG00000260649,0.0
ENSG00000260662,0.0
ENSG00000260668,0.0
ENSG00000260669,0.0
ENSG00000260674,0.0
TCERG1P2,0.0
ENSG00000260678,0.0
AGGF1P5,0.0
RN7SKP176,0.0
ENSG00000260685,0.0
ENSG00000260688,0.0
HNRNPA3P11,0.0
CYCSP39,0.0
ENSG00000260702,0.0
ENSG00000260714,0.0
VN1R67P,0.0
VN1R69P,0.0
KLF8P1,0.0
SLC7A5P1,0.0
KRT8P22,0.0
KIF18BP1,0.0
ENSG00000260747,0.0
ACSM5P1,0.0
ENSG00000260764,0.0
CES1P2,0.0
ENSG00000260774,0.0
GOLGA6FP,0.0
ARHGAP23P1,0.0
ENSG00000260782,0.0
ENSG00000260784,0.0
ENSG00000260795,0.0
ENSG00000260797,0.0
KRT8P50,0.0
ENSG00000260803,0.0
VPS35P1,0.0
OR4C45,0.0
RARRES2P7,0.0
PPIAP47,0.0
ENSG00000260817,0.0
UNGP1,0.0
HMGB3P32,0.0
ENSG00000260844,0.0
FRG2HP,0.0
ENSG00000260860,0.0
CYP2C60P,0.0
ABHD17AP7,0.0
ENSG00000260865,0.0
ENSG00000260866,0.0
NDUFB10P1,0.0
ENSG00000260882,0.0
VN1R65P,0.0
CKBP1,0.0
DNM1P30,0.0
ENSG00000260899,0.0
ENSG00000260900,0.0
PLA2G10CP,0.0
ENSG00000260909,0.0
SPCS2P1,0.0
ENSG00000260933,0.0
MTCH2P4,0.0
RPL23AP91,0.0
RARRES2P5,0.0
FGFR3P5,0.0
ENSG00000260991,0.0
AGGF1P7,0.0
NPM1P3,0.0
RARRES2P6,0.0
AGAP11,0.0
ENSG00000261017,0.0
WFDC21P,0.0
ENSG00000261041,0.0
C2orf69P1,0.0
ENSG00000261047,0.0
ENSG00000261048,0.0
NAMPTP3,0.0
ENSG00000261056,0.0
ENSG00000261067,0.0
ENSG00000261072,0.0
ENSG00000261077,0.0
ENSG00000261081,0.0
PPP1R1AP2,0.0
CDC37P2,0.0
ATP5MFP6,0.0
ENSG00000261108,0.0
ENSG00000261111,0.0
ENSG00000261127,0.0
ADAMTS7P3,0.0
ENSG00000261144,0.0
ENSG00000261145,0.0
TIPINP2,0.0
ENSG00000261153,0.0
HMGB1P33,0.0
ENSG00000261178,0.0
PLA2G10FP,0.0
RNF126P1,0.0
CYP4A43P,0.0
ENSG00000261197,0.0
UBE2FP2,0.0
PLA2G10JP,0.0
NIFKP4,0.0
ENSG00000261208,0.0
SULT1C2P2,0.0
ENSG00000261215,0.0
BCAP31P1,0.0
ENSG00000261232,0.0
ABCD1P3,0.0
ENSG00000261234,0.0
ANKRD26P1,0.0
ENSG00000261245,0.0
ENSG00000261259,0.0
ENSG00000261263,0.0
TP53TG3GP,0.0
ENSG00000261278,0.0
ULK4P1,0.0
ENSG00000261281,0.0
SOD1P2,0.0
RBM22P13,0.0
ENSG00000261289,0.0
CYP4A44P,0.0
C2orf69P3,0.0
GOLGA6GP,0.0
LARP4P,0.0
PPIAP50,0.0
CD24P2,0.0
EIF4BP5,0.0
ENSG00000261349,0.0
ENSG00000261356,0.0
ENSG00000261362,0.0
ENSG00000261365,0.0
GOLGA6L23P,0.0
PDCD6IPP2,0.0
ENSG00000261391,0.0
HSPE1P5,0.0
HERC2P1,0.0
CHEK2P6,0.0
HERC2P6,0.0
PLA2G10DP,0.0
ATP5PBP7,0.0
DPPA2P4,0.0
DUX4L45,0.0
ENSG00000261444,0.0
ENSG00000261457,0.0
ENSG00000261458,0.0
UBE2MP1,0.0
RARRES2P9,0.0
ENSG00000261487,0.0
DNM1P31,0.0
MPHOSPH10P7,0.0
ENSG00000261499,0.0
CYP3A137P,0.0
VN1R70P,0.0
ENSG00000261522,0.0
ABCB10P3,0.0
ENSG00000261527,0.0
CCNYL7,0.0
ABHD17AP9,0.0
HLA-P,0.0
ENSG00000261549,0.0
ENSG00000261553,0.0
ENSG00000261554,0.0
SMG1P7,0.0
EEF1A1P38,0.0
FSCN1P1,0.0
ENSG00000261561,0.0
ENSG00000261564,0.0
ENSG00000261575,0.0
ENPP7P13,0.0
HERC2P11,0.0
ENSG00000261588,0.0
ENSG00000261590,0.0
CYP4A27P,0.0
HERC2P8,0.0
ENSG00000261606,0.0
ENSG00000261607,0.0
SLC25A1P4,0.0
SUB1P3,0.0
YBX3P1,0.0
HMGN2P41,0.0
NDUFB10P2,0.0
ENSG00000261628,0.0
ENSG00000261635,0.0
IMPDH1P11,0.0
TUBAP4,0.0
ATP5PDP1,0.0
ENSG00000261680,0.0
AGGF1P4,0.0
ENSG00000261702,0.0
DNM1P32,0.0
ENSG00000261709,0.0
FRG2DP,0.0
ENSG00000261714,0.0
H2BC20P,0.0
ENSG00000261719,0.0
ENSG00000261725,0.0
ENSG00000261727,0.0
FRG2KP,0.0
ENSG00000261747,0.0
SPRING1P3,0.0
AGGF1P8,0.0
KRT18P18,0.0
DNAAF4-CCPG1,0.0
ENSG00000261774,0.0
ENSG00000261776,0.0
ENSG00000261778,0.0
ENSG00000261782,0.0
DNM1P28,0.0
CYP3A54P,0.0
TUBB8P7,0.0
ENSG00000261813,0.0
ENSG00000261819,0.0
DNM1P49,0.0
ENSG00000261835,0.0
ENSG00000261864,0.0
MFSD1P1,0.0
ENSG00000261882,0.0
MTND5P33,0.0
RPL23AP84,0.0
LARP7P2,0.0
ISCA1P3,0.0
ENSG00000261970,0.0
KYNUP1,0.0
ENSG00000262000,0.0
ENSG00000262008,0.0
ENSG00000262048,0.0
ENSG00000262067,0.0
SNORD3B-2,0.0
IL9RP4,0.0
OR1P1,0.0
ENSG00000262090,0.0
MTATP6P25,0.0
PCDHB19P,0.0
OR1D3P,0.0
MTND6P33,0.0
MTCO1P28,0.0
ENSG00000262120,0.0
GARS1P1,0.0
ENSG00000262140,0.0
ENSG00000262141,0.0
EIF1P4,0.0
MTCO3P24,0.0
ENSG00000262181,0.0
ENSG00000262187,0.0
TMF1P1,0.0
ENSG00000262248,0.0
MTND4LP24,0.0
ENSG00000262262,0.0
ENSG00000262271,0.0
RPL7L1P19,0.0
MTND4P34,0.0
HNRNPA1P16,0.0
NDUFA3P6,0.0
MTATP6P24,0.0
ENSG00000262384,0.0
CANT1P1,0.0
MCUR1P1,0.0
ENSG00000262408,0.0
TVP23CP2,0.0
ENSG00000262471,0.0
SAMD11P1,0.0
ENSG00000262488,0.0
ENSG00000262492,0.0
ENSG00000262495,0.0
FAM187B2P,0.0
MAPK8IP1P1,0.0
SPICP3,0.0
DPPA3P6,0.0
ENSG00000262518,0.0
TXNP4,0.0
ENSG00000262539,0.0
ENSG00000262561,0.0
ENSG00000262566,0.0
TMEM231P1,0.0
ENSG00000262587,0.0
BTF3P14,0.0
ENSG00000262623,0.0
ENSG00000262636,0.0
PHB1P15,0.0
ENSG00000262651,0.0
ENSG00000262691,0.0
ENSG00000262700,0.0
ENSG00000262708,0.0
MRPS21P9,0.0
ENSG00000262803,0.0
ENSG00000262818,0.0
ENSG00000262855,0.0
CYCSP40,0.0
ENSG00000262880,0.0
ENSG00000262885,0.0
MTCO1P40,0.0
TMPOP2,0.0
ALOX12P2,0.0
EIF4A1P9,0.0
RPL23AP86,0.0
ENSG00000262961,0.0
KARS1P3,0.0
ENSG00000262974,0.0
OR52L2P,0.0
ENSG00000262990,0.0
ROCK1P1,0.0
ENSG00000263017,0.0
ENSG00000263029,0.0
ENSG00000263045,0.0
ENSG00000263070,0.0
ENSG00000263107,0.0
ARL2BPP8,0.0
LRRC37A17P,0.0
MTND1P8,0.0
HNRNPCP4,0.0
ENSG00000263189,0.0
MTND3P13,0.0
ENSG00000263199,0.0
KYNUP3,0.0
ENSG00000263212,0.0
RYKP1,0.0
ATP5F1AP3,0.0
MTCYBP33,0.0
ENSG00000263252,0.0
RPS7P1,0.0
ENSG00000263311,0.0
ENSG00000263326,0.0
ENSG00000263343,0.0
MIR5011,0.0
AKR1B10P2,0.0
RN7SL134P,0.0
MIR378H,0.0
MIR5702,0.0
ABHD17AP5,0.0
MSANTD3P1,0.0
ENSG00000263369,0.0
MIR548AO,0.0
ENSG00000263375,0.0
MIR5584,0.0
MIR3973,0.0
MIR3119-2,0.0
ENSG00000263396,0.0
MIR3170,0.0
MIR4673,0.0
PA2G4P3,0.0
MIR4660,0.0
MIR4747,0.0
RN7SL460P,0.0
MIR4538,0.0
MIR3187,0.0
RN7SL471P,0.0
RN7SL689P,0.0
ENSG00000263433,0.0
MIR3158-1,0.0
MIR4753,0.0
MIR4450,0.0
ENSG00000263453,0.0
MIR5189,0.0
MIR4455,0.0
BOD1P1,0.0
MIR3130-2,0.0
MIR3156-1,0.0
RN7SL509P,0.0
ANTXRLP1,0.0
MTATP6P3,0.0
RN7SL155P,0.0
MAPK8IP1P2,0.0
SLC25A3P3,0.0
MIR4497,0.0
MIR5699,0.0
MIR4311,0.0
MIR3668,0.0
MIR548AN,0.0
MIR378G,0.0
MIR4526,0.0
RN7SL122P,0.0
MIR4463,0.0
AK4P1,0.0
RN7SL387P,0.0
MIR5582,0.0
RN7SL383P,0.0
RN7SL716P,0.0
MIR4704,0.0
UBBP4,0.0
MIR7853,0.0
MIR4270,0.0
MIR4665,0.0
MIR548X2,0.0
MIR4522,0.0
MIR4480,0.0
MIR4804,0.0
RN7SL823P,0.0
MIR3936,0.0
MIR3915,0.0
MIR3185,0.0
ENSG00000263604,0.0
CHORDC1P4,0.0
RN7SL353P,0.0
MIR4306,0.0
RN7SL178P,0.0
MIR3155A,0.0
MIR5586,0.0
MIR378D1,0.0
MIR3919,0.0
MIR4777,0.0
MIR4802,0.0
MIR4515,0.0
BPTFP1,0.0
ENSG00000263648,0.0
MIR3135B,0.0
MIR548AX,0.0
SNORA70D,0.0
RN7SL470P,0.0
MIR4457,0.0
RN7SL750P,0.0
MIR5581,0.0
MIR4632,0.0
MIR3197,0.0
ENSG00000263682,0.0
MIR548D2,0.0
MIR3161,0.0
MIR3621,0.0
MIR5689,0.0
MIR4639,0.0
SLC25A51P2,0.0
SNORD39,0.0
FTLP13,0.0
ENSG00000263729,0.0
MIR3937,0.0
ENSG00000263733,0.0
MIR4643,0.0
MIR4662B,0.0
RN7SL4P,0.0
MIR548AS,0.0
MIR3165,0.0
MIR3664,0.0
MIR4277,0.0
EXOGP1,0.0
OOSP1P2,0.0
MIR548AV,0.0
MIR3133,0.0
RN7SL498P,0.0
MIR4286,0.0
MIR3686,0.0
SNORD43,0.0
ENSG00000263772,0.0
SNORA4,0.0
ENSG00000263781,0.0
MIR5590,0.0
MIR3182,0.0
ENSG00000263788,0.0
MIR4473,0.0
MIR3115,0.0
RN7SL457P,0.0
MIR5100,0.0
ENSG00000263798,0.0
MIR5684,0.0
MIR3675,0.0
MIR3679,0.0
RN7SL426P,0.0
MIR548AW,0.0
RDM1P5,0.0
MIR4439,0.0
SINHCAFP1,0.0
MIR378E,0.0
MIR4635,0.0
MIR4698,0.0
RN7SL44P,0.0
CIAPIN1P,0.0
MIR4744,0.0
MIR4729,0.0
MIR4769,0.0
MIR3927,0.0
ENSG00000263870,0.0
MIR4528,0.0
MIR4436B2,0.0
RN7SL774P,0.0
EEF1DP7,0.0
MIR3920,0.0
USP32P4,0.0
MIR4303,0.0
MIR4667,0.0
MIR3925,0.0
MIR4669,0.0
RN7SL555P,0.0
MIR3116-1,0.0
MIR5000,0.0
MTND2P13,0.0
ENSG00000263917,0.0
MIR3670-1,0.0
MIR4462,0.0
MIR4448,0.0
SNORD3A,0.0
TOMM20P3,0.0
RN7SL275P,0.0
RN7SL32P,0.0
RN7SL435P,0.0
MIR548Y,0.0
ENSG00000263946,0.0
RN7SL850P,0.0
ENSG00000263963,0.0
MIR4509-3,0.0
MIR4290,0.0
RN7SL381P,0.0
RN7SL678P,0.0
MIR1587,0.0
MIR4760,0.0
RN7SL121P,0.0
YWHAEP3,0.0
MIR4499,0.0
MIR4672,0.0
MIR5705,0.0
MIR5698,0.0
RN7SL147P,0.0
RN7SL615P,0.0
RN7SL786P,0.0
RN7SL42P,0.0
RN7SL52P,0.0
MIR4717,0.0
MIR4314,0.0
MIR4429,0.0
MIR3938,0.0
MIR4253,0.0
RN7SL336P,0.0
MIR4507,0.0
RN7SL744P,0.0
ENSG00000264029,0.0
RN7SL66P,0.0
MIR4491,0.0
RN7SL198P,0.0
MIR4472-2,0.0
ENSG00000264040,0.0
RN7SL670P,0.0
RN7SL455P,0.0
MIR4737,0.0
ENSG00000264050,0.0
RPL31P9,0.0
MIR5685,0.0
ENSG00000264057,0.0
MIR4316,0.0
FGF7P1,0.0
ENSG00000264063,0.0
MIR3943,0.0
DND1P1,0.0
RN7SL531P,0.0
MIR3199-1,0.0
MIR4783,0.0
MIR5688,0.0
MIR3681,0.0
MIR4666B,0.0
RN7SL474P,0.0
ENSG00000264093,0.0
MIR4803,0.0
MIR4689,0.0
MIR4688,0.0
ENSG00000264104,0.0
MIR3688-1,0.0
MIR4300,0.0
RN7SL784P,0.0
MIR3180-4,0.0
MIR4795,0.0
SCML2P1,0.0
RN7SL713P,0.0
MIR3689D2,0.0
ENSG00000264138,0.0
MIR3667,0.0
MIR3928,0.0
ENSG00000264145,0.0
ENSG00000264148,0.0
ENSG00000264150,0.0
MIR3127,0.0
MIR4670,0.0
MIR4762,0.0
MIR3689B,0.0
ENSG00000264164,0.0
MTND1P15,0.0
RN7SL665P,0.0
MIR4305,0.0
PDLIM1P3,0.0
MIR3189,0.0
MAGOH2P,0.0
ENSG00000264179,0.0
SNRPCP4,0.0
AIDAP3,0.0
RN7SL117P,0.0
ENSG00000264193,0.0
MIR4693,0.0
MIR4701,0.0
AGAP7P,0.0
MIR4716,0.0
MIR4492,0.0
RPL35AP23,0.0
MIR3168,0.0
RNU4ATAC,0.0
MIR4456,0.0
ENSG00000264236,0.0
CPDP1,0.0
ENSG00000264245,0.0
ENSG00000264246,0.0
MIR3912,0.0
RN7SL835P,0.0
RN7SL819P,0.0
KIR3DP1,0.0
MIR4322,0.0
MIR4767,0.0
RN7SL488P,0.0
MIR4799,0.0
RN7SL753P,0.0
MIR4786,0.0
ENSG00000264281,0.0
ENSG00000264289,0.0
MIR2467,0.0
RN7SL657P,0.0
SNORD55,0.0
MIR3922,0.0
ENSG00000264296,0.0
MIR4433B,0.0
ENSG00000264300,0.0
MIR4694,0.0
MIX23P1,0.0
RN7SL644P,0.0
MIR548AT,0.0
HNRNPA1P11,0.0
MTCO3P13,0.0
RN7SL154P,0.0
MIR4801,0.0
RN7SL448P,0.0
MIR5186,0.0
ENSG00000264341,0.0
MIR3660,0.0
SNORA77B,0.0
MIR4258,0.0
SNRPGP2,0.0
RN7SL602P,0.0
MIR3134,0.0
MIR4648,0.0
MIR3122,0.0
NEK4P2,0.0
MIR3125,0.0
MIR4425,0.0
ENSG00000264373,0.0
MIR4671,0.0
SNORD39,0.0
RN7SL431P,0.0
MIR4513,0.0
MIR5007,0.0
ENSG00000264388,0.0
MIR4465,0.0
RN7SL208P,0.0
MIR3193,0.0
MIR3180-5,0.0
MIR4736,0.0
RN7SL491P,0.0
MIR548AL,0.0
MIR3913-1,0.0
MIR548AP,0.0
MIR4470,0.0
MIR548AC,0.0
RN7SL718P,0.0
MIR4653,0.0
MIR4283-1,0.0
MIR3183,0.0
ENSG00000264431,0.0
ENSG00000264435,0.0
RN7SL560P,0.0
SDHCP1,0.0
ENSG00000264452,0.0
MIR3648-2,0.0
MIR4520-1,0.0
MIR4794,0.0
MIR4656,0.0
MIR5682,0.0
MIR4714,0.0
MIR4705,0.0
MIR5008,0.0
RN7SL697P,0.0
MIR4298,0.0
MIR4650-2,0.0
ENSG00000264497,0.0
MIR3124,0.0
RN7SL731P,0.0
ENSG00000264503,0.0
MIR3678,0.0
MIR5692A2,0.0
RN7SL596P,0.0
MIR4778,0.0
DNAJB6P8,0.0
RN7SL25P,0.0
MIR378B,0.0
MIR5706,0.0
SUZ12P1,0.0
MIR548AR,0.0
RN7SL405P,0.0
SNORD95,0.0
MIR4257,0.0
RN7SL793P,0.0
MIR3162,0.0
MIR4633,0.0
DYNAPP1,0.0
MIR23C,0.0
SNX19P3,0.0
MIR4529,0.0
MIR4296,0.0
RN7SL15P,0.0
ENSG00000264574,0.0
MIR5692B,0.0
RN7SL326P,0.0
MIR4487,0.0
MIR4449,0.0
RN7SL131P,0.0
MIR3159,0.0
MIR3173,0.0
MIR4685,0.0
RN7SL290P,0.0
MIR5588,0.0
RN7SL592P,0.0
MIR4755,0.0
ENSG00000264617,0.0
RN7SL732P,0.0
MIR5591,0.0
MIR4796,0.0
MIR4271,0.0
MIR3152,0.0
KRT18P8,0.0
MIR5194,0.0
PPIAP54,0.0
MIR3171,0.0
MIR4798,0.0
MIR3200,0.0
ENSG00000264662,0.0
KRT8P34,0.0
MIR4285,0.0
RN7SL204P,0.0
MIR3140,0.0
MIR4773-1,0.0
PRPF19P1,0.0
ENSG00000264689,0.0
MTL3P,0.0
MIR4255,0.0
MIR4752,0.0
RN7SL217P,0.0
MIR4504,0.0
KIAA0895LP1,0.0
MIR3117,0.0
MIR3670-2,0.0
MIR3129,0.0
MIR4638,0.0
MIR4718,0.0
BDP1P,0.0
MIR4511,0.0
MIR4505,0.0
DPRXP4,0.0
MIR3689C,0.0
MIR3924,0.0
MIR3131,0.0
MIR3198-1,0.0
MIR3141,0.0
MIR4295,0.0
MIR4772,0.0
RN7SL237P,0.0
ENSG00000264772,0.0
MIR4420,0.0
PPIAP14,0.0
MIR4537,0.0
MIR3148,0.0
MIR4637,0.0
MIR4771-1,0.0
MIR5009,0.0
MIR4294,0.0
ERVFRD-3,0.0
MIR5191,0.0
MIR378C,0.0
Metazoa_SRP,0.0
MIR4441,0.0
MIR1273C,0.0
MIR3154,0.0
MIR5571,0.0
RN7SL468P,0.0
ENSG00000264834,0.0
VN1R71P,0.0
RN7SL404P,0.0
ENSG00000264845,0.0
MIR4310,0.0
MIR5696,0.0
ENSG00000264860,0.0
RN7SL45P,0.0
MIR3613,0.0
ENSG00000264874,0.0
RN7SL690P,0.0
ENSG00000264881,0.0
NOS2P4,0.0
MIR3921,0.0
MIR3616,0.0
MIR5701-3,0.0
MIR4494,0.0
PRELID3BP3,0.0
RN7SL525P,0.0
ENSG00000264911,0.0
RN7SL230P,0.0
MIR4540,0.0
MIR378F,0.0
ENSG00000264930,0.0
MIR3138,0.0
RN7SL190P,0.0
MIR4265,0.0
SNORD3C,0.0
MIR4474,0.0
SH3GL1P2,0.0
MIR3181,0.0
ALOX12P1,0.0
MIR4730,0.0
RN7SL440P,0.0
MIR5094,0.0
WEE1P2,0.0
PRR13P4,0.0
MIR4789,0.0
MIR4431,0.0
RN7SL630P,0.0
MIR4436B1,0.0
MIR5691,0.0
MIR5092,0.0
SNORD92,0.0
SNORD39,0.0
MIR5089,0.0
MIR4780,0.0
MIR548W,0.0
MIR4327,0.0
MIR3160-1,0.0
ENSG00000265015,0.0
AGAP12P,0.0
NCOR1P2,0.0
ENSG00000265028,0.0
ENSG00000265031,0.0
RN7SL262P,0.0
PMM2P1,0.0
ENSG00000265041,0.0
RN7SL622P,0.0
MIR548S,0.0
MIR4765,0.0
PPY2P,0.0
ENSG00000265061,0.0
MIR4692,0.0
MIR3622B,0.0
RN7SL664P,0.0
MIR3691,0.0
MIR4655,0.0
MIR4484,0.0
RN7SL246P,0.0
FTLP12,0.0
RBM22P1,0.0
MIR4510,0.0
ENSG00000265099,0.0
MIR3942,0.0
MIR4731,0.0
MIR3153,0.0
RN7SL200P,0.0
MIR3190,0.0
MIR5687,0.0
ENSG00000265136,0.0
MIR3192,0.0
MIR4301,0.0
RN7SL451P,0.0
MIR548AM,0.0
SNORD53,0.0
MIR151B,0.0
LRRC37A7P,0.0
MIR5003,0.0
MIR2681,0.0
MIR4307,0.0
RN7SL667P,0.0
MIR4262,0.0
MIR3202-1,0.0
MIR4728,0.0
MIR4790,0.0
MIR4674,0.0
SRP72P1,0.0
SNORD3B-1,0.0
ENSG00000265188,0.0
MIR3923,0.0
MIR4312,0.0
MIR4677,0.0
MIR4486,0.0
MIR3684,0.0
MIR4283-2,0.0
MIR4269,0.0
MIR548AI,0.0
MIR4699,0.0
ENSG00000265233,0.0
SNORD84,0.0
MIR3142,0.0
ENSG00000265240,0.0
MIR4472-1,0.0
MIR4288,0.0
MIR3132,0.0
MIR4446,0.0
ENSG00000265257,0.0
MIR4686,0.0
RN7SL74P,0.0
ENSG00000265261,0.0
TRMT112P3,0.0
RN7SL693P,0.0
PGDP1,0.0
CLUHP6,0.0
MIR3935,0.0
MIR4770,0.0
MIR4710,0.0
ARGFXP2,0.0
FEM1AP2,0.0
ENSG00000265298,0.0
MIR548AD,0.0
MIR3650,0.0
MIR3195,0.0
RN7SL199P,0.0
RN7SL847P,0.0
MIR4263,0.0
MIR3118-2,0.0
RN7SL411P,0.0
MIR548AB,0.0
MIR4524B,0.0
MIR3137,0.0
OR4K7P,0.0
MIR5188,0.0
MIR4291,0.0
MIR3136,0.0
ENSG00000265356,0.0
MIR4493,0.0
GLUD1P2,0.0
MIR4476,0.0
MIR4682,0.0
MIR4675,0.0
MIR3180-2,0.0
MIR4679-2,0.0
MIR466,0.0
RN7SL219P,0.0
RN7SL391P,0.0
MIR4999,0.0
MIR4252,0.0
MIR3944,0.0
MIR3128,0.0
RSL24D1P9,0.0
MIR4324,0.0
ENSG00000265408,0.0
RN7SL656P,0.0
ENSG00000265417,0.0
MIR4261,0.0
MIR4779,0.0
ENSG00000265421,0.0
MIR4684,0.0
MIR4652,0.0
ENSG00000265428,0.0
MIR4782,0.0
MIR4308,0.0
MIR4447,0.0
MIR3121,0.0
ENSG00000265437,0.0
RN7SL811P,0.0
MIR3941,0.0
MIR4733,0.0
MIR4502,0.0
MIR3682,0.0
ENSG00000265453,0.0
MIR3672,0.0
ENSG00000265460,0.0
MIR3680-1,0.0
MIR4768,0.0
POLR3KP2,0.0
MIR548AQ,0.0
FAM32DP,0.0
DTX2P1-UPK3BP1-PMS2P11,0.0
KRT18P55,0.0
MIR4443,0.0
RN7SL518P,0.0
MIR3156-2,0.0
MIR1269B,0.0
MIR4435-1,0.0
MIR4436A,0.0
MIR548V,0.0
MIR5697,0.0
MIR4304,0.0
MIR5690,0.0
FCGR1CP,0.0
RN7SL475P,0.0
MIR3180-1,0.0
MIR4421,0.0
MIR3164,0.0
H3P41,0.0
ELOCP27,0.0
MIR3918,0.0
RN7SL652P,0.0
MIR1268B,0.0
PIGPP4,0.0
MIR3143,0.0
RN7SL605P,0.0
WDR45BP1,0.0
MIR3978,0.0
MIR5708,0.0
NPM1P45,0.0
MIR4756,0.0
MIR3659,0.0
MIR5707,0.0
MIR4471,0.0
MIR4695,0.0
MIR4539,0.0
ENSG00000265614,0.0
MIR548AG2,0.0
MIR3139,0.0
ENSG00000265626,0.0
ENSG00000265630,0.0
BNIP3P3,0.0
MIR3612,0.0
ENSG00000265639,0.0
MIR3929,0.0
TUFMP1,0.0
RN7SL279P,0.0
MIR548AK,0.0
MIR3151,0.0
MIR3690,0.0
MIR4664,0.0
MIR548AJ1,0.0
MIR4508,0.0
RN7SL708P,0.0
MIR4267,0.0
SYPL1P2,0.0
RN7SL378P,0.0
MIR4460,0.0
ENSG00000265693,0.0
MIR4774,0.0
LARP7P3,0.0
MIR548AE2,0.0
SNORD53B,0.0
ENSG00000265712,0.0
ENSG00000265713,0.0
MIR4681,0.0
MIR4284,0.0
MIR3144,0.0
RN7SL648P,0.0
SNORA74C-1,0.0
MIR4438,0.0
RN7SL5P,0.0
RN7SL339P,0.0
MIR4427,0.0
RN7SL375P,0.0
KYNUP2,0.0
RN7SL444P,0.0
MIR4506,0.0
MIR3670-3,0.0
RN7SL624P,0.0
MIR4330,0.0
RNASEH1P1,0.0
MIR3118-4,0.0
ENSG00000265794,0.0
ENSG00000265798,0.0
RN7SL49P,0.0
MIR4292,0.0
MIR3907,0.0
RN7SL300P,0.0
RN7SL376P,0.0
ENSG00000265815,0.0
MIR3177,0.0
MIR4422,0.0
MIR3939,0.0
MIR548AG1,0.0
MIR3123,0.0
ENSG00000265833,0.0
CCND3P2,0.0
MIR548X,0.0
MIR4276,0.0
MIR4287,0.0
MIR3689D1,0.0
MIR4797,0.0
ENSG00000265853,0.0
MIR4514,0.0
MIR5704,0.0
MIR4495,0.0
GPR160P2,0.0
MIR4516,0.0
MIR3174,0.0
MIR3689A,0.0
MIR4289,0.0
MIR4489,0.0
MIR3914-1,0.0
MIR4748,0.0
PDLIM1P2,0.0
RN7SL73P,0.0
ENSG00000265883,0.0
RN7SL783P,0.0
Y_RNA,0.0
RN7SL311P,0.0
RN7SL357P,0.0
ENSG00000265897,0.0
MIR4696,0.0
RN7SL96P,0.0
ENSG00000265916,0.0
MIR3685,0.0
RN7SL543P,0.0
MIR4280,0.0
MIR5692C1,0.0
MIR5195,0.0
MIR3146,0.0
ARL2BPP1,0.0
ENSG00000265936,0.0
UBE2CP2,0.0
RN7SL577P,0.0
ENSG00000265946,0.0
MIR4749,0.0
MIR4445,0.0
MIR4319,0.0
Y_RNA,0.0
MIR4266,0.0
ENSG00000265973,0.0
MIR4725,0.0
MIR544B,0.0
ENSG00000265982,0.0
MIR4735,0.0
MIR4519,0.0
MIR5694,0.0
MIR3671,0.0
ENSG00000266003,0.0
MIR4488,0.0
ENSG00000266009,0.0
MIR4764,0.0
MIR4309,0.0
MIR548Z,0.0
MIR4477B,0.0
MIR3609,0.0
MIR4659A,0.0
MIR4509-2,0.0
MIR4690,0.0
ENSG00000266042,0.0
MIR3649,0.0
ENSG00000266048,0.0
ENSG00000266050,0.0
MIR4500,0.0
RN7SL140P,0.0
MIR4771-2,0.0
POLRMTP1,0.0
MIR3617,0.0
MIR5693,0.0
RN7SL574P,0.0
MIR4432,0.0
SNORA59B,0.0
MIR5192,0.0
MIR5700,0.0
MIR4326,0.0
ENSG00000266105,0.0
MIR4525,0.0
MIR4440,0.0
MIR4423,0.0
FBXO36P1,0.0
MIR5587,0.0
ZNF415P1,0.0
RN7SL366P,0.0
SRP68P1,0.0
MIR4759,0.0
MIR4435-2,0.0
MIR4533,0.0
MIR4654,0.0
RHOT1P1,0.0
MIR5190,0.0
MIR5583-1,0.0
MIR4711,0.0
MIR3646,0.0
ENSG00000266155,0.0
RN7SL785P,0.0
RN7SL612P,0.0
YWHAEP2,0.0
RN7SL557P,0.0
MIR3147,0.0
MIR4666A,0.0
ENSG00000266179,0.0
MIR4282,0.0
EIF4A3P1,0.0
ENSG00000266184,0.0
RN7SL804P,0.0
RN7SL480P,0.0
ENSG00000266188,0.0
MIR3186,0.0
ENSG00000266190,0.0
MIR1260B,0.0
MIR4661,0.0
RN7SL163P,0.0
PNLIPRP2,0.0
SS18L2P2,0.0
MIR5585,0.0
MIR5589,0.0
MIR3926-1,0.0
RN7SL371P,0.0
MIR3156-3,0.0
MIR3167,0.0
CTSLP2,0.0
MIR4323,0.0
NPM1P2,0.0
MIR3611,0.0
MIR3178,0.0
MIR3176,0.0
MIR5091,0.0
GRAMD4P7,0.0
MIR4279,0.0
MIR4644,0.0
COX6CP3,0.0
MIR4475,0.0
MIR4428,0.0
ENSG00000266270,0.0
RN7SL138P,0.0
MIR4743,0.0
UBL5P2,0.0
MIR3683,0.0
MIR3180-3,0.0
ARIH2P1,0.0
MIR744,0.0
MIR3118-1,0.0
MIR4518,0.0
ENSG00000266306,0.0
MIR5093,0.0
RN7SL510P,0.0
MIR4668,0.0
RN7SL703P,0.0
MIR5692A1,0.0
MIR3909,0.0
MIR4293,0.0
MIR4663,0.0
MIR3665,0.0
MIR4503,0.0
MIR4536-2,0.0
MIR4281,0.0
MIR4776-1,0.0
ENSG00000266356,0.0
ENSG00000266364,0.0
ENSG00000266365,0.0
MIR3657,0.0
ENSG00000266373,0.0
ENSG00000266379,0.0
MIR5002,0.0
MIR4740,0.0
MIR4273,0.0
CBX3P2,0.0
MIR3157,0.0
MIR4636,0.0
ENSG00000266416,0.0
MIR4424,0.0
RN7SL118P,0.0
MIR4451,0.0
MIR3163,0.0
MIR4719,0.0
MIR5580,0.0
TBC1D3P5,0.0
MIR4264,0.0
MIR4746,0.0
RN7SL493P,0.0
ENSG00000266448,0.0
MIR3713,0.0
MIR3179-3,0.0
MIR4259,0.0
MIR2392,0.0
MIR3196,0.0
RN7SL220P,0.0
ENSG00000266470,0.0
RN7SL616P,0.0
MIR5197,0.0
ENSG00000266479,0.0
MIR4641,0.0
RDM1P2,0.0
ATG12P1,0.0
MIR5681A,0.0
RN7SL162P,0.0
RDM1P1,0.0
MIR4479,0.0
MIR3201,0.0
MIR3934,0.0
MIR3689F,0.0
MIR4452,0.0
MIR4715,0.0
MIR4268,0.0
RAC1P1,0.0
ENSG00000266522,0.0
MIR4650-1,0.0
MTCYBP13,0.0
MIR4318,0.0
MIR4706,0.0
MIR3619,0.0
SPDYE22P,0.0
MIR5701-1,0.0
ATP6V1E1P2,0.0
RN7SL356P,0.0
MIR3145,0.0
MIR4530,0.0
ENSG00000266560,0.0
ENSG00000266561,0.0
EIF1P5,0.0
MIR4418,0.0
RN7SL377P,0.0
MIR5579,0.0
BOLA2P1,0.0
MIR4254,0.0
MIR3166,0.0
MIR4527,0.0
MIR4478,0.0
MIR4512,0.0
MIR4713,0.0
MIR4766,0.0
LONRF2P1,0.0
RN7SL176P,0.0
MIR4703,0.0
COP1P1,0.0
MIR3692,0.0
MIR4742,0.0
MIR4642,0.0
RN7SL202P,0.0
MIR3972,0.0
MIR4754,0.0
MIR3677,0.0
MIR4299,0.0
ENSG00000266647,0.0
SETP3,0.0
MIR3126,0.0
MIR3908,0.0
MIR3169,0.0
MIR4739,0.0
MIR4325,0.0
MIR5692C2,0.0
ENSG00000266673,0.0
MIR4297,0.0
MIR4274,0.0
ENSG00000266691,0.0
ENSG00000266692,0.0
OR4K8P,0.0
MIR3945,0.0
MIR4490,0.0
MIR4498,0.0
MIR4437,0.0
PSMD7P1,0.0
RN7SL48P,0.0
MIR3149,0.0
MIR4676,0.0
RN7SL14P,0.0
MIR5695,0.0
GTF2IP6,0.0
MIR4757,0.0
MIR4708,0.0
MIR3135A,0.0
MIR4645,0.0
MIR3661,0.0
RN7SL524P,0.0
MIR5680,0.0
MIR3680-2,0.0
MIR4464,0.0
MIR3194,0.0
RN7SL619P,0.0
ENSG00000266771,0.0
MIR4646,0.0
SH3GL1P1,0.0
MIR4444-2,0.0
MIR3663,0.0
LGALS9DP,0.0
RN7SL7P,0.0
ENSG00000266802,0.0
ENSG00000266806,0.0
MIR548H5,0.0
MIR548AE1,0.0
PPIAP57,0.0
ENSG00000266818,0.0
KPNA2P3,0.0
MIR3689E,0.0
RN7SL712P,0.0
MIR4482,0.0
ITM2BP1,0.0
MIR3910-1,0.0
RPSAP67,0.0
RN7SL123P,0.0
ENSG00000266865,0.0
RN7SL408P,0.0
ENSG00000266876,0.0
ENSG00000266885,0.0
MIR4535,0.0
MIR4634,0.0
ENSG00000266891,0.0
AKR1B1P7,0.0
ENSG00000266906,0.0
ENSG00000266907,0.0
SLC25A6P4,0.0
ENSG00000266910,0.0
MRPS5P4,0.0
ACTBP9,0.0
ENSG00000266929,0.0
ENSG00000266931,0.0
ENSG00000266932,0.0
ENSG00000266938,0.0
RPSAP66,0.0
RPL35P10,0.0
MRPL37P1,0.0
ENSG00000266959,0.0
OR4F8P,0.0
ENSG00000266981,0.0
POLR3GP2,0.0
FTLP5,0.0
DHX40P1,0.0
ENSG00000266994,0.0
ENSG00000266995,0.0
ENSG00000267005,0.0
NTF6A,0.0
LRRC37A16P,0.0
ENSG00000267032,0.0
ENSG00000267036,0.0
E2F3P1,0.0
ENSG00000267048,0.0
ENSG00000267056,0.0
PLEKHB2P1,0.0
MIX23P3,0.0
KRT18P61,0.0
ENSG00000267084,0.0
ENSG00000267085,0.0
ENSG00000267088,0.0
CTBP2P7,0.0
NTF6G,0.0
ENSG00000267102,0.0
ENSG00000267113,0.0
PMM2P2,0.0
RPL10P15,0.0
OR1AC1P,0.0
HMGB3P27,0.0
ENSG00000267135,0.0
ENSG00000267142,0.0
ENSG00000267145,0.0
ENSG00000267148,0.0
ENSG00000267149,0.0
CTBP2P3,0.0
OR1M4P,0.0
TPMTP1,0.0
SDHDP1,0.0
ENSG00000267166,0.0
CALM2P1,0.0
PHF5AP1,0.0
ENSG00000267180,0.0
SNRPCP20,0.0
ENSG00000267184,0.0
PTP4A2P1,0.0
ENSG00000267187,0.0
ENSG00000267188,0.0
ATP5MGP7,0.0
TYMSP2,0.0
MIR212,0.0
MIR132,0.0
SNRPGP4,0.0
ENSG00000267218,0.0
ENSG00000267220,0.0
ENSG00000267227,0.0
HNRNPA3P16,0.0
ZNF861P,0.0
CYP4F10P,0.0
GCM1P1,0.0
WHSC1L2P,0.0
PPIAP58,0.0
VN1R95P,0.0
ENSG00000267271,0.0
ENSG00000267292,0.0
ENSG00000267293,0.0
ENSG00000267295,0.0
RPL23AP77,0.0
ENSG00000267305,0.0
OR4G1P,0.0
ENSG00000267312,0.0
UFM1P2,0.0
SELENOKP1,0.0
SLC25A1P5,0.0
ENSG00000267324,0.0
BOLA3P2,0.0
ASNSP6,0.0
EIF4A2P1,0.0
ENSG00000267340,0.0
ZNF833P,0.0
EIF5AP3,0.0
SH3GL1P3,0.0
RPL9P29,0.0
SEC24AP1,0.0
TAF5LP1,0.0
ENSG00000267370,0.0
ENSG00000267371,0.0
ATP5MGP6,0.0
GAD3P,0.0
SMCO4P1,0.0
ENSG00000267389,0.0
CYP4F9P,0.0
RPL35AP38,0.0
ENSG00000267400,0.0
ENSG00000267404,0.0
ENSG00000267408,0.0
ENSG00000267415,0.0
ELOCP29,0.0
ZNF56P,0.0
ENSG00000267422,0.0
DYNAPP2,0.0
ENSG00000267430,0.0
ENSG00000267433,0.0
ENSG00000267441,0.0
SMUG1P1,0.0
OR1AB1P,0.0
ENSG00000267456,0.0
UBE2V2P2,0.0
ENSG00000267471,0.0
ARHGAP27P2,0.0
ENSG00000267478,0.0
ENSG00000267482,0.0
GLUD1P4,0.0
ENSG00000267487,0.0
ENSG00000267490,0.0
ENSG00000267492,0.0
NFE2L3P1,0.0
ZNF887P,0.0
ENSG00000267507,0.0
ADAD1P2,0.0
HMGN1P31,0.0
ENSG00000267515,0.0
ENSG00000267518,0.0
RPSAP57,0.0
ENSG00000267526,0.0
ENSG00000267533,0.0
MTCO2P2,0.0
HIKESHIP2,0.0
ENSG00000267554,0.0
ENSG00000267558,0.0
STK25P1,0.0
KRT8P5,0.0
ENSG00000267585,0.0
ENSG00000267587,0.0
RPL32P37,0.0
NDUFA3P1,0.0
ENSG00000267591,0.0
ENSG00000267592,0.0
CYP4F24P,0.0
BRCA1P1,0.0
RPIAP1,0.0
SNX33P1,0.0
ENSG00000267611,0.0
ENSG00000267620,0.0
ENSG00000267623,0.0
ENSG00000267624,0.0
ENSG00000267629,0.0
ENSG00000267630,0.0
RPL7L1P5,0.0
BNIP3P16,0.0
MAP1LC3P,0.0
ENSG00000267648,0.0
NPM1P1,0.0
ENSG00000267656,0.0
ENSG00000267661,0.0
PPIAP56,0.0
RPL17P45,0.0
RPLP0P12,0.0
THA1P,0.0
ENSG00000267678,0.0
EIF5AP2,0.0
ENSG00000267681,0.0
NTF6B,0.0
ENSG00000267687,0.0
ENSG00000267689,0.0
SHC1P2,0.0
TAF9P3,0.0
ENSG00000267693,0.0
FRG2LP,0.0
RDM1P3,0.0
ENSG00000267713,0.0
ENSG00000267716,0.0
SRSF10P1,0.0
ENSG00000267725,0.0
ENSG00000267733,0.0
HMGB2P1,0.0
UBE2L4,0.0
SINHCAFP2,0.0
SPICP2,0.0
ENSG00000267745,0.0
RPS10P27,0.0
ENSG00000267756,0.0
ENSG00000267768,0.0
ENSG00000267770,0.0
ENSG00000267771,0.0
ENSG00000267773,0.0
OR7E16P,0.0
SLC25A36P1,0.0
WBP1LP11,0.0
ENSG00000267793,0.0
ENSG00000267794,0.0
NRBF2P1,0.0
MAN1A2P1,0.0
ENSG00000267800,0.0
NDUFV2P1,0.0
ENSG00000267827,0.0
Y_RNA,0.0
ENSG00000267895,0.0
ZSCAN5DP,0.0
SNX6P1,0.0
EIF1P6,0.0
MIR3188,0.0
OR10B1P,0.0
ENSG00000267990,0.0
OR4G4P,0.0
TPM3P5,0.0
ENSG00000268053,0.0
BNIP3P40,0.0
SRP14P4,0.0
OR5AH1P,0.0
ENSG00000268070,0.0
RPL22P5,0.0
BNIP3P30,0.0
ENSG00000268080,0.0
ENSG00000268088,0.0
ZNF725P,0.0
CYP2G2P,0.0
ENSG00000268105,0.0
ENSG00000268116,0.0
VN1R84P,0.0
PCGF7P,0.0
NIFKP6,0.0
VN1R91P,0.0
ENSG00000268153,0.0
Metazoa_SRP,0.0
BNIP3P22,0.0
ENSG00000268209,0.0
EEF1A1P7,0.0
ENSG00000268230,0.0
FKBP4P6,0.0
IGFL1P2,0.0
RPS29P30,0.0
SIGLEC29P,0.0
VN1R78P,0.0
ENSG00000268278,0.0
ARPC1AP2,0.0
ENSG00000268293,0.0
POLR3GP1,0.0
CLEC4GP1,0.0
BNIP3P25,0.0
BNIP3P23,0.0
SIGLEC20P,0.0
VN1R81P,0.0
ENSG00000268379,0.0
MTCO3P42,0.0
ENSG00000268407,0.0
TRMT112P6,0.0
MTDHP3,0.0
BNIP3P27,0.0
ENSG00000268442,0.0
ENSG00000268455,0.0
ENSG00000268461,0.0
BNIP3P38,0.0
ENSG00000268473,0.0
RPL7AP69,0.0
ENSG00000268486,0.0
IFNL3P1,0.0
VN1R83P,0.0
CYP2T3P,0.0
MTDHP4,0.0
VN1R88P,0.0
ENSG00000268543,0.0
VN1R107P,0.0
ENSG00000268575,0.0
SIGLEC18P,0.0
ENSG00000268582,0.0
ENSG00000268589,0.0
ENSG00000268593,0.0
VN1R80P,0.0
ENSG00000268620,0.0
ENSG00000268623,0.0
ENSG00000268652,0.0
LETM1P2,0.0
WBP1LP6,0.0
ENSG00000268669,0.0
COX6CP7,0.0
ENSG00000268685,0.0
BNIP3P26,0.0
ENSG00000268711,0.0
BNIP3P33,0.0
ENSG00000268723,0.0
ISCA1P7,0.0
MTCO3P39,0.0
TGFBR1P1,0.0
COX16P1,0.0
ADGRE4P,0.0
RPL7P50,0.0
VN1R87P,0.0
VN1R90P,0.0
ENSG00000268803,0.0
BNIP3P32,0.0
OR7A1P,0.0
ENSG00000268839,0.0
SIGLEC31P,0.0
SIGLEC22P,0.0
ENSG00000268864,0.0
ENSG00000268866,0.0
ESPNP,0.0
IGFL1P1,0.0
PNMA6B,0.0
ENSG00000268884,0.0
ENSG00000268892,0.0
ENSG00000268903,0.0
VN1R92P,0.0
ENSG00000268922,0.0
CKS1BP3,0.0
MRPS17P1,0.0
CDRT15P7,0.0
ENSG00000268957,0.0
ENSG00000268967,0.0
CDC42EP3P1,0.0
RPL22P6,0.0
VN1R82P,0.0
DNAJC19P3,0.0
ZNF818P,0.0
SLC6A21P,0.0
KRT18P40,0.0
ENSG00000269014,0.0
SIGLEC24P,0.0
ENSG00000269025,0.0
ENSG00000269032,0.0
BNIP3P24,0.0
BNIP3P18,0.0
ENSG00000269069,0.0
ENSG00000269082,0.0
TPRG1LP1,0.0
LSP1P1,0.0
Metazoa_SRP,0.0
FAM90A28P,0.0
HNRNPA1P52,0.0
ENSG00000269130,0.0
BRI3BPP1,0.0
ZNF209P,0.0
LYPLA2P2,0.0
BNIP3P13,0.0
ENSG00000269181,0.0
ENSG00000269188,0.0
RPS27AP19,0.0
ENSG00000269236,0.0
RPL23AP78,0.0
SIGLEC21P,0.0
DNAJC19P2,0.0
ENSG00000269274,0.0
S100A11P8,0.0
FKBP1AP1,0.0
RAD54L2P1,0.0
VN1R93P,0.0
GOLGA2P9,0.0
VN1R85P,0.0
ENSG00000269354,0.0
ENSG00000269373,0.0
ENSG00000269374,0.0
ITGB1P1,0.0
CYCSP7,0.0
ENSG00000269385,0.0
ENSG00000269388,0.0
ENSG00000269419,0.0
ENSG00000269421,0.0
BNIP3P8,0.0
ENSG00000269458,0.0
ENSG00000269471,0.0
ENSG00000269475,0.0
ZNF92P2,0.0
BNIP3P34,0.0
CYP4F23P,0.0
ENSG00000269519,0.0
ENSG00000269540,0.0
CLIC4P2,0.0
OR7A8P,0.0
GPR32P1,0.0
MTDHP5,0.0
HNRNPMP2,0.0
SIGLEC27P,0.0
CRIPTOP7,0.0
ENSG00000269588,0.0
OSTCP3,0.0
MTDHP2,0.0
TP53TG3HP,0.0
RPL12P41,0.0
ENSG00000269651,0.0
BNIP3P39,0.0
OR7A18P,0.0
ENSG00000269681,0.0
FKBP4P2,0.0
ENSG00000269706,0.0
WBP1LP7,0.0
BNIP3P29,0.0
ENSG00000269749,0.0
MARK2P21,0.0
EXOSC3P2,0.0
ENSG00000269765,0.0
DPPA5P1,0.0
ENSG00000269779,0.0
MIR1470,0.0
ENSG00000269786,0.0
OR7A3P,0.0
ENSG00000269794,0.0
PLEKHA3P1,0.0
SCGB2B3P,0.0
ENSG00000269833,0.0
IPO5P1,0.0
ENSG00000269839,0.0
CCNYL6,0.0
ENSG00000269848,0.0
VN1R79P,0.0
ENSG00000269896,0.0
MAP2K4P1,0.0
PTMAP11,0.0
ENSG00000269981,0.0
ENSG00000270008,0.0
BMS1P7,0.0
TSPY6P,0.0
LDHAL6EP,0.0
VTRNA2-1,0.0
ENSG00000270166,0.0
BNIP3P31,0.0
MRPS35P3,0.0
ENSG00000270193,0.0
GTF3C6P3,0.0
ENSG00000270200,0.0
ENSG00000270202,0.0
ENSG00000270204,0.0
ENSG00000270209,0.0
ENSG00000270218,0.0
DUXAP11,0.0
MTCO2P22,0.0
IL9RP6,0.0
ENSG00000270228,0.0
MTND6P22,0.0
NBPF8,0.0
MTCYBP22,0.0
ENSG00000270234,0.0
ENSG00000270236,0.0
ENSG00000270241,0.0
ACTR3BP1,0.0
ENSG00000270243,0.0
ENSG00000270244,0.0
ENSG00000270248,0.0
ENSG00000270251,0.0
ENSG00000270255,0.0
ENSG00000270257,0.0
DUXAP4,0.0
ENSG00000270259,0.0
NDUFB8P2,0.0
CORO1CP1,0.0
IMMP1LP1,0.0
BNIP3P10,0.0
ENSG00000270273,0.0
TRMT112P7,0.0
SMIM15P1,0.0
ENSG00000270281,0.0
ENSG00000270282,0.0
RPS27P30,0.0
ENSG00000270287,0.0
ENSG00000270289,0.0
ENSG00000270292,0.0
DPPA3P8,0.0
XIAPP1,0.0
STX8P1,0.0
PHACTR2P1,0.0
ENSG00000270301,0.0
ENSG00000270304,0.0
TIAL1P1,0.0
MTATP6P2,0.0
TEX101P1,0.0
COX6CP16,0.0
ENSG00000270314,0.0
FIGLAP1,0.0
ENSG00000270322,0.0
ENSG00000270323,0.0
ENSG00000270324,0.0
BNIP3P9,0.0
SMIM15P2,0.0
ENSG00000270328,0.0
ENSG00000270330,0.0
ENSG00000270333,0.0
ENSG00000270335,0.0
ENSG00000270336,0.0
ENSG00000270342,0.0
UNGP3,0.0
ENSG00000270347,0.0
MTND4LP5,0.0
ENSG00000270352,0.0
ENSG00000270354,0.0
ENSG00000270359,0.0
ADAD1P1,0.0
ENSG00000270369,0.0
ATP6V1G1P1,0.0
SMIM11P2,0.0
ENSG00000270378,0.0
ENSG00000270381,0.0
ENSG00000270382,0.0
RNU1-154P,0.0
ENSG00000270385,0.0
ENSG00000270387,0.0
MTCO3P22,0.0
SFXN4P1,0.0
PFN1P2,0.0
ENSG00000270393,0.0
MREGP1,0.0
ENSG00000270397,0.0
ENSG00000270400,0.0
ENSG00000270401,0.0
ENSG00000270402,0.0
ENSG00000270405,0.0
ENSG00000270409,0.0
HSPD1P19,0.0
ENSG00000270413,0.0
DPPA3P3,0.0
REXO1L4P,0.0
ENSG00000270421,0.0
ENSG00000270422,0.0
ENSG00000270423,0.0
ENSG00000270424,0.0
ENSG00000270425,0.0
NRBF2P5,0.0
KNOP1P2,0.0
ENSG00000270430,0.0
PHF5AP4,0.0
OR7E108P,0.0
H3P37,0.0
ENSG00000270434,0.0
ENSG00000270435,0.0
ENSG00000270437,0.0
ENSG00000270440,0.0
LAMB2P1,0.0
ENSG00000270442,0.0
ENSG00000270443,0.0
AZU1P1,0.0
COPS5P2,0.0
RPL34P36,0.0
ENSG00000270447,0.0
ENSG00000270449,0.0
ENSG00000270453,0.0
PABPC1P5,0.0
ENSG00000270456,0.0
ENSG00000270458,0.0
ENSG00000270469,0.0
ENSG00000270470,0.0
ENSG00000270475,0.0
TOMM5P1,0.0
BNIP3P37,0.0
ENSG00000270480,0.0
ENSG00000270484,0.0
ENSG00000270488,0.0
ENSG00000270490,0.0
ENSG00000270491,0.0
MARK2P3,0.0
ENSG00000270493,0.0
ENSG00000270494,0.0
ENSG00000270495,0.0
BNIP3P7,0.0
ENSG00000270497,0.0
MKI67P1,0.0
COX6CP4,0.0
YTHDF2P1,0.0
DPPA3P5,0.0
ENSG00000270507,0.0
ENSG00000270509,0.0
ENSG00000270510,0.0
ENSG00000270512,0.0
ENSG00000270513,0.0
ENSG00000270516,0.0
ENSG00000270518,0.0
ENSG00000270521,0.0
QTRT1P1,0.0
SNRPGP19,0.0
FAM133EP,0.0
CSTBP1,0.0
PEBP1P2,0.0
ENSG00000270533,0.0
ELOCP34,0.0
GCSHP6,0.0
ENSG00000270541,0.0
ENSG00000270542,0.0
ENSG00000270549,0.0
DUXAP3,0.0
ENSG00000270553,0.0
EIF3EP4,0.0
ENSG00000270555,0.0
ENSG00000270558,0.0
APOOP1,0.0
ENSG00000270569,0.0
ENSG00000270570,0.0
ENSG00000270575,0.0
ENSG00000270576,0.0
ENSG00000270577,0.0
ENSG00000270578,0.0
ENSG00000270583,0.0
ENSG00000270584,0.0
SNX2P1,0.0
FAM136DP,0.0
ENSG00000270588,0.0
ENSG00000270591,0.0
ENSG00000270593,0.0
ENSG00000270598,0.0
PPIAP52,0.0
ENSG00000270610,0.0
ENSG00000270611,0.0
ENSG00000270612,0.0
UBXN2AP1,0.0
SGO1P1,0.0
ENSG00000270618,0.0
ENSG00000270619,0.0
ENSG00000270620,0.0
SPCS2P2,0.0
ENSG00000270624,0.0
NUDT19P6,0.0
ENSG00000270627,0.0
ENSG00000270631,0.0
ENSG00000270632,0.0
ENSG00000270634,0.0
ECM1P1,0.0
ENSG00000270646,0.0
CYP2C61P,0.0
DPRXP5,0.0
NUTF2P8,0.0
ENSG00000270655,0.0
ENSG00000270664,0.0
HNRNPA1P67,0.0
ENSG00000270666,0.0
ENSG00000270669,0.0
MARK2P16,0.0
RACK1P2,0.0
ENSG00000270678,0.0
ENSG00000270679,0.0
ENSG00000270680,0.0
ENSG00000270682,0.0
GARIN3P1,0.0
ENSG00000270688,0.0
BUD13P1,0.0
ENSG00000270690,0.0
ENSG00000270691,0.0
ENSG00000270694,0.0
ENSG00000270695,0.0
ENSG00000270698,0.0
ENSG00000270699,0.0
ENSG00000270701,0.0
ENSG00000270702,0.0
ENSG00000270705,0.0
PRMT1P1,0.0
ENSG00000270708,0.0
UFM1P1,0.0
ENSG00000270710,0.0
ENSG00000270711,0.0
ENSG00000270712,0.0
ENSG00000270713,0.0
MICOS10P2,0.0
BNIP3P15,0.0
ENSG00000270718,0.0
ENSG00000270719,0.0
RNVU1-31,0.0
RPL23AP92,0.0
ENSG00000270726,0.0
ENSG00000270727,0.0
ENSG00000270728,0.0
CAPZA1P5,0.0
ENSG00000270733,0.0
ENSG00000270734,0.0
ENSG00000270736,0.0
THAP5P2,0.0
PRELID3BP8,0.0
ENSG00000270745,0.0
S100A11P9,0.0
ENSG00000270749,0.0
ENSG00000270753,0.0
NEK4P3,0.0
OOEPP1,0.0
FXYD6P1,0.0
DDX43P2,0.0
ENSG00000270764,0.0
ENSG00000270766,0.0
ENSG00000270767,0.0
ENSG00000270771,0.0
PDHA1P1,0.0
MARK2P19,0.0
EEF1A1P18,0.0
ENSG00000270776,0.0
BUB1P1,0.0
ENSG00000270779,0.0
RPL13AP10,0.0
ENSG00000270781,0.0
ENSG00000270782,0.0
PDLIM1P1,0.0
ENSG00000270789,0.0
ENSG00000270790,0.0
DPRXP6,0.0
LLPHP1,0.0
ENSG00000270794,0.0
ENSG00000270797,0.0
ENSG00000270798,0.0
ENSG00000270799,0.0
ENSG00000270802,0.0
UBE2CP5,0.0
ENSG00000270807,0.0
ENSG00000270808,0.0
CHCHD2P11,0.0
ENSG00000270811,0.0
ENSG00000270812,0.0
NANOGNBP3,0.0
DMAC1P1,0.0
ENSG00000270815,0.0
ENSG00000270818,0.0
ENSG00000270822,0.0
USP37P1,0.0
ENSG00000270830,0.0
NF1P1,0.0
CMPK1P2,0.0
ENSG00000270835,0.0
HNRNPDLP4,0.0
BBLNP1,0.0
ENSG00000270839,0.0
ENSG00000270842,0.0
MYG1P1,0.0
CHCHD2P3,0.0
ENSG00000270850,0.0
ENSG00000270852,0.0
ATP7BP1,0.0
ENSG00000270856,0.0
ENSG00000270857,0.0
VDAC1P5,0.0
ENSG00000270859,0.0
TMEM69P1,0.0
DDX55P1,0.0
RPL12P48,0.0
ENSG00000270868,0.0
ENSG00000270870,0.0
SRGAP2D,0.0
RPAP2P1,0.0
GCATP1,0.0
ATP5PBP8,0.0
PPP1R14BP4,0.0
ENSG00000270890,0.0
ENSG00000270891,0.0
ENSG00000270892,0.0
ENSG00000270893,0.0
ENSG00000270896,0.0
ENSG00000270897,0.0
NUDT19P4,0.0
ENSG00000270902,0.0
HNRNPA3P9,0.0
ATP6V1G1P5,0.0
MTND4P35,0.0
ENSG00000270909,0.0
ENSG00000270911,0.0
RPS28P1,0.0
ENSG00000270914,0.0
H3P8,0.0
RPL12P50,0.0
ENSG00000270917,0.0
MCRIP2P2,0.0
CICP23,0.0
TAS2R6P,0.0
ENSG00000270924,0.0
ENSG00000270926,0.0
ENSG00000270927,0.0
SRD5A3P1,0.0
GRAMD4P8,0.0
ENSG00000270934,0.0
CDCA7P1,0.0
BPNT2P1,0.0
RAP2CP1,0.0
AK3P7,0.0
HSPE1P7,0.0
MTDHP1,0.0
RPSAP75,0.0
ENSG00000270955,0.0
ENSG00000270957,0.0
ENSG00000270960,0.0
ENSG00000270962,0.0
NTAN1P1,0.0
ENSG00000270966,0.0
ENSG00000270969,0.0
REXO1L8P,0.0
SMARCE1P7,0.0
MAGOH3P,0.0
ENSG00000270976,0.0
ENSG00000270978,0.0
ENSG00000270980,0.0
PCBP2P4,0.0
ENSG00000270982,0.0
ENSG00000270983,0.0
HMGB1P51,0.0
ENSG00000270987,0.0
ENSG00000270989,0.0
ENSG00000270990,0.0
ENSG00000270992,0.0
ENSG00000270993,0.0
ENSG00000270994,0.0
DPPA3P10,0.0
ENSG00000270997,0.0
ENSG00000271002,0.0
ENSG00000271003,0.0
CTHRC1P1,0.0
LSM2P1,0.0
LRRC37A9P,0.0
ENSG00000271014,0.0
ENSG00000271018,0.0
ENSG00000271021,0.0
ENSG00000271022,0.0
HSPE1P19,0.0
ENSG00000271025,0.0
KATNBL1P1,0.0
ENSG00000271027,0.0
ENSG00000271028,0.0
ENSG00000271029,0.0
RNPC3P1,0.0
DPPA3P12,0.0
CLPTM1LP1,0.0
ENSG00000271041,0.0
ENSG00000271042,0.0
ENSG00000271044,0.0
NDUFB9P1,0.0
ENSG00000271047,0.0
ENSG00000271048,0.0
ENSG00000271049,0.0
SRP14P5,0.0
ENSG00000271053,0.0
MRPS22P1,0.0
ENSG00000271057,0.0
SNRPGP17,0.0
ENSG00000271064,0.0
GMCL1P2,0.0
ENSG00000271071,0.0
PHB1P20,0.0
ENSG00000271074,0.0
ENSG00000271075,0.0
PER3P1,0.0
ENSG00000271078,0.0
HIKESHIP3,0.0
ENSG00000271088,0.0
ENSG00000271094,0.0
BNIP3P28,0.0
SUMO2P14,0.0
DBF4P3,0.0
IMMP1LP3,0.0
ENSG00000271099,0.0
ENSG00000271100,0.0
ENSG00000271101,0.0
SCML2P2,0.0
KATNBL1P5,0.0
ENSG00000271111,0.0
TMX1P2,0.0
ENSG00000271114,0.0
EIF2S2P7,0.0
ENSG00000271117,0.0
ENSG00000271118,0.0
NUDT4P2,0.0
ELOCP5,0.0
ENSG00000271127,0.0
ENSG00000271128,0.0
ENSG00000271129,0.0
PPIAP75,0.0
IFITM3P9,0.0
ENSG00000271136,0.0
AKTIPP1,0.0
PRR20FP,0.0
YWHAQP7,0.0
ENSG00000271143,0.0
BNIP3P45,0.0
ENSG00000271149,0.0
ENSG00000271150,0.0
RPL23AP88,0.0
ENSG00000271154,0.0
ENSG00000271157,0.0
WDR4P1,0.0
HINT1P2,0.0
BOLA2P2,0.0
PRR11P1,0.0
NGRNP3,0.0
CFAP97P1,0.0
ENSG00000271166,0.0
SPRING1P1,0.0
TCEAL8P1,0.0
ENSG00000271175,0.0
ENSG00000271177,0.0
BNIP3P46,0.0
COX5AP1,0.0
STMN3P1,0.0
CPSF6P1,0.0
ENSG00000271184,0.0
ENSG00000271187,0.0
RPP40P2,0.0
RNF138P2,0.0
ENSG00000271195,0.0
ENSG00000271196,0.0
VDAC3P1,0.0
PRR13P7,0.0
ENSG00000271205,0.0
MTCO1P22,0.0
BRDTP1,0.0
ENSG00000271211,0.0
ENSG00000271214,0.0
RPL21P136,0.0
ENSG00000271219,0.0
ENSG00000271220,0.0
ENSG00000271222,0.0
BNIP3P4,0.0
SREK1IP1P2,0.0
ENSG00000271230,0.0
KRT18P9,0.0
CARS1P1,0.0
RRBP1P2,0.0
SUMO2P15,0.0
HMGB1P50,0.0
ENSG00000271238,0.0
ENSG00000271240,0.0
PRELID3BP2,0.0
ENSG00000271243,0.0
PAGE4P1,0.0
ENSG00000271248,0.0
DIMT1P1,0.0
ENSG00000271250,0.0
ENSG00000271251,0.0
ENSG00000271253,0.0
ENSG00000271257,0.0
MZT1P1,0.0
LAPTM4BP2,0.0
ENSG00000271267,0.0
ENSG00000271268,0.0
ENSG00000271269,0.0
ENSG00000271272,0.0
ENSG00000271275,0.0
ENSG00000271277,0.0
ELOCP33,0.0
ENSG00000271283,0.0
SMIM12P1,0.0
CYTH1P1,0.0
BCRP9,0.0
COPS8P1,0.0
ENSG00000271291,0.0
H3P19,0.0
ANAPC13P1,0.0
ENSG00000271299,0.0
ENSG00000271302,0.0
DPRXP2,0.0
RAC1P9,0.0
ENSG00000271307,0.0
ENSG00000271309,0.0
ENSG00000271313,0.0
ENSG00000271315,0.0
MOB4P2,0.0
ENSG00000271322,0.0
B3GNTL1P2,0.0
ENSG00000271329,0.0
ENSG00000271330,0.0
ATP5MGP8,0.0
ENSG00000271333,0.0
NDE1P2,0.0
ENSG00000271338,0.0
ENSG00000271339,0.0
ENSG00000271340,0.0
ENSG00000271343,0.0
ENSG00000271346,0.0
ENSG00000271349,0.0
ENSG00000271350,0.0
ENSG00000271353,0.0
ENSG00000271355,0.0
USP21P2,0.0
ENSG00000271357,0.0
ENSG00000271358,0.0
HTATSF1P2,0.0
ANKRD36P2,0.0
ENSG00000271364,0.0
ENSG00000271365,0.0
ENSG00000271368,0.0
ENSG00000271369,0.0
ENSG00000271370,0.0
NANOGP3,0.0
ENSG00000271375,0.0
IFITM3P8,0.0
RBISP2,0.0
ENSG00000271379,0.0
REXO1L9P,0.0
ENSG00000271385,0.0
SRGNP1,0.0
OSBPL9P1,0.0
7SK,0.0
ENSG00000271396,0.0
LIN28AP3,0.0
ENSG00000271399,0.0
CCDC121P1,0.0
MZT1P2,0.0
NAPGP1,0.0
ENSG00000271410,0.0
PRR13P3,0.0
EI24P6,0.0
ENSG00000271414,0.0
RPL23AP90,0.0
ENSG00000271418,0.0
ENSG00000271419,0.0
ENSG00000271421,0.0
CYCSP1,0.0
GLRX5P3,0.0
CENATACP1,0.0
MPHOSPH6P1,0.0
RPL17P51,0.0
PPATP2,0.0
TEKT4P3,0.0
ENSG00000271437,0.0
ENSG00000271439,0.0
COX8CP1,0.0
ENSG00000271443,0.0
ENSG00000271454,0.0
ENSG00000271455,0.0
ENSG00000271456,0.0
ENSG00000271457,0.0
ENSG00000271459,0.0
CKAP2LP1,0.0
ENSG00000271462,0.0
DPRXP7,0.0
SQSTM1P1,0.0
CICP24,0.0
ENSG00000271468,0.0
ENSG00000271475,0.0
ENSG00000271477,0.0
MTND3P19,0.0
ENSG00000271482,0.0
ENSG00000271483,0.0
ABI1P1,0.0
NIPA2P3,0.0
RBM11P1,0.0
ENSG00000271490,0.0
ENSG00000271491,0.0
MEMO1P5,0.0
ENSG00000271494,0.0
ENSG00000271495,0.0
SNRPGP20,0.0
ENSG00000271498,0.0
ENSG00000271499,0.0
ENSG00000271500,0.0
ENSG00000271502,0.0
ENSG00000271507,0.0
ENSG00000271508,0.0
ENSG00000271509,0.0
ENSG00000271511,0.0
ENSG00000271519,0.0
TVP23BP3,0.0
BNIP3P17,0.0
ARF4P1,0.0
ENSG00000271526,0.0
ENSG00000271527,0.0
WBP1LP12,0.0
BBIP1P1,0.0
ENSG00000271536,0.0
ENSG00000271537,0.0
ENSG00000271543,0.0
ENSG00000271544,0.0
ENSG00000271546,0.0
ENSG00000271547,0.0
BNIP3P11,0.0
YPEL5P2,0.0
ENSG00000271558,0.0
ENSG00000271559,0.0
ENSG00000271560,0.0
HIRAP1,0.0
ENSG00000271565,0.0
ENSG00000271568,0.0
ENSG00000271573,0.0
ENSG00000271578,0.0
ENSG00000271580,0.0
ENSG00000271581,0.0
ENSG00000271582,0.0
ENSG00000271583,0.0
SELENOTP2,0.0
ENSG00000271586,0.0
ENSG00000271587,0.0
LARP7P1,0.0
ENSG00000271589,0.0
ELOCP35,0.0
ENSG00000271596,0.0
ENSG00000271597,0.0
ENSG00000271598,0.0
ENSG00000271600,0.0
KRT8P49,0.0
ENSG00000271606,0.0
RBISP4,0.0
ENSG00000271608,0.0
ENSG00000271609,0.0
ENSG00000271611,0.0
HSPE1P14,0.0
ACTG1P22,0.0
ENSG00000271616,0.0
ENSG00000271618,0.0
ENSG00000271621,0.0
ENSG00000271623,0.0
ENSG00000271624,0.0
PSMA6P4,0.0
H3P42,0.0
NKAIN1P2,0.0
ENSG00000271629,0.0
ENSG00000271632,0.0
DBF4P2,0.0
BNIP3P19,0.0
PPFIA1P1,0.0
MARK3P1,0.0
ENSG00000271644,0.0
KRT8P47,0.0
ENSG00000271650,0.0
ENSG00000271652,0.0
ENSG00000271654,0.0
BNIP3P35,0.0
ENSG00000271656,0.0
ENSG00000271657,0.0
ENSG00000271660,0.0
BNIP3P36,0.0
PPP4R2P6,0.0
ENSG00000271664,0.0
ENSG00000271666,0.0
ENSG00000271667,0.0
ENSG00000271671,0.0
DUXAP8,0.0
ENSG00000271676,0.0
ENSG00000271677,0.0
LSM1P2,0.0
ENSG00000271680,0.0
ENSG00000271681,0.0
TVP23CP3,0.0
TNPO3P1,0.0
MTND5P10,0.0
ENSG00000271691,0.0
ENSG00000271693,0.0
ENSG00000271696,0.0
ENSG00000271697,0.0
SNX29P2,0.0
ENSG00000271701,0.0
ENSG00000271702,0.0
BNIP3P20,0.0
RPL17P3,0.0
ATP1B3P1,0.0
NDUFA8P1,0.0
SAP30P1,0.0
ENSG00000271712,0.0
RNU1-29P,0.0
ENSG00000271749,0.0
RN7SKP299,0.0
ENSG00000271779,0.0
SNORA51,0.0
RN7SKP290,0.0
BMS1P4,0.0
U3,0.0
RN7SKP4,0.0
RNU6-94P,0.0
RNU7-10P,0.0
SNORD11B,0.0
MIR98,0.0
OR10AE1P,0.0
ENSG00000271894,0.0
MIR4791,0.0
MIR4466,0.0
ENSG00000271900,0.0
SNORA35B,0.0
DENRP3,0.0
ENSG00000271922,0.0
RNU6-86P,0.0
RNA5SP108,0.0
RNU6-85P,0.0
OR2AS2P,0.0
ADAM6,0.0
RDM1P4,0.0
EVA1CP2,0.0
SNORD58B,0.0
ENSG00000271985,0.0
RN7SL827P,0.0
ENSG00000272006,0.0
SNORA62,0.0
RNU1-30P,0.0
SNORA74,0.0
RNU6-87P,0.0
SNORD14A,0.0
MIR139,0.0
Y_RNA,0.0
RNU6-6P,0.0
RN7SL828P,0.0
MIR502,0.0
RN7SL715P,0.0
Y_RNA,0.0
ENSG00000272134,0.0
NBPF25P,0.0
RNU4-5P,0.0
ENSG00000272164,0.0
ENSG00000272166,0.0
RN7SL803P,0.0
U7,0.0
ENSG00000272220,0.0
MIR3666,0.0
RN7SL726P,0.0
ENSG00000272237,0.0
RNA5SP386,0.0
RNU6-89P,0.0
TPTE2P2,0.0
SNORD96A,0.0
ENSG00000272298,0.0
IFNL4P1,0.0
ENSG00000272319,0.0
RNU6-90P,0.0
SNORD114-21,0.0
ENSG00000272346,0.0
RNU4-89P,0.0
MIR3976,0.0
ENSG00000272383,0.0
ENSG00000272387,0.0
RNU6-92P,0.0
IFNL4,0.0
ENSG00000272400,0.0
ENSG00000272407,0.0
RN7SL778P,0.0
LINC01145,0.0
RNA5SP357,0.0
CUX2P1,0.0
RNU6-91P,0.0
OR13Z2P,0.0
RNU6-84P,0.0
ENSG00000293614,0.0
MIR432,0.0
SNORD115-40,0.0
RN7SL760P,0.0
SNORD113-5,0.0
OR13Z3P,0.0
OR1X1P,0.0
RNU6-88P,0.0
SNORA28,0.0
RN7SL840P,0.0
MIR4787,0.0
GTF2IP13,0.0
OR51F3P,0.0
OR5BL1P,0.0
GUSBP11,0.0
OR10AH1P,0.0
EFCAB3P1,0.0
OR51F5P,0.0
GTF2IP20,0.0
POLR2J4,0.0
OR51C4P,0.0
OR5AO1P,0.0
ENSG00000272679,0.0
OR9I3P,0.0
ENSG00000272714,0.0
STAG3L5P-PVRIG2P-PILRB,0.0
ENSG00000272762,0.0
BMS1P20,0.0
ENSG00000272801,0.0
GCAWKR,0.0
ENSG00000272815,0.0
OR10AE3P,0.0
OR2BH1P,0.0
ENSG00000272884,0.0
CSPG4P5,0.0
OR10Q2P,0.0
OR6U2P,0.0
OR7A19P,0.0
ENSG00000272980,0.0
OR5AL1,0.0
INTS4P2,0.0
ATF4P2,0.0
ENSG00000273046,0.0
OR51F4P,0.0
ENSG00000273066,0.0
OR52E1,0.0
ENSG00000273112,0.0
ENSG00000273184,0.0
ENSG00000273189,0.0
FAM25BP,0.0
OR5BQ1P,0.0
OR2A13P,0.0
ENSG00000273244,0.0
OR7E39P,0.0
OR5BP1P,0.0
ENSG00000273299,0.0
OR6L2P,0.0
CYP4F36P,0.0
OR7M1P,0.0
MICE,0.0
ENSG00000273345,0.0
OR2Q1P,0.0
OR5B15P,0.0
OR13I1P,0.0
ENSG00000273433,0.0
OR8S21P,0.0
ENSG00000273444,0.0
ENSG00000273471,0.0
OR6R2P,0.0
ENSG00000273497,0.0
ENSG00000273499,0.0
MIR6129,0.0
CNTNAP3P1,0.0
ENSG00000273512,0.0
ENSG00000273515,0.0
U1,0.0
Metazoa_SRP,0.0
ENSG00000273532,0.0
ENSG00000273536,0.0
ENSG00000273537,0.0
ENSG00000273541,0.0
SNORA44,0.0
Metazoa_SRP,0.0
MIR6812,0.0
Metazoa_SRP,0.0
REXO1L3P,0.0
ENSG00000273569,0.0
ENSG00000273570,0.0
ENSG00000273571,0.0
Metazoa_SRP,0.0
ENSG00000273580,0.0
OR10G1P,0.0
SNORA78,0.0
ENSG00000273589,0.0
7SK,0.0
MIR7160,0.0
ENSG00000273595,0.0
ENSG00000273596,0.0
ENSG00000273597,0.0
PMS2P10,0.0
ENSG00000273600,0.0
MIR6776,0.0
ENSG00000273609,0.0
RN7SL386P,0.0
ENSG00000273612,0.0
MIR6511A4,0.0
ENSG00000273621,0.0
ENSG00000273623,0.0
MIR4726,0.0
ENSG00000273628,0.0
U7,0.0
ENSG00000273634,0.0
ENSG00000273637,0.0
ENSG00000273639,0.0
WBP1LP8,0.0
PPP1R26P2,0.0
ENSG00000273644,0.0
MIR8065,0.0
ENSG00000273654,0.0
MIR6792,0.0
ENSG00000273658,0.0
ENSG00000273668,0.0
ENSG00000273675,0.0
ENSG00000273677,0.0
ENSG00000273679,0.0
BLVRBP1,0.0
LONRF2P5,0.0
CDRT15P10,0.0
U2,0.0
MRPL57P1,0.0
MIR6760,0.0
ENSG00000273701,0.0
ENSG00000273704,0.0
U2,0.0
Metazoa_SRP,0.0
ENSG00000273712,0.0
ENSG00000273716,0.0
RN7SL343P,0.0
ENSG00000273719,0.0
ENSG00000273720,0.0
ENSG00000273721,0.0
ENSG00000273724,0.0
Metazoa_SRP,0.0
U1,0.0
5_8S_rRNA,0.0
ENSG00000273731,0.0
VN1R74P,0.0
ENSG00000273736,0.0
ENSG00000273739,0.0
MIR6075,0.0
U4,0.0
MIR6870,0.0
ENSG00000273746,0.0
ENSG00000273750,0.0
GOLGA6L26,0.0
MIR6790,0.0
VN1R76P,0.0
ENSG00000273763,0.0
ENSG00000273767,0.0
RNVU1-29,0.0
ENSG00000273773,0.0
MIR6126,0.0
MIR6765,0.0
ENSG00000273782,0.0
ENSG00000273784,0.0
U3,0.0
BNIP3P47,0.0
ENSG00000273800,0.0
ENSG00000273804,0.0
ENSG00000273806,0.0
ENSG00000273813,0.0
RN7SL673P,0.0
ENPP7P7,0.0
ENSG00000273825,0.0
Metazoa_SRP,0.0
MIR7843,0.0
SNORD115-13,0.0
MIR6842,0.0
ENSG00000273840,0.0
ENSG00000273843,0.0
ENSG00000273844,0.0
Metazoa_SRP,0.0
SDR42E1P4,0.0
ENSG00000273851,0.0
ENSG00000273858,0.0
ENSG00000273860,0.0
ENSG00000273863,0.0
Metazoa_SRP,0.0
ENSG00000273870,0.0
SLC25A15P4,0.0
MIR6859-2,0.0
ENSG00000273876,0.0
MIR8066,0.0
ENSG00000273885,0.0
Metazoa_SRP,0.0
SLC20A1P2,0.0
PMS2P8,0.0
MIR6798,0.0
ENSG00000273900,0.0
ENSG00000273904,0.0
CA15P2,0.0
ENSG00000273908,0.0
MIR8068,0.0
Metazoa_SRP,0.0
Y_RNA,0.0
MIR6877,0.0
ENSG00000273933,0.0
ENSG00000273937,0.0
RN7SL722P,0.0
ENSG00000273942,0.0
MIR6853,0.0
RN7SL733P,0.0
ENSG00000273948,0.0
Metazoa_SRP,0.0
ENSG00000273957,0.0
ENSG00000273961,0.0
ENPP7P14,0.0
Y_RNA,0.0
ENSG00000273966,0.0
ENSG00000273974,0.0
Metazoa_SRP,0.0
ENSG00000273978,0.0
Metazoa_SRP,0.0
RN7SL106P,0.0
Metazoa_SRP,0.0
ENSG00000273988,0.0
SDR42E1P1,0.0
ENSG00000273997,0.0
RBM17P2,0.0
ENSG00000274004,0.0
ENSG00000274006,0.0
Metazoa_SRP,0.0
ZFP91P1,0.0
Metazoa_SRP,0.0
RN7SL2,0.0
Metazoa_SRP,0.0
ENSG00000274019,0.0
ENSG00000274022,0.0
ENSG00000274024,0.0
MIR3670-4,0.0
ENSG00000274028,0.0
ENSG00000274033,0.0
MIR6813,0.0
Y_RNA,0.0
ENSG00000274051,0.0
OR7E156P,0.0
MIR4727,0.0
ENSG00000274055,0.0
MIR6507,0.0
RNA5SP534,0.0
MIR6724-2,0.0
U2,0.0
ENSG00000274064,0.0
MIR6514,0.0
ENSG00000274072,0.0
ENSG00000274075,0.0
RN7SL539P,0.0
Metazoa_SRP,0.0
ENSG00000274086,0.0
SNORD1C,0.0
RNA5SP535,0.0
RN7SL787P,0.0
ABCB10P1,0.0
MIR6777,0.0
ALOX15P1,0.0
MIR6081,0.0
ENSG00000274116,0.0
Y_RNA,0.0
ENSG00000274121,0.0
ENSG00000274127,0.0
ENSG00000274133,0.0
MIR6774,0.0
Metazoa_SRP,0.0
ENSG00000274149,0.0
FADS2B,0.0
ENSG00000274154,0.0
ENSG00000274157,0.0
SNX18P1Y,0.0
RNA5SP439,0.0
ENSG00000274167,0.0
RN7SL585P,0.0
ENSG00000274170,0.0
MIR8071-1,0.0
PRAMEF28P,0.0
RBPJP2,0.0
RN7SL248P,0.0
FAM197Y4,0.0
U4,0.0
ENSG00000274199,0.0
U2,0.0
Metazoa_SRP,0.0
RNVU1-27,0.0
ENSG00000274212,0.0
ENSG00000274214,0.0
Metazoa_SRP,0.0
ENSG00000274219,0.0
RNA5SP414,0.0
ENSG00000274230,0.0
ENSG00000274231,0.0
RN7SL818P,0.0
ENSG00000274235,0.0
ENSG00000274242,0.0
ENSG00000274256,0.0
MIR6728,0.0
MIR7702,0.0
SNORA73A,0.0
ENSG00000274269,0.0
ENSG00000274272,0.0
SPATA31E3P,0.0
MIR6069,0.0
ENSG00000274282,0.0
Y_RNA,0.0
ENSG00000274293,0.0
ENSG00000274295,0.0
ENSG00000274299,0.0
MIR6864,0.0
7SK,0.0
MIR5088,0.0
ENSG00000274308,0.0
SNORA71E,0.0
ENSG00000274310,0.0
MIR6749,0.0
ZNF646P1,0.0
RPSAP73,0.0
ENSG00000274321,0.0
ENSG00000274326,0.0
ENSG00000274328,0.0
ENSG00000274330,0.0
ENSG00000274342,0.0
ENSG00000274343,0.0
ENSG00000274344,0.0
ENSG00000274346,0.0
ENSG00000274347,0.0
RN7SL853P,0.0
ENSG00000274351,0.0
ENSG00000274353,0.0
FAM74A3,0.0
ENSG00000274356,0.0
Metazoa_SRP,0.0
ENSG00000274365,0.0
GRAMD4P4,0.0
TUBAP6,0.0
ADAMTS7P1,0.0
ENSG00000274378,0.0
MIR6801,0.0
ENSG00000274381,0.0
U6,0.0
MIR6885,0.0
ENSG00000274396,0.0
ENSG00000274397,0.0
ENSG00000274398,0.0
RNA5SP536,0.0
ENSG00000274409,0.0
MIR6515,0.0
ENSG00000274420,0.0
SEC22B2P,0.0
RN7SL196P,0.0
RNVU1-25,0.0
ENSG00000274430,0.0
U2,0.0
ENSG00000274445,0.0
ENSG00000274446,0.0
ENSG00000274450,0.0
ENSG00000274451,0.0
U2,0.0
GUSBP7,0.0
ENSG00000274458,0.0
Metazoa_SRP,0.0
MIR1273H,0.0
RNA5SP257,0.0
ENSG00000274468,0.0
ENSG00000274471,0.0
Y_RNA,0.0
RN7SL650P,0.0
ENSG00000274481,0.0
Y_RNA,0.0
ENSG00000274486,0.0
NPEPPSP1,0.0
ENSG00000274489,0.0
ENSG00000274491,0.0
MRPS17P5,0.0
MIR6832,0.0
ENSG00000274499,0.0
ENSG00000274500,0.0
ANKRD20A6P,0.0
ENSG00000274503,0.0
Metazoa_SRP,0.0
Metazoa_SRP,0.0
Metazoa_SRP,0.0
ENSG00000274520,0.0
ENSG00000274525,0.0
ENSG00000274532,0.0
SNORD39,0.0
ENSG00000274541,0.0
SNORD28,0.0
ENSG00000274547,0.0
ENSG00000274549,0.0
ENSG00000274551,0.0
MIR6889,0.0
CICP15,0.0
ENSG00000274562,0.0
RN7SL545P,0.0
ENSG00000274569,0.0
SPDYE10,0.0
ZYXP1,0.0
ENSG00000274579,0.0
SNORA16A,0.0
FAM74A4,0.0
ENSG00000274584,0.0
RNU2-1,0.0
Metazoa_SRP,0.0
ENSG00000274594,0.0
DUX4L24,0.0
ENSG00000274601,0.0
PI4KAP1,0.0
Y_RNA,0.0
ENSG00000274606,0.0
RNU6-866P,0.0
BNIP3P14,0.0
ENSG00000274614,0.0
NPEPPSP1,0.0
ENSG00000274617,0.0
MIR378J,0.0
MIR6867,0.0
ENSG00000274625,0.0
CYP4F59P,0.0
ENSG00000274631,0.0
RN7SL719P,0.0
ENSG00000274637,0.0
SNORD109A,0.0
ENSG00000274642,0.0
ENSG00000274647,0.0
ENSG00000274649,0.0
ENSG00000274655,0.0
RN7SL625P,0.0
TBC1D3JP,0.0
Metazoa_SRP,0.0
RN7SKP236,0.0
RNA5SP526,0.0
ENSG00000274664,0.0
ENSG00000274666,0.0
MYO5BP1,0.0
Metazoa_SRP,0.0
ENSG00000274688,0.0
ENSG00000274691,0.0
ENSG00000274693,0.0
MIR6761,0.0
Metazoa_SRP,0.0
ENSG00000274702,0.0
Metazoa_SRP,0.0
MIR486-1,0.0
ENSG00000274709,0.0
Metazoa_SRP,0.0
MIR7974,0.0
U4,0.0
ADAMTS7P5,0.0
ENSG00000274721,0.0
IQSEC3P3,0.0
ENSG00000274730,0.0
ENSG00000274732,0.0
ENSG00000274740,0.0
Metazoa_SRP,0.0
RN7SL627P,0.0
ENSG00000274748,0.0
U2,0.0
ENSG00000274756,0.0
RNA5SP527,0.0
ENSG00000274760,0.0
ENSG00000274769,0.0
MIR6128,0.0
Metazoa_SRP,0.0
FSIP2LP,0.0
ENSG00000274777,0.0
Y_RNA,0.0
Metazoa_SRP,0.0
ENSG00000274800,0.0
MIR6768,0.0
MIR6078,0.0
ENSG00000274813,0.0
ENSG00000274814,0.0
MIR6772,0.0
ENSG00000274817,0.0
ENSG00000274819,0.0
ENSG00000274820,0.0
MIR6762,0.0
APONP,0.0
MIR7152,0.0
ENSG00000274832,0.0
ENSG00000274835,0.0
ENSG00000274836,0.0
ENSG00000274837,0.0
MIR6788,0.0
Metazoa_SRP,0.0
ENSG00000274844,0.0
ENSG00000274845,0.0
Metazoa_SRP,0.0
RN7SL422P,0.0
ENSG00000274855,0.0
Metazoa_SRP,0.0
U2,0.0
ENSG00000274864,0.0
ENSG00000274866,0.0
ENSG00000274867,0.0
ENSG00000274868,0.0
ENSG00000274878,0.0
ENSG00000274879,0.0
Metazoa_SRP,0.0
ENSG00000274884,0.0
SEPTIN14P17,0.0
ENSG00000274892,0.0
ENSG00000274899,0.0
ENSG00000274901,0.0
ENSG00000274903,0.0
ENSG00000274915,0.0
RNA5-8SN5,0.0
ENSG00000274919,0.0
ENSG00000274923,0.0
KMT2CP3,0.0
KRT89P,0.0
ENSG00000274930,0.0
MIR7150,0.0
ENSG00000274934,0.0
MIR8083,0.0
TEX28P1,0.0
RN7SL600P,0.0
ENSG00000274966,0.0
Y_RNA,0.0
MIR6771,0.0
ENSG00000274970,0.0
BSNDP2,0.0
MIR6735,0.0
ENSG00000274977,0.0
Y_RNA,0.0
PTCHD3P1,0.0
MIR6750,0.0
MIR6876,0.0
MIR8056,0.0
SNORA17A,0.0
MIR8052,0.0
ENSG00000275001,0.0
ZFAND2AP2,0.0
Y_RNA,0.0
ALOXE3P1,0.0
ENSG00000275012,0.0
RN7SL166P,0.0
ENSG00000275015,0.0
ENSG00000275017,0.0
MIR6753,0.0
GXYLT1P4,0.0
HMGB1P24,0.0
RNU6-538P,0.0
ENSG00000275033,0.0
MIR8086,0.0
Metazoa_SRP,0.0
SNORD25,0.0
ENSG00000275046,0.0
BSNDP1,0.0
ENSG00000275054,0.0
PPP1R26P3,0.0
SEPTIN7P15,0.0
PDE4DIPP5,0.0
MIR6825,0.0
U6,0.0
ENSG00000275069,0.0
Metazoa_SRP,0.0
ENSG00000275071,0.0
SNORD50B,0.0
ENSG00000275075,0.0
ENSG00000275078,0.0
SNORD91B,0.0
RN7SL296P,0.0
ENSG00000275094,0.0
MIR6766,0.0
ENSG00000275103,0.0
MIR6782,0.0
U7,0.0
MIR6504,0.0
ENSG00000275110,0.0
ENSG00000275115,0.0
ENSG00000275121,0.0
SNORD116-22,0.0
RN7SL203P,0.0
ENSG00000275129,0.0
ENSG00000275130,0.0
PDE4DIPP2,0.0
RN7SL663P,0.0
ENSG00000275134,0.0
ENSG00000275138,0.0
SEC22B3P,0.0
MIR6888,0.0
SCARNA16,0.0
SNX18P5,0.0
ENSG00000275146,0.0
U3,0.0
ENSG00000275157,0.0
RPL7AP45,0.0
ENSG00000275161,0.0
MIR6814,0.0
MIR6815,0.0
FRG2MP,0.0
U6,0.0
FAM9CP1,0.0
ENSG00000275201,0.0
ENSG00000275206,0.0
MIR6740,0.0
MIR6745,0.0
ENSG00000275210,0.0
Metazoa_SRP,0.0
RNA5-8SN3,0.0
U2,0.0
Metazoa_SRP,0.0
ENSG00000275227,0.0
RNU1-68P,0.0
RN7SL544P,0.0
ENSG00000275231,0.0
MIR4734,0.0
ENSG00000275250,0.0
ENSG00000275254,0.0
MRPS31P1,0.0
MIR6511A1,0.0
ENSG00000275266,0.0
U7,0.0
MIR6780A,0.0
ENSG00000275280,0.0
Metazoa_SRP,0.0
RNVU1-26,0.0
Metazoa_SRP,0.0
ENSG00000275295,0.0
ENSG00000275296,0.0
RNA5SP528,0.0
ENSG00000275307,0.0
ENSG00000275310,0.0
ENSG00000275312,0.0
ENSG00000275314,0.0
ENSG00000275315,0.0
ENSG00000275318,0.0
Metazoa_SRP,0.0
ENSG00000275320,0.0
PDCD6IPP1,0.0
SPDYE19P,0.0
MIR5787,0.0
MIR8088,0.0
RN7SL680P,0.0
ENSG00000275339,0.0
FGD5P1,0.0
MIR6503,0.0
ENSG00000275348,0.0
ENSG00000275350,0.0
ENSG00000275352,0.0
Metazoa_SRP,0.0
ENSG00000275359,0.0
MIR6868,0.0
ENSG00000275361,0.0
Metazoa_SRP,0.0
MPHOSPH10P9,0.0
ENSG00000275372,0.0
MIR6124,0.0
GUSBP19,0.0
MIR1299,0.0
ENSG00000275381,0.0
ENSG00000275386,0.0
ENSG00000275387,0.0
MIR6770-3,0.0
ENSG00000275400,0.0
U1,0.0
ENSG00000275406,0.0
MIR6882,0.0
ENSG00000275414,0.0
ENSG00000275419,0.0
VN1R18P,0.0
MIR6862-1,0.0
YPEL5P4,0.0
ENSG00000275448,0.0
MIR6859-3,0.0
MIR6085,0.0
MIR548O2,0.0
MIR7852,0.0
MIR6809,0.0
Metazoa_SRP,0.0
ENSG00000275461,0.0
ENSG00000275468,0.0
MIR6130,0.0
ENSG00000275480,0.0
ENSG00000275488,0.0
ENSG00000275490,0.0
ENSG00000275497,0.0
ENSG00000275502,0.0
ENSG00000275503,0.0
U7,0.0
H3P25,0.0
ENSG00000275508,0.0
ENSG00000275515,0.0
MIR6718,0.0
MIR6804,0.0
MIR6508,0.0
SNORD115-26,0.0
SNORD116-4,0.0
RNVU1-19,0.0
ENSG00000275540,0.0
ENSG00000275547,0.0
ENSG00000275550,0.0
RN7SKP175,0.0
ENSG00000275559,0.0
SEPTIN7P12,0.0
ENSG00000275578,0.0
Metazoa_SRP,0.0
RN7SL341P,0.0
ENSG00000275589,0.0
VN1R7P,0.0
ANAPC1P5,0.0
ENSG00000275598,0.0
WDR53P1,0.0
ENSG00000275609,0.0
DUX4L21,0.0
U2,0.0
ENSG00000275625,0.0
U1,0.0
ENSG00000275634,0.0
U7,0.0
MIR6793,0.0
Metazoa_SRP,0.0
RBM22P6,0.0
ENSG00000275646,0.0
ENSG00000275647,0.0
MIR6851,0.0
MIR6796,0.0
ENSG00000275654,0.0
RN7SL313P,0.0
ENSG00000275656,0.0
ENSG00000275661,0.0
SNORD112,0.0
ENSG00000275664,0.0
ENSG00000275666,0.0
MIR6839,0.0
MIR6744,0.0
MIR8076,0.0
ENSG00000275675,0.0
Metazoa_SRP,0.0
ENSG00000275681,0.0
ENSG00000275689,0.0
MIR6724-4,0.0
ENSG00000275693,0.0
UBE2Q2P6,0.0
Metazoa_SRP,0.0
MIR3648-1,0.0
MIR6795,0.0
ENSG00000275716,0.0
ENSG00000275725,0.0
MIR6088,0.0
ENSG00000275733,0.0
Y_RNA,0.0
ENSG00000275756,0.0
5_8S_rRNA,0.0
ENSG00000275767,0.0
SLC2AXP1,0.0
MIR6505,0.0
OR4G6P,0.0
ENSG00000275772,0.0
RN7SL185P,0.0
ENSG00000275785,0.0
OR7G15P,0.0
Metazoa_SRP,0.0
MIR8064,0.0
EIF5P2,0.0
ENSG00000275801,0.0
RN7SL736P,0.0
Metazoa_SRP,0.0
MIR8082,0.0
HTR1DP1,0.0
MIR6500,0.0
MIR6818,0.0
ENSG00000275823,0.0
ENSG00000275826,0.0
ENSG00000275827,0.0
CHEK2P1,0.0
ENSG00000275833,0.0
ENSG00000275834,0.0
MIR6068,0.0
ENSG00000275839,0.0
Metazoa_SRP,0.0
MIR941-5,0.0
Metazoa_SRP,0.0
ENSG00000275856,0.0
MIR6720,0.0
ENSG00000275860,0.0
ENSG00000275862,0.0
MIR7975,0.0
ENSG00000275866,0.0
MIR8054,0.0
ENSG00000275875,0.0
5_8S_rRNA,0.0
RN7SL43P,0.0
Metazoa_SRP,0.0
IKBKGP1,0.0
U3,0.0
Metazoa_SRP,0.0
Y_RNA,0.0
ENSG00000275905,0.0
NAPGP2,0.0
ENSG00000275908,0.0
Metazoa_SRP,0.0
ENSG00000275915,0.0
ENSG00000275919,0.0
MIR6807,0.0
REXO1L11P,0.0
ENSG00000275929,0.0
Y_RNA,0.0
7SK,0.0
ENSG00000275939,0.0
MRPL57P3,0.0
ENSG00000275942,0.0
EIF3FP1,0.0
ENSG00000275948,0.0
MIR6724-1,0.0
YAP1P3,0.0
ENSG00000275956,0.0
ENSG00000275958,0.0
ENSG00000275959,0.0
RN7SL210P,0.0
MIR6880,0.0
ENSG00000275968,0.0
ENSG00000275971,0.0
Metazoa_SRP,0.0
SPDYE11,0.0
Metazoa_SRP,0.0
ENSG00000275980,0.0
ENSG00000275981,0.0
Y_RNA,0.0
U1,0.0
SPACA7BP,0.0
RN7SL327P,0.0
SNORA24,0.0
SNORD27,0.0
ENSG00000275997,0.0
Metazoa_SRP,0.0
ENSG00000276003,0.0
REXO1L12P,0.0
RN7SL301P,0.0
ENSG00000276015,0.0
ENSG00000276019,0.0
RNU12,0.0
MIR4477A,0.0
RN7SL197P,0.0
RNA5SP440,0.0
ENSG00000276039,0.0
DUX4L13,0.0
RN7SL711P,0.0
ENSG00000276048,0.0
ENSG00000276055,0.0
ENSG00000276057,0.0
STMN1P1,0.0
ENSG00000276064,0.0
SLC23A4P,0.0
ENSG00000276074,0.0
MIR7156,0.0
MIR7976,0.0
RN7SL620P,0.0
ENSG00000276089,0.0
SNORA70,0.0
Metazoa_SRP,0.0
ENSG00000276098,0.0
ENSG00000276100,0.0
MIR6747,0.0
U4,0.0
ENSG00000276105,0.0
ENSG00000276109,0.0
ENSG00000276118,0.0
Metazoa_SRP,0.0
MIR6855,0.0
ENSG00000276127,0.0
MIR6133,0.0
U6,0.0
ENSG00000276140,0.0
WHAMMP3,0.0
MIR548AY,0.0
ENSG00000276149,0.0
ENSG00000276150,0.0
ENSG00000276156,0.0
MIR1264,0.0
GGTLC5P,0.0
SNORA17B,0.0
MIR5739,0.0
DUX4L20,0.0
RN7SL1,0.0
MIR6871,0.0
ELMO2P1,0.0
MIR6090,0.0
Y_RNA,0.0
ENSG00000276179,0.0
MIR6794,0.0
U6,0.0
ENSG00000276185,0.0
ENSG00000276189,0.0
Metazoa_SRP,0.0
ENSG00000276197,0.0
RN7SL820P,0.0
Metazoa_SRP,0.0
ENSG00000276204,0.0
ENSG00000276205,0.0
ENSG00000276206,0.0
ENSG00000276208,0.0
Metazoa_SRP,0.0
ENSG00000276214,0.0
MIR8057,0.0
ENSG00000276225,0.0
ENSG00000276229,0.0
ENSG00000276233,0.0
ENSG00000276257,0.0
MIR6799,0.0
ENSG00000276277,0.0
RN7SL126P,0.0
RBBP4P3,0.0
FRG1HP,0.0
ENSG00000276294,0.0
ENSG00000276298,0.0
ENSG00000276304,0.0
RN7SKP251,0.0
MIR6511A3,0.0
ENSG00000276312,0.0
SNORD107,0.0
OR8G7P,0.0
GTF2IP8,0.0
MIR8079,0.0
MIR2909,0.0
ENSG00000276332,0.0
MIR6858,0.0
ENSG00000276351,0.0
MIR668,0.0
Metazoa_SRP,0.0
Metazoa_SRP,0.0
ENSG00000276362,0.0
MIR145,0.0
U3,0.0
ENSG00000276375,0.0
U7,0.0
UBE2NL,0.0
ENSG00000276385,0.0
CNTNAP3P2,0.0
ENSG00000276388,0.0
ENSG00000276391,0.0
ENSG00000276393,0.0
Metazoa_SRP,0.0
ENSG00000276398,0.0
VN1R9P,0.0
MIR6835,0.0
ENSG00000276413,0.0
ENSG00000276426,0.0
IGLL4P,0.0
ENSG00000276428,0.0
ENSG00000276431,0.0
RNA5SP529,0.0
FKBP4P8,0.0
ENSG00000276460,0.0
ENSG00000276467,0.0
ENSG00000276470,0.0
ENSG00000276474,0.0
BNIP3P44,0.0
ENSG00000276478,0.0
MIR548AZ,0.0
PLA2G10IP,0.0
ENSG00000276486,0.0
MIR6829,0.0
Metazoa_SRP,0.0
ENSG00000276494,0.0
ENSG00000276496,0.0
ENSG00000276507,0.0
ENSG00000276514,0.0
ENSG00000276520,0.0
ENSG00000276521,0.0
RN7SL462P,0.0
Metazoa_SRP,0.0
ENSG00000276528,0.0
ENSG00000276530,0.0
SNX19P4,0.0
Metazoa_SRP,0.0
ENSG00000276535,0.0
ENSG00000276538,0.0
REXO1L10P,0.0
RN7SL453P,0.0
PCDHGB9P,0.0
Y_RNA,0.0
ENSG00000276548,0.0
HERC2P2,0.0
ENSG00000276556,0.0
RN7SL565P,0.0
ENSG00000276563,0.0
Metazoa_SRP,0.0
ENSG00000276569,0.0
ENSG00000276570,0.0
MIR6895,0.0
MRPL30P1,0.0
RNU6-467P,0.0
ENSG00000276578,0.0
MIR8055,0.0
MIR6737,0.0
ENSG00000276586,0.0
RN7SL322P,0.0
PHB1P6,0.0
U2,0.0
MIR6893,0.0
RNA5SP411,0.0
Metazoa_SRP,0.0
ENSG00000276605,0.0
ENSG00000276609,0.0
SNORD64,0.0
ENSG00000276620,0.0
MIR6499,0.0
ENSG00000276623,0.0
7SK,0.0
ENSG00000276632,0.0
ENSG00000276637,0.0
MIR7154,0.0
MIR6769A,0.0
ENSG00000276642,0.0
ENSG00000276643,0.0
Metazoa_SRP,0.0
KRTAP12-5P,0.0
ENSG00000276650,0.0
RN7SL856P,0.0
MIR6083,0.0
DDX20P1,0.0
ENSG00000276664,0.0
ENSG00000276667,0.0
Metazoa_SRP,0.0
ENSG00000276670,0.0
ENSG00000276673,0.0
ENSG00000276675,0.0
ENSG00000276678,0.0
ENSG00000276680,0.0
ENSG00000276685,0.0
ENSG00000276689,0.0
ENSG00000276690,0.0
Y_RNA,0.0
RNA5-8SN4,0.0
RPS29P32,0.0
ENSG00000276706,0.0
CSPG4P10,0.0
U2,0.0
MIR7111,0.0
Metazoa_SRP,0.0
YWHAEP7,0.0
PRSS47P,0.0
ENSG00000276721,0.0
ENSG00000276722,0.0
Y_RNA,0.0
Metazoa_SRP,0.0
ENSG00000276730,0.0
MIR7158,0.0
Metazoa_SRP,0.0
ENSG00000276738,0.0
Metazoa_SRP,0.0
MIR6821,0.0
ENSG00000276755,0.0
KMT2CP2,0.0
RN7SL192P,0.0
ENSG00000276758,0.0
ENSG00000276763,0.0
Metazoa_SRP,0.0
MIR8073,0.0
MIR6752,0.0
MIR6780B,0.0
ENSG00000276771,0.0
Metazoa_SRP,0.0
ENSG00000276784,0.0
SNORD26,0.0
MRGPRX8P,0.0
Metazoa_SRP,0.0
ENSG00000276805,0.0
ENSG00000276810,0.0
ENSG00000276822,0.0
Metazoa_SRP,0.0
MIR7159,0.0
ENSG00000276828,0.0
ENSG00000276829,0.0
MIR6730,0.0
CDRT15P6,0.0
MIR6127,0.0
Metazoa_SRP,0.0
PMS2P13,0.0
ENSG00000276841,0.0
SNORD115-46,0.0
ENSG00000276845,0.0
MIR6715A,0.0
ENSG00000276859,0.0
5S_rRNA,0.0
MIR7151,0.0
ENSG00000276868,0.0
MIR6729,0.0
5_8S_rRNA,0.0
ENSG00000276872,0.0
ENSG00000276873,0.0
MIR6074,0.0
ENSG00000276884,0.0
Metazoa_SRP,0.0
RN7SL238P,0.0
ENSG00000276892,0.0
RAB28P4,0.0
ENSG00000276897,0.0
Y_RNA,0.0
DUX4L14,0.0
MIR7106,0.0
FGFR3P3,0.0
MIR8080,0.0
Metazoa_SRP,0.0
ENSG00000276919,0.0
SPMIP3P1,0.0
MIR6797,0.0
ENSG00000276928,0.0
ENSG00000276929,0.0
Y_RNA,0.0
PLCE1P1,0.0
MIR4509-1,0.0
ENSG00000276945,0.0
ENSG00000276949,0.0
ENSG00000276951,0.0
Metazoa_SRP,0.0
RN7SL769P,0.0
ENSG00000276958,0.0
ENSG00000276960,0.0
MIR7848,0.0
ENSG00000276963,0.0
DUX4L23,0.0
ENSG00000276965,0.0
HYDIN2,0.0
Metazoa_SRP,0.0
ENSG00000276991,0.0
ENSG00000276992,0.0
REXO1L2P,0.0
DUSP12P1,0.0
Metazoa_SRP,0.0
ENSG00000277003,0.0
RNA5SP412,0.0
TEX28P2,0.0
TEX28P3,0.0
MIR3179-4,0.0
ENSG00000277024,0.0
RNU6-1192P,0.0
MIR8071-2,0.0
RN7SL796P,0.0
SNORA71,0.0
ENSG00000277035,0.0
Metazoa_SRP,0.0
ENSG00000277040,0.0
ENSG00000277041,0.0
EEF1A1P42,0.0
RNA5SP530,0.0
Metazoa_SRP,0.0
MIR6763,0.0
GTF2IP1,0.0
ENSG00000277056,0.0
MIR6779,0.0
RN7SL88P,0.0
MIR8084,0.0
ENSG00000277066,0.0
STAG3L2,0.0
MIR6131,0.0
ENSG00000289133,0.0
ENSG00000277081,0.0
PRSS3P3,0.0
RNU2-4P,0.0
ENSG00000277095,0.0
ENSG00000277096,0.0
ENSG00000277099,0.0
ENSG00000277103,0.0
SNORD49B,0.0
ENSG00000277109,0.0
ANKRD20A21P,0.0
Metazoa_SRP,0.0
ENSG00000277119,0.0
MIR6089,0.0
ENSG00000277124,0.0
PMS2P14,0.0
Metazoa_SRP,0.0
ENSG00000277129,0.0
ENSG00000277133,0.0
Metazoa_SRP,0.0
MIR6509,0.0
Metazoa_SRP,0.0
LILRA2P1,0.0
ENSG00000277146,0.0
TOMM40P1,0.0
ENSG00000277162,0.0
Metazoa_SRP,0.0
ENSG00000277171,0.0
GAPDHP41,0.0
ENSG00000277174,0.0
SNORA9,0.0
ENSG00000277188,0.0
ENSG00000277191,0.0
SNORD22,0.0
RN7SL270P,0.0
MIR8063,0.0
ENSG00000277206,0.0
ENSG00000277211,0.0
SDR42E1P2,0.0
ENSG00000277217,0.0
ENSG00000277227,0.0
Metazoa_SRP,0.0
RNU1-5P,0.0
FGFR3P4,0.0
MIR3118-3,0.0
U2,0.0
MIR6784,0.0
Metazoa_SRP,0.0
ENSG00000277252,0.0
CICP28,0.0
MIR7854,0.0
MIR6833,0.0
RN7SL556P,0.0
ENSG00000277269,0.0
DUX4L22,0.0
ENSG00000277289,0.0
ENSG00000277290,0.0
RN7SL489P,0.0
ATP5F1AP10,0.0
ENSG00000277304,0.0
ENSG00000277306,0.0
Metazoa_SRP,0.0
ENSG00000277311,0.0
7SK,0.0
HSPBAP1P1,0.0
ENSG00000277319,0.0
ENSG00000277320,0.0
SPDYE20P,0.0
ENSG00000277340,0.0
RNU6-489P,0.0
RNU1-6P,0.0
CICP25,0.0
NPAP1P7,0.0
ENSG00000277358,0.0
NEK2P1,0.0
SNORD49A,0.0
Metazoa_SRP,0.0
U1,0.0
MIR6724-3,0.0
Metazoa_SRP,0.0
MIR8058,0.0
MIR8053,0.0
MIR6881,0.0
Metazoa_SRP,0.0
ENSG00000277397,0.0
MIR6891,0.0
SEC22B4P,0.0
ENSG00000277408,0.0
H2BP5,0.0
5S_rRNA,0.0
ENSG00000277413,0.0
RNA5SP531,0.0
REXO1L6P,0.0
ENSG00000277426,0.0
Y_RNA,0.0
ENSG00000277435,0.0
REXO1L5P,0.0
ENSG00000277437,0.0
KDM5DP1,0.0
ENSG00000277444,0.0
Metazoa_SRP,0.0
ENSG00000277447,0.0
RN7SL473P,0.0
Metazoa_SRP,0.0
ENSG00000277458,0.0
ENSG00000277460,0.0
RN7SL286P,0.0
ENSG00000277465,0.0
ENSG00000277466,0.0
RN7SL628P,0.0
ENSG00000277468,0.0
ENSG00000277469,0.0
Metazoa_SRP,0.0
MIR6894,0.0
MIR6165,0.0
ENSG00000277479,0.0
RN7SL321P,0.0
SAGE3P,0.0
5S_rRNA,0.0
ENSG00000277490,0.0
ENSG00000277492,0.0
ENSG00000277493,0.0
ENSG00000277498,0.0
ENSG00000277499,0.0
ENSG00000277500,0.0
ENSG00000277502,0.0
MPHOSPH10P5,0.0
RN7SL802P,0.0
BSNDP3,0.0
ENSG00000277509,0.0
Metazoa_SRP,0.0
SNORD65,0.0
ENSG00000277513,0.0
OR52Q1P,0.0
RN7SL495P,0.0
ENSG00000277516,0.0
OFD1P16Y,0.0
MIR8078,0.0
ENSG00000277524,0.0
NF1P10,0.0
ENSG00000277532,0.0
MIR8077,0.0
ENSG00000277542,0.0
ENSG00000277544,0.0
ENSG00000277549,0.0
ENSG00000277553,0.0
GOLGA8IP,0.0
ENSG00000277562,0.0
ENSG00000277563,0.0
ENSG00000277565,0.0
ENSG00000277568,0.0
MIR6134,0.0
ENSG00000277572,0.0
ENSG00000277575,0.0
ENSG00000277576,0.0
ENSG00000277577,0.0
Metazoa_SRP,0.0
RN7SL428P,0.0
ENSG00000277583,0.0
MIR6806,0.0
MIR7845,0.0
RN7SL575P,0.0
Metazoa_SRP,0.0
ENSG00000277598,0.0
ENSG00000277599,0.0
Y_RNA,0.0
Metazoa_SRP,0.0
ENSG00000277608,0.0
RNVU1-4,0.0
U6,0.0
Metazoa_SRP,0.0
ENSG00000277618,0.0
Metazoa_SRP,0.0
Y_RNA,0.0
Metazoa_SRP,0.0
MIR8061,0.0
RN7SL469P,0.0
ENSG00000277640,0.0
ENSG00000277646,0.0
ENSG00000277647,0.0
ENSG00000277653,0.0
ENSG00000277655,0.0
Metazoa_SRP,0.0
ENSG00000277670,0.0
ENSG00000277671,0.0
ENSG00000277672,0.0
ENSG00000277673,0.0
Metazoa_SRP,0.0
RNU1-153P,0.0
MIR6739,0.0
ENSG00000277689,0.0
ENSG00000277690,0.0
ENSG00000277694,0.0
MIR6770-2,0.0
ENSG00000277702,0.0
ENSG00000277704,0.0
ENSG00000277705,0.0
PGBD4P2,0.0
NBEAP5,0.0
ENSG00000277711,0.0
MIR6856,0.0
U6,0.0
H3C5P,0.0
Metazoa_SRP,0.0
ENSG00000277732,0.0
5_8S_rRNA,0.0
Metazoa_SRP,0.0
GOLGA6L17P,0.0
ENSG00000277743,0.0
ENSG00000277746,0.0
ENSG00000277747,0.0
ENSG00000277748,0.0
ENSG00000277752,0.0
U3,0.0
ENSG00000277755,0.0
MIR6719,0.0
RN7SL261P,0.0
ENSG00000277764,0.0
ENSG00000277766,0.0
RBM22P4,0.0
PLA2G10GP,0.0
Metazoa_SRP,0.0
RN7SL763P,0.0
Y_RNA,0.0
MIR6786,0.0
SNORD116-21,0.0
Metazoa_SRP,0.0
ENSG00000277795,0.0
ENSG00000277803,0.0
ENSG00000277809,0.0
MIR6738,0.0
Y_RNA,0.0
ENSG00000277826,0.0
ENSG00000277828,0.0
ENSG00000277830,0.0
MIR5701-2,0.0
MIR6811,0.0
SNORD30,0.0
ENSG00000277852,0.0
ENSG00000277859,0.0
PRAMEF34P,0.0
SCARNA15,0.0
ENSG00000277866,0.0
ENSG00000277867,0.0
ENSG00000277869,0.0
MIR6817,0.0
ENSG00000277876,0.0
ENSG00000277878,0.0
ENSG00000277881,0.0
ENSG00000277882,0.0
NLRP3P1,0.0
SNORA50C,0.0
MIR6846,0.0
MIR8081,0.0
U6,0.0
MIR6746,0.0
MLECP1,0.0
Metazoa_SRP,0.0
U2,0.0
MIR7850,0.0
ENSG00000277907,0.0
MIR8089,0.0
ENSG00000277913,0.0
DDX6P2,0.0
ENSG00000277916,0.0
RNVU1-28,0.0
MIR8067,0.0
ENSG00000277920,0.0
ENSG00000277922,0.0
U6,0.0
ENSG00000277941,0.0
MIR8075,0.0
RN7SL478P,0.0
SNORD3D,0.0
ENSG00000277948,0.0
Metazoa_SRP,0.0
ENSG00000277952,0.0
Metazoa_SRP,0.0
Metazoa_SRP,0.0
ENSG00000277966,0.0
ENSG00000277967,0.0
ENSG00000277968,0.0
ENSG00000277973,0.0
CSTP2,0.0
ENSG00000277977,0.0
ENSG00000277981,0.0
ENSG00000277984,0.0
SNORA67,0.0
U4,0.0
FAM30B,0.0
ENSG00000277994,0.0
ENSG00000277998,0.0
ENSG00000278001,0.0
ENSG00000278004,0.0
Metazoa_SRP,0.0
PPP1R26P4,0.0
ENSG00000278009,0.0
SNORA70,0.0
ENSG00000278020,0.0
ENSG00000278026,0.0
Y_RNA,0.0
MIR6731,0.0
MIR6076,0.0
ENSG00000278039,0.0
ENSG00000278040,0.0
ENSG00000278045,0.0
U2,0.0
ENSG00000278050,0.0
ENSG00000278054,0.0
ENSG00000278055,0.0
ENSG00000278066,0.0
ENSG00000278068,0.0
MIR6072,0.0
ENSG00000278072,0.0
MIR6726,0.0
ENSG00000278077,0.0
ENSG00000278078,0.0
ENSG00000278083,0.0
SNORD115-7,0.0
MIR7973-1,0.0
RNVU1-2A,0.0
Metazoa_SRP,0.0
ENSG00000278102,0.0
MIR8060,0.0
ENSG00000278104,0.0
ENSG00000278106,0.0
MIR6757,0.0
Metazoa_SRP,0.0
SUSD2P2,0.0
ENSG00000278113,0.0
AQP7P5,0.0
SNORD116-28,0.0
RN7SL186P,0.0
ENSG00000278128,0.0
ENSG00000278130,0.0
ENSG00000278131,0.0
U2,0.0
CLUHP11,0.0
NF1P7,0.0
ENSG00000278144,0.0
ENSG00000278151,0.0
MIR8062,0.0
ENSG00000278160,0.0
IL9RP5,0.0
Metazoa_SRP,0.0
ENSG00000278180,0.0
ENSG00000278181,0.0
ENSG00000278182,0.0
NF1P11,0.0
U6,0.0
RNA5-8SN1,0.0
ENSG00000278193,0.0
ENSG00000278197,0.0
GOLGA6L9-AS1,0.0
MIR6857,0.0
ENSG00000278205,0.0
ENSG00000278206,0.0
ENSG00000278212,0.0
CNTNAP3P5,0.0
ENSG00000278215,0.0
ENSG00000278217,0.0
ENSG00000278218,0.0
MIR6511A2,0.0
RN7SL536P,0.0
MIR6783,0.0
Metazoa_SRP,0.0
RNA5-8SN2,0.0
U2,0.0
ENSG00000278236,0.0
ENSG00000278237,0.0
RN7SL725P,0.0
SCARNA2,0.0
Metazoa_SRP,0.0
ENSG00000278256,0.0
SNORD1A,0.0
MIR6803,0.0
MIR6770-1,0.0
MIR6859-1,0.0
KMT2CP1,0.0
SNORA61,0.0
ENSG00000278275,0.0
MIR6816,0.0
MIR7856,0.0
ENSG00000278283,0.0
ENSG00000278287,0.0
RFPL4AP6,0.0
5_8S_rRNA,0.0
GRAMD4P3,0.0
ENSG00000278313,0.0
H3P46,0.0
ENSG00000278319,0.0
ENSG00000278324,0.0
MIR6802,0.0
RNU6-156P,0.0
ENSG00000278332,0.0
ENSG00000278333,0.0
ENSG00000278334,0.0
ENSG00000278337,0.0
MIR6862-2,0.0
ENSG00000278342,0.0
ENSG00000278346,0.0
Metazoa_SRP,0.0
MIR6754,0.0
ENSG00000278358,0.0
MIR7155,0.0
U4,0.0
ENSG00000278381,0.0
ENSG00000278382,0.0
ENSG00000278388,0.0
ENSG00000278391,0.0
ENSG00000278395,0.0
ENSG00000278399,0.0
ENSG00000278400,0.0
ENSG00000278404,0.0
ENSG00000278406,0.0
ENSG00000278410,0.0
MIR6854,0.0
ENSG00000278413,0.0
PMS2P2,0.0
MIR6512,0.0
MIR6819,0.0
ENSG00000278421,0.0
RN7SL331P,0.0
ENSG00000278424,0.0
ENSG00000278428,0.0
MIR6070,0.0
MIR7849,0.0
ENSG00000278441,0.0
ENSG00000278446,0.0
MIR6781,0.0
MIR6892,0.0
ENSG00000278454,0.0
CICP21,0.0
5S_rRNA,0.0
Metazoa_SRP,0.0
MIR6769B,0.0
Metazoa_SRP,0.0
ENSG00000278477,0.0
ENSG00000278478,0.0
ZBTB2P1,0.0
ENSG00000278482,0.0
MIR8087,0.0
ENSG00000278485,0.0
YRDCP1,0.0
ENSG00000278487,0.0
ENSG00000278496,0.0
RN7SL759P,0.0
ENSG00000278498,0.0
MIR6082,0.0
ENSG00000278510,0.0
ENSG00000278513,0.0
MIR6865,0.0
MIR7851,0.0
Y_RNA,0.0
MIR6810,0.0
RN7SL607P,0.0
ENSG00000278526,0.0
SNORD22,0.0
PLA2G10KP,0.0
MIR8070,0.0
CHMP1B2P,0.0
ENSG00000278531,0.0
ENSG00000278541,0.0
ENSG00000278543,0.0
MIR6736,0.0
RNU6-368P,0.0
ENSG00000278552,0.0
Metazoa_SRP,0.0
PTPN20CP,0.0
Metazoa_SRP,0.0
MIR7161,0.0
ENSG00000278572,0.0
ENSG00000278573,0.0
ENSG00000278577,0.0
ENSG00000278580,0.0
MIR6080,0.0
DNM1P5,0.0
SNX3P1Y,0.0
ENSG00000278586,0.0
ENSG00000278587,0.0
ZACNP1,0.0
RN7SL113P,0.0
U2,0.0
ENSG00000278592,0.0
ENSG00000278593,0.0
ENSG00000278594,0.0
MIR6077,0.0
MIR6775,0.0
ENSG00000278602,0.0
ENSG00000278603,0.0
RN7SL429P,0.0
BEND3P3,0.0
MIR8074,0.0
MIR8069,0.0
U6,0.0
SOWAHCP5,0.0
ENSG00000278635,0.0
Metazoa_SRP,0.0
Metazoa_SRP,0.0
DUX4L15,0.0
ENSG00000278643,0.0
CDK2AP2P1,0.0
ENSG00000278650,0.0
ENSG00000278654,0.0
ENSG00000278655,0.0
MIR6826,0.0
DUX4L10,0.0
ENSG00000278665,0.0
ENSG00000278667,0.0
MIR8059,0.0
ENSG00000278673,0.0
CYCSP41,0.0
ENSG00000278681,0.0
ENSG00000278683,0.0
ENSG00000278684,0.0
ENSG00000278687,0.0
ENSG00000278694,0.0
RN7SL82P,0.0
Metazoa_SRP,0.0
Metazoa_SRP,0.0
Metazoa_SRP,0.0
ENSG00000278708,0.0
SNORD116-20,0.0
ENSG00000278720,0.0
Metazoa_SRP,0.0
ENSG00000278725,0.0
Metazoa_SRP,0.0
ENSG00000278734,0.0
ENSG00000278736,0.0
MIR6859-4,0.0
ENSG00000278744,0.0
ENSG00000278745,0.0
RN7SL660P,0.0
ENSG00000278752,0.0
ENSG00000278754,0.0
MIR6722,0.0
U6,0.0
DUX4L11,0.0
FAM27B,0.0
Metazoa_SRP,0.0
Metazoa_SRP,0.0
RN7SL3,0.0
ENSG00000278773,0.0
U2,0.0
ENSG00000278775,0.0
ENSG00000278778,0.0
MIR6071,0.0
Metazoa_SRP,0.0
DUX4L12,0.0
ENSG00000278791,0.0
U6,0.0
Metazoa_SRP,0.0
ENSG00000278797,0.0
MIR6823,0.0
ENSG00000278802,0.0
ENSG00000278813,0.0
Metazoa_SRP,0.0
ENSG00000278819,0.0
ENSG00000278822,0.0
ENSG00000278824,0.0
RN7SL640P,0.0
ENSG00000278830,0.0
ENSG00000278837,0.0
Metazoa_SRP,0.0
ENSG00000278842,0.0
MIR6879,0.0
ENSG00000278852,0.0
ENSG00000278854,0.0
ENSG00000278859,0.0
ENSG00000278860,0.0
ENSG00000278861,0.0
ENSG00000278862,0.0
ENSG00000278863,0.0
ENSG00000278864,0.0
ENSG00000278865,0.0
ENSG00000278866,0.0
ENSG00000278867,0.0
ENSG00000278872,0.0
PRO1804,0.0
ENSG00000278874,0.0
ENSG00000278875,0.0
ENSG00000278876,0.0
ENSG00000278877,0.0
ENSG00000278879,0.0
ENSG00000278880,0.0
ENSG00000278885,0.0
ENSG00000278886,0.0
ENSG00000278887,0.0
ENSG00000278891,0.0
ENSG00000278892,0.0
ENSG00000278893,0.0
ENSG00000278894,0.0
ENSG00000278895,0.0
ENSG00000278896,0.0
ENSG00000278897,0.0
ENSG00000278898,0.0
ENSG00000278900,0.0
ENSG00000278902,0.0
ENSG00000278905,0.0
ENSG00000278908,0.0
ENSG00000278909,0.0
ENSG00000278911,0.0
ENSG00000278912,0.0
ENSG00000278913,0.0
ENSG00000278914,0.0
ENSG00000278917,0.0
ENSG00000278918,0.0
ENSG00000278922,0.0
ENSG00000278924,0.0
ENSG00000278926,0.0
ENSG00000278928,0.0
ENSG00000278929,0.0
ENSG00000278931,0.0
ENSG00000278933,0.0
ENSG00000278934,0.0
ENSG00000278935,0.0
SMG6-IT1,0.0
ENSG00000278942,0.0
ENSG00000278943,0.0
ENSG00000278944,0.0
ENSG00000278945,0.0
ENSG00000278948,0.0
ENSG00000278949,0.0
ENSG00000278950,0.0
ENSG00000278952,0.0
ENSG00000278953,0.0
ENSG00000278954,0.0
ENSG00000278957,0.0
ENSG00000278958,0.0
ENSG00000278959,0.0
ENSG00000278962,0.0
ENSG00000278963,0.0
ENSG00000278964,0.0
ENSG00000278965,0.0
ENSG00000278966,0.0
ENSG00000278967,0.0
ENSG00000278969,0.0
ENSG00000278971,0.0
ENSG00000278972,0.0
ENSG00000278973,0.0
ENSG00000278974,0.0
ENSG00000278975,0.0
ENSG00000278977,0.0
ENSG00000278979,0.0
ENSG00000278980,0.0
ENSG00000278982,0.0
ENSG00000278983,0.0
ENSG00000278985,0.0
ENSG00000278986,0.0
ENSG00000278987,0.0
ENSG00000278988,0.0
ENSG00000278989,0.0
ENSG00000278990,0.0
ENSG00000278991,0.0
ENSG00000278992,0.0
ENSG00000278993,0.0
ENSG00000278994,0.0
ENSG00000278995,0.0
ENSG00000278997,0.0
ENSG00000278998,0.0
ENSG00000278999,0.0
ENSG00000279001,0.0
ENSG00000279002,0.0
ENSG00000279004,0.0
ENSG00000279005,0.0
ENSG00000279009,0.0
ENSG00000279011,0.0
ENSG00000279013,0.0
ENSG00000279014,0.0
ENSG00000279015,0.0
ENSG00000279016,0.0
ENSG00000279017,0.0
ENSG00000279019,0.0
C18orf15,0.0
ENSG00000279021,0.0
ENSG00000279022,0.0
ENSG00000279023,0.0
ENSG00000279024,0.0
ENSG00000279025,0.0
ENSG00000279026,0.0
ENSG00000279029,0.0
ENSG00000279030,0.0
ENSG00000279031,0.0
ENSG00000279032,0.0
ENSG00000279033,0.0
ENSG00000279034,0.0
ENSG00000279035,0.0
ENSG00000279036,0.0
ENSG00000279040,0.0
ENSG00000279041,0.0
ENSG00000279042,0.0
ENSG00000279043,0.0
ENSG00000279044,0.0
ENSG00000279045,0.0
ENSG00000279046,0.0
ENSG00000279048,0.0
PWAR1,0.0
ENSG00000279056,0.0
ENSG00000279057,0.0
ENSG00000279059,0.0
ENSG00000279061,0.0
CDRT15P8,0.0
ENSG00000279063,0.0
ENSG00000279065,0.0
ENSG00000279067,0.0
ENSG00000279069,0.0
ENSG00000279071,0.0
ENSG00000279074,0.0
ENSG00000279075,0.0
ENSG00000279076,0.0
ENSG00000279077,0.0
ENSG00000279083,0.0
ENSG00000279086,0.0
ENSG00000279087,0.0
ENSG00000279088,0.0
ENSG00000279089,0.0
ENSG00000279090,0.0
ENSG00000279092,0.0
ENSG00000279093,0.0
ENSG00000279095,0.0
ENSG00000279097,0.0
ENSG00000279098,0.0
ENSG00000279099,0.0
ENSG00000279100,0.0
ENSG00000279103,0.0
ENSG00000279104,0.0
ENSG00000279106,0.0
ENSG00000279108,0.0
ENSG00000279113,0.0
ENSG00000279114,0.0
ENSG00000279117,0.0
ENSG00000279118,0.0
ENSG00000279120,0.0
ENSG00000279121,0.0
ENSG00000279122,0.0
ENSG00000279123,0.0
IGSF3P1,0.0
ENSG00000279125,0.0
ENSG00000279127,0.0
ENSG00000279128,0.0
ENSG00000279129,0.0
ENSG00000279130,0.0
ENSG00000279133,0.0
ENSG00000279134,0.0
ENSG00000279135,0.0
ENSG00000279136,0.0
ENSG00000279137,0.0
ENSG00000279138,0.0
ENSG00000279139,0.0
ENSG00000279140,0.0
ENSG00000279142,0.0
ENSG00000279143,0.0
ENSG00000279144,0.0
ENSG00000279146,0.0
ENSG00000279147,0.0
ENSG00000279148,0.0
ENSG00000279149,0.0
ENSG00000279155,0.0
ENSG00000279156,0.0
ENSG00000279157,0.0
ENSG00000279160,0.0
ENSG00000279161,0.0
ENSG00000279162,0.0
ENSG00000279163,0.0
ENSG00000279164,0.0
ENSG00000279165,0.0
ENSG00000279166,0.0
ENSG00000279167,0.0
ENSG00000279171,0.0
ENSG00000279172,0.0
ENSG00000279173,0.0
ENSG00000279174,0.0
ENSG00000279176,0.0
CTBP2P9,0.0
ENSG00000279179,0.0
ENSG00000279180,0.0
ENSG00000279181,0.0
ENSG00000279186,0.0
ENSG00000279187,0.0
ENSG00000279189,0.0
ENSG00000279190,0.0
PWAR5,0.0
ENSG00000279193,0.0
ENSG00000279196,0.0
ENSG00000279197,0.0
ENSG00000279198,0.0
ENSG00000279199,0.0
ENSG00000279200,0.0
ENSG00000279201,0.0
ENSG00000279202,0.0
ENSG00000279203,0.0
ENSG00000279204,0.0
ENSG00000279205,0.0
ENSG00000279207,0.0
ENSG00000279208,0.0
ENSG00000279209,0.0
ENSG00000279211,0.0
ENSG00000279212,0.0
SNX18P10,0.0
ENSG00000279214,0.0
ENSG00000279218,0.0
ENSG00000279221,0.0
ENSG00000279222,0.0
ENSG00000279223,0.0
ENSG00000279225,0.0
ENSG00000279227,0.0
ENSG00000279228,0.0
ENSG00000279231,0.0
ENSG00000279233,0.0
ENSG00000279235,0.0
ENSG00000279236,0.0
ENSG00000279237,0.0
ENSG00000279239,0.0
ENSG00000279246,0.0
ENSG00000279248,0.0
ENSG00000279250,0.0
ENSG00000279251,0.0
ENSG00000279253,0.0
ENSG00000279254,0.0
ENSG00000279255,0.0
ENSG00000279256,0.0
ENSG00000279259,0.0
ENSG00000279262,0.0
ENSG00000279264,0.0
ENSG00000279265,0.0
ENSG00000279266,0.0
ENSG00000279267,0.0
ENSG00000279268,0.0
ENSG00000279269,0.0
ENSG00000279271,0.0
ENSG00000279273,0.0
ENSG00000279275,0.0
ENSG00000279276,0.0
ENSG00000279281,0.0
ENSG00000279283,0.0
ENSG00000279284,0.0
ENSG00000279285,0.0
ENSG00000279286,0.0
ENSG00000279288,0.0
ENSG00000279289,0.0
ENSG00000279294,0.0
ENSG00000279295,0.0
PRAL,0.0
ENSG00000279297,0.0
ENSG00000279299,0.0
ENSG00000279300,0.0
ENSG00000279302,0.0
ENSG00000279303,0.0
ENSG00000279304,0.0
ENSG00000279305,0.0
ENSG00000279306,0.0
NDUFAF2P1,0.0
ENSG00000279310,0.0
ENSG00000279311,0.0
ENSG00000279314,0.0
ENSG00000279315,0.0
ENSG00000279319,0.0
ENSG00000279320,0.0
ENSG00000279322,0.0
ENSG00000279324,0.0
ENSG00000279326,0.0
ENSG00000279328,0.0
ENSG00000279329,0.0
ENSG00000279330,0.0
RBM12B-AS1,0.0
ENSG00000279332,0.0
ENSG00000279333,0.0
ENSG00000279334,0.0
ENSG00000279337,0.0
ENSG00000279339,0.0
ENSG00000279340,0.0
ENSG00000279343,0.0
ENSG00000279344,0.0
ENSG00000279347,0.0
ENSG00000279348,0.0
ENSG00000279349,0.0
ENSG00000279352,0.0
ENSG00000279353,0.0
ENSG00000279354,0.0
ENSG00000279356,0.0
ENSG00000279357,0.0
ENSG00000279358,0.0
ENSG00000279359,0.0
ENSG00000279360,0.0
ENSG00000279361,0.0
ENSG00000279364,0.0
ENSG00000279365,0.0
ENSG00000279366,0.0
ENSG00000279367,0.0
ENSG00000279368,0.0
ENSG00000279369,0.0
ENSG00000279370,0.0
ENSG00000279372,0.0
ENSG00000279373,0.0
ENSG00000279376,0.0
ENSG00000279377,0.0
ENSG00000279378,0.0
ENSG00000279379,0.0
ENSG00000279381,0.0
ENSG00000279382,0.0
ENSG00000279384,0.0
ENSG00000279388,0.0
ENSG00000279390,0.0
ENSG00000279391,0.0
ENSG00000279392,0.0
ENSG00000279393,0.0
ENSG00000279394,0.0
ENSG00000279397,0.0
ENSG00000279398,0.0
ENSG00000279399,0.0
ENSG00000279401,0.0
ENSG00000279403,0.0
ENSG00000279404,0.0
ENSG00000279405,0.0
ENSG00000279406,0.0
ENSG00000279407,0.0
ENSG00000279409,0.0
ENSG00000279410,0.0
ENSG00000279411,0.0
ENSG00000279412,0.0
CDRT15P9,0.0
ENSG00000279415,0.0
ENSG00000279416,0.0
ENSG00000279417,0.0
ENSG00000279419,0.0
ENSG00000279420,0.0
ENSG00000279421,0.0
ENSG00000279422,0.0
ENSG00000279423,0.0
ENSG00000279425,0.0
ENSG00000279426,0.0
ENSG00000279427,0.0
ENSG00000279428,0.0
ENSG00000279429,0.0
ENSG00000279430,0.0
ENSG00000279431,0.0
ENSG00000279432,0.0
ENSG00000279433,0.0
ENSG00000279434,0.0
ENSG00000279437,0.0
ENSG00000279438,0.0
ENSG00000279439,0.0
ENSG00000279441,0.0
ENSG00000279443,0.0
ENSG00000279444,0.0
OR4N3BP,0.0
ENSG00000279446,0.0
ENSG00000279447,0.0
ENSG00000279450,0.0
ENSG00000279452,0.0
ENSG00000279453,0.0
ENSG00000279454,0.0
ENSG00000279455,0.0
ENSG00000279458,0.0
ENSG00000279459,0.0
ENSG00000279460,0.0
ENSG00000279462,0.0
ENSG00000279464,0.0
ENSG00000279465,0.0
ENSG00000279466,0.0
ENSG00000279469,0.0
ENSG00000279470,0.0
ENSG00000279474,0.0
ENSG00000279475,0.0
ENSG00000279476,0.0
ENSG00000279477,0.0
ENSG00000279478,0.0
ENSG00000279479,0.0
ENSG00000279480,0.0
ENSG00000279481,0.0
ENSG00000279482,0.0
KLHL30-AS1,0.0
ENSG00000279485,0.0
ENSG00000279488,0.0
ENSG00000279489,0.0
ENSG00000279490,0.0
ENSG00000279491,0.0
ENSG00000279495,0.0
ENSG00000279497,0.0
ENSG00000279498,0.0
ENSG00000279499,0.0
ENSG00000279500,0.0
ENSG00000279502,0.0
ENSG00000279503,0.0
ENSG00000279504,0.0
ENSG00000279505,0.0
ENSG00000279507,0.0
ENSG00000279509,0.0
ENSG00000279511,0.0
ENSG00000279512,0.0
ENSG00000279513,0.0
ENSG00000279518,0.0
ENSG00000279519,0.0
ENSG00000279520,0.0
ENSG00000279521,0.0
ENSG00000279523,0.0
ENSG00000279525,0.0
ENSG00000279526,0.0
ENSG00000279527,0.0
ENSG00000279528,0.0
ENSG00000279531,0.0
ENSG00000279532,0.0
ENSG00000279534,0.0
ENSG00000279536,0.0
ENSG00000279537,0.0
ENSG00000279539,0.0
ENSG00000279541,0.0
ENSG00000279542,0.0
ENSG00000279543,0.0
ENSG00000279544,0.0
ENSG00000279549,0.0
ENSG00000279550,0.0
ENSG00000279551,0.0
ENSG00000279554,0.0
ENSG00000279555,0.0
ENSG00000279557,0.0
ENSG00000279559,0.0
ENSG00000279561,0.0
ENSG00000279562,0.0
ENSG00000279565,0.0
ENSG00000279567,0.0
ENSG00000279568,0.0
ENSG00000279569,0.0
ENSG00000279570,0.0
ENSG00000279573,0.0
ENSG00000279575,0.0
ENSG00000279578,0.0
ENSG00000279581,0.0
ENSG00000279583,0.0
ENSG00000279584,0.0
ENSG00000279585,0.0
ENSG00000279586,0.0
ENSG00000279587,0.0
ENSG00000279589,0.0
ENSG00000279590,0.0
ENSG00000279591,0.0
ENSG00000279592,0.0
ENSG00000279593,0.0
ENSG00000279594,0.0
ENSG00000279595,0.0
ENSG00000279598,0.0
ENSG00000279599,0.0
ENSG00000279600,0.0
ENSG00000279601,0.0
ENSG00000279602,0.0
ENSG00000279603,0.0
ENSG00000279604,0.0
ENSG00000279605,0.0
ENSG00000279606,0.0
ENSG00000279608,0.0
ENSG00000279609,0.0
C20orf181,0.0
ENSG00000279611,0.0
ENSG00000279613,0.0
ENSG00000279615,0.0
ENSG00000279616,0.0
ENSG00000279617,0.0
ENSG00000279619,0.0
ENSG00000279620,0.0
ENSG00000279621,0.0
ENSG00000279625,0.0
DUX4L28,0.0
ENSG00000279628,0.0
ENSG00000279629,0.0
ENSG00000279630,0.0
ENSG00000279631,0.0
ENSG00000279632,0.0
ENSG00000279633,0.0
ENSG00000279635,0.0
ENSG00000279637,0.0
ENSG00000279638,0.0
ENSG00000279639,0.0
ENSG00000279640,0.0
ENSG00000279641,0.0
ENSG00000279642,0.0
ENSG00000279647,0.0
ENSG00000279648,0.0
ENSG00000279649,0.0
ENSG00000279650,0.0
ENSG00000279653,0.0
ENSG00000279655,0.0
ENSG00000279656,0.0
ENSG00000279657,0.0
ENSG00000279660,0.0
ENSG00000279662,0.0
ENSG00000279663,0.0
ENSG00000279665,0.0
ENSG00000279666,0.0
ENSG00000279667,0.0
ENSG00000279670,0.0
ENSG00000279671,0.0
ENSG00000279674,0.0
ENSG00000279675,0.0
ENSG00000279676,0.0
ENSG00000279677,0.0
ENSG00000279678,0.0
ENSG00000279679,0.0
ENSG00000279681,0.0
ENSG00000279682,0.0
ENSG00000279683,0.0
ENSG00000279684,0.0
AQP7P3,0.0
ENSG00000279689,0.0
ENSG00000279690,0.0
ENSG00000279691,0.0
ENSG00000279692,0.0
ENSG00000279693,0.0
ENSG00000279694,0.0
ENSG00000279695,0.0
ENSG00000279696,0.0
ENSG00000279697,0.0
ENSG00000279698,0.0
ENSG00000279699,0.0
ENSG00000279700,0.0
ENSG00000279701,0.0
ENSG00000279702,0.0
ENSG00000279703,0.0
ENSG00000279704,0.0
ENSG00000279705,0.0
ENSG00000279706,0.0
ENSG00000279707,0.0
ENSG00000279708,0.0
ENSG00000279709,0.0
ENSG00000279711,0.0
ENSG00000279713,0.0
ENSG00000279715,0.0
ENSG00000279716,0.0
ENSG00000279717,0.0
SNX18P12,0.0
ENSG00000279719,0.0
SOWAHCP2,0.0
ENSG00000279721,0.0
ENSG00000279722,0.0
ENSG00000279725,0.0
ENSG00000279728,0.0
ENSG00000279729,0.0
KMT5AP1,0.0
ENSG00000279732,0.0
ENSG00000279733,0.0
ENSG00000279734,0.0
ENSG00000279737,0.0
ENSG00000279739,0.0
ENSG00000279741,0.0
ENSG00000279742,0.0
ENSG00000279743,0.0
ENSG00000279744,0.0
ENSG00000279746,0.0
ENSG00000279747,0.0
ENSG00000279748,0.0
ENSG00000279749,0.0
ENSG00000279752,0.0
ENSG00000279753,0.0
ENSG00000279754,0.0
ENSG00000279755,0.0
ENSG00000279756,0.0
ENSG00000279757,0.0
ENSG00000279758,0.0
ENSG00000279759,0.0
ENSG00000279764,0.0
ENSG00000279766,0.0
LINC00552,0.0
ENSG00000279773,0.0
ENSG00000279774,0.0
ENSG00000279775,0.0
ENSG00000279779,0.0
ENSG00000279780,0.0
ENSG00000279781,0.0
ENSG00000279783,0.0
ENSG00000279785,0.0
ENSG00000279786,0.0
ENSG00000279788,0.0
ENSG00000279789,0.0
ENSG00000279790,0.0
ENSG00000279791,0.0
ENSG00000279792,0.0
ENSG00000279793,0.0
ENSG00000279794,0.0
ENSG00000279795,0.0
ENSG00000279796,0.0
ENSG00000279798,0.0
ENSG00000279799,0.0
BCLAF1P2,0.0
ENSG00000279801,0.0
ENSG00000279803,0.0
ENSG00000279805,0.0
ENSG00000279806,0.0
ENSG00000279807,0.0
ENSG00000279810,0.0
ENSG00000279811,0.0
ENSG00000279812,0.0
ENSG00000279814,0.0
ENSG00000279815,0.0
ENSG00000279817,0.0
ENSG00000279818,0.0
ENSG00000279819,0.0
ENSG00000279821,0.0
ENSG00000279822,0.0
ENSG00000279825,0.0
ENSG00000279827,0.0
ENSG00000279829,0.0
ENSG00000279834,0.0
ENSG00000279835,0.0
ENSG00000279836,0.0
ENSG00000279837,0.0
ENSG00000279839,0.0
ENSG00000279840,0.0
ENSG00000279841,0.0
ENSG00000279842,0.0
ENSG00000279844,0.0
ENSG00000279845,0.0
ENSG00000279846,0.0
ENSG00000279852,0.0
ENSG00000279853,0.0
ENSG00000279856,0.0
ENSG00000279858,0.0
ENSG00000279859,0.0
ENSG00000279860,0.0
ENSG00000279861,0.0
ENSG00000279862,0.0
ENSG00000279863,0.0
NCOR1P4,0.0
ENSG00000279865,0.0
ENSG00000279869,0.0
ENSG00000279872,0.0
ENSG00000279874,0.0
ENSG00000279875,0.0
ENSG00000279876,0.0
ENSG00000279878,0.0
ENSG00000279879,0.0
ENSG00000279880,0.0
ENSG00000279881,0.0
ENSG00000279882,0.0
ENSG00000279883,0.0
ENSG00000279884,0.0
ENSG00000279885,0.0
ENSG00000279886,0.0
ENSG00000279887,0.0
ENSG00000279889,0.0
FLJ42393,0.0
ENSG00000279894,0.0
ENSG00000279895,0.0
ENSG00000279900,0.0
ENSG00000279901,0.0
SLC7A2-IT1,0.0
ENSG00000279905,0.0
ENSG00000279908,0.0
ENSG00000279910,0.0
ENSG00000279912,0.0
ENSG00000279913,0.0
ENSG00000279917,0.0
ENSG00000279918,0.0
ENSG00000279919,0.0
ENSG00000279923,0.0
ENSG00000279924,0.0
ENSG00000279925,0.0
ENSG00000279926,0.0
ENSG00000279929,0.0
ENSG00000279930,0.0
ENSG00000279931,0.0
ENSG00000279933,0.0
ENSG00000279935,0.0
ENSG00000279936,0.0
ENSG00000279939,0.0
ENSG00000279940,0.0
ENSG00000279942,0.0
FLJ38576,0.0
ENSG00000279945,0.0
ENSG00000279946,0.0
ENSG00000279951,0.0
ENSG00000279952,0.0
ENSG00000279953,0.0
ENSG00000279955,0.0
ENSG00000279957,0.0
ENSG00000279958,0.0
ENSG00000279959,0.0
ENSG00000279960,0.0
ENSG00000279962,0.0
ENSG00000279964,0.0
LINC03032,0.0
ENSG00000279966,0.0
ENSG00000279967,0.0
ENSG00000279970,0.0
ENSG00000279971,0.0
ENSG00000279972,0.0
ENSG00000279976,0.0
ENSG00000279977,0.0
ENSG00000279979,0.0
GABARAPL3,0.0
ENSG00000279981,0.0
ENSG00000279982,0.0
ENSG00000279985,0.0
ENSG00000279989,0.0
RPSAP68,0.0
ENSG00000279991,0.0
ENSG00000279993,0.0
ENSG00000279994,0.0
ENSG00000279995,0.0
ENSG00000279996,0.0
ENSG00000279997,0.0
ENSG00000280000,0.0
ENSG00000280002,0.0
ENSG00000280003,0.0
ENSG00000280009,0.0
ENSG00000280010,0.0
RPL23AP61,0.0
ENSG00000280013,0.0
ENSG00000280014,0.0
ENSG00000280015,0.0
ENSG00000280016,0.0
ENSG00000280017,0.0
ENSG00000280019,0.0
ENSG00000280020,0.0
ENSG00000280022,0.0
ENSG00000280023,0.0
ENSG00000280024,0.0
ENSG00000280027,0.0
ENSG00000280028,0.0
ENSG00000280032,0.0
ENSG00000280033,0.0
ENSG00000280035,0.0
ENSG00000280037,0.0
DNM1P41,0.0
RN7SKP23,0.0
SNX7-DT,0.0
ENSG00000280042,0.0
ENSG00000280043,0.0
ENSG00000280044,0.0
ENSG00000280046,0.0
ENSG00000280047,0.0
ENSG00000280048,0.0
ENSG00000280049,0.0
ENSG00000280051,0.0
ENSG00000280053,0.0
ENSG00000280054,0.0
LINC02912,0.0
ENSG00000280056,0.0
ENSG00000280057,0.0
ENSG00000280059,0.0
ENSG00000280060,0.0
ENSG00000280061,0.0
ENSG00000280062,0.0
ENSG00000280063,0.0
ENSG00000280064,0.0
ENSG00000280067,0.0
ENSG00000280068,0.0
ENSG00000280069,0.0
ENSG00000280070,0.0
ENSG00000280073,0.0
ENSG00000280078,0.0
ENSG00000280079,0.0
ENSG00000280082,0.0
ENSG00000280083,0.0
ENSG00000280085,0.0
ENSG00000280086,0.0
ENSG00000280087,0.0
ENSG00000280088,0.0
ENSG00000280089,0.0
ENSG00000280091,0.0
ENSG00000280092,0.0
ENSG00000280093,0.0
ENSG00000280096,0.0
ENSG00000280097,0.0
ENSG00000280099,0.0
ENSG00000280103,0.0
ENSG00000280104,0.0
ENSG00000280105,0.0
ENSG00000280106,0.0
ENSG00000280107,0.0
ENSG00000280110,0.0
ENSG00000280114,0.0
ENSG00000280115,0.0
ENSG00000280117,0.0
ENSG00000280119,0.0
ENSG00000280120,0.0
ENSG00000280121,0.0
ENSG00000280124,0.0
ENSG00000280125,0.0
ENSG00000280128,0.0
ENSG00000280129,0.0
ENSG00000280131,0.0
ENSG00000280132,0.0
ENSG00000280134,0.0
ENSG00000280135,0.0
ENSG00000280137,0.0
ENSG00000280138,0.0
ENSG00000280139,0.0
ENSG00000280140,0.0
ENSG00000280142,0.0
ENSG00000280143,0.0
ENSG00000280144,0.0
ENSG00000280147,0.0
ENSG00000280149,0.0
ENSG00000280150,0.0
ENSG00000280152,0.0
ENSG00000280153,0.0
ENSG00000280154,0.0
ENSG00000280155,0.0
ENSG00000280157,0.0
ENSG00000280159,0.0
ENSG00000280160,0.0
ENSG00000280161,0.0
ENSG00000280162,0.0
ENSG00000280163,0.0
ENSG00000280166,0.0
ENSG00000280167,0.0
ENSG00000280168,0.0
ENSG00000280171,0.0
ENSG00000280172,0.0
ENSG00000280173,0.0
ENSG00000280176,0.0
ENSG00000280177,0.0
ENSG00000280180,0.0
ENSG00000280181,0.0
ENSG00000280182,0.0
ENSG00000280183,0.0
ENSG00000280185,0.0
ENSG00000280187,0.0
ENSG00000280189,0.0
ENSG00000280190,0.0
ENSG00000280193,0.0
ENSG00000280194,0.0
ENSG00000280196,0.0
ZBTB7C-AS2,0.0
ENSG00000280198,0.0
ENSG00000280200,0.0
ENSG00000280201,0.0
ENSG00000280202,0.0
ENSG00000280205,0.0
GGT4P,0.0
ENSG00000280211,0.0
ENSG00000280212,0.0
ENSG00000280214,0.0
ENSG00000280215,0.0
ENSG00000280216,0.0
ENSG00000280217,0.0
ENSG00000280219,0.0
ENSG00000280220,0.0
ENSG00000280222,0.0
ENSG00000280223,0.0
ENSG00000280225,0.0
ENSG00000280227,0.0
AMANZI,0.0
ENSG00000280229,0.0
ENSG00000280231,0.0
ENSG00000280232,0.0
ENSG00000280233,0.0
ENSG00000280234,0.0
ENSG00000280238,0.0
ENSG00000280239,0.0
ENSG00000280242,0.0
MTCO1P1,0.0
ENSG00000280244,0.0
ENSG00000280245,0.0
ENSG00000280247,0.0
ENSG00000280248,0.0
ENSG00000280251,0.0
ENSG00000280254,0.0
ENSG00000280255,0.0
ENSG00000280261,0.0
ENSG00000280262,0.0
ACTR3BP6,0.0
ENSG00000280265,0.0
ENSG00000280266,0.0
ENSG00000280268,0.0
ENSG00000280269,0.0
ENSG00000280270,0.0
ENSG00000280272,0.0
ENSG00000280274,0.0
ENSG00000280275,0.0
FLJ30679,0.0
ENSG00000280280,0.0
ENSG00000280281,0.0
ENSG00000280282,0.0
ENSG00000280283,0.0
ENSG00000280284,0.0
ENSG00000280285,0.0
FRG1KP,0.0
ENSG00000280287,0.0
ENSG00000280288,0.0
ENSG00000280291,0.0
ENSG00000280294,0.0
ENSG00000280295,0.0
ENSG00000280296,0.0
ENSG00000280300,0.0
ENSG00000280302,0.0
ENSG00000280304,0.0
ENSG00000280305,0.0
ENSG00000280306,0.0
ENSG00000280307,0.0
ENSG00000280309,0.0
ENSG00000280310,0.0
ENSG00000280311,0.0
ENSG00000280312,0.0
ENSG00000280317,0.0
ENSG00000280318,0.0
ENSG00000280319,0.0
ENSG00000280320,0.0
ENSG00000280321,0.0
ENSG00000280323,0.0
ENSG00000280326,0.0
ENSG00000280327,0.0
CTBP2P10,0.0
ENSG00000280331,0.0
ENSG00000280332,0.0
ENSG00000280333,0.0
ENSG00000280334,0.0
ENSG00000280335,0.0
DUX4L25,0.0
ENSG00000280338,0.0
ENSG00000280339,0.0
ENSG00000280340,0.0
ENSG00000280345,0.0
ENSG00000280347,0.0
ENSG00000280348,0.0
ENSG00000280349,0.0
ENSG00000280351,0.0
ENSG00000280352,0.0
ENSG00000280353,0.0
ENSG00000280354,0.0
ENSG00000280355,0.0
ENSG00000280357,0.0
ENSG00000280359,0.0
ENSG00000280362,0.0
ENSG00000280364,0.0
ENSG00000280365,0.0
ENSG00000280367,0.0
ENSG00000280368,0.0
ENSG00000280369,0.0
ENSG00000280371,0.0
ENSG00000280372,0.0
ENSG00000280373,0.0
ENSG00000280375,0.0
ENSG00000280376,0.0
ENSG00000280377,0.0
ENSG00000280378,0.0
ENSG00000280379,0.0
ENSG00000280380,0.0
ENSG00000280381,0.0
ENSG00000280385,0.0
ENSG00000280387,0.0
ENSG00000280388,0.0
ENSG00000280390,0.0
ENSG00000280392,0.0
ENSG00000280393,0.0
ENSG00000280394,0.0
ENSG00000280396,0.0
ENSG00000280397,0.0
ENSG00000280398,0.0
ENSG00000280399,0.0
ENSG00000280400,0.0
ENSG00000280401,0.0
ENSG00000280402,0.0
ENSG00000280405,0.0
ENSG00000280406,0.0
ENSG00000280407,0.0
ENSG00000280408,0.0
LINC01101,0.0
ENSG00000280412,0.0
ENSG00000280414,0.0
ENSG00000280415,0.0
ENSG00000280416,0.0
ENSG00000280417,0.0
ENSG00000280419,0.0
ENSG00000280420,0.0
ENSG00000280422,0.0
ENSG00000280423,0.0
ENSG00000280424,0.0
ENSG00000280426,0.0
ENSG00000280429,0.0
ENSG00000280430,0.0
ENSG00000280431,0.0
ENSG00000280432,0.0
ENSG00000280435,0.0
ENSG00000280436,0.0
ENSG00000280438,0.0
ENSG00000280439,0.0
ENSG00000280440,0.0
ENSG00000280443,0.0
ENSG00000280444,0.0
ENSG00000280446,0.0
ENSG00000280449,0.0
ENSG00000280450,0.0
ENSG00000280451,0.0
ENSG00000280453,0.0
DUX4L2,0.0
SCARNA4,0.0
ENSG00000280494,0.0
SNORA17B,0.0
SNORA16A,0.0
Metazoa_SRP,0.0
ENSG00000280554,0.0
ENSG00000280607,0.0
ENSG00000280636,0.0
RNA5SP196,0.0
ENSG00000280665,0.0
SNORD3E,0.0
DUX4L1,0.0
ENSG00000280773,0.0
DUX4L5,0.0
ENSG00000280828,0.0
ENSG00000280852,0.0
SNORA50D,0.0
ENSG00000280904,0.0
CTSLP3,0.0
ENSG00000280958,0.0
ENSG00000280968,0.0
ENSG00000280991,0.0
SNORD3D,0.0
ENSG00000281008,0.0
ENSG00000281010,0.0
DUX4L6,0.0
ENSG00000281087,0.0
ENSG00000281100,0.0
MIR3651,0.0
ENSG00000281159,0.0
ENSG00000281295,0.0
ENSG00000281311,0.0
NF1P9,0.0
SEPTIN14P19,0.0
SCARNA4,0.0
MIR548BB,0.0
ENSG00000281469,0.0
CICP14,0.0
ENSG00000281516,0.0
DUX4L3,0.0
DUX4L7,0.0
MIR664A,0.0
U3,0.0
DUX4L8,0.0
ENSG00000281772,0.0
snoZ196,0.0
ENSG00000281808,0.0
MIR1291,0.0
SNORD38B,0.0
ENSG00000281863,0.0
ENSG00000281896,0.0
HERC2P7,0.0
SNORA50A,0.0
ENSG00000281941,0.0
ENSG00000281955,0.0
ENSG00000281969,0.0
ENSG00000281974,0.0
ENSG00000282051,0.0
CICP19,0.0
HSP90AB4P,0.0
OR4G3P,0.0
ENSG00000282206,0.0
ENSG00000282222,0.0
CYP3A51P,0.0
ENSG00000282299,0.0
ENSG00000282300,0.0
MALL,0.0
ENSG00000282306,0.0
DPRXP3,0.0
MTND1P7,0.0
ENSG00000282327,0.0
ENSG00000282339,0.0
ENSG00000282358,0.0
ENSG00000282413,0.0
ENSG00000282416,0.0
ENSG00000282432,0.0
WASH5P,0.0
ENSG00000282501,0.0
FKBP1AP4,0.0
CLUHP10,0.0
ENSG00000282542,0.0
MRPL57P8,0.0
ENSG00000282668,0.0
ENSG00000282697,0.0
ENSG00000282732,0.0
ENSG00000282738,0.0
ENSG00000282742,0.0
MALLP1,0.0
ENSG00000282798,0.0
FRG1CP,0.0
ENSG00000282834,0.0
FRG2EP,0.0
RHOXF1P2,0.0
ENSG00000282852,0.0
ENSG00000282855,0.0
ENSG00000282864,0.0
ENSG00000282865,0.0
FRG1DP,0.0
ENSG00000282875,0.0
ENSG00000282879,0.0
PTMAP12,0.0
DUX4L33,0.0
ENSG00000282897,0.0
ENSG00000282907,0.0
ENSG00000282909,0.0
DUX4L35,0.0
ENSG00000282912,0.0
CFTRP2,0.0
ENSG00000282924,0.0
ENSG00000282927,0.0
RHOXF1P3,0.0
DUX4L34,0.0
CYP4F30P,0.0
ENSG00000282946,0.0
PCMTD1P7,0.0
AGGF1P10,0.0
ENSG00000282973,0.0
BTF3P16,0.0
ENSG00000282980,0.0
PDCL3P2,0.0
ENSG00000282993,0.0
ENSG00000282994,0.0
FRG1EP,0.0
CDC27P3,0.0
ATP5MC1P2,0.0
DUX4L37,0.0
FRG1GP,0.0
ENSG00000283040,0.0
ENSG00000283041,0.0
ENSG00000283043,0.0
FRG1FP,0.0
GTF2IP12,0.0
ENSG00000283057,0.0
ENSG00000283065,0.0
DUX4L32,0.0
ENSG00000283076,0.0
ENSG00000283084,0.0
ENSG00000283097,0.0
BMS1P21,0.0
ENSG00000283110,0.0
RARRES2P11,0.0
MIR1297,0.0
ENSG00000283130,0.0
MTND2P41,0.0
KMT2CP4,0.0
ENSG00000283133,0.0
U6,0.0
ENSG00000283142,0.0
ENSG00000283145,0.0
MIR548AU,0.0
MIR3120,0.0
ENSG00000283155,0.0
ENSG00000283156,0.0
MIR665,0.0
MIR4521,0.0
ENSG00000283162,0.0
MIR203B,0.0
ENSG00000283166,0.0
ENSG00000283167,0.0
MIR382,0.0
MIR548D1,0.0
MTCO1P38,0.0
ENSG00000283176,0.0
ENSG00000283178,0.0
MIR6767,0.0
MIR2052,0.0
MIR1243,0.0
ENSG00000283196,0.0
ENSG00000283197,0.0
MIR1206,0.0
ENSG00000283202,0.0
MIR1246,0.0
MIR4434,0.0
MIR941-1,0.0
MIR1255B1,0.0
MIR1322,0.0
ENSG00000283211,0.0
MIR642B,0.0
ENSG00000283214,0.0
MIR302F,0.0
ENSG00000283219,0.0
MIR4433A,0.0
MIR3199-2,0.0
ENSG00000283230,0.0
CYP2C23P,0.0
ENSG00000283234,0.0
ENSG00000283236,0.0
MIR550B1,0.0
MIR1245B,0.0
MIR384,0.0
MEP1AP1,0.0
U6,0.0
ENSG00000283251,0.0
U6,0.0
ENSG00000283257,0.0
U6,0.0
MALLP2,0.0
U6,0.0
ENSG00000283273,0.0
5_8S_rRNA,0.0
MIR4275,0.0
MIR3914-2,0.0
MIR376C,0.0
MIR7978,0.0
ENSG00000283283,0.0
ENSG00000283285,0.0
MIR524,0.0
U6,0.0
5_8S_rRNA,0.0
RN7SK,0.0
MIR4256,0.0
MIR4272,0.0
U6,0.0
MIR4520-2,0.0
OR5AK4P,0.0
MTND6P29,0.0
ENSG00000283312,0.0
U6,0.0
MIR103B2,0.0
MIR6860,0.0
MIR6841,0.0
MIR518D,0.0
MIR7977,0.0
MIR4536-1,0.0
MIR219B,0.0
U6,0.0
ENSG00000283338,0.0
ENSG00000283339,0.0
MIR3119-1,0.0
NBPF13P,0.0
MIR4320,0.0
MPHOSPH10P3,0.0
MIR6511B2,0.0
PFN5P,0.0
MIR3910-2,0.0
ENSG00000283354,0.0
ENSG00000283355,0.0
ENSG00000283356,0.0
MIR3977,0.0
MIR451B,0.0
NCOA5LP,0.0
ENSG00000283366,0.0
ENSG00000283367,0.0
U6,0.0
ENSG00000283371,0.0
U6,0.0
ENSG00000283376,0.0
ENSG00000283377,0.0
MIR3688-2,0.0
ENSG00000283381,0.0
MIR4524A,0.0
MIR4659B,0.0
Metazoa_SRP,0.0
PET100P1,0.0
ENSG00000283393,0.0
MIR7515,0.0
ENSG00000283399,0.0
ENSG00000283402,0.0
MIR3662,0.0
ENSG00000283411,0.0
U6,0.0
U6,0.0
MIR1910,0.0
U6,0.0
MIR6874,0.0
MIR4278,0.0
ENSG00000283421,0.0
SMBD1P,0.0
ENSG00000283427,0.0
MIR1244-3,0.0
ENSG00000283431,0.0
U6,0.0
RNA5SP532,0.0
MIR1321,0.0
Metazoa_SRP,0.0
MIR499B,0.0
U4,0.0
ZNF285DP,0.0
GPR141BP,0.0
ENSG00000283446,0.0
MIR486-2,0.0
ENSG00000283451,0.0
ENSG00000283452,0.0
PRIM2BP,0.0
MIR523,0.0
MTND1P37,0.0
MIR550B2,0.0
MIR4454,0.0
MIR3130-1,0.0
MIR6863,0.0
MIR6828,0.0
MIR1244-4,0.0
MIR1279,0.0
MIR6079,0.0
ENSG00000283479,0.0
MTND4LP32,0.0
ENSG00000283483,0.0
MIR3529,0.0
MIR4501,0.0
U6,0.0
MIR518C,0.0
ENSG00000283491,0.0
MIR7153,0.0
MIR6086,0.0
MIR3160-2,0.0
MIR1244-2,0.0
U6,0.0
U6,0.0
MIR5681B,0.0
MIR7157,0.0
MIR1302-1,0.0
U6,0.0
ENSG00000283511,0.0
MIR941-3,0.0
MIR3975,0.0
U2,0.0
MIR3150A,0.0
MIR3926-2,0.0
OR11J7P,0.0
ENSG00000283525,0.0
U6,0.0
ENSG00000283529,0.0
MIR4317,0.0
MIR374C,0.0
ENSG00000283535,0.0
ENSG00000283537,0.0
MIR520F,0.0
ENSG00000283541,0.0
OASL2P,0.0
ENSG00000283544,0.0
U6,0.0
MTATP6P8,0.0
ENSG00000283549,0.0
MIR2054,0.0
SNORD98,0.0
U2,0.0
MIR376B,0.0
MIR3158-2,0.0
MIR376A2,0.0
U6,0.0
ENSG00000283566,0.0
5_8S_rRNA,0.0
MIR4773-2,0.0
ENSG00000283571,0.0
MIR4251,0.0
U6,0.0
ENSG00000283576,0.0
MTND5P42,0.0
SULT6B2P,0.0
ENSG00000283583,0.0
ENSG00000283584,0.0
GKN3P,0.0
ENSG00000283587,0.0
MIR376A1,0.0
MIR4430,0.0
Y_RNA,0.0
MIR1295B,0.0
MS4A19P,0.0
ENSG00000283602,0.0
MIR4302,0.0
MIR338,0.0
OR4C48P,0.0
MIR4662A,0.0
TMEM274P,0.0
MIR103B1,0.0
CUPIN1P,0.0
MIR7973-2,0.0
MIR924,0.0
MIR5683,0.0
ENSG00000283618,0.0
MIR6759,0.0
MIR4328,0.0
TEDDM3P,0.0
MTATP6P10,0.0
MIR3155B,0.0
Metazoa_SRP,0.0
MIR4776-2,0.0
MIR9500,0.0
MIR5583-2,0.0
ENSG00000283653,0.0
MIR4483,0.0
ENSG00000283657,0.0
ENSG00000283659,0.0
MIR4679-1,0.0
MIR3974,0.0
U6,0.0
CD200LP,0.0
MIR4678,0.0
MIR4531,0.0
ENSG00000283675,0.0
MIR5087,0.0
MIR3913-2,0.0
MIR6830,0.0
ENSG00000283679,0.0
OR11K1P,0.0
MIR548AH,0.0
ENSG00000283684,0.0
MIR522,0.0
ENSG00000283686,0.0
MIR6715B,0.0
MIR3116-2,0.0
Y_RNA,0.0
MIR3202-2,0.0
ENSG00000283695,0.0
VINAC1P,0.0
MIR4481,0.0
MIR555,0.0
ENSG00000283704,0.0
MIR92A1,0.0
FAM238C,0.0
MIR1204,0.0
MIR6727,0.0
MIR6831,0.0
MIR6884,0.0
MIR6732,0.0
MIR5193,0.0
MIR7108,0.0
MIR146A,0.0
MIR4785,0.0
MIR484,0.0
ENSG00000283737,0.0
ENSG00000283743,0.0
MIR6755,0.0
MIR196B,0.0
MIR4781,0.0
MIR452,0.0
ENSG00000283752,0.0
ENSG00000283757,0.0
MIR614,0.0
MIR20A,0.0
MIR6850,0.0
MIR1178,0.0
MIR6849,0.0
MIR6778,0.0
ENSG00000283773,0.0
MIR632,0.0
MIR4329,0.0
MIR622,0.0
MIR15A,0.0
MIR936,0.0
MIR7846,0.0
MIR612,0.0
MIR4453,0.0
MIR6861,0.0
MIR4426,0.0
MIR6510,0.0
MIR29B1,0.0
MIR630,0.0
MIR1182,0.0
MIR1302-11,0.0
MIR3198-2,0.0
MIR636,0.0
MIR4485,0.0
MIR18A,0.0
MIR7844,0.0
MIR144,0.0
MIR6875,0.0
MIR639,0.0
MIR22,0.0
MIR378I,0.0
MIR6734,0.0
MIR6764,0.0
MIR4751,0.0
MIR214,0.0
MIR4721,0.0
MIR6872,0.0
MIR4738,0.0
MIR7703,0.0
MIR1247,0.0
MIR3674,0.0
MIR3960,0.0
MTND3P18,0.0
MIR1307,0.0
MIR130B,0.0
MIR3911,0.0
MIR4260,0.0
MTND6P35,0.0
MIR7704,0.0
MIR3916,0.0
MIR3714,0.0
MIR1469,0.0
MIR628,0.0
MIR1324,0.0
MIR761,0.0
MIR155,0.0
MIR6743,0.0
MIR1302-9,0.0
MIR6132,0.0
MIR192,0.0
MIR133A1,0.0
MIR637,0.0
MIR5010,0.0
MIR18B,0.0
MIR6878,0.0
MIR423,0.0
MIR3658,0.0
MIR3917,0.0
MTND3P15,0.0
MIR600,0.0
MIR4709,0.0
MIR6791,0.0
MIR3610,0.0
MIR1248,0.0
MIR6838,0.0
MIR4442,0.0
FAM247A,0.0
MIR365B,0.0
MIRLET7A3,0.0
MIR492,0.0
ENSG00000283999,0.0
MIR4458,0.0
ENSG00000284003,0.0
MIR6084,0.0
MIR6511B1,0.0
MIR675,0.0
MIR6502,0.0
MIR6840,0.0
MIR1281,0.0
MIR4697,0.0
MIR497,0.0
MIR4468,0.0
MIR6805,0.0
MIR4761,0.0
MIR29A,0.0
MIR5196,0.0
MIR5187,0.0
MIR10A,0.0
MIR296,0.0
MIR20B,0.0
MIR6836,0.0
ENSG00000284048,0.0
MIR650,0.0
MIR7112,0.0
MIR4315-1,0.0
MIR5572,0.0
ENSG00000284060,0.0
MIR4469,0.0
MIR6834,0.0
MIR6887,0.0
MIR6837,0.0
ENSG00000284071,0.0
MIR4758,0.0
SNORD138,0.0
MIR4775,0.0
MIR1199,0.0
MIR7109,0.0
AOX3P-AOX2P,0.0
MIR4732,0.0
MIR6844,0.0
MIR5703,0.0
MIR6073,0.0
ENSG00000284095,0.0
ENSG00000284098,0.0
MIR19B2,0.0
MIR611,0.0
MIR195,0.0
MIR6800,0.0
ENSG00000284116,0.0
MIR6883,0.0
MIR4707,0.0
MIR198,0.0
MIR6717,0.0
MIR1825,0.0
BCRP3,0.0
MIR6789,0.0
TUBA3FP,0.0
MIR568,0.0
MIR3654,0.0
ATP6V0CP4,0.0
MIR1234,0.0
MIR3618,0.0
MIR6845,0.0
MIR4700,0.0
MIR6866,0.0
MIR922,0.0
MIR3150B,0.0
MIR6756,0.0
MIR4784,0.0
MIR6758,0.0
MIR3605,0.0
MIR194-2,0.0
MIR106A,0.0
MIR6822,0.0
MIR3940,0.0
MIR7706,0.0
MIR4523,0.0
MIR3620,0.0
MTATP6P5,0.0
ENSG00000284171,0.0
MIR4315-2,0.0
MIR6513,0.0
MIR4763,0.0
MIR5090,0.0
MIR7-1,0.0
MIR3606,0.0
MIR143,0.0
MIR6506,0.0
MIR219A2,0.0
MIR3615,0.0
MIR21,0.0
MIR671,0.0
MIR1257,0.0
MIR6852,0.0
MIR658,0.0
MIR6847,0.0
MIR137,0.0
MIR29B2,0.0
MIR19A,0.0
CCNYL1B,0.0
MIR29C,0.0
MIR1909,0.0
MIR202,0.0
ENSG00000284221,0.0
MIR937,0.0
MIR6848,0.0
MIR424,0.0
ENSG00000284233,0.0
MIR1539,0.0
ENSG00000284242,0.0
MIR6716,0.0
MIR2682,0.0
MIR6516,0.0
MIR711,0.0
MIR4444-1,0.0
MIR1973,0.0
MIR5004,0.0
MIR8085,0.0
MIR6773,0.0
MIR4657,0.0
ENSG00000284263,0.0
MIR4683,0.0
MIR4534,0.0
MIR1181,0.0
MIR7855,0.0
MIR4321,0.0
MIR4800,0.0
MIR7162,0.0
MIR6843,0.0
MIR4712,0.0
MIR718,0.0
MIR378D2,0.0
MIR6820,0.0
MTCO2P10,0.0
MIR7113,0.0
ENSG00000284300,0.0
MIR3179-1,0.0
MIR939,0.0
MIR6742,0.0
MIR7114,0.0
MIR124-1,0.0
MIR3175,0.0
MIR3655,0.0
ENSG00000284327,0.0
ENSG00000284328,0.0
MIR9-3,0.0
MIR4741,0.0
MIR1302-2,0.0
MIR4651,0.0
MIR2277,0.0
MIR631,0.0
MIR2117,0.0
MIR940,0.0
MIR3622A,0.0
MIR142,0.0
MIR34A,0.0
MIR6125,0.0
MIR4745,0.0
MIR519A2,0.0
MIR224,0.0
MIR6824,0.0
MIR5047,0.0
MIR4640,0.0
MIR6808,0.0
MIR19B1,0.0
MIR1244-1,0.0
ENSG00000284380,0.0
MIR4313,0.0
MIR147B,0.0
MIR24-2,0.0
MIR4496,0.0
MIR4750,0.0
MIR3184,0.0
MIR7107,0.0
MIR5001,0.0
MIR6733,0.0
MIR3191,0.0
MIR4649,0.0
MIR1287,0.0
MIR1908,0.0
MIR663A,0.0
MIR7110,0.0
MIR4724,0.0
MIR8072,0.0
MIR4647,0.0
MIR1914,0.0
MIR4691,0.0
MIR6869,0.0
MIR122,0.0
MIR2110,0.0
MIR197,0.0
MIR1236,0.0
MIR9-2,0.0
MIR6501,0.0
MIR664B,0.0
MIR1-2,0.0
MIR1304,0.0
MIR24-1,0.0
MIR302B,0.0
MIR1306,0.0
MIR6721,0.0
ENSG00000284471,0.0
MIR4720,0.0
ENSG00000284474,0.0
MIR1292,0.0
MIR4680,0.0
MIR205,0.0
MIR6890,0.0
MIR6751,0.0
ENSG00000284490,0.0
MIR564,0.0
MIR363,0.0
MIR3652,0.0
MIR133A2,0.0
VAMP9P,0.0
MIR6873,0.0
MIR4658,0.0
MIR6741,0.0
MIRLET7B,0.0
ENSG00000284522,0.0
MIR4687,0.0
MIR4723,0.0
MIR6748,0.0
MIR17,0.0
MIR92A2,0.0
ENSG00000284540,0.0
MIR4517,0.0
MIR3614,0.0
MIR330,0.0
MIR2861,0.0
hsa-mir-8069-1,0.0
MIR6886,0.0
MIR1302-10,0.0
ENSG00000284558,0.0
MIR3064,0.0
MIR451A,0.0
MIR223,0.0
MIR371B,0.0
MIR7705,0.0
ENSG00000284572,0.0
MIR6787,0.0
MIR4793,0.0
MIR935,0.0
MIR5006,0.0
MIR4722,0.0
MIR92B,0.0
MIR943,0.0
ENSG00000284591,0.0
ENSG00000284592,0.0
MIR7847,0.0
MIR6785,0.0
MIR4467,0.0
ENSG00000284603,0.0
ENSG00000284604,0.0
ENPP7P15,0.0
ENSG00000284606,0.0
ENSG00000284608,0.0
ENSG00000284610,0.0
ENSG00000284611,0.0
ENSG00000284613,0.0
ENSG00000284614,0.0
ENSG00000284617,0.0
ENSG00000284619,0.0
ENSG00000284620,0.0
ENSG00000284621,0.0
ENSG00000284625,0.0
ENSG00000284627,0.0
ENSG00000284628,0.0
ENSG00000284630,0.0
ENSG00000284636,0.0
ENSG00000284637,0.0
ENSG00000284639,0.0
ENSG00000284648,0.0
ENSG00000284649,0.0
ENSG00000284651,0.0
ENSG00000284654,0.0
ENSG00000284655,0.0
ENSG00000284658,0.0
ENSG00000284659,0.0
ENSG00000284660,0.0
ENSG00000284661,0.0
ENSG00000284663,0.0
ENSG00000284665,0.0
RPSAP56,0.0
ENSG00000284671,0.0
ENSG00000284673,0.0
ENSG00000284679,0.0
ENSG00000284682,0.0
ENSG00000284687,0.0
BTN1A1P1,0.0
OR7E84P,0.0
CD300H,0.0
ENSG00000284697,0.0
ENSG00000284698,0.0
ENSG00000284706,0.0
ENSG00000284709,0.0
ENSG00000284711,0.0
ENSG00000284715,0.0
ENSG00000284717,0.0
ENSG00000284722,0.0
ENSG00000284724,0.0
ENSG00000284727,0.0
ENSG00000284728,0.0
ENSG00000284731,0.0
RNA5SP343,0.0
ENSG00000284740,0.0
OR11P1P,0.0
ENSG00000284746,0.0
ENSG00000290791,0.0
C3orf36,0.0
ENSG00000290146,0.0
ENSG00000290369,0.0
ENSG00000285268,0.0
ENSG00000285629,0.0
ENSG00000286064,0.0
ENSG00000285794,0.0
ENSG00000287810,0.0
ENSG00000286640,0.0
ENSG00000288208,0.0
ENSG00000288527,0.0
ENSG00000288543,0.0
ENSG00000285215,0.0
ENSG00000287607,0.0
ENSG00000286620,0.0
RNVU1-8,0.0
ENSG00000285062,0.0
ENSG00000284964,0.0
FAM91A2P,0.0
ENSG00000285818,0.0
LCEP3,0.0
ENSG00000285641,0.0
ENSG00000286073,0.0
ENSG00000286151,0.0
ENSG00000286005,0.0
ENSG00000288139,0.0
TOP1P1,0.0
ENSG00000285777,0.0
5S_rRNA,0.0
ENSG00000288562,0.0
ENSG00000285986,0.0
ENSG00000285417,0.0
ENSG00000286231,0.0
ENSG00000287450,0.0
ENSG00000286015,0.0
ENSG00000286905,0.0
5S_rRNA,0.0
ENSG00000288535,0.0
ENSG00000284932,0.0
ANAPC1P2,0.0
ENSG00000288437,0.0
BMS1P23,0.0
ENSG00000288524,0.0
ENSG00000286058,0.0
ENSG00000285819,0.0
ENSG00000288031,0.0
CDRT15P4,0.0
SCYGR9,0.0
ENSG00000285539,0.0
PRSS43P,0.0
ENSG00000285416,0.0
ENSG00000285749,0.0
ENSG00000285708,0.0
ENSG00000285635,0.0
ENSG00000288557,0.0
ENSG00000285585,0.0
ENSG00000287977,0.0
ENSG00000286396,0.0
ENSG00000288585,0.0
ENSG00000285558,0.0
ENSG00000288576,0.0
ENSG00000288588,0.0
ENSG00000284847,0.0
ENSG00000288567,0.0
ENSG00000288563,0.0
ENSG00000287924,0.0
ENSG00000285713,0.0
ENSG00000287770,0.0
ENSG00000285745,0.0
ENSG00000285522,0.0
ENSG00000288549,0.0
ENSG00000288579,0.0
ENSG00000288539,0.0
ENSG00000288643,0.0
ENSG00000288349,0.0
LINC01949,0.0
ENSG00000287794,0.0
ACTBP4,0.0
ENSG00000287067,0.0
ENSG00000285366,0.0
PDGFRL2P,0.0
ENSG00000288615,0.0
ENSG00000288612,0.0
ENSG00000288548,0.0
ENSG00000287002,0.0
ENSG00000285216,0.0
ENSG00000285799,0.0
ENSG00000288587,0.0
ENSG00000284829,0.0
ENSG00000288564,0.0
ENSG00000288014,0.0
ENSG00000285401,0.0
ENSG00000288560,0.0
ENSG00000286215,0.0
ENSG00000288529,0.0
ENSG00000288551,0.0
ENSG00000285889,0.0
ENSG00000288520,0.0
ENSG00000288584,0.0
LNCDAT,0.0
ENSG00000285733,0.0
ENSG00000287541,0.0
ENSG00000288525,0.0
ENSG00000285702,0.0
ENSG00000285398,0.0
ENSG00000285953,0.0
ENSG00000284840,0.0
ENSG00000288635,0.0
5S_rRNA,0.0
ENSG00000285659,0.0
ENSG00000285927,0.0
ENSG00000285862,0.0
PRSS52P,0.0
ENSG00000284858,0.0
ENSG00000285880,0.0
NPBWR1,0.0
ENSG00000285791,0.0
ENSG00000285579,0.0
ENSG00000284986,0.0
ENSG00000288556,0.0
ENSG00000288586,0.0
ENSG00000285645,0.0
ENSG00000288571,0.0
ENSG00000288225,0.0
CNTNAP3P7,0.0
ENSG00000286793,0.0
ENSG00000286506,0.0
ENSG00000287800,0.0
ENSG00000286916,0.0
ENSG00000287988,0.0
ENSG00000286945,0.0
ENSG00000288575,0.0
ENSG00000288271,0.0
ENSG00000286243,0.0
ENSG00000285115,0.0
ENSG00000284763,0.0
ENSG00000284962,0.0
ENSG00000285076,0.0
ENSG00000284867,0.0
ENSG00000285370,0.0
ENSG00000288537,0.0
ENSG00000285287,0.0
ENSG00000288566,0.0
ENSG00000284951,0.0
ENSG00000285781,0.0
ENSG00000285402,0.0
SNORA74C-2,0.0
ENSG00000285837,0.0
ENSG00000288559,0.0
ENSG00000288218,0.0
ENSG00000285257,0.0
ENSG00000285932,0.0
ENSG00000287779,0.0
ENSG00000286114,0.0
ENSG00000285498,0.0
ANKRD33BP3,0.0
ENSG00000288177,0.0
ENSG00000286704,0.0
ENSG00000285388,0.0
ENSG00000288538,0.0
ZNF75CP,0.0
ENSG00000288528,0.0
ENSG00000288255,0.0
ENSG00000287846,0.0
ENSG00000285901,0.0
ENSG00000285142,0.0
ENSG00000285854,0.0
ENSG00000288532,0.0
KRT88P,0.0
ENSG00000285102,0.0
ENSG00000285528,0.0
ENSG00000285625,0.0
ENSG00000287908,0.0
ENSG00000288530,0.0
ENSG00000285030,0.0
ENSG00000286220,0.0
ENSG00000288523,0.0
ENSG00000285228,0.0
ENSG00000288542,0.0
ENSG00000288600,0.0
ENSG00000288598,0.0
ENSG00000285576,0.0
THSD1P1,0.0
ENSG00000285323,0.0
ENSG00000285746,0.0
ENSG00000288552,0.0
ENSG00000286614,0.0
NBEAP6,0.0
ENSG00000287515,0.0
DHRS4L1,0.0
ENSG00000287111,0.0
ENSG00000288610,0.0
ENSG00000284834,0.0
ENSG00000284788,0.0
OR1Q1BP,0.0
OR4H6BP,0.0
OR11J6P,0.0
OR4Q1P,0.0
OR4H6P,0.0
ENSG00000286110,0.0
ENSG00000285035,0.0
ENSG00000284783,0.0
ENSG00000288627,0.0
ENSG00000285920,0.0
ENSG00000285942,0.0
ENSG00000285117,0.0
ENSG00000288645,0.0
ENSG00000288561,0.0
ENSG00000288592,0.0
ENSG00000288604,0.0
ENSG00000284803,0.0
ENSG00000287328,0.0
ENSG00000286901,0.0
ENSG00000285303,0.0
ENSG00000285020,0.0
ENSG00000286968,0.0
ENSG00000287353,0.0
5S_rRNA,0.0
ENSG00000287194,0.0
ENSG00000287694,0.0
ZCCHC14-DT,0.0
ENSG00000285760,0.0
ENSG00000286007,0.0
ENSG00000287058,0.0
FAM106B,0.0
ENSG00000286030,0.0
ENSG00000285057,0.0
ENSG00000288605,0.0
ENSG00000288533,0.0
DYNAPP3,0.0
5S_rRNA,0.0
ENSG00000288577,0.0
ENSG00000284985,0.0
ENSG00000286155,0.0
ENSG00000286252,0.0
ENSG00000286057,0.0
ENSG00000286012,0.0
ENSG00000286267,0.0
ENSG00000286146,0.0
ENSG00000286054,0.0
ENSG00000286178,0.0
ENSG00000286149,0.0
ENSG00000286032,0.0
ENSG00000286091,0.0
ENSG00000286148,0.0
ENSG00000288536,0.0
ENSG00000288555,0.0
ENSG00000288578,0.0
ENSG00000288266,0.0
ENSG00000288593,0.0
ZNF73P,0.0
ENSG00000286406,0.0
ENSG00000285045,0.0
ENSG00000285314,0.0
ENSG00000286129,0.0
ENSG00000285690,0.0
ENSG00000285697,0.0
ENSG00000288153,0.0
ENSG00000285531,0.0
ENSG00000288540,0.0
H2AL1MP,0.0
5S_rRNA,0.0
TUSC2P2,0.0
ENSG00000288597,0.0
ENSG00000288595,0.0
GPC3-AS1,0.0
H2AQ1P,0.0
TUSC2P1,0.0
ENSG00000286120,0.0
ENSG00000286173,0.0
ENSG00000286744,0.0
FAM25EP,0.0
ENSG00000290740,0.0
ENSG00000291294,0.0
ENSG00000290553,0.0
ENSG00000288670,0.0
ENSG00000290713,0.0
ENSG00000290735,0.0
ENSG00000288053,0.0
ENSG00000289810,0.0
ENSG00000290785,0.0
ENSG00000289503,0.0
ENSG00000290948,0.0
ENSG00000291030,0.0
YWHAEP7,0.0
CYP4Z2P,0.0
OR7E11P,0.0
TBC1D3P5,0.0
TEKT4P2,0.0
PLCXD1,0.0
GTPBP6,0.0
LINC00685,0.0
PPP2R3B,0.0
FABP5P13,0.0
KRT18P53,0.0
SHOX,0.0
RPL14P5,0.0
CRLF2,0.0
CSF2RA,0.0
MIR3690,0.0
RNA5SP498,0.0
IL3RA,0.0
SLC25A6,0.0
LINC00106,0.0
ASMTL-AS1,0.0
ASMTL,0.0
P2RY8,0.0
AKAP17A,0.0
ASMT,0.0
DHRSX,0.0
DHRSX-IT1,0.0
ZBED1,0.0
MIR6089,0.0
CD99P1,0.0
LINC00102,0.0
CD99,0.0
AMD1P2,0.0
DPH3P2,0.0
VAMP7,0.0
IL9R,0.0
WASIR1,0.0
WASH6P,0.0
DDX11L16,0.0
FAM197Y9,0.0
TTTY16,0.0
FAM197Y3,0.0
FAM41AY2,0.0
ENSG00000285839,0.0
ENSG00000285779,0.0
ENSG00000286185,0.0
ENSG00000286088,0.0
ENSG00000285816,0.0
ENSG00000285827,0.0
ENSG00000286221,0.0
ENSG00000285897,0.0
ENSG00000285947,0.0
ENSG00000285589,0.0
ENSG00000286098,0.0
ENSG00000286132,0.0
ENSG00000285526,0.0
ENSG00000286239,0.0
ENSG00000285542,0.0
ENSG00000286165,0.0
ENSG00000286143,0.0
ENSG00000286022,0.0
ENSG00000286235,0.0
GET1-SH3BGR,0.0
SPICE1-CFAP44,0.0
ENSG00000285868,0.0
ENSG00000285978,0.0
ENSG00000286001,0.0
ENSG00000285991,0.0
ENSG00000286192,0.0
ENSG00000285772,0.0
ENSG00000285982,0.0
ENSG00000285655,0.0
KYAT1,0.0
ENSG00000285602,0.0
ENSG00000285547,0.0
ENSG00000286268,0.0
ENSG00000288690,0.0
ENSG00000288686,0.0
ELOA3DP,0.0
ELOA3P,0.0
ENSG00000287856,0.0
ENSG00000288644,0.0
ENSG00000288629,0.0
ENSG00000288626,0.0
ENSG00000288674,0.0
ENSG00000288636,0.0
ENSG00000288678,0.0
ENSG00000288723,0.0
ENSG00000285959,0.0
ENSG00000286600,0.0
ENSG00000289565,0.0
ENSG00000285851,0.0
ENSG00000289466,0.0
ENSG00000288925,0.0
ENSG00000289341,0.0
ENSG00000288862,0.0
ENSG00000289483,0.0
ENSG00000288760,0.0
ENSG00000289457,0.0
ENSG00000289602,0.0
ENSG00000289377,0.0
ENSG00000288835,0.0
ENSG00000289055,0.0
ENSG00000289408,0.0
ENSG00000289484,0.0
ENSG00000288738,0.0
ENSG00000288955,0.0
ENSG00000289273,0.0
ENSG00000288804,0.0
ENSG00000289573,0.0
ENSG00000289402,0.0
ENSG00000289288,0.0
ENSG00000289103,0.0
ENSG00000289589,0.0
ENSG00000289432,0.0
ENSG00000289367,0.0
ENSG00000289041,0.0
ENSG00000289544,0.0
ENSG00000289576,0.0
ENSG00000289880,0.0
ENSG00000289452,0.0
ENSG00000289348,0.0
ENSG00000289355,0.0
ENSG00000288927,0.0
ENSG00000289610,0.0
ZNF496-DT,0.0
ENSG00000288775,0.0
ENSG00000289099,0.0
LSP1P5,0.0
ENSG00000289439,0.0
ENSG00000289071,0.0
ENSG00000288934,0.0
ENSG00000289062,0.0
ENSG00000289426,0.0
ENSG00000289318,0.0
ENSG00000289291,0.0
ENSG00000289141,0.0
ENSG00000288999,0.0
ENSG00000289582,0.0
ENSG00000289394,0.0
ENSG00000288822,0.0
ENSG00000289612,0.0
ENSG00000289114,0.0
ENSG00000289407,0.0
ENSG00000289305,0.0
ENSG00000289057,0.0
ENSG00000289106,0.0
ENSG00000289212,0.0
ENSG00000288826,0.0
ENSG00000289014,0.0
ENSG00000288880,0.0
ENSG00000289121,0.0
ENSG00000288803,0.0
ENSG00000288736,0.0
ENSG00000289419,0.0
ENSG00000289554,0.0
ENSG00000289566,0.0
ENSG00000289192,0.0
ENSG00000289642,0.0
ENSG00000289581,0.0
ENSG00000289628,0.0
ENSG00000289380,0.0
ENSG00000289425,0.0
ENSG00000285859,0.0
ENSG00000285846,0.0
MLDHR,0.0
ENSG00000289258,0.0
ENSG00000289325,0.0
ENSG00000289487,0.0
ENSG00000289143,0.0
ENSG00000289444,0.0
ENSG00000289585,0.0
ENSG00000288823,0.0
ENSG00000288893,0.0
ENSG00000289592,0.0
ZEBTR,0.0
ENSG00000288874,0.0
ENSG00000289280,0.0
ENSG00000289597,0.0
ENSG00000289239,0.0
ENSG00000289400,0.0
ENSG00000289087,0.0
ENSG00000289633,0.0
ENSG00000289441,0.0
ENSG00000288938,0.0
ENSG00000288755,0.0
ENSG00000288875,0.0
ENSG00000289301,0.0
ENSG00000288922,0.0
ENSG00000289350,0.0
ENSG00000289299,0.0
DDIT4-AS1,0.0
ENSG00000288987,0.0
ENSG00000289126,0.0
ENSG00000289427,0.0
ENSG00000289616,0.0
ENSG00000289158,0.0
ENSG00000289266,0.0
ENSG00000289362,0.0
ENSG00000289580,0.0
ENSG00000289607,0.0
ENSG00000288915,0.0
ENSG00000288844,0.0
ENSG00000289039,0.0
ENSG00000289395,0.0
ENSG00000288933,0.0
ENSG00000289193,0.0
ENSG00000289527,0.0
ENSG00000289188,0.0
ENSG00000289363,0.0
ENSG00000289270,0.0
ENSG00000288918,0.0
ENSG00000289092,0.0
ENSG00000289528,0.0
ENSG00000288757,0.0
ENSG00000289328,0.0
HECTD2-AS1,0.0
ENSG00000289386,0.0
ENSG00000288534,0.0
ENSG00000288681,0.0
ENSG00000285338,0.0
ENSG00000287725,0.0
ENSG00000289116,0.0
ENSG00000289499,0.0
ENSG00000289553,0.0
ENSG00000288833,0.0
ENSG00000289231,0.0
ENSG00000289526,0.0
ENSG00000289230,0.0
ENSG00000289631,0.0
ENSG00000289518,0.0
ENSG00000289339,0.0
ENSG00000289093,0.0
ENSG00000289150,0.0
ENSG00000289560,0.0
ENSG00000289232,0.0
ENSG00000289259,0.0
IUR1,0.0
ENSG00000288907,0.0
ENSG00000289398,0.0
ENSG00000289223,0.0
ENSG00000289383,0.0
COX8BP,0.0
ENSG00000288975,0.0
ENSG00000288853,0.0
ENSG00000289621,0.0
ENSG00000289562,0.0
ENSG00000288809,0.0
ENSG00000289124,0.0
ENSG00000289074,0.0
ENSG00000289343,0.0
ENSG00000289391,0.0
ENSG00000289268,0.0
ENSG00000289399,0.0
ENSG00000289058,0.0
ENSG00000289468,0.0
ENSG00000288852,0.0
ENSG00000288663,0.0
ENSG00000288665,0.0
ENSG00000288591,0.0
ENSG00000288623,0.0
ENSG00000289605,0.0
ENSG00000288710,0.0
ENSG00000289311,0.0
ENSG00000288744,0.0
ENSG00000289218,0.0
ENSG00000289309,0.0
ENSG00000289173,0.0
ENSG00000289105,0.0
ENSG00000289229,0.0
ENSG00000289344,0.0
ENSG00000289510,0.0
ENSG00000289595,0.0
ENSG00000289303,0.0
ENSG00000289174,0.0
ENSG00000289319,0.0
ENSG00000289046,0.0
ENSG00000288729,0.0
ENSG00000289154,0.0
ENSG00000288941,0.0
ENSG00000289384,0.0
ENSG00000289101,0.0
ENSG00000289557,0.0
ENSG00000288814,0.0
ENSG00000289387,0.0
ENSG00000288971,0.0
ENSG00000289516,0.0
ENSG00000289040,0.0
ENSG00000288984,0.0
ENSG00000289310,0.0
ENSG00000289476,0.0
ENSG00000289369,0.0
ENSG00000289401,0.0
ENSG00000289437,0.0
ENSG00000289283,0.0
ENSG00000288863,0.0
ENSG00000285764,0.0
ENSG00000288716,0.0
ENSG00000289302,0.0
ENSG00000289454,0.0
ENSG00000289594,0.0
ENSG00000289644,0.0
ENSG00000289006,0.0
ENSG00000288768,0.0
ENSG00000289217,0.0
ENSG00000289235,0.0
ENSG00000289010,0.0
ENSG00000289569,0.0
ENSG00000289354,0.0
ENSG00000289125,0.0
ENSG00000289381,0.0
ENSG00000288743,0.0
ENSG00000288767,0.0
ENSG00000289475,0.0
ENSG00000289204,0.0
ENSG00000289617,0.0
ENSG00000289332,0.0
ENSG00000288765,0.0
ENSG00000289442,0.0
ENSG00000289436,0.0
ENSG00000289290,0.0
ENSG00000289482,0.0
ENSG00000289583,0.0
ENSG00000289347,0.0
ENSG00000288797,0.0
ENSG00000289340,0.0
ENSG00000288730,0.0
ENSG00000288795,0.0
ENSG00000289278,0.0
ENSG00000289424,0.0
ENSG00000288779,0.0
ENSG00000289049,0.0
ENSG00000289111,0.0
ENSG00000289626,0.0
ENSG00000288820,0.0
ENSG00000289598,0.0
ENSG00000289495,0.0
ENSG00000289207,0.0
ENSG00000289180,0.0
ENSG00000288931,0.0
ENSG00000288762,0.0
ENSG00000289137,0.0
ENSG00000289536,0.0
ENSG00000289195,0.0
ENSG00000289523,0.0
ENSG00000288802,0.0
ENSG00000289208,0.0
ENSG00000288928,0.0
ENSG00000289098,0.0
ENSG00000288855,0.0
ENSG00000288625,0.0
ENSG00000289025,0.0
ARHGAP11A-SCG5,0.0
ENSG00000289397,0.0
ENSG00000289028,0.0
ENSG00000289289,0.0
ENSG00000289148,0.0
ENSG00000288726,0.0
ENSG00000289571,0.0
ENSG00000288872,0.0
ENSG00000289464,0.0
ENSG00000289162,0.0
ENSG00000289128,0.0
ENSG00000289277,0.0
ENSG00000289547,0.0
ENSG00000289200,0.0
ENSG00000289066,0.0
ENSG00000289525,0.0
ENSG00000289271,0.0
ENSG00000288901,0.0
ENSG00000289561,0.0
ENSG00000289522,0.0
ENSG00000289017,0.0
ENSG00000288745,0.0
ENSG00000285952,0.0
ENSG00000285628,0.0
ENSG00000288656,0.0
ENSG00000288715,0.0
ENSG00000289491,0.0
ENSG00000289281,0.0
ENSG00000289029,0.0
ENSG00000289080,0.0
ENSG00000289336,0.0
ENSG00000289222,0.0
ENSG00000289067,0.0
ENSG00000288801,0.0
ENSG00000288753,0.0
ENSG00000289551,0.0
ENSG00000289181,0.0
ENSG00000289151,0.0
ENSG00000288854,0.0
ENSG00000289423,0.0
ENSG00000289073,0.0
ENSG00000289119,0.0
ENSG00000289640,0.0
ENSG00000289618,0.0
ENSG00000289415,0.0
ENSG00000288983,0.0
ENSG00000288935,0.0
ENSG00000289004,0.0
ENSG00000288821,0.0
ENSG00000289171,0.0
ENSG00000289107,0.0
ENSG00000289023,0.0
ENSG00000289353,0.0
ENSG00000289164,0.0
ENSG00000288849,0.0
ENSG00000284876,0.0
ENSG00000288894,0.0
ENSG00000289211,0.0
ENSG00000288961,0.0
ENSG00000289252,0.0
ENSG00000288993,0.0
ENSG00000289453,0.0
ENSG00000288877,0.0
ENSG00000288807,0.0
ENSG00000289070,0.0
ENSG00000288929,0.0
ENSG00000289110,0.0
ENSG00000289599,0.0
ENSG00000289293,0.0
ENSG00000289213,0.0
ENSG00000289016,0.0
ENSG00000289024,0.0
ENSG00000288750,0.0
ENSG00000289011,0.0
ENSG00000288909,0.0
ENSG00000289140,0.0
ENSG00000288748,0.0
ENSG00000289485,0.0
ENSG00000289587,0.0
ENSG00000289021,0.0
ENSG00000290039,0.0
ENSG00000289388,0.0
ENSG00000289182,0.0
ENSG00000289371,0.0
ENSG00000289579,0.0
ENSG00000288923,0.0
ENSG00000289624,0.0
ENSG00000289064,0.0
ENSG00000288939,0.0
ENSG00000289061,0.0
ENSG00000289131,0.0
ENSG00000289550,0.0
ENSG00000288828,0.0
ENSG00000289168,0.0
ENSG00000288917,0.0
ENSG00000288800,0.0
ENSG00000288839,0.0
ENSG00000288671,0.0
ENSG00000288669,0.0
ENSG00000288704,0.0
RPSA2,0.0
ENSG00000289539,0.0
ENSG00000289378,0.0
ENSG00000289246,0.0
ENSG00000289297,0.0
ENSG00000289298,0.0
ENSG00000288731,0.0
ENSG00000289543,0.0
LINC01530,0.0
ENSG00000289254,0.0
ENSG00000288919,0.0
ENSG00000288790,0.0
ENSG00000289333,0.0
ENSG00000288742,0.0
ENSG00000288773,0.0
ENSG00000289115,0.0
ENSG00000288830,0.0
ENSG00000289030,0.0
ENSG00000289471,0.0
ENSG00000289330,0.0
ENSG00000288906,0.0
ENSG00000288942,0.0
ENSG00000288837,0.0
ENSG00000288827,0.0
ENSG00000288815,0.0
ENSG00000288899,0.0
ENSG00000289428,0.0
ENSG00000288770,0.0
ENSG00000289187,0.0
ENSG00000289102,0.0
ENSG00000288953,0.0
NCAL1,0.0
RNF228,0.0
ENSG00000288582,0.0
ENSG00000288707,0.0
ENSG00000289490,0.0
ENSG00000288958,0.0
ENSG00000288900,0.0
ENSG00000289035,0.0
ENSG00000288902,0.0
ENSG00000288937,0.0
ENSG00000288858,0.0
ENSG00000288960,0.0
ENSG00000289202,0.0
ENSG00000288857,0.0
ENSG00000289296,0.0
ENSG00000289300,0.0
ENSG00000289033,0.0
ENSG00000288866,0.0
ENSG00000289326,0.0
ENSG00000289253,0.0
ENSG00000288786,0.0
ENSG00000289389,0.0
ENSG00000289156,0.0
ENSG00000289474,0.0
ENSG00000289136,0.0
ENSG00000289191,0.0
ENSG00000288898,0.0
ENSG00000289349,0.0
ENSG00000289157,0.0
ENSG00000289556,0.0
ENSG00000289374,0.0
ENSG00000289429,0.0
ENSG00000289364,0.0
ENSG00000288886,0.0
ENSG00000289247,0.0
ENSG00000289608,0.0
ENSG00000288791,0.0
ENSG00000289018,0.0
ENSG00000288734,0.0
ENSG00000289077,0.0
ENSG00000289026,0.0
ENSG00000289410,0.0
ENSG00000289422,0.0
ENSG00000289529,0.0
ENSG00000288992,0.0
ENSG00000288732,0.0
ENSG00000289533,0.0
ENSG00000289294,0.0
ENSG00000289370,0.0
ENSG00000289002,0.0
ENSG00000289567,0.0
ENSG00000289129,0.0
ENSG00000289205,0.0
ENSG00000289065,0.0
ENSG00000288932,0.0
ENSG00000289327,0.0
ENSG00000289555,0.0
ENSG00000289261,0.0
ENSG00000289615,0.0
ENSG00000289076,0.0
SMANTIS,0.0
ENSG00000289113,0.0
ENSG00000289091,0.0
ENSG00000289463,0.0
ENSG00000289003,0.0
ENSG00000289265,0.0
ENSG00000289627,0.0
ENSG00000289013,0.0
ENSG00000289498,0.0
ENSG00000288994,0.0
ENSG00000289534,0.0
ENSG00000289272,0.0
ENSG00000289250,0.0
ENSG00000289606,0.0
ENSG00000289488,0.0
ENSG00000288948,0.0
ENSG00000288000,0.0
ENSG00000289012,0.0
ENSG00000289494,0.0
ENSG00000289183,0.0
ENSG00000289492,0.0
ENSG00000288946,0.0
ENSG00000288974,0.0
ENSG00000289236,0.0
ENSG00000289431,0.0
ENSG00000289537,0.0
ENSG00000289634,0.0
ENSG00000289199,0.0
ENSG00000289172,0.0
ENSG00000289072,0.0
ENSG00000288843,0.0
ENSG00000289577,0.0
ENSG00000289373,0.0
ENSG00000288878,0.0
ENSG00000289548,0.0
ENSG00000289505,0.0
ENSG00000289572,0.0
ENSG00000288711,0.0
ENSG00000289009,0.0
ENSG00000288885,0.0
ENSG00000289221,0.0
ENSG00000289513,0.0
ENSG00000289322,0.0
ENSG00000289445,0.0
ENSG00000289144,0.0
ENSG00000289421,0.0
ENSG00000289404,0.0
ENSG00000288842,0.0
ENSG00000289511,0.0
ENSG00000289238,0.0
ENSG00000289546,0.0
ENSG00000289001,0.0
ENSG00000289224,0.0
ENSG00000289538,0.0
FAM246C,0.0
ENSG00000288683,0.0
ENSG00000285968,0.0
ENSG00000288719,0.0
ENSG00000289517,0.0
ENSG00000288834,0.0
ENSG00000289481,0.0
ENSG00000289044,0.0
ENSG00000289489,0.0
ENSG00000288778,0.0
ENSG00000289244,0.0
ENSG00000289120,0.0
ENSG00000288811,0.0
ENSG00000289564,0.0
ENSG00000288871,0.0
ENSG00000288861,0.0
ENSG00000289292,0.0
ENSG00000288777,0.0
ENSG00000288662,0.0
ENSG00000288667,0.0
ENSG00000288698,0.0
ENSG00000288679,0.0
ENSG00000288550,0.0
ENSG00000288720,0.0
ENSG00000288717,0.0
ENSG00000288703,0.0
ENSG00000288724,0.0
ENSG00000288718,0.0
ENSG00000288713,0.0
ENSG00000289324,0.0
ENSG00000289219,0.0
ENSG00000288926,0.0
ENSG00000289063,0.0
ENSG00000289086,0.0
ENSG00000288990,0.0
ENSG00000288996,0.0
ENSG00000288787,0.0
ENSG00000288979,0.0
ENSG00000288988,0.0
ENSG00000288848,0.0
ENSG00000289409,0.0
ENSG00000289500,0.0
ENSG00000288952,0.0
ENSG00000289043,0.0
ENSG00000289451,0.0
ENSG00000289385,0.0
ENSG00000289153,0.0
ENSG00000289169,0.0
ENSG00000289641,0.0
ENSG00000289509,0.0
ENSG00000288831,0.0
ENSG00000289446,0.0
ENSG00000289450,0.0
ENSG00000289118,0.0
ENSG00000289351,0.0
ENSG00000289420,0.0
ENSG00000289460,0.0
ENSG00000289358,0.0
ENSG00000288895,0.0
ENSG00000288868,0.0
ENSG00000289165,0.0
ENSG00000289435,0.0
ENSG00000289558,0.0
ENSG00000289331,0.0
THRB-AS2,0.0
ENSG00000289078,0.0
ENSG00000288700,0.0
ENSG00000288794,0.0
ENSG00000288969,0.0
ENSG00000289507,0.0
ENSG00000289417,0.0
ENSG00000289519,0.0
ENSG00000289233,0.0
ENSG00000289396,0.0
ENSG00000289279,0.0
ENSG00000289632,0.0
ENSG00000289504,0.0
ENSG00000289138,0.0
ENSG00000288780,0.0
ENSG00000289629,0.0
ENSG00000289574,0.0
ENSG00000289134,0.0
ENSG00000288793,0.0
ENSG00000288769,0.0
ENSG00000289469,0.0
ENSG00000288589,0.0
HERC3,0.0
ENSG00000288606,0.0
ENSG00000288637,0.0
ENSG00000288692,0.0
ENSG00000288691,0.0
ENSG00000288685,0.0
ENSG00000288695,0.0
ENSG00000288796,0.0
ENSG00000289249,0.0
INKILN,0.0
ENSG00000289032,0.0
ENSG00000289019,0.0
ENSG00000288785,0.0
CHAER1,0.0
ENSG00000289532,0.0
ENSG00000289149,0.0
ENSG00000288940,0.0
ENSG00000289379,0.0
ENSG00000288998,0.0
ENSG00000289034,0.0
ENSG00000288951,0.0
ENSG00000289515,0.0
ENSG00000289496,0.0
ENSG00000289342,0.0
ENSG00000288776,0.0
ENSG00000289197,0.0
ENSG00000289241,0.0
ENSG00000289139,0.0
ENSG00000289243,0.0
ENSG00000289320,0.0
ENSG00000288921,0.0
ENSG00000289201,0.0
ENSG00000289586,0.0
ENSG00000289186,0.0
ENSG00000289393,0.0
ENSG00000289643,0.0
ENSG00000289414,0.0
ENSG00000288913,0.0
ENSG00000289508,0.0
ENSG00000288728,0.0
ENSG00000288659,0.0
ENSG00000289096,0.0
ENSG00000289308,0.0
ENSG00000289520,0.0
ENSG00000289210,0.0
ENSG00000289480,0.0
ENSG00000289361,0.0
ENSG00000289392,0.0
ENSG00000289314,0.0
ENSG00000288781,0.0
ENSG00000289443,0.0
ENSG00000288888,0.0
ENSG00000288697,0.0
PDCD6-AHRR,0.0
ENSG00000288766,0.0
ENSG00000289478,0.0
ENSG00000289317,0.0
ENSG00000288758,0.0
ENSG00000289152,0.0
ENSG00000289196,0.0
ENSG00000289497,0.0
ENSG00000289462,0.0
ENSG00000288764,0.0
ENSG00000289056,0.0
ENSG00000289493,0.0
ENSG00000288892,0.0
ENSG00000289601,0.0
ENSG00000289075,0.0
ENSG00000289267,0.0
ENSG00000288774,0.0
ENSG00000288936,0.0
ENSG00000289535,0.0
ENSG00000288911,0.0
ENSG00000289088,0.0
ENSG00000288737,0.0
ENSG00000288741,0.0
ENSG00000289274,0.0
ENSG00000288799,0.0
ENSG00000288763,0.0
ENSG00000288978,0.0
ENSG00000288846,0.0
ENSG00000288883,0.0
ENSG00000288740,0.0
ENSG00000289112,0.0
ENSG00000289390,0.0
ENSG00000289170,0.0
ENSG00000289155,0.0
ENSG00000289458,0.0
ENSG00000288912,0.0
ENSG00000288967,0.0
ENSG00000289337,0.0
ENSG00000288930,0.0
ENSG00000289060,0.0
ENSG00000289260,0.0
ENSG00000289540,0.0
ENSG00000289639,0.0
ENSG00000289085,0.0
ENSG00000288890,0.0
ENSG00000289264,0.0
ENSG00000288965,0.0
ENSG00000289430,0.0
ENSG00000289054,0.0
ENSG00000289306,0.0
ENSG00000288614,0.0
ENSG00000288473,0.0
ENSG00000288646,0.0
ENSG00000288648,0.0
ENSG00000288714,0.0
ENSG00000288712,0.0
ENSG00000288708,0.0
ENSG00000288721,0.0
ENSG00000289282,0.0
ENSG00000289190,0.0
ENSG00000289501,0.0
ENSG00000289375,0.0
ENSG00000289559,0.0
ENSG00000288812,0.0
ENSG00000289178,0.0
ENSG00000289447,0.0
ENSG00000289312,0.0
ENSG00000289304,0.0
ENSG00000289368,0.0
ENSG00000288751,0.0
ENSG00000289097,0.0
ENSG00000288696,0.0
ENSG00000289372,0.0
ENSG00000289406,0.0
ENSG00000289081,0.0
ENSG00000288860,0.0
ENSG00000289020,0.0
ENSG00000289203,0.0
ENSG00000288836,0.0
ENSG00000288916,0.0
ENSG00000288970,0.0
ENSG00000289623,0.0
LINC01512,0.0
ENSG00000288805,0.0
ENSG00000289198,0.0
ENSG00000289117,0.0
ENSG00000288959,0.0
ENSG00000289376,0.0
ENSG00000289637,0.0
ENSG00000288879,0.0
ENSG00000289256,0.0
ENSG00000289286,0.0
ENSG00000289456,0.0
ENSG00000288977,0.0
ENSG00000289262,0.0
ENSG00000288747,0.0
ENSG00000289359,0.0
ENSG00000289090,0.0
ENSG00000288851,0.0
ENSG00000288887,0.0
ENSG00000288813,0.0
ENSG00000289257,0.0
ENSG00000289100,0.0
ENSG00000289047,0.0
ENSG00000288840,0.0
ENSG00000288910,0.0
ENSG00000289433,0.0
ENSG00000288845,0.0
ENSG00000289216,0.0
ENSG00000288829,0.0
ENSG00000289609,0.0
ENSG00000289045,0.0
ENSG00000289276,0.0
ENSG00000289611,0.0
ENSG00000285725,0.0
DUS4L-BCAP29,0.0
ENSG00000288620,0.0
ENSG00000288633,0.0
ENSG00000288634,0.0
ENSG00000288608,0.0
ENSG00000288640,0.0
ENSG00000289027,0.0
ENSG00000289346,0.0
ENSG00000289360,0.0
ENSG00000288914,0.0
ENSG00000289366,0.0
ENSG00000288746,0.0
ENSG00000289630,0.0
ENSG00000289108,0.0
ENSG00000289335,0.0
ENSG00000289434,0.0
ENSG00000288798,0.0
ENSG00000289578,0.0
ENSG00000289470,0.0
ENSG00000289588,0.0
ENSG00000289177,0.0
ENSG00000288962,0.0
ENSG00000289403,0.0
ENSG00000289052,0.0
FPASL,0.0
ENSG00000289189,0.0
ENSG00000289248,0.0
ENSG00000288947,0.0
ENSG00000289352,0.0
ENSG00000288976,0.0
ENSG00000289418,0.0
ENSG00000289015,0.0
ENSG00000288882,0.0
ENSG00000289251,0.0
ENSG00000289146,0.0
ENSG00000289109,0.0
ENSG00000288997,0.0
ENSG00000289438,0.0
ENSG00000289053,0.0
ENSG00000289042,0.0
ENSG00000289089,0.0
ENSG00000289345,0.0
ENSG00000289613,0.0
ENSG00000288792,0.0
ENSG00000289175,0.0
ENSG00000288973,0.0
ENSG00000288881,0.0
ENSG00000289269,0.0
HRURF,0.0
ENSG00000288761,0.0
ENSG00000288964,0.0
ENSG00000289521,0.0
ENSG00000289225,0.0
ENSG00000289461,0.0
ENSG00000289275,0.0
ENSG00000289603,0.0
ENSG00000288735,0.0
ENSG00000289316,0.0
ENSG00000289477,0.0
ENSG00000289104,0.0
ENSG00000289263,0.0
ENSG00000289473,0.0
ENSG00000289405,0.0
ENSG00000288782,0.0
ENSG00000289095,0.0
ENSG00000289050,0.0
ENSG00000289338,0.0
ENSG00000289622,0.0
ENSG00000288985,0.0
ENSG00000288752,0.0
ENSG00000289161,0.0
ENSG00000289382,0.0
ENSG00000288818,0.0
ENSG00000288756,0.0
ENSG00000289334,0.0
ENSG00000289514,0.0
ENSG00000289323,0.0
ENSG00000288897,0.0
ENSG00000289584,0.0
ENSG00000289145,0.0
ENSG00000288966,0.0
ENSG00000289284,0.0
ENSG00000289357,0.0
ENSG00000288945,0.0
ENSG00000289502,0.0
ENSG00000289094,0.0
OR4F8BP,0.0
ENSG00000288570,0.0
ENSG00000288699,0.0
ENSG00000288684,0.0
ENSG00000288694,0.0
ENSG00000288841,0.0
ENSG00000289220,0.0
ENSG00000288949,0.0
ENSG00000289159,0.0
ENSG00000289163,0.0
ENSG00000288956,0.0
ENSG00000288865,0.0
ENSG00000289459,0.0
ENSG00000289123,0.0
ENSG00000289031,0.0
ENSG00000289079,0.0
ENSG00000289166,0.0
ENSG00000289185,0.0
ENSG00000288891,0.0
ENSG00000288838,0.0
ENSG00000289552,0.0
ENSG00000289000,0.0
ENSG00000288903,0.0
ENSG00000289226,0.0
ENSG00000288727,0.0
ENSG00000289285,0.0
ENSG00000288968,0.0
ENSG00000288873,0.0
ENSG00000288989,0.0
ENSG00000289440,0.0
ENSG00000289356,0.0
ENSG00000289227,0.0
ENSG00000288924,0.0
ENSG00000288995,0.0
ENSG00000289295,0.0
ENSG00000289214,0.0
ENSG00000288876,0.0
ENSG00000288771,0.0
ENSG00000288258,0.0
ENSG00000288661,0.0
ENSG00000288680,0.0
ENSG00000288706,0.0
ENSG00000289245,0.0
ENSG00000289365,0.0
ENSG00000289570,0.0
ENSG00000288739,0.0
ENSG00000288759,0.0
ENSG00000289127,0.0
ENSG00000289068,0.0
LINC03112,0.0
ENSG00000289596,0.0
ENSG00000288817,0.0
ENSG00000289591,0.0
ENSG00000289479,0.0
ENSG00000289237,0.0
ENSG00000289038,0.0
ENSG00000289575,0.0
ENSG00000288856,0.0
ENSG00000288783,0.0
ENSG00000289287,0.0
ENSG00000289215,0.0
ENSG00000289472,0.0
ENSG00000288908,0.0
ENSG00000289449,0.0
ENSG00000288832,0.0
ENSG00000288980,0.0
ENSG00000289132,0.0
ENSG00000290774,0.0
ENSG00000289653,0.0
ENSG00000289685,0.0
ENSG00000289687,0.0
ENSG00000289688,0.0
ENSG00000289689,0.0
ENSG00000289690,0.0
ENSG00000289691,0.0
ENSG00000289692,0.0
ENSG00000289694,0.0
ENSG00000289695,0.0
ENSG00000289697,0.0
ENSG00000289698,0.0
ENSG00000289699,0.0
ENSG00000289700,0.0
ENSG00000289701,0.0
ENSG00000289702,0.0
ENSG00000289703,0.0
ENSG00000289704,0.0
ENSG00000289705,0.0
ENSG00000289706,0.0
ENSG00000289707,0.0
ENSG00000289708,0.0
ENSG00000289709,0.0
ENSG00000289710,0.0
ENSG00000289711,0.0
ENSG00000289712,0.0
ENSG00000289713,0.0
ENSG00000289714,0.0
ENSG00000289715,0.0
XNDC1N-ZNF705EP-ALG1L9P,0.0
XNDC1CP,0.0
ENSG00000289720,0.0
PYDC5,0.0
ENSG00000289723,0.0
ENSG00000289724,0.0
ENSG00000289725,0.0
ENSG00000289726,0.0
ENSG00000289727,0.0
ENSG00000289729,0.0
ENSG00000289730,0.0
ENSG00000289731,0.0
ENSG00000289732,0.0
ENSG00000289734,0.0
ENSG00000289735,0.0
ENSG00000289736,0.0
ENSG00000289739,0.0
TALAM1,0.0
ENSG00000289741,0.0
CD200R1P1,0.0
ENSG00000289744,0.0
ENSG00000289745,0.0
TARP,0.0
ENSG00000289747,0.0
ENSG00000289748,0.0
ENSG00000289750,0.0
ENSG00000289752,0.0
ENSG00000289754,0.0
ENSG00000289755,0.0
ENSG00000289756,0.0
ENSG00000289757,0.0
ENSG00000289758,0.0
ENSG00000289760,0.0
ENSG00000289761,0.0
SMIM46,0.0
ENSG00000289763,0.0
ENSG00000289764,0.0
ENSG00000289766,0.0
ENSG00000289767,0.0
ENSG00000289768,0.0
ENSG00000289788,0.0
ENSG00000289791,0.0
ENSG00000289809,0.0
FAM95A,0.0
ENSG00000289814,0.0
ENSG00000289827,0.0
ENSG00000289828,0.0
ENSG00000289829,0.0
ENSG00000289831,0.0
ENSG00000289832,0.0
ENSG00000289833,0.0
ENSG00000289834,0.0
ENSG00000289835,0.0
ENSG00000289836,0.0
ENSG00000289837,0.0
ENSG00000289838,0.0
ENSG00000289839,0.0
ENSG00000289841,0.0
ENSG00000289842,0.0
BMS1P14,0.0
ENSG00000289844,0.0
ENSG00000289845,0.0
ENSG00000289846,0.0
ENSG00000289847,0.0
ENSG00000289848,0.0
ENSG00000289849,0.0
ENSG00000289850,0.0
ENSG00000289851,0.0
ENSG00000289852,0.0
ENSG00000289853,0.0
ENSG00000289854,0.0
ENSG00000289855,0.0
ENSG00000289856,0.0
ENSG00000289857,0.0
ENSG00000289858,0.0
ENSG00000289859,0.0
ENSG00000289860,0.0
ENSG00000289861,0.0
ENSG00000289863,0.0
ENSG00000289864,0.0
ENSG00000289865,0.0
ENSG00000289866,0.0
ENSG00000289868,0.0
ENSG00000289869,0.0
ENSG00000289870,0.0
ENSG00000289871,0.0
ENSG00000289872,0.0
ENSG00000289873,0.0
ENSG00000289874,0.0
ENSG00000289875,0.0
ENSG00000289876,0.0
ENSG00000289877,0.0
ENSG00000289878,0.0
ENSG00000289879,0.0
ENSG00000289881,0.0
ENSG00000289882,0.0
ENEMAL,0.0
ENSG00000289884,0.0
ENSG00000289885,0.0
ENSG00000289886,0.0
ENSG00000289887,0.0
ENSG00000289888,0.0
ENSG00000289889,0.0
ENSG00000289890,0.0
ENSG00000289891,0.0
ENSG00000289892,0.0
ENSG00000289893,0.0
ENSG00000289894,0.0
ENSG00000289895,0.0
ENSG00000289896,0.0
ENSG00000289897,0.0
ENSG00000289898,0.0
ENSG00000289899,0.0
ENSG00000289900,0.0
ENSG00000289901,0.0
ENSG00000289902,0.0
ENSG00000289903,0.0
ENSG00000289904,0.0
LINC03024,0.0
ENSG00000289907,0.0
ENSG00000289908,0.0
ENSG00000289909,0.0
ENSG00000289910,0.0
ENSG00000289911,0.0
ENSG00000289912,0.0
ENSG00000289913,0.0
ENSG00000289914,0.0
ENSG00000289915,0.0
ENSG00000289916,0.0
ENSG00000289918,0.0
ENSG00000289921,0.0
ENSG00000289922,0.0
ENSG00000289923,0.0
ENSG00000289924,0.0
ENSG00000289925,0.0
ENSG00000289926,0.0
ENSG00000289927,0.0
ENSG00000289928,0.0
ENSG00000289929,0.0
ENSG00000289930,0.0
ENSG00000289931,0.0
ENSG00000289932,0.0
ENSG00000289933,0.0
ENSG00000289934,0.0
ENSG00000289935,0.0
ENSG00000289936,0.0
ENSG00000289937,0.0
ENSG00000289938,0.0
ENSG00000289939,0.0
ENSG00000289940,0.0
ENSG00000289941,0.0
ENSG00000289942,0.0
ENSG00000289943,0.0
ENSG00000289944,0.0
ENSG00000289945,0.0
ENSG00000289946,0.0
ENSG00000289947,0.0
ENSG00000289948,0.0
ENSG00000289949,0.0
ENSG00000289951,0.0
ENSG00000289952,0.0
ENSG00000289953,0.0
ENSG00000289954,0.0
ENSG00000289955,0.0
ENSG00000289956,0.0
ENSG00000289957,0.0
ENSG00000289959,0.0
ENSG00000289960,0.0
ENSG00000289961,0.0
ENSG00000289962,0.0
ENSG00000289963,0.0
ENSG00000289964,0.0
ENSG00000289965,0.0
ENSG00000289966,0.0
ENSG00000289967,0.0
ENSG00000289968,0.0
ENSG00000289969,0.0
ENSG00000289970,0.0
ENSG00000289971,0.0
ENSG00000289972,0.0
ENSG00000289973,0.0
ENSG00000289974,0.0
ENSG00000289976,0.0
ENSG00000289977,0.0
ENSG00000289978,0.0
ENSG00000289979,0.0
ENSG00000289980,0.0
ENSG00000289981,0.0
ENSG00000289982,0.0
ENSG00000289983,0.0
ENSG00000289984,0.0
ENSG00000289985,0.0
ENSG00000289986,0.0
ENSG00000289987,0.0
ENSG00000289989,0.0
ENSG00000289990,0.0
ENSG00000289991,0.0
ENSG00000289992,0.0
ENSG00000289993,0.0
ENSG00000289995,0.0
ENSG00000289996,0.0
ENSG00000289997,0.0
ENSG00000289998,0.0
ENSG00000289999,0.0
ENSG00000290000,0.0
ENSG00000290001,0.0
ENSG00000290002,0.0
ENSG00000290003,0.0
ENSG00000290005,0.0
ENSG00000290006,0.0
ENSG00000290007,0.0
ENSG00000290008,0.0
ENSG00000290009,0.0
ENSG00000290011,0.0
ENSG00000290012,0.0
ENSG00000290013,0.0
ENSG00000290014,0.0
ENSG00000290015,0.0
ENSG00000290016,0.0
ENSG00000290017,0.0
ENSG00000290018,0.0
ENSG00000290019,0.0
ENSG00000290020,0.0
ENSG00000290021,0.0
ENSG00000290022,0.0
ENSG00000290023,0.0
ENSG00000290024,0.0
ENSG00000290025,0.0
ENSG00000290026,0.0
ENSG00000290027,0.0
ENSG00000290028,0.0
ENSG00000290030,0.0
ENSG00000290031,0.0
ENSG00000290033,0.0
ENSG00000290034,0.0
ENSG00000290035,0.0
ENSG00000290036,0.0
ENSG00000290037,0.0
ENSG00000290040,0.0
ENSG00000290041,0.0
ENSG00000290042,0.0
ENSG00000290043,0.0
ENSG00000290044,0.0
ENSG00000290045,0.0
ENSG00000290046,0.0
ENSG00000290047,0.0
ENSG00000290048,0.0
ENSG00000290049,0.0
ENSG00000290050,0.0
ENSG00000290051,0.0
ENSG00000290052,0.0
ENSG00000290053,0.0
ENSG00000290054,0.0
ENSG00000290055,0.0
ENSG00000290056,0.0
ENSG00000290057,0.0
ENSG00000290058,0.0
ENSG00000290059,0.0
ENSG00000290060,0.0
ENSG00000290061,0.0
ENSG00000290062,0.0
ENSG00000290063,0.0
ENSG00000290064,0.0
ENSG00000290065,0.0
ENSG00000290067,0.0
ENSG00000290068,0.0
ENSG00000290069,0.0
ENSG00000290070,0.0
ENSG00000290071,0.0
ENSG00000290072,0.0
ENSG00000290073,0.0
ENSG00000290074,0.0
ENSG00000290075,0.0
ENSG00000290076,0.0
ENSG00000290077,0.0
ENSG00000290079,0.0
ENSG00000290080,0.0
ENSG00000290082,0.0
ENSG00000290083,0.0
ENSG00000290084,0.0
ENSG00000290085,0.0
ENSG00000290086,0.0
ENSG00000290087,0.0
ENSG00000290088,0.0
ENSG00000290089,0.0
ENSG00000290090,0.0
ENSG00000290092,0.0
ENSG00000290093,0.0
ENSG00000290094,0.0
ENSG00000290095,0.0
ENSG00000290096,0.0
ENSG00000290097,0.0
ENSG00000290098,0.0
ENSG00000290099,0.0
ENSG00000290102,0.0
ENSG00000290103,0.0
ENSG00000290104,0.0
ENSG00000290106,0.0
ENSG00000290107,0.0
ENSG00000290108,0.0
ENSG00000290109,0.0
ENSG00000290110,0.0
ENSG00000290111,0.0
ENSG00000290112,0.0
ENSG00000290113,0.0
ENSG00000290114,0.0
ENSG00000290115,0.0
ENSG00000290116,0.0
ENSG00000290117,0.0
ENSG00000290118,0.0
ENSG00000290119,0.0
ENSG00000290121,0.0
ENSG00000290122,0.0
ENSG00000290123,0.0
ENSG00000290125,0.0
ENSG00000290126,0.0
ENSG00000290127,0.0
GUCA1ANB-GUCA1A,0.0
ENSG00000290149,0.0
ENSG00000290162,0.0
ENSG00000290163,0.0
ENSG00000290164,0.0
ENSG00000290165,0.0
ENSG00000290166,0.0
ENSG00000290180,0.0
ENSG00000290192,0.0
ENSG00000290193,0.0
ENSG00000290199,0.0
ENSG00000290204,0.0
ENSG00000290217,0.0
ENSG00000290226,0.0
ENSG00000290230,0.0
ENSG00000290241,0.0
ENSG00000290285,0.0
ENSG00000290316,0.0
ENSG00000290319,0.0
ENSG00000290326,0.0
ENSG00000290335,0.0
ENSG00000290344,0.0
ENSG00000290357,0.0
ENSG00000290366,0.0
ENSG00000290385,0.0
ENSG00000290390,0.0
PKD1P6-NPIPP1,0.0
ENSG00000290397,0.0
ENSG00000290399,0.0
ENSG00000290404,0.0
ENSG00000290405,0.0
ENSG00000290410,0.0
ENSG00000290415,0.0
ENSG00000290421,0.0
ENSG00000290423,0.0
ENSG00000290426,0.0
ENSG00000290427,0.0
ENSG00000290429,0.0
ENSG00000290437,0.0
ENSG00000290438,0.0
ENSG00000290441,0.0
ENSG00000290450,0.0
ENSG00000290453,0.0
ENSG00000290457,0.0
ENSG00000290458,0.0
ENSG00000290460,0.0
CYP4F35P,0.0
ENSG00000290466,0.0
ENSG00000290469,0.0
SUGT1P3,0.0
ENSG00000290478,0.0
ENSG00000290479,0.0
ENSG00000290484,0.0
ENSG00000290490,0.0
ENSG00000290498,0.0
ENSG00000290507,0.0
ENSG00000290522,0.0
ENSG00000290523,0.0
ENSG00000290524,0.0
TSPAN11-AS1,0.0
ENSG00000290535,0.0
ENSG00000290536,0.0
ENSG00000290537,0.0
ENSG00000290538,0.0
ENSG00000290546,0.0
ENSG00000290547,0.0
ENSG00000290548,0.0
ENSG00000290549,0.0
ENSG00000290551,0.0
ENSG00000290556,0.0
ENSG00000290559,0.0
GUSBP3,0.0
ENSG00000290562,0.0
ENSG00000290563,0.0
ENSG00000290564,0.0
ENSG00000290565,0.0
ENSG00000290569,0.0
ENSG00000290573,0.0
ENSG00000290574,0.0
ENSG00000290576,0.0
ENSG00000290577,0.0
ENSG00000290578,0.0
ENSG00000290585,0.0
ENSG00000290588,0.0
ENSG00000290589,0.0
ENSG00000290590,0.0
ENSG00000290592,0.0
FAR2P2,0.0
ENSG00000290597,0.0
ENSG00000290600,0.0
ENSG00000290601,0.0
ENSG00000290602,0.0
ENSG00000290608,0.0
ENSG00000290612,0.0
ENSG00000290642,0.0
ENSG00000290644,0.0
ENSG00000290653,0.0
ENSG00000290654,0.0
ENSG00000290660,0.0
ENSG00000290668,0.0
ENSG00000290673,0.0
ENSG00000290674,0.0
ENSG00000290677,0.0
ENSG00000290683,0.0
ENSG00000290685,0.0
ENSG00000290686,0.0
ENSG00000290689,0.0
ENSG00000290692,0.0
ENSG00000290695,0.0
ENSG00000290698,0.0
ENSG00000290700,0.0
ENSG00000290703,0.0
ENSG00000290705,0.0
ENSG00000290711,0.0
ENSG00000290714,0.0
ZNF658B,0.0
ENSG00000290721,0.0
ENSG00000290728,0.0
ENSG00000290729,0.0
ENSG00000290732,0.0
ENSG00000290733,0.0
ENSG00000290737,0.0
ENSG00000290739,0.0
ENSG00000290744,0.0
ENSG00000290747,0.0
ENSG00000290749,0.0
ENSG00000290752,0.0
ENSG00000290753,0.0
POLR2J4,0.0
ENSG00000290762,0.0
ENSG00000290765,0.0
ENSG00000290766,0.0
ENSG00000290767,0.0
ENSG00000290769,0.0
ENSG00000290771,0.0
ENSG00000290775,0.0
ENSG00000290778,0.0
ENSG00000290781,0.0
ENSG00000290786,0.0
ENSG00000290789,0.0
ENSG00000290790,0.0
ENSG00000290792,0.0
ENSG00000290793,0.0
ENSG00000290796,0.0
NXF5,0.0
ENSG00000290799,0.0
ENSG00000290801,0.0
ENSG00000290803,0.0
ENSG00000290805,0.0
ENSG00000290808,0.0
ENSG00000290812,0.0
ENSG00000290815,0.0
ENSG00000290817,0.0
ENSG00000290821,0.0
ENSG00000290823,0.0
ENSG00000290827,0.0
ENSG00000290829,0.0
ENSG00000290830,0.0
ENSG00000290832,0.0
ENSG00000290833,0.0
FKBP6P2,0.0
ENSG00000290835,0.0
ENSG00000290839,0.0
ENSG00000290841,0.0
ENSG00000290845,0.0
ENSG00000290846,0.0
ENSG00000290848,0.0
ENSG00000290849,0.0
ENSG00000290851,0.0
ENSG00000290853,0.0
ENSG00000290854,0.0
ENSG00000290858,0.0
ENSG00000290863,0.0
ENSG00000290870,0.0
WHAMMP4,0.0
ENSG00000290879,0.0
ENSG00000290883,0.0
ENSG00000290885,0.0
ENSG00000290888,0.0
PDPR2P,0.0
ENSG00000290891,0.0
ENSG00000290895,0.0
ENSG00000290901,0.0
ENSG00000290902,0.0
ENSG00000290906,0.0
ENSG00000290907,0.0
ENSG00000290908,0.0
ENSG00000290911,0.0
ENSG00000290914,0.0
ENSG00000290916,0.0
ENSG00000290920,0.0
ENSG00000290921,0.0
ENSG00000290922,0.0
ENSG00000290924,0.0
ENSG00000290927,0.0
ENSG00000290928,0.0
ENSG00000290931,0.0
ENSG00000290933,0.0
ENSG00000290937,0.0
ENSG00000290939,0.0
ENSG00000290941,0.0
ENSG00000290947,0.0
ENSG00000290950,0.0
ENSG00000290951,0.0
ENSG00000290954,0.0
ENSG00000290955,0.0
ENSG00000290957,0.0
ENSG00000290960,0.0
FAM247A,0.0
ENSG00000290964,0.0
ENSG00000290971,0.0
ENSG00000290976,0.0
ENSG00000290981,0.0
ENSG00000290983,0.0
SEPTIN7P13,0.0
ENSG00000290991,0.0
ENSG00000290993,0.0
ENSG00000290995,0.0
ENSG00000290999,0.0
ENSG00000291000,0.0
ENSG00000291001,0.0
ENSG00000291003,0.0
ENSG00000291006,0.0
ENSG00000291007,0.0
ENSG00000291008,0.0
ENSG00000291013,0.0
ENSG00000291015,0.0
ENSG00000291017,0.0
ENSG00000291018,0.0
ENSG00000291021,0.0
ENSG00000291022,0.0
ENSG00000291024,0.0
ENSG00000291032,0.0
ENSG00000291034,0.0
ENSG00000291036,0.0
ENSG00000291037,0.0
ENSG00000291038,0.0
DHRS4L1,0.0
ENSG00000291041,0.0
ENSG00000291042,0.0
ENSG00000291044,0.0
ENSG00000291045,0.0
ENSG00000291046,0.0
ENSG00000291051,0.0
ENSG00000291054,0.0
ENSG00000291060,0.0
ENSG00000291061,0.0
ENSG00000291062,0.0
ENSG00000291063,0.0
ENSG00000291065,0.0
ENSG00000291066,0.0
ENSG00000291067,0.0
ENSG00000291068,0.0
ENSG00000291073,0.0
FRG1HP,0.0
ENSG00000291077,0.0
ENSG00000291078,0.0
SDHAP3,0.0
ENSG00000291081,0.0
ENSG00000291089,0.0
ENSG00000291094,0.0
ENSG00000291095,0.0
ENSG00000291096,0.0
ENSG00000291099,0.0
ENSG00000291100,0.0
ENSG00000291101,0.0
ENSG00000291105,0.0
ENSG00000291111,0.0
ENSG00000291112,0.0
ENSG00000291113,0.0
ENSG00000291117,0.0
ENSG00000291121,0.0
ENSG00000291124,0.0
ENSG00000291125,0.0
ENSG00000291126,0.0
ENSG00000291130,0.0
ENSG00000291131,0.0
MTMR9LP,0.0
ENSG00000291133,0.0
RABGEF1P1,0.0
ENSG00000291138,0.0
ENSG00000291142,0.0
ENSG00000291143,0.0
ENSG00000291144,0.0
ENSG00000291147,0.0
ENSG00000291149,0.0
ENSG00000291156,0.0
ENSG00000291157,0.0
ENSG00000291159,0.0
ENSG00000291166,0.0
ENSG00000291167,0.0
ANKRD19P,0.0
ENSG00000291169,0.0
ENSG00000291170,0.0
ENSG00000291171,0.0
FAUP4,0.0
ENSG00000291175,0.0
ENSG00000291176,0.0
ZNF56P,0.0
ENSG00000291178,0.0
ENSG00000291179,0.0
ENSG00000291180,0.0
FGF7P3,0.0
ENSG00000291182,0.0
ENSG00000291184,0.0
ENSG00000291185,0.0
ENSG00000291186,0.0
ENSG00000291189,0.0
ENSG00000291194,0.0
ENSG00000291195,0.0
ENSG00000291201,0.0
ENSG00000291202,0.0
ENSG00000291203,0.0
ENSG00000291205,0.0
ENSG00000291207,0.0
ENSG00000291208,0.0
ENSG00000291210,0.0
ENSG00000291211,0.0
ENSG00000291212,0.0
ENSG00000291214,0.0
ENSG00000291216,0.0
ENSG00000291218,0.0
ENSG00000291220,0.0
ENSG00000291221,0.0
ENSG00000291224,0.0
ENSG00000291225,0.0
ENSG00000291226,0.0
ENSG00000291228,0.0
ENSG00000291229,0.0
ENSG00000291231,0.0
PDE4DIPP6,0.0
ENSG00000291233,0.0
ENSG00000291234,0.0
ENSG00000291235,0.0
ENSG00000291236,0.0
ENSG00000291239,0.0
ENSG00000291240,0.0
ENSG00000291241,0.0
ENSG00000291242,0.0
ENSG00000291243,0.0
ENSG00000291250,0.0
ENSG00000291255,0.0
GOLGA8IP,0.0
ENSG00000291262,0.0
ENSG00000291264,0.0
ENSG00000291265,0.0
ENSG00000291267,0.0
ENSG00000291269,0.0
ENSG00000291276,0.0
ENSG00000291283,0.0
ENSG00000291285,0.0
ENSG00000291286,0.0
ENSG00000291293,0.0
ENSG00000291295,0.0
ENSG00000291297,0.0
ENSG00000291301,0.0
ENSG00000291325,0.0
ENSG00000291326,0.0
ENSG00000291336,0.0
ENSG00000291338,0.0
ENSG00000292246,0.0
ENSG00000292256,0.0
ENSG00000292271,0.0
ENSG00000292277,0.0
ENSG00000292285,0.0
ENSG00000292309,0.0
LINC03112,0.0
PRSS40A,0.0
FAM238A,0.0
ABCC6P1,0.0
AP1B1P1,0.0
AZGP1P1,0.0
CEACAM22P,0.0
CYP4F29P,0.0
GBP1P1,0.0
GUSBP1,0.0
ENSG00000290474,0.0
LGALS17A,0.0
LPAL2,0.0
SPESP1-NOX5,0.0
PGM5P2,0.0
PI4KAP1,0.0
ENSG00000291064,0.0
ZNF876P,0.0
FLJ43315,0.0
TTTY9A,0.0
XGY2,0.0
Metazoa_SRP,0.0
DDX11L16,0.0
ENSG00000290826,0.0
PRAMEF36P,0.0
CROCCP3,0.0
ENSG00000291072,0.0
ENSG00000290850,0.0
PPIEL,0.0
CLCA3P,0.0
ENSG00000290552,0.0
CHIAP2,0.0
ENSG00000290561,0.0
ENSG00000290904,0.0
FCGR1BP,0.0
H2BP1,0.0
EMBP1,0.0
ENSG00000290869,0.0
LINC01145,0.0
NBPF25P,0.0
ENSG00000290557,0.0
LINC00869,0.0
ENSG00000291199,0.0
GBA1LP,0.0
FMO9P,0.0
ENSG00000290909,0.0
LINC01347,0.0
OR2W5P,0.0
BIRC6-AS2,0.0
OR7E91P,0.0
ALMS1P1,0.0
ANKRD36BP2,0.0
ENSG00000290802,0.0
LSP1P5,0.0
ENSG00000290575,0.0
SULT1C5P,0.0
ENSG00000290731,0.0
ENSG00000291134,0.0
PLAC9P1,0.0
RAB6C-AS1,0.0
MED15P9,0.0
ENSG00000290599,0.0
PRSS40B,0.0
CDRT15P3,0.0
ENSG00000290929,0.0
CT75,0.0
SLC19A4P,0.0
FGD5P1,0.0
ENSG00000290932,0.0
COL6A4P1,0.0
ENSG00000290787,0.0
ENSG00000291315,0.0
ENSG00000291222,0.0
FAM86DP,0.0
ENSG00000290819,0.0
FAM86JP,0.0
AADACP1,0.0
SNHG33,0.0
NMRAL2P,0.0
SDHAP1,0.0
ENSG00000291091,0.0
ENSG00000290936,0.0
FAM86EP,0.0
ENSG00000290400,0.0
ENSG00000291282,0.0
PPBPP2,0.0
ENSG00000290776,0.0
ENSG00000290530,0.0
PMCHL2,0.0
ENSG00000290550,0.0
ENSG00000290893,0.0
PCDHB18P,0.0
ENSG00000291115,0.0
ENSG00000290935,0.0
ENSG00000290968,0.0
AACSP1,0.0
ENSG00000291193,0.0
BTN2A3P,0.0
LINC03003,0.0
HLA-V,0.0
HLA-L,0.0
ENSG00000291302,0.0
HLA-DRB6,0.0
ADCY10P1,0.0
ENSG00000290804,0.0
LINC00680,0.0
ENSG00000290584,0.0
RAET1K,0.0
TCP10L3,0.0
DPY19L2P3,0.0
RP9P,0.0
ENSG00000291029,0.0
ENSG00000290558,0.0
CCT6P3,0.0
INTS4P1,0.0
LINC03006,0.0
GTF2IRD1P1,0.0
ENSG00000291154,0.0
STAG3L4,0.0
SBDSP1,0.0
ENSG00000290998,0.0
NSUN5P2,0.0
NCF1B,0.0
GTF2IP1,0.0
NSUN5P1,0.0
PMS2P3,0.0
ENSG00000290730,0.0
ENSG00000291119,0.0
CASTOR3P,0.0
DPY19L2P2,0.0
ENSG00000290669,0.0
ENSG00000290670,0.0
ENSG00000290605,0.0
ENSG00000290761,0.0
ZNF767P,0.0
FAM86B3P,0.0
ASNSP1,0.0
LY6S,0.0
TMEM276-ZFTRAF1,0.0
TMEM276,0.0
ZNF252P,0.0
ENSG00000290482,0.0
REXO6P,0.0
ENSG00000290768,0.0
ATP8B5P,0.0
FAM95B1,0.0
ENSG00000290972,0.0
ENSG00000290586,0.0
ENSG00000290579,0.0
ENSG00000290938,0.0
ENSG00000290970,0.0
SPATA31D5P,0.0
CTSL3P,0.0
ENSG00000290881,0.0
ENSG00000290882,0.0
ENSG00000290645,0.0
MFSD14CP,0.0
ADIPINT,0.0
LRRC37A5P,0.0
ENSG00000291303,0.0
ENSG00000290889,0.0
ENSG00000290434,0.0
FAM238C,0.0
SVIL-AS1,0.0
ENSG00000290952,0.0
ENSG00000290887,0.0
HSD17B7P2,0.0
SEPTIN7P9,0.0
CCNYL2,0.0
FAM25BP,0.0
ENSG00000290913,0.0
ENSG00000290875,0.0
BMS1P1,0.0
AGAP12P,0.0
ENSG00000290899,0.0
FAM21EP,0.0
ENSG00000291043,0.0
CFL1P1,0.0
TRPC2,0.0
ENSG00000290647,0.0
ENSG00000290648,0.0
OR51H1,0.0
ENSG00000290650,0.0
ENSG00000290651,0.0
ENSG00000290652,0.0
ENSG00000290809,0.0
SAA3P,0.0
SLC25A51P4,0.0
ENSG00000290402,0.0
GRM5P1,0.0
SEPTIN7P11,0.0
ENSG00000290417,0.0
ENSG00000290411,0.0
ENSG00000290745,0.0
ENSG00000290994,0.0
ENSG00000290736,0.0
ENSG00000291249,0.0
ENSG00000290492,0.0
ENSG00000290773,0.0
CASP4LP,0.0
ENSG00000290797,0.0
ENSG00000290694,0.0
DSTNP2,0.0
FAM86FP,0.0
A2MP1,0.0
ENSG00000291254,0.0
ENSG00000291289,0.0
ENSG00000291098,0.0
ENSG00000291251,0.0
ENSG00000291252,0.0
ENSG00000291253,0.0
ENSG00000290959,0.0
OR7E47P,0.0
KRT87P,0.0
ENSG00000290967,0.0
ENSG00000290813,0.0
ENSG00000290814,0.0
ENSG00000290754,0.0
ENSG00000290896,0.0
ENSG00000292259,0.0
ENSG00000291256,0.0
ENSG00000290620,0.0
ENSG00000290234,0.0
ENSG00000290704,0.0
MRPS31P5,0.0
ENSG00000290855,0.0
ENSG00000290963,0.0
ENSG00000290807,0.0
ENSG00000290354,0.0
ENSG00000290346,0.0
ENSG00000291204,0.0
ENSG00000290702,0.0
ENSG00000290393,0.0
ADAM20P1,0.0
SERPINA13P,0.0
ENSG00000291313,0.0
ADAM6,0.0
CHEK2P2,0.0
HERC2P3,0.0
ENSG00000290347,0.0
ENSG00000291002,0.0
ENSG00000290368,0.0
ENSG00000291163,0.0
GOLGA8DP,0.0
ENSG00000290912,0.0
HERC2P9,0.0
ENSG00000290880,0.0
ENSG00000290997,0.0
ENSG00000290723,0.0
ENSG00000290886,0.0
STRCP1,0.0
CATSPER2P1,0.0
SORD2P,0.0
ENSG00000291020,0.0
ENSG00000291227,0.0
ENSG00000291009,0.0
ENSG00000290664,0.0
ENSG00000291296,0.0
ENSG00000290665,0.0
ENSG00000290667,0.0
ENSG00000290424,0.0
ENSG00000290944,0.0
ENSG00000290945,0.0
ENSG00000290946,0.0
GOLGA6L17P,0.0
ENSG00000290688,0.0
ENSG00000290690,0.0
UBE2Q2P1,0.0
LINC00933,0.0
POLGARF,0.0
UBE2Q2P13,0.0
OR4F13P,0.0
ENSG00000290822,0.0
DDX11L16,0.0
DDX11L16,0.0
ENSG00000290756,0.0
PRSS30P,0.0
ABCC6P2,0.0
ENSG00000290391,0.0
ENSG00000290386,0.0
ENSG00000291270,0.0
ENSG00000290383,0.0
ENSG00000290675,0.0
RRN3P3,0.0
OTOAP1,0.0
ENSG00000290678,0.0
ENSG00000290679,0.0
ENSG00000290693,0.0
ENSG00000291047,0.0
SMG1P5,0.0
FRG2KP,0.0
ENSG00000291271,0.0
ENSG00000291274,0.0
ENSG00000291275,0.0
ENSG00000290984,0.0
SLC6A10P,0.0
ENSG00000291268,0.0
ENSG00000290986,0.0
ENSG00000290420,0.0
ENSG00000290419,0.0
ENSG00000290413,0.0
ENSG00000291103,0.0
CES1P1,0.0
MT1JP,0.0
MT1IP,0.0
SMG1P7,0.0
ENSG00000291219,0.0
ENSG00000290455,0.0
URAHP,0.0
ENSG00000290820,0.0
ALOX12P2,0.0
ENSG00000290377,0.0
ENSG00000290977,0.0
ENSG00000290978,0.0
ENSG00000291277,0.0
ENSG00000290980,0.0
ENSG00000290655,0.0
ENSG00000290656,0.0
ENSG00000290657,0.0
ENSG00000290658,0.0
ZNF286B,0.0
TRIM16L,0.0
ENSG00000290454,0.0
ENSG00000290544,0.0
KRT16P3,0.0
ENSG00000291197,0.0
ENSG00000291198,0.0
ENSG00000290430,0.0
CCDC144NL,0.0
UBBP4,0.0
ENSG00000290973,0.0
PYY2,0.0
ENSG00000290672,0.0
ENSG00000290395,0.0
ENSG00000290975,0.0
H2BN1,0.0
NPEPPSP1,0.0
LRRC37A11P,0.0
ENSG00000291165,0.0
KRT42P,0.0
AOC4P,0.0
ENSG00000291209,0.0
TBC1D3P2,0.0
AMZ2P1,0.0
ENSG00000290646,0.0
ROCK1P1,0.0
ENSG00000291183,0.0
ENSG00000290363,0.0
ENSG00000290719,0.0
C3P1,0.0
ENSG00000290701,0.0
ENSG00000290595,0.0
GOLGA2P9,0.0
ENSG00000290606,0.0
ZNF781,0.0
WDR87BP,0.0
ENSG00000290598,0.0
ENSG00000291312,0.0
CYP2G1P,0.0
CYP2B7P,0.0
ENSG00000290609,0.0
APOC1P1,0.0
ENSG00000291145,0.0
NAPSB,0.0
KLKP1,0.0
SIGLEC17P,0.0
ENSG00000290859,0.0
ENSG00000290987,0.0
ENSG00000290755,0.0
ZNF542P,0.0
CST13P,0.0
ENSG00000290409,0.0
ENSG00000290900,0.0
DEFB122,0.0
BPIFA4P,0.0
ENSG00000290934,0.0
ENSG00000290777,0.0
ENSG00000290568,0.0
ENSG00000290581,0.0
ENSG00000291280,0.0
ABCC13,0.0
ENSG00000290416,0.0
TPTEP1,0.0
HSFY1P1,0.0
ENSG00000290982,0.0
TMEM191A,0.0
PRAMENP,0.0
ENSG00000290990,0.0
POM121L9P,0.0
CRYBB2P1,0.0
RRP7BP,0.0
CD99P1,0.0
ENSG00000291314,0.0
CA5BP1,0.0
CXXC1P1,0.0
ENSG00000290734,0.0
ENSG00000290748,0.0
ENSG00000290520,0.0
ENSG00000290743,0.0
NXF4,0.0
ENSG00000291200,0.0
ENSG00000290806,0.0
ENSG00000290892,0.0
CSAG4,0.0
ENSG00000290643,0.0
TTTY11,0.0
ENSG00000290342,0.0
FAM197Y5,0.0
FAM197Y4,0.0
ENSG00000290332,0.0
ENSG00000290378,0.0
ENSG00000290435,0.0
ENSG00000290852,0.0
XKRY,0.0
XKRYP7,0.0
BCORP1,0.0
TXLNGY,0.0
RBMY2FP,0.0
ENSG00000290348,0.0
GOLGA2P2Y,0.0
CD99P1,0.0
ELOCP24,0.0
